HINT_COILS 1
nfp 3
stellarator_symmetric true
coil ModA_0 652271.94198530004 stellarator
2.37349213525007 0.50870716103149305 0
2.3770466302290201 0.503698827972622 -0.0171575001036786
2.3806428931371402 0.49790097681782902 -0.034056022345105699
2.3842400055697501 0.49139351412142201 -0.050694271854810999
2.3877988903124101 0.48425338722015199 -0.067079589966655501
2.39128424757806 0.47654977593855402 -0.083223877099734403
2.39467097784607 0.46833357748898102 -0.099134859051215607
2.3979370830806301 0.45965057619810901 -0.114821691357356
2.40106122632778 0.450545166304197 -0.13029660442159
2.40402223620374 0.44105971665211202 -0.14557413153294901
2.4067980779975602 0.431233467093602 -0.16067001402415901
2.4093667776109098 0.42110428205497402 -0.175601496094728
2.4117066141502401 0.41070916965188498 -0.190387158769213
2.4137920014684702 0.40008842333009198 -0.20505006718572599
2.4155814499235202 0.389298023075063 -0.219627966609138
2.41702949515083 0.37839802998751898 -0.23416213845946801
2.41809066376292 0.36744922958954901 -0.248692937905343
2.4187211734035499 0.35651089447281098 -0.26325654348960498
2.41888355756064 0.34563243630177398 -0.27787750920985199
2.4185416223354901 0.334862442277506 -0.29257533282935699
2.4176592506440602 0.32425193017500498 -0.307366186411419
2.4162038301959701 0.31385241606817499 -0.32226109988359902
2.4141544353728102 0.30370952040465599 -0.33726258472422099
2.41149280583755 0.29386911227330198 -0.352368902968974
2.4082010582590101 0.284379391319592 -0.367574947063872
2.4042673153845402 0.27528611520237001 -0.38287036504495198
2.3997001554436301 0.26661794779610398 -0.39823642117525898
2.3945129113928298 0.25839930305136299 -0.41365257611662898
2.3887187114224 0.25065493918045101 -0.42909806046459498
2.3823341534327001 0.243405421343313 -0.44455102835747901
2.3753898099454598 0.23665249885084499 -0.45998766664871699
2.3679189358592598 0.23039194084270101 -0.47538605080364299
2.35995346777417 0.224618506617702 -0.49072685882610201
2.3515244387148901 0.219324830115423 -0.50599293679783497
2.34266411945138 0.214496485181014 -0.52116890095539103
2.33340415791645 0.21011627281921599 -0.53624199211530899
2.3237746699731701 0.206166167713625 -0.55120206520060899
2.31380363777386 0.202627766461351 -0.56604103335453604
2.3035158232777002 0.199482452997058 -0.58075181035862
2.29293439214451 0.196711065146397 -0.59532898453914895
2.2820812838577398 0.194294055364956 -0.60976890959818897
2.27097653071892 0.19221190574272001 -0.62406905633543697
2.2596365548446502 0.19044572532354601 -0.63822646282455897
2.24807627900883 0.18897656779164801 -0.65223894402417204
2.2363097493571802 0.18778534216245199 -0.66610541882728402
2.2243494879903301 0.18685366355372601 -0.67982527776495605
2.2122047245654901 0.186166104387709 -0.69339668854207603
2.1998835327934301 0.18570790909238599 -0.70681794973633605
2.1873934938359398 0.18546428374396001 -0.72008792502400598
2.1747410800115601 0.18542225594655801 -0.73320538360794896
2.1619299436192598 0.18557618167590401 -0.746167029172776
2.1489630193161999 0.18592224857877401 -0.75896907485735798
2.1358431818649102 0.18645663502500701 -0.77160781095148501
2.1225728780874999 0.18717705411323099 -0.784079108553426
2.10915310983638 0.18808742580489601 -0.79637682888196304
2.09558472761135 0.189193227380995 -0.80849411931841997
2.0818688522104498 0.19049991015603801 -0.82042389255784598
2.0680067741034902 0.192013100337486 -0.83215865966150304
2.0539996053248601 0.19373927631900201 -0.84368995391935298
2.03984869671867 0.19568511626180701 -0.85500879544337705
2.0255558028876202 0.19785724690723899 -0.86610587465893996
2.01112316575193 0.20026110931778601 -0.87697188422440497
1.99655358301314 0.20289763172853101 -0.88759852510373005
1.9818501064262 0.205766601639082 -0.897977639547757
1.9670159884715499 0.208867778341988 -0.90810090994224202
1.9520547156446499 0.212198822396202 -0.917960598710026
1.93696988504381 0.215749086318547 -0.92755189002596306
1.9217648618713601 0.21950588671336699 -0.93687087077309295
1.9064427354329601 0.22345661883316401 -0.94591377569857205
1.8910060546272001 0.22758562459100401 -0.95467795382402798
1.87545580110362 0.23186467394656901 -0.96316505528301699
1.85979196523993 0.23626250609889299 -0.97137819194142505
1.84401389322206 0.24074804048869999 -0.97932081826000195
1.8281200805147699 0.245288201213752 -0.98699721557320697
1.8121072836924701 0.249841337133209 -0.99441429426448003
1.79597165267252 0.25436367513347302 -1.0015797429670199
1.77970933155047 0.25881145037536801 -1.0085012805681901
1.7633170033839001 0.26314239354678198 -1.0151861461073199
1.7467928753672399 0.26732040170759103 -1.02163979973019
1.7301360449233201 0.27131077691497402 -1.0278670133800201
1.7133464421343501 0.27507861666357403 -1.0338722430754901
1.69642565121526 0.27859311190540798 -1.0396588245996901
1.6793785849541001 0.28184063690471001 -1.0452266025711601
1.66221113916758 0.28481184062340797 -1.0505744468837099
1.6449295249827101 0.28749727975370298 -1.0557010965496501
1.6275406921439799 0.28989187029489 -1.06060445517758
1.61005318484245 0.29200849565141601 -1.0652795183180599
1.5924753537426599 0.29386468515963499 -1.0697207241875699
1.57481490828811 0.29547802493560399 -1.0739226634612
1.5570790382965201 0.296867530509069 -1.07787985207958
1.5392746175563901 0.29805799572277197 -1.08158622944862
1.5214079576536601 0.29907574544223298 -1.0850357291903201
1.5034848274097901 0.299947145447437 -1.08822240414155
1.4855105673039499 0.30069610763886501 -1.09114098537344
1.4674902324847501 0.30133653825151202 -1.0937887425563
1.4494287211308301 0.30187981456269802 -1.0961636148480001
1.4313308108207401 0.30233732033532801 -1.0982635645212
1.41320117274556 0.30271746451946502 -1.1000870791016999
1.3950443896778999 0.303016565785375 -1.10163473519801
1.37686504684459 0.303227874360531 -1.10290763919122
1.35866776006348 0.30334464122481702 -1.1039068985603899
1.34045715546778 0.30335998628835598 -1.1046327543430301
1.32223786849284 0.30326648971936998 -1.1050819095254001
1.30401480073978 0.30305659423015502 -1.1052501575629301
1.28579318990123 0.30272275159853101 -1.10513330067967
1.2675786182647399 0.30225963775536902 -1.10472514387484
1.24937711580641 0.30167089821637499 -1.1040112451392401
1.2311954061916901 0.300962456984599 -1.1029750430472001
1.21304099627575 0.300140264634289 -1.1016000084623601
1.19492241906371 0.29921261251493902 -1.0998666362001699
1.1768502018695901 0.298197171178188 -1.0977430205676999
1.1588370234988099 0.29711408665099698 -1.09519431770761
1.14089783556019 0.29598365962166601 -1.0921862275482099
1.1230507562874801 0.29483048046485599 -1.0886806922109
1.1053204093868501 0.29369612945383999 -1.08462130928786
1.0877382391617101 0.29262687142450999 -1.0799472301533699
1.0703429833114999 0.29166950196143598 -1.07459906467683
1.0531856781879301 0.290878239463782 -1.06850814749304
1.03634789101409 0.29033648671749002 -1.0615606534791899
1.01993797356567 0.290134986632063 -1.05364134062282
1.0040876028319901 0.29036130327055498 -1.0446567410301999
0.988959037052487 0.29111627338843998 -1.0345319052647299
0.97480566266904201 0.292587315867812 -1.0231576550193899
0.96199468657541698 0.29499540098036597 -1.01043795408079
0.95100425366795605 0.29855235073203501 -0.99636358110384404
0.94228190723507199 0.30338803667644498 -0.98113114367638798
0.93591386092600803 0.30949821668873401 -0.96520431347324198
0.93192371275993102 0.31688611578003301 -0.94904757201801904
0.93039549510525699 0.32558387548582501 -0.93312649590803598
0.93136662225042299 0.33556760988108197 -0.91793144989205699
0.93445269168343303 0.34659313881550702 -0.90376745501876299
0.93913970753499298 0.35843241026702799 -0.89073986071596001
0.94495945553057004 0.370953241990223 -0.87885246275981699
0.95153087343585696 0.38408410527933001 -0.86806321736812597
0.95861343631073404 0.397710442495675 -0.8582538162926
0.96600276115509298 0.41172316088670402 -0.84924559395508703
0.97350654032197903 0.426040745810572 -0.84082924111749602
0.98095416048730399 0.440597093353294 -0.83277963240617103
0.98822408023390695 0.455314006248421 -0.82486032935696196
0.995207112274894 0.47011016862902499 -0.81683181684844297
1.0017911596762401 0.48489741637457401 -0.80845847464907605
1.00787457449639 0.499572457121991 -0.79952894890366499
1.01341295199883 0.51401660402801297 -0.78989715647854397
1.0183691414145399 0.52809293523599399 -0.77944044965463299
1.0226987310801301 0.541643091282208 -0.76805345910120604
1.02638169440323 0.55447890915323905 -0.755657490339391
1.02950361399944 0.56634991670700796 -0.74219377053587998
1.03216547959905 0.57695934389199999 -0.727625612490297
1.03445926006227 0.58597533619741005 -0.71196514660709398
1.0364784191901899 0.59307790920159598 -0.69531511646167299
1.03833845485764 0.59803135730641899 -0.67788808703440095
1.04015309394129 0.60057911553027998 -0.65994848884024704
1.0420276461050699 0.60044184898578301 -0.64183858503504998
1.04402175125287 0.59744441316930696 -0.62399154267252199
1.04605449440401 0.59170407565415195 -0.60683278449910405
1.0480137810410499 0.58335342219711195 -0.59077349189893802
1.0497816669337801 0.57248745540983204 -0.57627584391174602
1.0512247330024 0.55930883077220495 -0.56379942884723999
1.0522031227117401 0.54438862164503599 -0.55340415474266702
1.0525963488126699 0.52828037835207997 -0.54490969836610503
1.0522846747599901 0.511392510912273 -0.53808457696033496
1.05117940572908 0.49403230941557502 -0.53266380004924796
1.04940641930876 0.47646112115391298 -0.52816847620424601
1.04715833738468 0.45885992245019003 -0.52401014961519399
1.0446287436731201 0.44136366323375797 -0.51958188571745301
1.0420254814043901 0.42410062110923802 -0.51435791851083501
1.0396078754876801 0.407155878317987 -0.50810728917252601
1.03765311945815 0.39063539179061202 -0.50067544030639699
1.03644410811308 0.37469798597008602 -0.491932400030277
1.0362308044976201 0.359537576563775 -0.48183401325957298
1.03715819555057 0.34530764317421497 -0.47049855020003201
1.0393638838313499 0.332175703605807 -0.45806909591397998
1.0430014550292599 0.32035372863877398 -0.44469933959831798
1.0481487850877 0.31003333061723098 -0.43060075959488497
1.0545702537313499 0.30112218766305898 -0.41606582255183
1.06197431332067 0.29338496593239599 -0.40132388899543497
1.07011570336544 0.28655168456042601 -0.386521764826329
1.0787955008968499 0.28034834084872601 -0.37174670438589702
1.0878417949569199 0.27450561525171002 -0.35704377824602501
1.0970896977971201 0.26874146639986302 -0.34243526315672401
1.1063756626644099 0.26276778204755602 -0.32793579513576299
1.1155552610759201 0.25633932649012697 -0.31356412820879997
1.1245707754376899 0.24936887916218101 -0.29934223490839101
1.13338340094764 0.241807398741644 -0.28529646976745798
1.1419501905017 0.23360650725882101 -0.27145922818040402
1.15023890134809 0.22475358844302101 -0.257856197534507
1.15827759354675 0.21536989875724899 -0.24445985472647599
1.16611631094101 0.205604218464365 -0.231218456855905
1.1738104506109299 0.19559869978261099 -0.21807135360827401
1.1814232881714 0.185506561919454 -0.20494300696713399
1.1890384662801401 0.17554338812530401 -0.191718133714363
1.19674182208182 0.16594592338796099 -0.178276407613809
1.2046114863281201 0.156963528099125 -0.16451106555647699
1.21266165910319 0.14881539419979001 -0.15033780049814499
1.2206973317355101 0.14155057905447499 -0.13568439619644401
1.2284719385648899 0.13517540452270699 -0.120486777696778
1.2357367594480599 0.129697407913378 -0.10469932967218699
1.24221620521286 0.125058012618779 -0.088313181305334498
1.2475153175404701 0.120950060528486 -0.071371876157074104
1.25116163479375 0.117025031587106 -0.0539608800280625
1.2526208359481701 0.112950776904456 -0.036271362773539498
1.2515093071543599 0.108503190177572 -0.018647429204882
1.2480916992939499 0.10377753090990099 -0.00139162012316946
1.24276905152057 0.098911171215636806 0.0153378402480476
1.2358756592654501 0.094008162093163095 0.031474831608840903
1.2276790605892201 0.089136233708001805 0.047002099131657198
1.2184502606718399 0.084289242299935299 0.061948859113855101
1.2084674370035899 0.079431280842110694 0.076400715131139593
1.19799644627205 0.074514727795375504 0.090483593924079397
1.1872613945036301 0.069485102952003094 0.104326054261558
1.1763724512073801 0.064287500086554802 0.117985109085779
1.16541228566749 0.058867127193124001 0.13149984768485301
1.1544636085921001 0.053169328439201198 0.14490929978803099
1.1436073315922399 0.047140629083858299 0.158248873979767
1.1329151842813601 0.040730208897287401 0.17154277461217901
1.1224591625084599 0.033888962534713803 0.18480950020298001
1.11231484318337 0.0265700923747746 0.19806304423155199
1.10254907382626 0.0187398859102848 0.211308546213409
1.09318248265752 0.010404183334330699 0.22453387514685599
1.0842243713353701 0.00157727895422754 0.23772344217098401
1.0756845429014801 -0.0077275457288194299 0.25086187545579802
1.0675412044432999 -0.0174619892371407 0.26394113244968498
1.05964263855352 -0.027440576303733401 0.27698710078246103
1.05179943126068 -0.037450263540784103 0.29004274547674302
1.04382137130772 -0.047279988397998199 0.30315288494677001
1.0355463936003799 -0.056732964478621403 0.31635511886349099
1.02690845160282 -0.065677982284455996 0.329677758752003
1.01786831326462 -0.073993233473377398 0.34314017698414701
1.0083938017070599 -0.081548399720758905 0.35675040838788702
0.99848003638653904 -0.088235962461228404 0.37050085002900002
0.98819470958525901 -0.094062000365604997 0.38437026993896001
0.97761735624036805 -0.099063627445955399 0.39834180982772099
0.96682168866948104 -0.10327912051402199 0.412405643698181
0.95587357546647 -0.106746570422148 0.42655591640284601
0.94482435634357198 -0.109506242673559 0.440783333055487
0.93371953438898603 -0.11160101454209 0.45508090462590101
0.92260151153088998 -0.113075039131837 0.46944569427876498
0.911508035925922 -0.11397010173444599 0.48387716730220898
0.90046742883184905 -0.11431754450562701 0.49837269966671199
0.88950468872036803 -0.114146433119076 0.51293042711373604
0.87864349250791296 -0.113485867727028 0.52755022210012303
0.86790622910557502 -0.112363007900062 0.54223327524111498
0.85731379137582597 -0.110798110523537 0.55698094982217095
0.84688634854040501 -0.108809823098279 0.57179507940209395
0.83664362313519403 -0.10641678384717899 0.58667808463267501
0.82660801145617102 -0.103637439865975 0.60163487984695896
0.81681369605691601 -0.10048972951797799 0.616678372607393
0.80729807486610605 -0.096991564538635 0.63182295045487602
0.79809898857716399 -0.093161076669748405 0.64708222229960399
0.789261555464985 -0.089014791903162596 0.66247202215638501
0.780858897565055 -0.084562146861364706 0.67801875815049195
0.77297341077279202 -0.0798120467685874 0.69374707711836603
0.76568995929543204 -0.074775614589666695 0.70967509060262202
0.75910039291141795 -0.069456538370304799 0.72581164055409297
0.75332252582262305 -0.0638207119038324 0.74214987852840497
0.74848855413816295 -0.0578282847341565 0.75866609204769497
0.74473729915680198 -0.051446449192818697 0.77531650527891904
0.74218010025224401 -0.044643230816515 0.79202578630420095
0.740817622889403 -0.037356227186936798 0.80867102782004396
0.74062791687427798 -0.0295141971422366 0.825117308637071
0.74159281629486296 -0.021047203492615799 0.84122260088237899
0.74366460494056796 -0.0119001874803844 0.85684461623035502
0.74667454954855195 -0.00206080759485375 0.87188312399919299
0.75042578253899095 0.0084815139135565199 0.886264797119376
0.75472553711369605 0.019746704757525099 0.89992714381831995
0.75939496895684699 0.031739116018905299 0.91282846809128804
0.76429940547251396 0.044379848558489303 0.92500411784825698
0.76931889546310095 0.057579638058705397 0.93652264295742405
0.77433829970325396 0.071262296034499101 0.94746385836024705
0.77927873794436497 0.085347079340282697 0.95792073313159398
0.78419425574335699 0.099699394609233702 0.96802018995459505
0.78917465545227306 0.114178300825201 0.97790524308932403
0.79431105424901105 0.12864852665034501 0.98772290337490698
0.79972459156442499 0.14298972743861599 0.99758034854165301
0.80565726652407399 0.15713046255723501 1.0074273253122199
0.81237794024589904 0.17099198930526199 1.01716229031352
0.82014398391431997 0.18446359491373901 1.0266610768089499
0.82912881468625399 0.19742330321469501 1.0357889503261399
0.839269607916451 0.20983193381464199 1.0444610288885099
0.85045933249566996 0.221680221527258 1.05261175060016
0.86260382237107402 0.23296290094359001 1.06017785913659
0.875604960914107 0.24368732733453 1.0671066174457
0.88931349968134998 0.25391489728238298 1.0733955166966
0.90357904584484205 0.263735477802096 1.0790656334753901
0.918267420711671 0.27325163378136502 1.0841461448096901
0.93326704616512601 0.28256452849198299 1.08866360869231
0.94850613553442598 0.29174218360957299 1.0926222445590399
0.96392363620940602 0.30084574933793901 1.0960220010355699
0.97946042272118095 0.30993784582690598 1.09886383450959
0.99506614174149499 0.31906771755379498 1.10115350294571
1.01072168205895 0.32822973324312499 1.1029141076604501
1.0264173711323299 0.33740581104959799 1.1041732913120601
1.04214559594372 0.346579076292092 1.1049587518202799
1.05790564824922 0.35572508857259599 1.1052994225325401
1.0737181678680101 0.364786298853288 1.10522985269943
1.0896097185649001 0.37369742699689501 1.1047861916145401
1.1056070704944301 0.38239338682972202 1.1040047292975901
1.1217357365281899 0.39080975320022598 1.1029208327509299
1.13801756360866 0.39888484624110898 1.1015657424999501
1.1544716237674499 0.40655650557744999 1.0999697030125
1.17111386835168 0.41376107991796002 1.0981632556857599
1.1879529847765999 0.42044106673234299 1.0961751906010699
1.2049816916249001 0.426567381258522 1.0940256169304401
1.22218828987089 0.432117362612293 1.09173246891264
1.23955984344769 0.43706765108579598 1.0893137885252
1.25707974649206 0.441401894692456 1.0867851262117401
1.2747225460480001 0.44513352664196898 1.08415149039366
1.29246285027776 0.44828393940637301 1.0814149781225399
1.31027770599938 0.45087483991960497 1.07857729339165
1.32814581987779 0.45293117327950699 1.0756380437469899
1.34604597845403 0.45449103237913202 1.0725898121489501
1.36395948695668 0.45559630949757901 1.06942308783606
1.38187059084799 0.45628914503719598 1.0661278551023201
1.3997660275320001 0.456611854972094 1.0626930736365301
1.4176343940317599 0.45660771408854101 1.0591053251261999
1.43546610837361 0.45632039352685699 1.05535039680441
1.45325314861002 0.45579359058760399 1.0514137750388799
1.47098871681779 0.455069905891403 1.04728097577317
1.4886669537875199 0.454187818320748 1.0429385730121601
1.5062825046430299 0.45318480361629798 1.0383733632318
1.52383021991666 0.45209833800815002 1.0335721097741
1.5413050473766601 0.45096363727386801 1.0285226156763601
1.5587022904674299 0.44980697843994499 1.0232167388387501
1.5760171178995801 0.44865244496407197 1.01764738740647
1.59324433451532 0.44752414501809901 1.01180758205814
1.6103785863709199 0.446443172295303 1.00569186633176
1.62741532809485 0.445418612380935 0.99930025382155296
1.64435019732729 0.44445658707437702 0.99263409768551902
1.66117875642753 0.44356322528586301 0.98569476462612404
1.67789676338049 0.44274241074876303 0.97848453111909806
1.69450112135842 0.44198911744024399 0.97100916325907205
1.7109892670736899 0.44129610314401202 0.96327518861462802
1.7273589074122899 0.44065611514832298 0.95528900319185805
1.74360818908161 0.44006080421646498 0.94705731605056398
1.7597363109397901 0.43949749676432898 0.93858849086815199
1.7757430154860101 0.438952437032882 0.92989117444157998
1.7916283641626201 0.43841185803966298 0.92097384382974301
1.80739283784601 0.43786129805054003 0.91184510480394698
1.8230377604022401 0.437283572354282 0.90251458848784305
1.83856484377249 0.43666081669345402 0.89299209025519
1.8539759820091499 0.43597516062819203 0.88328730010641199
1.8692732512827801 0.43520870169557702 0.87340993023439695
1.8844590467250499 0.434343430718378 0.86337004533268502
1.89953584522356 0.43336131237976899 0.85317779786583403
1.9145060853453499 0.432244314955544 0.84284336873781796
1.9293716186229 0.43097721001143302 0.832375967011734
1.9441322659895499 0.42955585794263101 0.82178072181634698
1.9587873779482401 0.42797886122776702 0.811061720734647
1.9733363298698401 0.42624481305098499 0.80022302537337597
1.9877775047105899 0.424357696121756 0.78926639512991603
2.0021053858864599 0.422342905223548 0.77818446145625098
2.0163136944617901 0.42023112731892598 0.76696745085346796
2.0303962739658199 0.41805303405539501 0.755605505530768
2.0443461512121299 0.41584267467430103 0.74408718065526402
2.0581529048733 0.41364755101752998 0.73239484944285405
2.0718046122618698 0.41151860904394399 0.72050987334484995
2.0852882860054498 0.40950695151848698 0.70841458608084795
2.0985894897072401 0.40766278499696801 0.69609278170625299
2.1116917259896799 0.40603241853396499 0.683530122119551
2.1245763503586899 0.40466148842051403 0.67071407941482297
2.1372224873595602 0.40359587836915201 0.65763432216197404
2.1496077927310799 0.40287725247693701 0.64428422207635405
2.1617111380112402 0.40253053666876099 0.63066350277559702
2.1735104932917499 0.40257676149657301 0.61677444723916997
2.1849822028997599 0.40303706876582002 0.60262106514992697
2.19610301018818 0.40392697488923002 0.588210482134782
2.2068564467738998 0.40524003444526102 0.573555477166932
2.2172280434004001 0.40696445527629699 0.55866969691250701
2.22720346531456 0.40908858461667402 0.54356640487814201
2.2367699916338402 0.41159820667177599 0.52825905863716405
2.2459215777018899 0.41446838893738602 0.51276248362654098
2.2546547194480602 0.41767164541106799 0.49709064976489298
2.2629667314708901 0.42118077025205702 0.481256098411671
2.2708553551974102 0.42497015181271097 0.46527023257632699
2.2783182443243399 0.42901932600057902 0.44914422560957101
2.2853533929210301 0.43330918552118203 0.43288866454048902
2.2919591613744101 0.43782079736128898 0.41651339564904899
2.2981348476233898 0.44253546584697501 0.400027829161133
2.3038827635139798 0.44743483520695299 0.383441699827476
2.3092062295706199 0.452500809968375 0.36676418432632302
2.3141087861930698 0.45771554617651899 0.350003659941589
2.3185976223843299 0.46305735085627298 0.33316736435556099
2.3226943593398701 0.46848853432409499 0.31625977217569501
2.3264247488516698 0.47396792603850602 0.299283021677961
2.3298149271579698 0.47945492903674902 0.28223747649299902
2.3328949862850399 0.48490379472510098 0.265120943780984
2.3357103360598801 0.490246784140426 0.24792560661604399
2.3383103806854102 0.495410810491548 0.23064193196668001
2.3407445251034602 0.50032273757951595 0.213260939820619
2.3430633391424802 0.50490500910144598 0.19577457401186199
2.34532230761983 0.50906252391634998 0.17817478335707099
2.3475774058355898 0.51269417221833502 0.160458764194641
2.34988351030165 0.51569735125377703 0.14263228109832701
2.3522894721699799 0.51797529963172895 0.12471210764934899
2.3548249339513498 0.51945418481188699 0.106726410864667
2.3575141144265901 0.520063153047433 0.088712870494813495
2.3603798799039599 0.51972980132892799 0.070719696396874407
2.36343486443814 0.51840075456587198 0.052803906174865897
2.3666576104402699 0.51609610516944004 0.035016739417622102
2.3700192725026699 0.51285317682501497 0.0174022972514438
2.37349213525007 0.50870716103149305 0
end
coil ModB_1 651868.56936740002 stellarator
2.0229488999316798 1.05421600237748 0
2.0209853604855499 1.0593079455635199 -0.016961537583647698
2.0184663641773501 1.0644622516664199 -0.033830613430786201
2.01540090696338 1.06966271794032 -0.050594764974710597
2.0117978177907898 1.0748933591302701 -0.067242210094669505
2.0076673485635399 1.08013670911532 -0.083762707600023897
2.0030261998897498 1.0853688609794601 -0.100150693104661
1.9978924860451199 1.0905646264296101 -0.1164028313582
1.9922839289002701 1.09569918234244 -0.13251694019746599
1.9862217219445999 1.1007436806077999 -0.14849469113333999
1.9797424164322599 1.1056523937209799 -0.16435063669168501
1.9728860149356 1.1103758478524799 -0.18010398310628001
1.96569205556098 1.1148649549931899 -0.195775123172303
1.95820495698629 1.11906511665204 -0.21138894712626699
1.9504899222351699 1.12289896544512 -0.226985968806902
1.94261833703619 1.1262829645916499 -0.242608689256403
1.9346636959019201 1.1291330664327901 -0.25829551522939298
1.92670122074117 1.1313680102341801 -0.27407752903399302
1.9188044479751001 1.13291665559986 -0.289974120139455
1.9110498427874101 1.13370805370078 -0.30599559680822203
1.90351893570213 1.13366996158128 -0.32214239189227201
1.89628517945585 1.1327466982119501 -0.33839816412266699
1.88937169979924 1.1309456584300901 -0.35471971836261601
1.8827877566803499 1.12828895064696 -0.37106075177467401
1.8765420356476299 1.12479715119907 -0.38737749641758001
1.8706387049270801 1.1204939956084801 -0.40362789937120702
1.8650633686274001 1.1154223605399101 -0.41977233282115001
1.8597947695242001 1.1096296778602901 -0.43577674744149603
1.85480968251477 1.10316180648934 -0.45161264184078997
1.85009042190502 1.0960575201644001 -0.46725617643818801
1.8456462061093899 1.08833523726855 -0.48268594278432703
1.84149304493163 1.0800087238145499 -0.49788076491922201
1.8376468905046801 1.07109207251775 -0.51281938267187599
1.83412313866757 1.06160130565529 -0.52748125817135205
1.8309351359341699 1.0515586592380199 -0.54184943954572096
1.82809571402618 1.0409874320131101 -0.55590824680587803
1.8256177816624199 1.02991040591017 -0.56964225040383498
1.8235072296017001 1.01835447019195 -0.58303898085032402
1.82174085316455 1.00636351488561 -0.59609918144447704
1.8202874428614 0.99398295181075702 -0.60883048768287795
1.81911543204865 0.98125462155863896 -0.62124408310573698
1.8181879840608399 0.96821855401802803 -0.63335552990882305
1.81744687758903 0.95491850112723198 -0.64518984069109497
1.81682810280656 0.941396560389551 -0.65677732886981999
1.8162674534533201 0.92769176020253397 -0.66815110307483405
1.81569609020925 0.91384143149913299 -0.67934674462892297
1.8150267866313701 0.89988429384176805 -0.69040345837915895
1.81416771637864 0.88585974437292303 -0.70136123190382604
1.8130273056416399 0.87180864068886199 -0.71225898611221705
1.8115121087877999 0.85777473897041001 -0.72313293543908896
1.80951884526046 0.84380647143130005 -0.73401385536036701
1.8069418769907799 0.82995943562657803 -0.74492657145145802
1.80367737873495 0.81629825031525205 -0.75588876725482101
1.79963196206152 0.802893683245398 -0.76690665618269005
1.79473935165008 0.78981082068455 -0.77796698827440702
1.78894018860528 0.77712076750723402 -0.78904618153699402
1.78217889706761 0.76490473751107102 -0.80011210340415695
1.77441351257278 0.75324861078445104 -0.81112220747268904
1.7656317075917201 0.74222769565945701 -0.822021675139057
1.75583008084029 0.73192035926375898 -0.83274800809064298
1.7450115917448701 0.72241195636977695 -0.84323154202521999
1.7331902222684299 0.71379329979455297 -0.85339586059454797
1.72039174084174 0.70616328219337798 -0.86315818523634502
1.7066525183319901 0.69963191107024203 -0.87242500597126904
1.6920267227050101 0.69431669651855799 -0.88109151073123204
1.6765975850944901 0.69033274605365103 -0.88904899433721596
1.660484445504 0.68778710570103296 -0.89619831558436103
1.64382955325387 0.68679707617246299 -0.90242930223491402
1.6268074036512301 0.68748453335303905 -0.90761785087200897
1.60963665870992 0.68993465349112004 -0.91165454649062805
1.5925656727741599 0.69412577325765801 -0.91451004782072398
1.5758446342302601 0.70002382166669996 -0.91616728586737195
1.5597371850350401 0.707604206513468 -0.91659899793013
1.54450750323241 0.71679862342152501 -0.91580053012586704
1.53030490560028 0.72737294715427603 -0.913887180371182
1.5171924408138799 0.73907813207919704 -0.91100586424557695
1.50519341440453 0.75170794844890498 -0.90729045096033101
1.49430093955694 0.76508904997305505 -0.90285913965637099
1.4844239844902301 0.77903889483380995 -0.89783570853533001
1.47541492605552 0.79339483932885002 -0.89234266558567699
1.4671001500504901 0.80802672951955901 -0.88649163986055002
1.45930943817588 0.82283761559062696 -0.88037423789818003
1.4519306981320901 0.83776911840258805 -0.87404227359578301
1.44486249274359 0.852776235918006 -0.86753664210232395
1.43799973995724 0.86781971933010404 -0.86089606555706499
1.4312452208984401 0.88286702655170901 -0.85415381271141599
1.42454044586769 0.897898517959555 -0.847327118280227
1.41783662451615 0.91289786703293796 -0.84042915612371905
1.4110849421805201 0.92784881343323899 -0.83347306727438997
1.40424356231422 0.94273700902192303 -0.82647021793312303
1.39729829490511 0.95755668221101597 -0.81942442908257695
1.3902419244577899 0.97230414646803398 -0.81233765521307599
1.38306729743477 0.98697557512082001 -0.80521191574460504
1.3757692550303 1.0015679431662301 -0.79804926276591703
1.3683504162053901 1.01608197800985 -0.79085162613375304
1.3608153114977499 1.03051945204037 -0.78362085781030499
1.3531684227024701 1.0448822382576499 -0.77635876106679802
1.3454146910785101 1.0591725136183301 -0.76906695715460605
1.33756104868451 1.0733934025195999 -0.76174647125176298
1.32961486107111 1.0875483633988501 -0.75439812225652803
1.32158341054714 1.1016409695634499 -0.74702265986357097
1.31347171340119 1.11567346530302 -0.73962045588440894
1.3052759624205399 1.1296423612839701 -0.73219060651340595
1.2969902420931601 1.14354266052311 -0.724731959113042
1.2886087814376099 1.1573693034092001 -0.71724344762811698
1.28011862410531 1.1711131883214201 -0.70972514626293504
1.2714774514307601 1.1847486340387701 -0.70218160662089901
1.2626359029824701 1.19824432186399 -0.69461911300385204
1.2535451616459501 1.2115666846966 -0.6870449483444
1.2441447914713 1.2246737375991801 -0.67947351343134699
1.23432770300183 1.2374965704512999 -0.671945154740063
1.2239843474894001 1.2499546180338399 -0.66451052409594902
1.2130218069499199 1.2619622630994101 -0.65722461775322505
1.2013291951580001 1.27339734934354 -0.65015908328590299
1.18865618827855 1.2839699185551601 -0.64345779342430998
1.1747518555910601 1.2932585050919301 -0.63733302124326396
1.15947506879163 1.3007273161690101 -0.63206747880846004
1.1429507011544999 1.3058859970502401 -0.627925401185913
1.12562378742928 1.30864801391793 -0.62491670323571402
1.1079297403142501 1.30901584827983 -0.622988962512252
1.0902695171044301 1.3069548067616501 -0.62210630545052303
1.0730526396373401 1.3024292030070099 -0.62220897101399697
1.0566622052878201 1.29553332645886 -0.62307386649291796
1.0414474979664901 1.28638942947585 -0.62443307521799796
1.02776309105083 1.2751139836413901 -0.62601613665746603
1.0159344030800499 1.26189811448121 -0.627552616165854
1.0060244535404399 1.2471574307637701 -0.628800619537497
0.99796510251538595 1.2312944787986799 -0.62953626046181699
0.99167129539189403 1.2146346725658299 -0.62953481841730596
0.98703666271891 1.1974622825396399 -0.62861184206241005
0.98377129258785301 1.18004315769907 -0.62681130728184098
0.981491618921981 1.16256093255966 -0.62424503729395397
0.97979917678321204 1.1451201455115301 -0.62101789738901803
0.97837935250406904 1.1277718162077499 -0.61721100674984197
0.97724590468240102 1.11053035857854 -0.61286150507900705
0.97649427696869595 1.09340560727974 -0.60799888789244905
0.97621953668297701 1.0764104604495699 -0.60265552513615595
0.97649638275031903 1.05955967345094 -0.59687307016920699
0.97732377113785696 1.04285954274083 -0.59071761524946198
0.97868266764221101 1.02630928073869 -0.58425882800869999
0.98055535672767902 1.00990355149379 -0.57756383128251398
0.98291803701641101 0.99363161778429598 -0.57069905348072203
0.98571673937352799 0.97747123698143501 -0.56373495023029396
0.98888991924380798 0.96139282133663795 -0.55674142256445303
0.99237654427272703 0.94536250454915305 -0.54978661561891595
0.99611387403671503 0.92934650718266498 -0.54292955124016995
1.00003035896486 0.91332047934827798 -0.53619690816348498
1.0040524568996401 0.89726134735384 -0.52960686693542103
1.0081067784204101 0.88114536841326496 -0.52317732356562396
1.0121275096690701 0.86495426044689305 -0.51691769549982303
1.0160791259841699 0.84869074099811603 -0.51080341442348498
1.01993373917343 0.83236228216684105 -0.50480129752401104
1.02366350804204 0.81597611997835695 -0.49887808397249001
1.0272490209516101 0.79954514447018499 -0.492990002552953
1.03070447588712 0.78310448937536403 -0.487051416788299
1.03405235804236 0.76669519960968902 -0.48096644602329103
1.03731477942857 0.75036028319505099 -0.474640066390422
1.0405216280167799 0.73414524773859602 -0.46798571937070099
1.04373555445171 0.71809570502951403 -0.46094513633502698
1.04702668856211 0.70226092563625997 -0.45346791547020598
1.0504641201034901 0.68669610845223505 -0.44550593338018202
1.05410583188319 0.67145124684257396 -0.43703227891988999
1.05797084293204 0.65653145041376104 -0.42809153724572502
1.0620694401278701 0.641926688316657 -0.41874369892431501
1.0664129899479999 0.627623675524698 -0.40904624770651199
1.07100399722541 0.61360930683965897 -0.39904595425211398
1.0758057947928801 0.59987894087530003 -0.38875481944760198
1.0807721199890801 0.58642880433142996 -0.378175656703306
1.0858570602533 0.57325378585451503 -0.36731044867103202
1.09102274210477 0.56034757075222097 -0.356164282302388
1.0962623002663801 0.54770201974220001 -0.34475682327138601
1.1015768937310899 0.53530777437466304 -0.33311070383673402
1.1069680792002701 0.52315462021138004 -0.321247675106279
1.11243839321184 0.51122446457274395 -0.30919591341151198
1.1179932931382801 0.49946941313217302 -0.29701138777385
1.1236396167062399 0.48783258743105301 -0.28475553750621901
1.12938474880164 0.47625594820992301 -0.27248859013719801
1.13522964311668 0.464686286206204 -0.26026225369225697
1.1411488051138401 0.453091124909688 -0.248095943914975
1.1471101737287499 0.44144308628915502 -0.23600096688920499
1.1530816309671199 0.42971489017976899 -0.22398872985534701
1.15902540702626 0.41789254336182902 -0.21205530236158501
1.1648817464352601 0.40601394779030903 -0.20013452194236001
1.1705852602239299 0.39413024605603802 -0.18814503581407399
1.1760697906672399 0.38229428461736198 -0.176007268711286
1.1812562156589199 0.370560890545993 -0.16364140712545899
1.18601594424638 0.35898631442433099 -0.150958977531613
1.19020428189567 0.34763620313284499 -0.13787917308733599
1.1936738193379 0.33658903944988999 -0.12433867200236701
1.1962643780250299 0.32591636096216298 -0.110310962620883
1.1977524121227401 0.31562796564349999 -0.095844163723589504
1.1978820399485099 0.30574237694217299 -0.081026727045156899
1.1963881345260401 0.296310918810892 -0.065991971201708605
1.19308325698616 0.28740618198449902 -0.050925693603307003
1.1880447679425601 0.27906796746448298 -0.036014965205211899
1.1814011786452301 0.271314871844961 -0.0214198735564083
1.17326038275822 0.26416030494419301 -0.00728423900536626
1.16373487141141 0.25761700536679799 0.0062713135496737099
1.1530295715299801 0.25168302674688497 0.019214803592058401
1.1413622453727801 0.24633402419307801 0.031570017796486202
1.1289266320025999 0.24153200864543301 0.043390267397805098
1.1158795294027799 0.23723658645180801 0.054737694062286499
1.1023194557412299 0.23341798584085099 0.065646217231757106
1.08832748784309 0.23004531132914699 0.076149244272980601
1.0739775413083901 0.22708447902738299 0.086287557038743606
1.0593275581238499 0.22451204975353001 0.0960975709768115
1.0443973011922301 0.222353173861144 0.10557912594228699
1.0291996011512401 0.220645299009079 0.11472152590119
1.0137499960838201 0.219425643306147 0.123512973127412
0.99806289158332295 0.21873663452664099 0.13193323163165599
0.98214105219968495 0.218644520161769 0.13992921159739199
0.96599247500264296 0.219223046092824 0.14743417638419201
0.94963734242514097 0.22054591100189599 0.15437538031266501
0.93311014800651704 0.22268544385247899 0.16067437687172101
0.91646129567918 0.22571713459682 0.16624270903076999
0.89976102459733898 0.22971442621270899 0.17098405514509901
0.88310238382280504 0.23474069264744199 0.17479966033983901
0.86659893164009605 0.24083718222506301 0.177588028008411
0.85038058416975404 0.24801969063283 0.17921388741189201
0.83461694261896102 0.25630400005849702 0.17950907668122901
0.81953487224365595 0.26569373995498502 0.17828544356491599
0.80536716191161795 0.276099348762263 0.17542906259945201
0.79211037503485504 0.28719459525639601 0.1711354613745
0.77961613753824799 0.29865557436680101 0.16566639374328901
0.76768132486593299 0.31022199777711101 0.159247241784194
0.75606842236830096 0.32168583108116999 0.15209252066047099
0.744488010492385 0.33290754281306001 0.14451249119246101
0.732625381883518 0.34377020116242002 0.13684741659501601
0.72017612804778597 0.35414811765478299 0.12944925123613699
0.70691722100395504 0.36392042488077198 0.122661916776771
0.69281119010990899 0.373051387605283 0.11674813296573
0.67788022647132695 0.38150564897258699 0.11196599597243501
0.66218759739998201 0.38922223899763098 0.10858791681848901
0.64587372258161702 0.39615614340656502 0.106868344054348
0.62919037257424304 0.40238438247874703 0.10700886763532901
0.61243629510230901 0.40799369098563498 0.109225670721232
0.59597333983622902 0.41304624253150601 0.113744807799658
0.58021687129973398 0.41758196654115998 0.120681787483507
0.56548992272618004 0.42163094991599798 0.12983260071935601
0.55205351365380995 0.42522924640347698 0.14094809211513101
0.54016216192602096 0.428412952780239 0.15381249610439501
0.53004934434738904 0.43119492786830699 0.16820153218261899
0.52177784668833604 0.43351825909222302 0.18379955425532701
0.51532681617823695 0.43531975819225399 0.20030108772653901
0.51065807216368497 0.43654099762417697 0.21744472980915999
0.50772059016261095 0.43712826406989702 0.23500190107545599
0.50638345831557297 0.437058984872565 0.252763751645597
0.50647803289585003 0.43632400723959402 0.27056172703758902
0.50783358667710898 0.43491342419419898 0.28826827030712299
0.51028367621039294 0.43282070961956198 0.30578958294453401
0.513645373222819 0.430075585151386 0.32306886282908398
0.51772939230495696 0.42671748367887102 0.34008297850525498
0.52235094656551995 0.42278201641628099 0.35683437769864101
0.52733850120266701 0.41831263704601102 0.37334563946741001
0.53255150034500198 0.41340376944271401 0.38966173505233398
0.53785891854287504 0.40816132341637001 0.40584335013081302
0.54313234745737105 0.40268897875480703 0.42195995512805501
0.54826128016022202 0.39708703052251398 0.43807867580951498
0.55320070776680796 0.39144751993732202 0.45424339875374797
0.557921409570028 0.38586080806338902 0.47049152330719002
0.56239350243453601 0.38041808562424401 0.48685828811898302
0.566598977758904 0.37520177323474702 0.50336875879506304
0.57056943067541299 0.37025587718027297 0.52002005237467497
0.57434873534032005 0.36561476653894298 0.53680304264809797
0.57798067445788304 0.361312842553841 0.55370847391695999
0.58151024573426702 0.35739189037949398 0.57072777863499002
0.58498744620989696 0.35392285116008099 0.58785547521046699
0.588462599605166 0.350984942575915 0.60508244105531395
0.59198467159455403 0.34865813503874299 0.62239281746928499
0.59560532555583701 0.34702466254464898 0.63976175695825199
0.59939190941174303 0.34617800242235702 0.65715106048247596
0.60341341635975099 0.34621672997029701 0.67450765644173105
0.60773466411727495 0.34723888640119199 0.69176127518211505
0.61240805499744699 0.34932717910490102 0.70882551681694905
0.61745744128951296 0.35252328066371502 0.72560844466345997
0.62289928137733397 0.35686347436455801 0.74200697933833104
0.62874701015742096 0.362384926858766 0.75790232739129404
0.63499672704679899 0.36908720679199603 0.77317884220155697
0.64159660320954204 0.37683678777121399 0.78779965665005203
0.64849213940600403 0.38547642534292298 0.80177167882469402
0.65563977965661202 0.39486373775539702 0.81512160324162297
0.66301639082641195 0.40486648398676001 0.82788794494140605
0.67064602331102496 0.41533915297993601 0.84011805124938599
0.67856776480301095 0.42613610109010502 0.85187161643154796
0.68682477801042896 0.43711721552514299 0.86321700125460699
0.69546388751979804 0.44816515022993297 0.874207389491238
0.704535927660626 0.45923652625820199 0.88481851850799798
0.714090181861749 0.47030250118160499 0.89500313676620102
0.72417192587817103 0.481329610574106 0.90470979055353895
0.73480834293277597 0.49229250287858101 0.91388225914019505
0.74597305649424395 0.50321371102092705 0.922456994828455
0.757626097710278 0.514126299766413 0.93036696202501501
0.76972515990454604 0.52506072147370297 0.93754269993940698
0.78222146330782605 0.53604110425376805 0.94392329201907299
0.79505319168756605 0.54707787491040805 0.949488994615868
0.80815706190275904 0.558179504226748 0.95423077881235097
0.82147106311645401 0.56935544769165602 0.95813955158981601
0.83493565378668599 0.58061168692106502 0.96121329641864905
0.84849990709772305 0.591939674199225 0.96348035762534301
0.86211859497453303 0.60333027109306503 0.96497793353486105
0.87575056836615195 0.61477774839310995 0.96574365287085995
0.88935894706386698 0.62627874939399997 0.96581537578980703
0.90291271365322201 0.63782984019438205 0.96523387319884002
0.91638479972464204 0.64942961697308299 0.96404121622960204
0.92975117011719599 0.66107925497044695 0.96227941201578904
0.942990743811703 0.67278160454517699 0.95998826898496503
0.956085896513448 0.68453873580158897 0.95720085950568201
0.969021063096702 0.69635352173930398 0.95394861481064197
0.98178216726450396 0.70823016574238495 0.95026267795653896
0.99435780416223096 0.72017218559131302 0.94617248925922504
1.00674328486308 0.73217661111216403 0.94170223654631002
1.01893635613887 0.74423954646718404 0.93687466564098298
1.03093569220017 0.75635799572907603 0.93171218699849701
1.0427420280356201 0.76852809858062998 0.92623567115712702
1.0543618366667999 0.78073996983673399 0.92046120118195995
1.0658035655135201 0.79298276803796897 0.91440348017992801
1.07707631646883 0.80524634528888395 0.90807687459452802
1.08819454744679 0.81751701052296599 0.90149560357665004
1.0991923488244799 0.82976520650131003 0.89467440729828296
1.11010927170119 0.84195808682165996 0.887627855252763
1.12098535291108 0.85406334639279802 0.88037021928682302
1.1318744876885101 0.86603788429575101 0.87291798241620999
1.1428840108746099 0.87779420460322299 0.86529742995020997
1.15413141143507 0.88923069903769503 0.85753941610435502
1.1657275461750101 0.90024050324746596 0.84967908395623104
1.17777397304153 0.91071010259858298 0.84175919561124402
1.1903659266673601 0.92051312214820102 0.83383619539787901
1.20358697272602 0.92950535462894801 0.825978403667602
1.2175004016323301 0.93752560443790101 0.81826748430803598
1.2321205527994501 0.94443164524924705 0.81079016788402503
1.2473674959138601 0.95019780739828597 0.80360385273674095
1.26314818855311 0.95482747219763098 0.79675529587389804
1.2793767872899999 0.95832115638577398 0.79029027568197097
1.2959665680911301 0.96069191132556397 0.78424533768902505
1.31281688489769 0.96202159708803903 0.77861465371905803
1.3298406067614701 0.96241515758151097 0.77337400767976205
1.3469703346411299 0.96197850364210902 0.76849286828738095
1.36415508515184 0.96081439122874002 0.76393348891871704
1.3813549682268 0.95902378947061795 0.75964048927600802
1.39854207954652 0.95670855096876894 0.75555075488079804
1.4156992650862299 0.953969813348021 0.751598305776917
1.4328171354194801 0.95090844191714397 0.74771187638418901
1.4498901590825799 0.94762959870164198 0.74380516929051499
1.46691568073954 0.94423948376294098 0.73978766754201497
1.4838913532873199 0.94084432919579597 0.73556888664275499
1.5008119774705 0.93754347950391503 0.73106436341775904
1.5176672826312201 0.93440807889528199 0.72621085301647204
1.53444163179419 0.93150323995463402 0.72095108403765196
1.55111307967408 0.92889526924371602 0.71522958900477296
1.56765429555826 0.92664052235636496 0.70900272295131705
1.58404014860606 0.92475310435035796 0.70226399980424903
1.6002460455308201 0.92323693506947402 0.69501567315077195
1.61624650473509 0.92209629037357699 0.68725994191281603
1.6320171101958501 0.921330657133552 0.67900342550815895
1.6475420015811999 0.92091938424834796 0.670269582816719
1.66280995581553 0.92083656694287097 0.66108497385340403
1.67781229652194 0.92105628134935202 0.65147464107424902
1.6925422441751401 0.92155402787698404 0.64146164648276904
1.70699391766554 0.92231030223442501 0.63106654439034304
1.72116283652637 0.92330677040406905 0.62030868946159101
1.7350459279671 0.92452515375138999 0.60920645819014396
1.7486415148588601 0.92594711728927404 0.59777738131486202
1.7619499032416399 0.92755363989431205 0.58603884798037698
1.7749728341568201 0.92932557783821901 0.574007546919171
1.7877131159792901 0.93124392219071905 0.56169920891008196
1.80017400170008 0.93329050623045196 0.54912825454351499
1.8123577568228999 0.93544995287550703 0.53630698966275703
1.8242668877144701 0.93770762425795495 0.52324681134413498
1.8359044739684001 0.94004897603360804 0.50995854046692801
1.84727294295981 0.94246116941450198 0.49645175916824702
1.8583705477965999 0.94493780846096198 0.482733032462071
1.8691945551922799 0.94747410127109799 0.46880815396569098
1.879742324175 0.95006526983613304 0.45468283323257402
1.89001031730777 0.95270786239202798 0.440362247199999
1.89999109284158 0.95540364379300802 0.42584981418201201
1.909676061001 0.95815563503005896 0.41114874560936299
1.9190564445602301 0.96096680142757795 0.39626254847150599
1.9281231969346 0.96384006674580103 0.38119499836395898
1.9368666652962401 0.96677837756687901 0.36594998717514499
1.9452768474227 0.96978463457125297 0.35053171663112898
1.9533435147182701 0.972861659426416 0.33494479511930297
1.96105604820849 0.97601232647306602 0.319194211027926
1.9684028119574399 0.97923998717202898 0.30328517536076099
1.97537168193389 0.982548028715587 0.287223382197554
1.98195028306381 0.98593971117041002 0.271015134480176
1.9881254848364001 0.98941884324604101 0.25466733791774798
1.99388162275083 0.99299185037843296 0.23818743057271499
1.99920202959025 0.99666565778961003 0.22158375294385699
2.0040696734636998 1.00044695390728 0.204865728884908
2.00846841572625 1.00434095307144 0.18804397558977001
2.0123864264467999 1.0083478789307101 0.17113017575896899
2.0158127638843601 1.0124666268062901 0.154136697429649
2.0187363163150498 1.01669593253329 0.13707659088436
2.02114634557446 1.0210342097876399 0.11996367607594299
2.0230338428210799 1.02547917279295 0.10281258882880399
2.0243901203823902 1.03002826008851 0.085638603032173494
2.0252064319417298 1.03467873962741 0.068457641701495903
2.0254748702509899 1.0394273999163699 0.0512862587820559
2.0251907465160199 1.04426975416318 0.034141325279862203
2.02435009195885 1.04920094417318 0.017040035600830099
2.0229488999316798 1.05421600237748 0
end
coil ModC_2 537743.58864730003 stellarator
1.52345543500747 1.4385596175878901 0
1.5352599344813 1.43200284367124 -0.0093769996175508095
1.5468503049232101 1.4254707457565201 -0.019033552402161799
1.5581085072045699 1.4190181201713401 -0.0291257279072809
1.56890288918899 1.4127076659969 -0.039796711550463298
1.57909206073981 1.40660410354655 -0.051159481562858697
1.58853735281168 1.4007531095859 -0.063271984429952396
1.5970845937667499 1.39520452182281 -0.076167259959869102
1.6045622839207501 1.39001938111511 -0.089852817535823498
1.6108003274343099 1.3852644611559899 -0.104293937125309
1.6156573082287899 1.3810030124171999 -0.119403254941938
1.6189806104542499 1.3773074316363101 -0.135065423788964
1.6206054952626101 1.37426051897599 -0.15112895507683799
1.6204016917711499 1.3719467939196399 -0.16739375134821899
1.6183547704021299 1.37044299522712 -0.18362575340569301
1.61446790046299 1.3698294867079299 -0.199576321784631
1.6087446635321301 1.3701902902086101 -0.21497053242952199
1.6012420359044099 1.3715926215833101 -0.22951725249117499
1.59215922418886 1.37405203203253 -0.24298337318954799
1.58170873631491 1.3775817778696799 -0.25515741195355002
1.57009159168364 1.3822061910751999 -0.26581144686106301
1.5575391320676499 1.3879137028546999 -0.27474123487972602
1.54435834648102 1.39453581611239 -0.28197955522071499
1.5308125842643201 1.4018868519349299 -0.28768330831632299
1.5170931581862099 1.40982093859498 -0.29203574359773699
1.5033304788991999 1.41823177990959 -0.29519717297647802
1.4896023316815099 1.4270321930925201 -0.29726099827697999
1.47596144443168 1.43614238072117 -0.29831872078650001
1.46244234495686 1.44549205579332 -0.29847019175409401
1.4490637212862301 1.45502142360704 -0.29781867906861598
1.4358302792207001 1.46468083403048 -0.29647456062770899
1.4227340710316101 1.4744293718800401 -0.29455054895473998
1.4097570074667201 1.48423374621024 -0.29215768776219397
1.39687547757598 1.4940679551716001 -0.289397958869201
1.38406930595533 1.5039145060600301 -0.28634630763727498
1.3713171051800099 1.5137594300530599 -0.28307113675659101
1.3585950733124199 1.52359054449825 -0.27964056304442098
1.3458797709630099 1.5333970938005901 -0.27611590875910003
1.33315479091681 1.54316975532514 -0.27253251830095099
1.3204054615632901 1.5528995814324 -0.268919234099119
1.30761709452452 1.5625776365772901 -0.265304889286467
1.2947768702200799 1.57219476948591 -0.26171187311404198
1.28187907605536 1.5817412509585 -0.258136702575676
1.2689198506780099 1.5912071508454499 -0.25456944796860298
1.25589547167182 1.6005824395822299 -0.251000217336317
1.24280375304225 1.60985767504577 -0.247415998496546
1.22964814548521 1.6190261003000299 -0.24379116296740799
1.21643368829637 1.6280814955321601 -0.24009697757939599
1.2031657729971099 1.6370174008142 -0.236304808918539
1.18985039270791 1.6458286202474499 -0.232389300471677
1.17649440671254 1.65451599173866 -0.228337727850809
1.16310493116233 1.6630818109697301 -0.224140518565631
1.14968920841906 1.67152827094571 -0.219788116136272
1.13625285063335 1.67985804805012 -0.21527733611892899
1.12279421044462 1.6880762818970101 -0.21063035774157099
1.1093092781456 1.69618909801509 -0.20587555143110101
1.09579351259303 1.70420296374472 -0.20104110638467401
1.08223876007533 1.7121234321635901 -0.19616207303469199
1.0686238381563999 1.7199514994957401 -0.19130152738118
1.0549247404933799 1.7276866999718099 -0.18652977073511501
1.0411186669232999 1.7353278163167101 -0.18191765179234201
1.0271847348682099 1.7428720417491099 -0.17753667759928299
1.0131044006799601 1.75031332948556 -0.17345868651006999
0.99886308573975002 1.7576433062603001 -0.169755987645311
0.98445149127753595 1.7648514682460501 -0.166500808309752
0.96985682961659803 1.7719171450954101 -0.16379866256643799
0.95504229561253795 1.7787800508399301 -0.16189661690962301
0.939999444789961 1.78535181393307 -0.16108777943088701
0.92477833713745905 1.79151977669656 -0.16166480186929999
0.90949958198241498 1.79715500426497 -0.163858731584371
0.89433266837551695 1.80212384913692 -0.16776304811668
0.87949297560636397 1.8062671763549001 -0.17346557786974601
0.86526469859272304 1.8093964972354999 -0.181053512041633
0.85197330512451896 1.81133870506786 -0.190506903554608
0.83981894717038996 1.8120471316001701 -0.201535483257513
0.82892451311228699 1.81151221320878 -0.213820523510074
0.81939528296600606 1.8097155450869 -0.22708234888013501
0.81134219954267695 1.8066328630119199 -0.24106645563859599
0.80487150068648805 1.8022791279416901 -0.25552623477217701
0.80007577380945005 1.79668960960972 -0.27021168136600199
0.797034481687938 1.7899129721284599 -0.28486503248830602
0.79580708222242602 1.7820347711922799 -0.29922883906111503
0.79644495830671702 1.7732180385296901 -0.31307575432932
0.79903484341996001 1.7636342270488701 -0.32616299969170898
0.80369345594090602 1.75347061529132 -0.33819423588049502
0.81043393791743401 1.74296837454974 -0.34887436494191598
0.81884715540705899 1.7323901447440599 -0.35821740407816499
0.82846789361039497 1.7219000387300301 -0.36643338156155802
0.83892733446789702 1.71157183770893 -0.37378966319039603
0.84994487314795797 1.70141773603471 -0.38055294138913198
0.86129164660906099 1.69138660722899 -0.38694731745662703
0.872751490944632 1.68139754170112 -0.39320522356705301
0.88411089948608501 1.6713610747009 -0.39956883158290102
0.89518134097408097 1.66120224803405 -0.40623915665896199
0.90588663265349401 1.6508911334823499 -0.41326221817616599
0.91617605662214596 1.6404101020123301 -0.42064577992945201
0.92599528220660798 1.62974455659135 -0.42839594988741803
0.93527190779306602 1.6188773081809 -0.43652437491671497
0.94386821915124297 1.60777377888494 -0.44506937927808898
0.95161803171285497 1.59640834520214 -0.45406617402133498
0.95834386473863398 1.5847766043479701 -0.46353243048012299
0.96387168649680599 1.57289863555063 -0.47345579543385502
0.96804148882739804 1.5608109974936299 -0.483779868018128
0.97067387417208795 1.54857198623529 -0.49442505257344499
0.97157343530959595 1.53627289673455 -0.50528391383178906
0.97060122458590103 1.52404608901863 -0.51621746976720695
0.96782899171403303 1.51204273732649 -0.52709157088379199
0.96336834422849604 1.5003974367516 -0.537792953972273
0.95731085428680895 1.4892338503206 -0.54821975422233504
0.94976951621833905 1.4786570639977401 -0.558286177057984
0.94101613432292497 1.46867919222691 -0.56797948332173898
0.93134763102577001 1.4592451872707799 -0.57734497738103396
0.92102795338631005 1.4502659200388599 -0.58646132825654795
0.91027757951269195 1.4416323565711999 -0.59541363713900997
0.89925423002917804 1.4332185074386199 -0.60424299952971705
0.88809828272138502 1.4248878976708801 -0.61298462497653805
0.87694714249741501 1.4165000786931701 -0.62167747672148599
0.86593030154176898 1.4079158377921499 -0.63034940116451499
0.85514849186663699 1.39900099399314 -0.63898243343713201
0.84470274274828006 1.3896276237059799 -0.64754173101797696
0.834704914030728 1.37967797285131 -0.65598346980407196
0.82526538970938901 1.3690580372468999 -0.66424840904522398
0.81645714159778304 1.3577176031632701 -0.67224779240075605
0.80835444495648601 1.34562255377378 -0.67987781243716705
0.801043796765608 1.3327529021070199 -0.68702376332956305
0.79459955030722695 1.3191230861902501 -0.69356811766224102
0.78901770066036003 1.30481248566843 -0.69941463135066895
0.78427532975013803 1.28991090546798 -0.70447276220465704
0.78035173204668495 1.27450688135529 -0.70865003797264103
0.77722099545253998 1.2586954367766301 -0.711863744581822
0.77482639801410902 1.2425867399436601 -0.71408126862999699
0.77310086811982603 1.22628575743121 -0.71528547849169399
0.77197649257786505 1.20988879743128 -0.71545980286986
0.77139206920030001 1.19348542688125 -0.71459467914308195
0.771310533356243 1.1771567259250599 -0.71271457642970504
0.77169993544612303 1.1609753947743899 -0.70985326922396796
0.77252839827297304 1.14500734874155 -0.70604349291077095
0.77376668830630901 1.1293114422231101 -0.70132215136898501
0.77539334621748401 1.1139327123971099 -0.69575050286168605
0.77738897794180895 1.0989053226927401 -0.68939460448230205
0.77973528545381199 1.0842556512164401 -0.68231709044060396
0.78241132435695404 1.0700010672860301 -0.67457995756026401
0.78538023850389505 1.05613973303306 -0.666256707574584
0.78860207127696003 1.04265704832051 -0.65742079186291902
0.79203867250348303 1.0295302625188301 -0.64814063214738404
0.79565270473690397 1.01673092903967 -0.63847800819670997
0.79940339023467 1.00422724466448 -0.62848570902299306
0.80324977783489104 0.99198289689247898 -0.61821236765212495
0.80715199481347999 0.97995770928473502 -0.60770372998420896
0.81107790164976101 0.96811343962073804 -0.59700015482895696
0.81502277958449398 0.95642882930920603 -0.58612932520560301
0.81898885160457102 0.94488622294313396 -0.57511539727959704
0.82297859696491504 0.93346716918795902 -0.56398184110073502
0.82700041590727802 0.92215437808745904 -0.55275174033446794
0.83108539337815002 0.910937268271933 -0.541448692779675
0.83527020476621805 0.89980696120207204 -0.53009647665922099
0.83959143908008105 0.88875478504664895 -0.51871909053199605
0.84408218017967496 0.87777011583986797 -0.50734199533662705
0.84876224214781304 0.86683335919711602 -0.49599510670719699
0.85364807162756795 0.85592299963401397 -0.48470974245472997
0.85875587350118399 0.84501809737528899 -0.47351782043207402
0.864094981712213 0.83409763675365001 -0.46244972812028601
0.86964880934647903 0.82313775512291598 -0.45152721095148002
0.875394468928125 0.81211372122940795 -0.440769730191996
0.88130907734936204 0.80100084364413504 -0.43019682340666199
0.88736480928021499 0.78977675757821197 -0.419823136327167
0.89351471272493699 0.77842740236686003 -0.40964290503733097
0.89970739089371998 0.76694023666827704 -0.39964478187757402
0.905891627033514 0.75530240289650996 -0.38981713263130902
0.91201825314558105 0.74350393408758297 -0.38014618853562099
0.918046204553711 0.73154628397932897 -0.37060967995284499
0.92393640524869203 0.71943372221039203 -0.361183247162292
0.92964962388375205 0.70717077927181404 -0.35184274813135902
0.93515480106183901 0.69476827394240803 -0.34256175837052399
0.94045430421775 0.68225981295835403 -0.33330320803268498
0.94555915830884796 0.66968380637490599 -0.32402677162070598
0.95048059943137697 0.65707809192331801 -0.31469171610265401
0.95523629320806402 0.64447923743690205 -0.30526194951950297
0.95986939280427397 0.631919147544733 -0.29572007570512399
0.96442951444203195 0.61942822351956395 -0.28605307435251198
0.96896627584339501 0.60703688394496802 -0.27624793794583402
0.97350850597948702 0.59477003659614702 -0.26629002384800399
0.97800305399480902 0.58262953708465504 -0.25615722716190198
0.98237616207670297 0.57061236683360095 -0.24582632094920701
0.98655354708298504 0.558717206989917 -0.235275702585765
0.99042886567477295 0.54694139397313501 -0.22447928488741101
0.99376810877065802 0.53527504835185902 -0.21339008388998701
0.99630064150646702 0.523724338151484 -0.20197281701965
0.99775718346563402 0.51232375586345602 -0.19022357980771901
0.99788957222208496 0.50113861447191799 -0.17818347810395099
0.99645829836453503 0.49026625450210598 -0.165945701496551
0.99319032614860703 0.47986177645720601 -0.153658040708963
0.98780878896860402 0.47015531594116899 -0.141549640747165
0.98019111328910802 0.46141129549909998 -0.129918557981199
0.970604618926033 0.45376855202763899 -0.118985571458772
0.95935490747801599 0.44730728299151001 -0.10890691502727599
0.94668916320263496 0.44211015791324698 -0.099826142731266498
0.93284263029853698 0.43824761662658801 -0.091870962407509194
0.91813388874471602 0.43563540693308 -0.085026176918290106
0.90284932772011495 0.43410957583788501 -0.079182081632748202
0.88720001586608899 0.43349316974612301 -0.074194385574259794
0.87132506445202695 0.43362914910400202 -0.069933448908074694
0.85529942660966196 0.43441193231425002 -0.066360155234284193
0.83917563931330996 0.43574282363216998 -0.063450281264876507
0.82299287923589504 0.43752094038431999 -0.061173684584947
0.806778686946097 0.43964589882312699 -0.059494112191240602
0.79055128155546694 0.44201902963747403 -0.058360506964395702
0.77431957512819805 0.444542957279496 -0.057717112351983603
0.75808492178730003 0.44712165021780997 -0.057508075986526498
0.74184486221357704 0.449669763042091 -0.057676518390630198
0.725599133613124 0.45214103649495402 -0.058159037629401299
0.70934582668650104 0.454499230700604 -0.058890246021324498
0.69308083406307497 0.456708457403042 -0.059804662896204397
0.67679920930167903 0.45873901084935198 -0.0608309845499009
0.66049673919563401 0.46058507305442697 -0.0618748191798935
0.64416941777826198 0.46224677155424398 -0.062836079878362594
0.62781476246798096 0.46372415679818202 -0.063614692868897094
0.61143403961637599 0.46502508598196801 -0.064102257384764494
0.59503610310195099 0.46618836022031601 -0.064156641709869094
0.57864078892245396 0.467259620187986 -0.063626877046520494
0.56228315611329005 0.46828357239831497 -0.062363506342778499
0.54601638066126101 0.469306218821187 -0.060231448672227003
0.52990989149512602 0.47038216333671601 -0.057132181018475302
0.51405266723689003 0.47156747933245202 -0.052972381547152503
0.49855754674563002 0.47291712888234699 -0.047660658348153202
0.483547173030904 0.47446217070483998 -0.041146683134448803
0.46909177590367201 0.47614696203176399 -0.033507949261278001
0.45523305823789301 0.47789651467894201 -0.0248456201088549
0.44200172832399698 0.479637857348922 -0.015250268086138601
0.42942110811351297 0.481314412099625 -0.0048052558259996997
0.41750110943166002 0.48293113710861901 0.0063970960310803203
0.406238609332428 0.48450949687718597 0.0182658964074318
0.39562146186663599 0.48607217721788998 0.030717689618287299
0.38563093570219598 0.48766077864329099 0.043674814345489699
0.37624078291219498 0.48938883408891098 0.057056361209296497
0.36741972140599699 0.49138802281069599 0.070783002357460503
0.35913497551847501 0.49378993980730901 0.084776570819437902
0.351352295236116 0.49672414265313403 0.098955468997738202
0.34403106157063701 0.50031470595425698 0.113228501788738
0.33713325479855799 0.50468327307459004 0.12749506544091899
0.33062644522294898 0.50994659668484099 0.14164217326294901
0.32447644644949603 0.51619817716561001 0.155544132997468
0.31862527170725602 0.52347476760687195 0.16907094594458999
0.31301390624652897 0.53180261573519705 0.182082643187788
0.30758965507319003 0.54120532266066601 0.19442326772844101
0.30230519862368699 0.55165692833859303 0.205954655928971
0.29710751377914102 0.56297400519387397 0.216682242707331
0.29193073269310299 0.57495574998464405 0.22667437132625301
0.286698971794979 0.58742785275527898 0.23601790473319501
0.28135403302745798 0.60025085765833297 0.244806713305116
0.27593484888435699 0.61334740078156902 0.25313527805068098
0.27050247998649402 0.62665990917727399 0.26110564856507701
0.26511511022661899 0.640137288276039 0.26882589889046399
0.25982958602074402 0.65375271918517597 0.27637228731109398
0.25470603121192698 0.66755716747248295 0.28368279218741899
0.249808277433272 0.68161482300269804 0.29065708145352098
0.245203986866771 0.69598015472469899 0.29718933527611402
0.24095417315472201 0.71068124631721297 0.30319300011926997
0.237080856930283 0.72568690554752702 0.30867558830976699
0.233595469501506 0.74095622032104402 0.31366906917239101
0.230509186859371 0.75645237459763004 0.318205789499236
0.22783819010627099 0.77213884111049802 0.32233412231762298
0.22561691133640099 0.78796986582513895 0.32616710800791598
0.22388308688004999 0.80390055235607405 0.32983529135996797
0.222673713108891 0.81988726397560596 0.33346969694527001
0.22203118015217399 0.83588411167201304 0.337201626193953
0.22202152631799901 0.85183784891383096 0.34116449624809198
0.22271734950401401 0.86768141715510605 0.34548951615261198
0.22418874979438799 0.88332956827918696 0.35030174435135403
0.22649821282874 0.89867612130126595 0.35571580063297198
0.22970463581822101 0.91358758137588503 0.36183929453665398
0.23386835733130701 0.92789379768656999 0.36877358314928599
0.239040326407403 0.94138425675224002 0.376602921033653
0.24522536094399899 0.95383671308992202 0.38536086424738902
0.25232838094747201 0.96510127962116699 0.394987837250456
0.26024010741147602 0.97503918664001599 0.40541164805382102
0.26885370133041397 0.98349423893696197 0.41656117352676097
0.27804236720590703 0.99033809204080403 0.42834005007537401
0.28762882254128003 0.99563847895393298 0.44059060072905398
0.29745146663504402 0.99954270250738497 0.453175962193899
0.30738087529136698 1.0022080275884999 0.46600010306856299
0.317319775749899 1.0037830838385899 0.47899704615760902
0.32721497034275898 1.0044102382242299 0.49210805888332199
0.337035508467322 1.00424065285706 0.50528969706182703
0.34676413052724703 1.00342922408109 0.51851615677510299
0.35639605920663098 1.00211453225498 0.53177324808382498
0.36594060989685301 1.0003734294020299 0.54504455750352598
0.37541236659327198 0.99826787373213499 0.55831534975084196
0.38482846232356799 0.99585954192725401 0.57157437589118898
0.39420824125401999 0.99320452653242297 0.58481209892678598
0.40357316225105899 0.99033867908532403 0.59801637500124105
0.41294560634316901 0.987292807460598 0.61117496496164003
0.42234845750253802 0.98409759486334802 0.62427634171486901
0.43180726323226198 0.98078828297260001 0.63730895104693897
0.44135698525532902 0.97741856715779896 0.65025951539425997
0.45103475085650901 0.97404678004450096 0.66311409467982696
0.46087703018213699 0.97073147587862496 0.67585790840655602
0.47092305535562601 0.96753841421987696 0.68847315768276096
0.48122569045587998 0.96456126206389403 0.70093302591686102
0.491837222385475 0.96190171008773695 0.71320368830764003
0.50280285231626298 0.95966228756810601 0.72524427412411596
0.51416279739441695 0.95795510137513196 0.73700247325676804
0.52596425563348803 0.95693456141518995 0.74839871130973901
0.538240349850308 0.95677103897501203 0.75932691457476598
0.55099514162459096 0.95763481228199698 0.76965564231323802
0.564186532581061 0.95966308671572298 0.77924524652260896
0.57771640883453901 0.96290635227066701 0.78799143757703805
0.59146762548321696 0.96740500871468305 0.79578338738616206
0.60530313283988801 0.97320321316821101 0.80248976412447104
0.61906587315350203 0.98029359545735095 0.807997896627626
0.63263133952394102 0.98849120098341403 0.81234031883074298
0.64592589082855101 0.99758597620716105 0.81560573629912303
0.65891342006628395 1.00739767984766 0.81788852097864795
0.67158850948141902 1.0177706118821399 0.81927729354140499
0.68398820016283501 1.0285462611584999 0.81986318948091996
0.69617871699801703 1.0395738937777701 0.81974694695342099
0.70824433256212305 1.05071643653626 0.81903263160982498
0.72027470309521302 1.0618535240573399 0.81781298496403798
0.73233985369443 1.07289343020465 0.81613789463509501
0.74450484415483298 1.0837513175010201 0.81404703000953904
0.75683398358397003 1.09434178786829 0.81158052115500001
0.76938119368595603 1.10458582224502 0.80877457836014999
0.78216666761186904 1.1144343824895799 0.80564711198956296
0.79520090248958697 1.1238442807525599 0.80221153963949898
0.80849199111676795 1.13277026757551 0.79848178744448395
0.82204017655282902 1.14117302182443 0.79447220917989902
0.83582459422233402 1.1490432715705401 0.79019590851471699
0.84982051287100302 1.1563799071957399 0.78566522800505501
0.86400448435580002 1.16318222878698 0.78089201883328896
0.87835298369729298 1.1694535740769201 0.77588870406891597
0.89283917005355296 1.1752134514083401 0.77067144118096997
0.90743780394865703 1.18048673247967 0.76525655208813304
0.92212658800837799 1.1852993690774001 0.75965927220219698
0.93688545487694996 1.18967972480043 0.753893630477114
0.95169491659885896 1.1936641586289201 0.74797236107643394
0.96653782475477501 1.1972919224671601 0.74190709910118702
0.98139970423032896 1.20060298788859 0.73570840961536399
0.99626782804242497 1.20363821326062 0.72938458893157199
1.0111290342206201 1.2064408077435 0.72293818533750098
1.0259712388959099 1.2090549174012699 0.71636986367658895
1.04078370848256 1.2115249659927101 0.70967971634231797
1.0555559013612701 1.21389525109206 0.70286553611470504
1.07027462647537 1.2162090472070499 0.69591755176194103
1.0849259438772101 1.2185093727477201 0.68882416960444803
1.0994955926057099 1.2208391946969499 0.681573980876368
1.1139680560273699 1.2232404449136001 0.674154506539552
1.12832433123857 1.2257512663958701 0.66654804286500802
1.1425432172607 1.2284086659915301 0.65873621502537905
1.1566016103848999 1.2312492829623101 0.65070171048406
1.17047462908704 1.2343071614567001 0.64242843645845404
1.1841364336303799 1.23760772760022 0.63390099880663597
1.1975590770947799 1.2411739819701899 0.62510511641132105
1.21071211330557 1.2450282876196199 0.61602811076717001
1.2235636956996201 1.2491900344831699 0.60665986183496401
1.2360838505221601 1.2536697427706101 0.59699430410468002
1.2482414293889099 1.2584754190212799 0.58702729344867599
1.2600031671846399 1.2636143194724301 0.57675631128355997
1.27133586669956 1.26909040818513 0.56618179839029104
1.2822127262396901 1.2748979591968701 0.55530967300294098
1.2926077911484899 1.28102871861135 0.54414759557178605
1.30249408619898 1.2874740000095499 0.53270409736365998
1.3118465445427601 1.2942222480377501 0.52098972777596897
1.32065095588406 1.3012526048034501 0.50901930921858995
1.3288962248884699 1.30854222852429 0.49680816750602302
1.3365714900152501 1.31606858718852 0.48437113842120499
1.3436670729323701 1.32380897523045 0.471723007735671
1.3501779786411301 1.3317392305248801 0.45887948030915099
1.35610082325006 1.3398351717878201 0.44585590625844801
1.3614325625572701 1.34807304097377 0.43266695025704199
1.36617211280879 1.3564289722954701 0.41932698516759898
1.37032587317933 1.3648776586039499 0.405850817124003
1.3739024893141401 1.3733941110930801 0.392252274272336
1.37691079622254 1.38195414076828 0.37854389305271402
1.37936719049999 1.39053106936577 0.36473631384195299
1.3813189521512099 1.39908679357413 0.35083517826788002
1.3828219517671201 1.4075824420531 0.33684160486633202
1.3839324360868901 1.4159813047804899 0.32275316649215302
1.38471445138397 1.4242443238222799 0.30856260140787001
1.38526357611813 1.4323180317728601 0.29425258093780199
1.3856835318062799 1.4401460243097499 0.279802369818555
1.3860780913556401 1.44767178796458 0.26519186948943402
1.38655695722642 1.4548327473955001 0.25040187321834401
1.38725400980817 1.46154333122567 0.23541113588857801
1.3883087548961901 1.4677070908730501 0.220208561730945
1.38985815872728 1.4732220853234701 0.20480124803456501
1.39203382715234 1.47798547210651 0.18922071435104201
1.3949693410408299 1.48189325659279 0.17352814073397599
1.3988015252731201 1.4848257546705099 0.15781766079750101
1.40366091424006 1.4866513413748099 0.142225696422114
1.40962685460022 1.48727318513539 0.12692661144808001
1.4166457232703999 1.4867328389364001 0.112077294630424
1.42464387646862 1.4851000459086301 0.097814329996174607
1.4335601763275001 1.4824353069785099 0.084269235432247805
1.44331990707747 1.4788097875645201 0.071553159025505603
1.45376510366764 1.4743713195547701 0.059664426818071999
1.46473770468178 1.4692833215552199 0.048533435178670203
1.47610890450049 1.46369588005797 0.0380600231024407
1.48777161934632 1.4577380288566699 0.028123986483691701
1.4996170524046599 1.4515060976535501 0.018579044931953101
1.51154311952191 1.4450858705665599 0.0092614794865482908
1.52345543500747 1.4385596175878901 0
end
coil PF1_18 2.4999999999999999e-07 updown
0.21907499999999999 0 0.076609574999999999
0.21895770450138499 0.0071679330691806096 0.076609574999999999
0.218605943608497 0.014328190536093599 0.076609574999999999
0.21802009399571201 0.021473105017698502 0.076609574999999999
0.217200783005467 0.028595025560607799 0.076609574999999999
0.21614888797649501 0.035686325833919501 0.076609574999999999
0.214865535304338 0.042739412295683302 0.076609574999999999
0.213352099235182 0.049746732324255298 0.076609574999999999
0.211610200394278 0.056700782305834703 0.076609574999999999
0.20964170405053401 0.063594115669521306 0.076609574999999999
0.20744871811914001 0.0704193508612901 0.076609574999999999
0.20503359090436099 0.077169179248344197 0.076609574999999999
0.20239890858491 0.083836372945382001 0.076609574999999999
0.19954749244460701 0.090413792554397798 0.076609574999999999
0.196482395851274 0.096894394809727696 0.076609574999999999
0.19320690098711599 0.103271240120155 0.076609574999999999
0.189724515334076 0.1095375 0.076609574999999999
0.18603896791793501 0.115686464381229 0.076609574999999999
0.18215420531518001 0.121711548798769 0.076609574999999999
0.17807438742690801 0.12760630144131399 0.076609574999999999
0.173803883024302 0.13336441006008501 0.076609574999999999
0.16934726507044201 0.13897970872815099 0.076609574999999999
0.164709305823457 0.14444618444304799 0.076609574999999999
0.15989497172627801 0.149757983565661 0.076609574999999999
0.154909418088443 0.154909418088443 0.076609574999999999
0.149757983565661 0.15989497172627801 0.076609574999999999
0.14444618444304799 0.164709305823457 0.076609574999999999
0.13897970872815099 0.16934726507044201 0.076609574999999999
0.13336441006008601 0.173803883024302 0.076609574999999999
0.12760630144131399 0.17807438742690801 0.076609574999999999
0.121711548798769 0.18215420531518001 0.076609574999999999
0.115686464381229 0.18603896791793501 0.076609574999999999
0.1095375 0.189724515334076 0.076609574999999999
0.103271240120155 0.19320690098711599 0.076609574999999999
0.096894394809727696 0.196482395851274 0.076609574999999999
0.090413792554397798 0.19954749244460701 0.076609574999999999
0.083836372945382098 0.20239890858491 0.076609574999999999
0.077169179248344294 0.20503359090436099 0.076609574999999999
0.0704193508612901 0.20744871811914001 0.076609574999999999
0.063594115669521403 0.20964170405053401 0.076609574999999999
0.0567007823058348 0.211610200394278 0.076609574999999999
0.049746732324255402 0.213352099235182 0.076609574999999999
0.042739412295683302 0.214865535304338 0.076609574999999999
0.035686325833919501 0.21614888797649501 0.076609574999999999
0.028595025560607799 0.217200783005467 0.076609574999999999
0.021473105017698502 0.21802009399571201 0.076609574999999999
0.014328190536093599 0.218605943608497 0.076609574999999999
0.0071679330691806599 0.21895770450138499 0.076609574999999999
1.34144748761603e-17 0.21907499999999999 0.076609574999999999
-0.0071679330691805897 0.21895770450138499 0.076609574999999999
-0.014328190536093599 0.218605943608497 0.076609574999999999
-0.021473105017698401 0.21802009399571201 0.076609574999999999
-0.028595025560607799 0.217200783005467 0.076609574999999999
-0.035686325833919501 0.21614888797649501 0.076609574999999999
-0.042739412295683198 0.214865535304338 0.076609574999999999
-0.049746732324255298 0.213352099235182 0.076609574999999999
-0.056700782305834703 0.211610200394278 0.076609574999999999
-0.063594115669521306 0.20964170405053401 0.076609574999999999
-0.0704193508612901 0.20744871811914001 0.076609574999999999
-0.077169179248344197 0.20503359090436099 0.076609574999999999
-0.083836372945382001 0.20239890858491 0.076609574999999999
-0.090413792554397798 0.19954749244460701 0.076609574999999999
-0.096894394809727696 0.196482395851274 0.076609574999999999
-0.103271240120155 0.19320690098711599 0.076609574999999999
-0.1095375 0.189724515334076 0.076609574999999999
-0.115686464381229 0.18603896791793501 0.076609574999999999
-0.121711548798769 0.18215420531518001 0.076609574999999999
-0.12760630144131399 0.17807438742690801 0.076609574999999999
-0.13336441006008501 0.173803883024302 0.076609574999999999
-0.13897970872815099 0.16934726507044201 0.076609574999999999
-0.14444618444304799 0.164709305823457 0.076609574999999999
-0.14975798356566 0.15989497172627801 0.076609574999999999
-0.154909418088443 0.154909418088443 0.076609574999999999
-0.15989497172627801 0.149757983565661 0.076609574999999999
-0.164709305823457 0.14444618444304799 0.076609574999999999
-0.16934726507044201 0.13897970872815099 0.076609574999999999
-0.173803883024302 0.13336441006008601 0.076609574999999999
-0.17807438742690801 0.12760630144131399 0.076609574999999999
-0.18215420531518001 0.121711548798769 0.076609574999999999
-0.18603896791793501 0.115686464381229 0.076609574999999999
-0.189724515334076 0.1095375 0.076609574999999999
-0.19320690098711599 0.103271240120155 0.076609574999999999
-0.196482395851274 0.096894394809727794 0.076609574999999999
-0.19954749244460701 0.090413792554397798 0.076609574999999999
-0.20239890858491 0.083836372945382098 0.076609574999999999
-0.20503359090436099 0.077169179248344294 0.076609574999999999
-0.20744871811914001 0.070419350861290197 0.076609574999999999
-0.20964170405053401 0.063594115669521403 0.076609574999999999
-0.211610200394278 0.0567007823058348 0.076609574999999999
-0.213352099235182 0.049746732324255402 0.076609574999999999
-0.214865535304338 0.042739412295683399 0.076609574999999999
-0.21614888797649501 0.035686325833919598 0.076609574999999999
-0.217200783005467 0.0285950255606079 0.076609574999999999
-0.21802009399571201 0.021473105017698502 0.076609574999999999
-0.218605943608497 0.0143281905360937 0.076609574999999999
-0.21895770450138499 0.0071679330691806799 0.076609574999999999
-0.21907499999999999 2.68289497523206e-17 0.076609574999999999
-0.21895770450138499 -0.0071679330691805203 0.076609574999999999
-0.218605943608497 -0.014328190536093501 0.076609574999999999
-0.21802009399571201 -0.021473105017698401 0.076609574999999999
-0.217200783005468 -0.028595025560607699 0.076609574999999999
-0.21614888797649501 -0.035686325833919397 0.076609574999999999
-0.214865535304338 -0.042739412295683198 0.076609574999999999
-0.213352099235182 -0.049746732324255298 0.076609574999999999
-0.211610200394278 -0.056700782305834599 0.076609574999999999
-0.20964170405053401 -0.063594115669521306 0.076609574999999999
-0.20744871811914001 -0.070419350861290003 0.076609574999999999
-0.20503359090436099 -0.077169179248344197 0.076609574999999999
-0.20239890858491 -0.083836372945381904 0.076609574999999999
-0.19954749244460701 -0.090413792554397701 0.076609574999999999
-0.196482395851274 -0.096894394809727696 0.076609574999999999
-0.19320690098711599 -0.103271240120155 0.076609574999999999
-0.189724515334076 -0.1095375 0.076609574999999999
-0.18603896791793501 -0.115686464381229 0.076609574999999999
-0.18215420531518001 -0.121711548798769 0.076609574999999999
-0.17807438742690801 -0.12760630144131399 0.076609574999999999
-0.173803883024302 -0.13336441006008501 0.076609574999999999
-0.16934726507044201 -0.13897970872815099 0.076609574999999999
-0.164709305823457 -0.14444618444304699 0.076609574999999999
-0.15989497172627801 -0.14975798356566 0.076609574999999999
-0.154909418088443 -0.154909418088443 0.076609574999999999
-0.149757983565661 -0.15989497172627801 0.076609574999999999
-0.14444618444304799 -0.164709305823457 0.076609574999999999
-0.13897970872815099 -0.16934726507044201 0.076609574999999999
-0.13336441006008601 -0.173803883024302 0.076609574999999999
-0.12760630144131399 -0.17807438742690801 0.076609574999999999
-0.121711548798769 -0.18215420531518001 0.076609574999999999
-0.115686464381229 -0.18603896791793501 0.076609574999999999
-0.1095375 -0.189724515334076 0.076609574999999999
-0.103271240120155 -0.19320690098711599 0.076609574999999999
-0.096894394809727696 -0.196482395851274 0.076609574999999999
-0.090413792554397895 -0.19954749244460701 0.076609574999999999
-0.083836372945382195 -0.20239890858491 0.076609574999999999
-0.077169179248344294 -0.20503359090436099 0.076609574999999999
-0.070419350861290197 -0.20744871811914001 0.076609574999999999
-0.063594115669521403 -0.20964170405053401 0.076609574999999999
-0.056700782305834897 -0.211610200394278 0.076609574999999999
-0.049746732324255402 -0.213352099235182 0.076609574999999999
-0.042739412295683399 -0.214865535304338 0.076609574999999999
-0.035686325833919598 -0.21614888797649501 0.076609574999999999
-0.028595025560608001 -0.217200783005467 0.076609574999999999
-0.021473105017698699 -0.21802009399571201 0.076609574999999999
-0.0143281905360937 -0.218605943608497 0.076609574999999999
-0.0071679330691806903 -0.21895770450138499 0.076609574999999999
-4.0243424628481003e-17 -0.21907499999999999 0.076609574999999999
0.0071679330691804101 -0.21895770450138499 0.076609574999999999
0.0143281905360934 -0.218605943608497 0.076609574999999999
0.021473105017698401 -0.21802009399571201 0.076609574999999999
0.028595025560607699 -0.217200783005468 0.076609574999999999
0.035686325833919501 -0.21614888797649501 0.076609574999999999
0.0427394122956831 -0.214865535304338 0.076609574999999999
0.049746732324255201 -0.213352099235182 0.076609574999999999
0.056700782305834599 -0.211610200394278 0.076609574999999999
0.063594115669521306 -0.20964170405053401 0.076609574999999999
0.0704193508612901 -0.20744871811914001 0.076609574999999999
0.0771691792483441 -0.20503359090436099 0.076609574999999999
0.083836372945381904 -0.20239890858491 0.076609574999999999
0.090413792554397701 -0.19954749244460701 0.076609574999999999
0.096894394809727696 -0.196482395851274 0.076609574999999999
0.103271240120155 -0.19320690098711599 0.076609574999999999
0.1095375 -0.189724515334076 0.076609574999999999
0.115686464381229 -0.18603896791793501 0.076609574999999999
0.121711548798769 -0.18215420531518001 0.076609574999999999
0.12760630144131399 -0.17807438742690801 0.076609574999999999
0.13336441006008501 -0.173803883024302 0.076609574999999999
0.13897970872815099 -0.16934726507044201 0.076609574999999999
0.14444618444304699 -0.164709305823457 0.076609574999999999
0.14975798356566 -0.15989497172627801 0.076609574999999999
0.154909418088443 -0.154909418088443 0.076609574999999999
0.15989497172627801 -0.149757983565661 0.076609574999999999
0.164709305823457 -0.14444618444304799 0.076609574999999999
0.16934726507044201 -0.13897970872815099 0.076609574999999999
0.173803883024302 -0.13336441006008601 0.076609574999999999
0.17807438742690801 -0.12760630144131399 0.076609574999999999
0.18215420531518001 -0.12171154879877 0.076609574999999999
0.18603896791793501 -0.11568646438122999 0.076609574999999999
0.189724515334076 -0.1095375 0.076609574999999999
0.19320690098711599 -0.103271240120155 0.076609574999999999
0.196482395851274 -0.096894394809727905 0.076609574999999999
0.19954749244460701 -0.090413792554398006 0.076609574999999999
0.20239890858491 -0.083836372945382195 0.076609574999999999
0.20503359090436099 -0.077169179248344294 0.076609574999999999
0.20744871811914001 -0.070419350861290197 0.076609574999999999
0.20964170405053401 -0.063594115669521598 0.076609574999999999
0.211610200394278 -0.056700782305834897 0.076609574999999999
0.213352099235182 -0.049746732324255402 0.076609574999999999
0.214865535304338 -0.042739412295683399 0.076609574999999999
0.21614888797649501 -0.035686325833919598 0.076609574999999999
0.217200783005467 -0.028595025560608001 0.076609574999999999
0.21802009399571201 -0.021473105017698699 0.076609574999999999
0.218605943608497 -0.0143281905360937 0.076609574999999999
0.21895770450138499 -0.0071679330691806998 0.076609574999999999
0.21907499999999999 0 0.076609574999999999
end
coil PF1_19 2.4999999999999999e-07 updown
0.21907499999999999 0 0.18535332500000001
0.21895770450138499 0.0071679330691806096 0.18535332500000001
0.218605943608497 0.014328190536093599 0.18535332500000001
0.21802009399571201 0.021473105017698502 0.18535332500000001
0.217200783005467 0.028595025560607799 0.18535332500000001
0.21614888797649501 0.035686325833919501 0.18535332500000001
0.214865535304338 0.042739412295683302 0.18535332500000001
0.213352099235182 0.049746732324255298 0.18535332500000001
0.211610200394278 0.056700782305834703 0.18535332500000001
0.20964170405053401 0.063594115669521306 0.18535332500000001
0.20744871811914001 0.0704193508612901 0.18535332500000001
0.20503359090436099 0.077169179248344197 0.18535332500000001
0.20239890858491 0.083836372945382001 0.18535332500000001
0.19954749244460701 0.090413792554397798 0.18535332500000001
0.196482395851274 0.096894394809727696 0.18535332500000001
0.19320690098711599 0.103271240120155 0.18535332500000001
0.189724515334076 0.1095375 0.18535332500000001
0.18603896791793501 0.115686464381229 0.18535332500000001
0.18215420531518001 0.121711548798769 0.18535332500000001
0.17807438742690801 0.12760630144131399 0.18535332500000001
0.173803883024302 0.13336441006008501 0.18535332500000001
0.16934726507044201 0.13897970872815099 0.18535332500000001
0.164709305823457 0.14444618444304799 0.18535332500000001
0.15989497172627801 0.149757983565661 0.18535332500000001
0.154909418088443 0.154909418088443 0.18535332500000001
0.149757983565661 0.15989497172627801 0.18535332500000001
0.14444618444304799 0.164709305823457 0.18535332500000001
0.13897970872815099 0.16934726507044201 0.18535332500000001
0.13336441006008601 0.173803883024302 0.18535332500000001
0.12760630144131399 0.17807438742690801 0.18535332500000001
0.121711548798769 0.18215420531518001 0.18535332500000001
0.115686464381229 0.18603896791793501 0.18535332500000001
0.1095375 0.189724515334076 0.18535332500000001
0.103271240120155 0.19320690098711599 0.18535332500000001
0.096894394809727696 0.196482395851274 0.18535332500000001
0.090413792554397798 0.19954749244460701 0.18535332500000001
0.083836372945382098 0.20239890858491 0.18535332500000001
0.077169179248344294 0.20503359090436099 0.18535332500000001
0.0704193508612901 0.20744871811914001 0.18535332500000001
0.063594115669521403 0.20964170405053401 0.18535332500000001
0.0567007823058348 0.211610200394278 0.18535332500000001
0.049746732324255402 0.213352099235182 0.18535332500000001
0.042739412295683302 0.214865535304338 0.18535332500000001
0.035686325833919501 0.21614888797649501 0.18535332500000001
0.028595025560607799 0.217200783005467 0.18535332500000001
0.021473105017698502 0.21802009399571201 0.18535332500000001
0.014328190536093599 0.218605943608497 0.18535332500000001
0.0071679330691806599 0.21895770450138499 0.18535332500000001
1.34144748761603e-17 0.21907499999999999 0.18535332500000001
-0.0071679330691805897 0.21895770450138499 0.18535332500000001
-0.014328190536093599 0.218605943608497 0.18535332500000001
-0.021473105017698401 0.21802009399571201 0.18535332500000001
-0.028595025560607799 0.217200783005467 0.18535332500000001
-0.035686325833919501 0.21614888797649501 0.18535332500000001
-0.042739412295683198 0.214865535304338 0.18535332500000001
-0.049746732324255298 0.213352099235182 0.18535332500000001
-0.056700782305834703 0.211610200394278 0.18535332500000001
-0.063594115669521306 0.20964170405053401 0.18535332500000001
-0.0704193508612901 0.20744871811914001 0.18535332500000001
-0.077169179248344197 0.20503359090436099 0.18535332500000001
-0.083836372945382001 0.20239890858491 0.18535332500000001
-0.090413792554397798 0.19954749244460701 0.18535332500000001
-0.096894394809727696 0.196482395851274 0.18535332500000001
-0.103271240120155 0.19320690098711599 0.18535332500000001
-0.1095375 0.189724515334076 0.18535332500000001
-0.115686464381229 0.18603896791793501 0.18535332500000001
-0.121711548798769 0.18215420531518001 0.18535332500000001
-0.12760630144131399 0.17807438742690801 0.18535332500000001
-0.13336441006008501 0.173803883024302 0.18535332500000001
-0.13897970872815099 0.16934726507044201 0.18535332500000001
-0.14444618444304799 0.164709305823457 0.18535332500000001
-0.14975798356566 0.15989497172627801 0.18535332500000001
-0.154909418088443 0.154909418088443 0.18535332500000001
-0.15989497172627801 0.149757983565661 0.18535332500000001
-0.164709305823457 0.14444618444304799 0.18535332500000001
-0.16934726507044201 0.13897970872815099 0.18535332500000001
-0.173803883024302 0.13336441006008601 0.18535332500000001
-0.17807438742690801 0.12760630144131399 0.18535332500000001
-0.18215420531518001 0.121711548798769 0.18535332500000001
-0.18603896791793501 0.115686464381229 0.18535332500000001
-0.189724515334076 0.1095375 0.18535332500000001
-0.19320690098711599 0.103271240120155 0.18535332500000001
-0.196482395851274 0.096894394809727794 0.18535332500000001
-0.19954749244460701 0.090413792554397798 0.18535332500000001
-0.20239890858491 0.083836372945382098 0.18535332500000001
-0.20503359090436099 0.077169179248344294 0.18535332500000001
-0.20744871811914001 0.070419350861290197 0.18535332500000001
-0.20964170405053401 0.063594115669521403 0.18535332500000001
-0.211610200394278 0.0567007823058348 0.18535332500000001
-0.213352099235182 0.049746732324255402 0.18535332500000001
-0.214865535304338 0.042739412295683399 0.18535332500000001
-0.21614888797649501 0.035686325833919598 0.18535332500000001
-0.217200783005467 0.0285950255606079 0.18535332500000001
-0.21802009399571201 0.021473105017698502 0.18535332500000001
-0.218605943608497 0.0143281905360937 0.18535332500000001
-0.21895770450138499 0.0071679330691806799 0.18535332500000001
-0.21907499999999999 2.68289497523206e-17 0.18535332500000001
-0.21895770450138499 -0.0071679330691805203 0.18535332500000001
-0.218605943608497 -0.014328190536093501 0.18535332500000001
-0.21802009399571201 -0.021473105017698401 0.18535332500000001
-0.217200783005468 -0.028595025560607699 0.18535332500000001
-0.21614888797649501 -0.035686325833919397 0.18535332500000001
-0.214865535304338 -0.042739412295683198 0.18535332500000001
-0.213352099235182 -0.049746732324255298 0.18535332500000001
-0.211610200394278 -0.056700782305834599 0.18535332500000001
-0.20964170405053401 -0.063594115669521306 0.18535332500000001
-0.20744871811914001 -0.070419350861290003 0.18535332500000001
-0.20503359090436099 -0.077169179248344197 0.18535332500000001
-0.20239890858491 -0.083836372945381904 0.18535332500000001
-0.19954749244460701 -0.090413792554397701 0.18535332500000001
-0.196482395851274 -0.096894394809727696 0.18535332500000001
-0.19320690098711599 -0.103271240120155 0.18535332500000001
-0.189724515334076 -0.1095375 0.18535332500000001
-0.18603896791793501 -0.115686464381229 0.18535332500000001
-0.18215420531518001 -0.121711548798769 0.18535332500000001
-0.17807438742690801 -0.12760630144131399 0.18535332500000001
-0.173803883024302 -0.13336441006008501 0.18535332500000001
-0.16934726507044201 -0.13897970872815099 0.18535332500000001
-0.164709305823457 -0.14444618444304699 0.18535332500000001
-0.15989497172627801 -0.14975798356566 0.18535332500000001
-0.154909418088443 -0.154909418088443 0.18535332500000001
-0.149757983565661 -0.15989497172627801 0.18535332500000001
-0.14444618444304799 -0.164709305823457 0.18535332500000001
-0.13897970872815099 -0.16934726507044201 0.18535332500000001
-0.13336441006008601 -0.173803883024302 0.18535332500000001
-0.12760630144131399 -0.17807438742690801 0.18535332500000001
-0.121711548798769 -0.18215420531518001 0.18535332500000001
-0.115686464381229 -0.18603896791793501 0.18535332500000001
-0.1095375 -0.189724515334076 0.18535332500000001
-0.103271240120155 -0.19320690098711599 0.18535332500000001
-0.096894394809727696 -0.196482395851274 0.18535332500000001
-0.090413792554397895 -0.19954749244460701 0.18535332500000001
-0.083836372945382195 -0.20239890858491 0.18535332500000001
-0.077169179248344294 -0.20503359090436099 0.18535332500000001
-0.070419350861290197 -0.20744871811914001 0.18535332500000001
-0.063594115669521403 -0.20964170405053401 0.18535332500000001
-0.056700782305834897 -0.211610200394278 0.18535332500000001
-0.049746732324255402 -0.213352099235182 0.18535332500000001
-0.042739412295683399 -0.214865535304338 0.18535332500000001
-0.035686325833919598 -0.21614888797649501 0.18535332500000001
-0.028595025560608001 -0.217200783005467 0.18535332500000001
-0.021473105017698699 -0.21802009399571201 0.18535332500000001
-0.0143281905360937 -0.218605943608497 0.18535332500000001
-0.0071679330691806903 -0.21895770450138499 0.18535332500000001
-4.0243424628481003e-17 -0.21907499999999999 0.18535332500000001
0.0071679330691804101 -0.21895770450138499 0.18535332500000001
0.0143281905360934 -0.218605943608497 0.18535332500000001
0.021473105017698401 -0.21802009399571201 0.18535332500000001
0.028595025560607699 -0.217200783005468 0.18535332500000001
0.035686325833919501 -0.21614888797649501 0.18535332500000001
0.0427394122956831 -0.214865535304338 0.18535332500000001
0.049746732324255201 -0.213352099235182 0.18535332500000001
0.056700782305834599 -0.211610200394278 0.18535332500000001
0.063594115669521306 -0.20964170405053401 0.18535332500000001
0.0704193508612901 -0.20744871811914001 0.18535332500000001
0.0771691792483441 -0.20503359090436099 0.18535332500000001
0.083836372945381904 -0.20239890858491 0.18535332500000001
0.090413792554397701 -0.19954749244460701 0.18535332500000001
0.096894394809727696 -0.196482395851274 0.18535332500000001
0.103271240120155 -0.19320690098711599 0.18535332500000001
0.1095375 -0.189724515334076 0.18535332500000001
0.115686464381229 -0.18603896791793501 0.18535332500000001
0.121711548798769 -0.18215420531518001 0.18535332500000001
0.12760630144131399 -0.17807438742690801 0.18535332500000001
0.13336441006008501 -0.173803883024302 0.18535332500000001
0.13897970872815099 -0.16934726507044201 0.18535332500000001
0.14444618444304699 -0.164709305823457 0.18535332500000001
0.14975798356566 -0.15989497172627801 0.18535332500000001
0.154909418088443 -0.154909418088443 0.18535332500000001
0.15989497172627801 -0.149757983565661 0.18535332500000001
0.164709305823457 -0.14444618444304799 0.18535332500000001
0.16934726507044201 -0.13897970872815099 0.18535332500000001
0.173803883024302 -0.13336441006008601 0.18535332500000001
0.17807438742690801 -0.12760630144131399 0.18535332500000001
0.18215420531518001 -0.12171154879877 0.18535332500000001
0.18603896791793501 -0.11568646438122999 0.18535332500000001
0.189724515334076 -0.1095375 0.18535332500000001
0.19320690098711599 -0.103271240120155 0.18535332500000001
0.196482395851274 -0.096894394809727905 0.18535332500000001
0.19954749244460701 -0.090413792554398006 0.18535332500000001
0.20239890858491 -0.083836372945382195 0.18535332500000001
0.20503359090436099 -0.077169179248344294 0.18535332500000001
0.20744871811914001 -0.070419350861290197 0.18535332500000001
0.20964170405053401 -0.063594115669521598 0.18535332500000001
0.211610200394278 -0.056700782305834897 0.18535332500000001
0.213352099235182 -0.049746732324255402 0.18535332500000001
0.214865535304338 -0.042739412295683399 0.18535332500000001
0.21614888797649501 -0.035686325833919598 0.18535332500000001
0.217200783005467 -0.028595025560608001 0.18535332500000001
0.21802009399571201 -0.021473105017698699 0.18535332500000001
0.218605943608497 -0.0143281905360937 0.18535332500000001
0.21895770450138499 -0.0071679330691806998 0.18535332500000001
0.21907499999999999 0 0.18535332500000001
end
coil PF1_20 2.4999999999999999e-07 updown
0.21907499999999999 0 0.29409707499999999
0.21895770450138499 0.0071679330691806096 0.29409707499999999
0.218605943608497 0.014328190536093599 0.29409707499999999
0.21802009399571201 0.021473105017698502 0.29409707499999999
0.217200783005467 0.028595025560607799 0.29409707499999999
0.21614888797649501 0.035686325833919501 0.29409707499999999
0.214865535304338 0.042739412295683302 0.29409707499999999
0.213352099235182 0.049746732324255298 0.29409707499999999
0.211610200394278 0.056700782305834703 0.29409707499999999
0.20964170405053401 0.063594115669521306 0.29409707499999999
0.20744871811914001 0.0704193508612901 0.29409707499999999
0.20503359090436099 0.077169179248344197 0.29409707499999999
0.20239890858491 0.083836372945382001 0.29409707499999999
0.19954749244460701 0.090413792554397798 0.29409707499999999
0.196482395851274 0.096894394809727696 0.29409707499999999
0.19320690098711599 0.103271240120155 0.29409707499999999
0.189724515334076 0.1095375 0.29409707499999999
0.18603896791793501 0.115686464381229 0.29409707499999999
0.18215420531518001 0.121711548798769 0.29409707499999999
0.17807438742690801 0.12760630144131399 0.29409707499999999
0.173803883024302 0.13336441006008501 0.29409707499999999
0.16934726507044201 0.13897970872815099 0.29409707499999999
0.164709305823457 0.14444618444304799 0.29409707499999999
0.15989497172627801 0.149757983565661 0.29409707499999999
0.154909418088443 0.154909418088443 0.29409707499999999
0.149757983565661 0.15989497172627801 0.29409707499999999
0.14444618444304799 0.164709305823457 0.29409707499999999
0.13897970872815099 0.16934726507044201 0.29409707499999999
0.13336441006008601 0.173803883024302 0.29409707499999999
0.12760630144131399 0.17807438742690801 0.29409707499999999
0.121711548798769 0.18215420531518001 0.29409707499999999
0.115686464381229 0.18603896791793501 0.29409707499999999
0.1095375 0.189724515334076 0.29409707499999999
0.103271240120155 0.19320690098711599 0.29409707499999999
0.096894394809727696 0.196482395851274 0.29409707499999999
0.090413792554397798 0.19954749244460701 0.29409707499999999
0.083836372945382098 0.20239890858491 0.29409707499999999
0.077169179248344294 0.20503359090436099 0.29409707499999999
0.0704193508612901 0.20744871811914001 0.29409707499999999
0.063594115669521403 0.20964170405053401 0.29409707499999999
0.0567007823058348 0.211610200394278 0.29409707499999999
0.049746732324255402 0.213352099235182 0.29409707499999999
0.042739412295683302 0.214865535304338 0.29409707499999999
0.035686325833919501 0.21614888797649501 0.29409707499999999
0.028595025560607799 0.217200783005467 0.29409707499999999
0.021473105017698502 0.21802009399571201 0.29409707499999999
0.014328190536093599 0.218605943608497 0.29409707499999999
0.0071679330691806599 0.21895770450138499 0.29409707499999999
1.34144748761603e-17 0.21907499999999999 0.29409707499999999
-0.0071679330691805897 0.21895770450138499 0.29409707499999999
-0.014328190536093599 0.218605943608497 0.29409707499999999
-0.021473105017698401 0.21802009399571201 0.29409707499999999
-0.028595025560607799 0.217200783005467 0.29409707499999999
-0.035686325833919501 0.21614888797649501 0.29409707499999999
-0.042739412295683198 0.214865535304338 0.29409707499999999
-0.049746732324255298 0.213352099235182 0.29409707499999999
-0.056700782305834703 0.211610200394278 0.29409707499999999
-0.063594115669521306 0.20964170405053401 0.29409707499999999
-0.0704193508612901 0.20744871811914001 0.29409707499999999
-0.077169179248344197 0.20503359090436099 0.29409707499999999
-0.083836372945382001 0.20239890858491 0.29409707499999999
-0.090413792554397798 0.19954749244460701 0.29409707499999999
-0.096894394809727696 0.196482395851274 0.29409707499999999
-0.103271240120155 0.19320690098711599 0.29409707499999999
-0.1095375 0.189724515334076 0.29409707499999999
-0.115686464381229 0.18603896791793501 0.29409707499999999
-0.121711548798769 0.18215420531518001 0.29409707499999999
-0.12760630144131399 0.17807438742690801 0.29409707499999999
-0.13336441006008501 0.173803883024302 0.29409707499999999
-0.13897970872815099 0.16934726507044201 0.29409707499999999
-0.14444618444304799 0.164709305823457 0.29409707499999999
-0.14975798356566 0.15989497172627801 0.29409707499999999
-0.154909418088443 0.154909418088443 0.29409707499999999
-0.15989497172627801 0.149757983565661 0.29409707499999999
-0.164709305823457 0.14444618444304799 0.29409707499999999
-0.16934726507044201 0.13897970872815099 0.29409707499999999
-0.173803883024302 0.13336441006008601 0.29409707499999999
-0.17807438742690801 0.12760630144131399 0.29409707499999999
-0.18215420531518001 0.121711548798769 0.29409707499999999
-0.18603896791793501 0.115686464381229 0.29409707499999999
-0.189724515334076 0.1095375 0.29409707499999999
-0.19320690098711599 0.103271240120155 0.29409707499999999
-0.196482395851274 0.096894394809727794 0.29409707499999999
-0.19954749244460701 0.090413792554397798 0.29409707499999999
-0.20239890858491 0.083836372945382098 0.29409707499999999
-0.20503359090436099 0.077169179248344294 0.29409707499999999
-0.20744871811914001 0.070419350861290197 0.29409707499999999
-0.20964170405053401 0.063594115669521403 0.29409707499999999
-0.211610200394278 0.0567007823058348 0.29409707499999999
-0.213352099235182 0.049746732324255402 0.29409707499999999
-0.214865535304338 0.042739412295683399 0.29409707499999999
-0.21614888797649501 0.035686325833919598 0.29409707499999999
-0.217200783005467 0.0285950255606079 0.29409707499999999
-0.21802009399571201 0.021473105017698502 0.29409707499999999
-0.218605943608497 0.0143281905360937 0.29409707499999999
-0.21895770450138499 0.0071679330691806799 0.29409707499999999
-0.21907499999999999 2.68289497523206e-17 0.29409707499999999
-0.21895770450138499 -0.0071679330691805203 0.29409707499999999
-0.218605943608497 -0.014328190536093501 0.29409707499999999
-0.21802009399571201 -0.021473105017698401 0.29409707499999999
-0.217200783005468 -0.028595025560607699 0.29409707499999999
-0.21614888797649501 -0.035686325833919397 0.29409707499999999
-0.214865535304338 -0.042739412295683198 0.29409707499999999
-0.213352099235182 -0.049746732324255298 0.29409707499999999
-0.211610200394278 -0.056700782305834599 0.29409707499999999
-0.20964170405053401 -0.063594115669521306 0.29409707499999999
-0.20744871811914001 -0.070419350861290003 0.29409707499999999
-0.20503359090436099 -0.077169179248344197 0.29409707499999999
-0.20239890858491 -0.083836372945381904 0.29409707499999999
-0.19954749244460701 -0.090413792554397701 0.29409707499999999
-0.196482395851274 -0.096894394809727696 0.29409707499999999
-0.19320690098711599 -0.103271240120155 0.29409707499999999
-0.189724515334076 -0.1095375 0.29409707499999999
-0.18603896791793501 -0.115686464381229 0.29409707499999999
-0.18215420531518001 -0.121711548798769 0.29409707499999999
-0.17807438742690801 -0.12760630144131399 0.29409707499999999
-0.173803883024302 -0.13336441006008501 0.29409707499999999
-0.16934726507044201 -0.13897970872815099 0.29409707499999999
-0.164709305823457 -0.14444618444304699 0.29409707499999999
-0.15989497172627801 -0.14975798356566 0.29409707499999999
-0.154909418088443 -0.154909418088443 0.29409707499999999
-0.149757983565661 -0.15989497172627801 0.29409707499999999
-0.14444618444304799 -0.164709305823457 0.29409707499999999
-0.13897970872815099 -0.16934726507044201 0.29409707499999999
-0.13336441006008601 -0.173803883024302 0.29409707499999999
-0.12760630144131399 -0.17807438742690801 0.29409707499999999
-0.121711548798769 -0.18215420531518001 0.29409707499999999
-0.115686464381229 -0.18603896791793501 0.29409707499999999
-0.1095375 -0.189724515334076 0.29409707499999999
-0.103271240120155 -0.19320690098711599 0.29409707499999999
-0.096894394809727696 -0.196482395851274 0.29409707499999999
-0.090413792554397895 -0.19954749244460701 0.29409707499999999
-0.083836372945382195 -0.20239890858491 0.29409707499999999
-0.077169179248344294 -0.20503359090436099 0.29409707499999999
-0.070419350861290197 -0.20744871811914001 0.29409707499999999
-0.063594115669521403 -0.20964170405053401 0.29409707499999999
-0.056700782305834897 -0.211610200394278 0.29409707499999999
-0.049746732324255402 -0.213352099235182 0.29409707499999999
-0.042739412295683399 -0.214865535304338 0.29409707499999999
-0.035686325833919598 -0.21614888797649501 0.29409707499999999
-0.028595025560608001 -0.217200783005467 0.29409707499999999
-0.021473105017698699 -0.21802009399571201 0.29409707499999999
-0.0143281905360937 -0.218605943608497 0.29409707499999999
-0.0071679330691806903 -0.21895770450138499 0.29409707499999999
-4.0243424628481003e-17 -0.21907499999999999 0.29409707499999999
0.0071679330691804101 -0.21895770450138499 0.29409707499999999
0.0143281905360934 -0.218605943608497 0.29409707499999999
0.021473105017698401 -0.21802009399571201 0.29409707499999999
0.028595025560607699 -0.217200783005468 0.29409707499999999
0.035686325833919501 -0.21614888797649501 0.29409707499999999
0.0427394122956831 -0.214865535304338 0.29409707499999999
0.049746732324255201 -0.213352099235182 0.29409707499999999
0.056700782305834599 -0.211610200394278 0.29409707499999999
0.063594115669521306 -0.20964170405053401 0.29409707499999999
0.0704193508612901 -0.20744871811914001 0.29409707499999999
0.0771691792483441 -0.20503359090436099 0.29409707499999999
0.083836372945381904 -0.20239890858491 0.29409707499999999
0.090413792554397701 -0.19954749244460701 0.29409707499999999
0.096894394809727696 -0.196482395851274 0.29409707499999999
0.103271240120155 -0.19320690098711599 0.29409707499999999
0.1095375 -0.189724515334076 0.29409707499999999
0.115686464381229 -0.18603896791793501 0.29409707499999999
0.121711548798769 -0.18215420531518001 0.29409707499999999
0.12760630144131399 -0.17807438742690801 0.29409707499999999
0.13336441006008501 -0.173803883024302 0.29409707499999999
0.13897970872815099 -0.16934726507044201 0.29409707499999999
0.14444618444304699 -0.164709305823457 0.29409707499999999
0.14975798356566 -0.15989497172627801 0.29409707499999999
0.154909418088443 -0.154909418088443 0.29409707499999999
0.15989497172627801 -0.149757983565661 0.29409707499999999
0.164709305823457 -0.14444618444304799 0.29409707499999999
0.16934726507044201 -0.13897970872815099 0.29409707499999999
0.173803883024302 -0.13336441006008601 0.29409707499999999
0.17807438742690801 -0.12760630144131399 0.29409707499999999
0.18215420531518001 -0.12171154879877 0.29409707499999999
0.18603896791793501 -0.11568646438122999 0.29409707499999999
0.189724515334076 -0.1095375 0.29409707499999999
0.19320690098711599 -0.103271240120155 0.29409707499999999
0.196482395851274 -0.096894394809727905 0.29409707499999999
0.19954749244460701 -0.090413792554398006 0.29409707499999999
0.20239890858491 -0.083836372945382195 0.29409707499999999
0.20503359090436099 -0.077169179248344294 0.29409707499999999
0.20744871811914001 -0.070419350861290197 0.29409707499999999
0.20964170405053401 -0.063594115669521598 0.29409707499999999
0.211610200394278 -0.056700782305834897 0.29409707499999999
0.213352099235182 -0.049746732324255402 0.29409707499999999
0.214865535304338 -0.042739412295683399 0.29409707499999999
0.21614888797649501 -0.035686325833919598 0.29409707499999999
0.217200783005467 -0.028595025560608001 0.29409707499999999
0.21802009399571201 -0.021473105017698699 0.29409707499999999
0.218605943608497 -0.0143281905360937 0.29409707499999999
0.21895770450138499 -0.0071679330691806998 0.29409707499999999
0.21907499999999999 0 0.29409707499999999
end
coil PF1_21 2.4999999999999999e-07 updown
0.21907499999999999 0 0.40284082500000001
0.21895770450138499 0.0071679330691806096 0.40284082500000001
0.218605943608497 0.014328190536093599 0.40284082500000001
0.21802009399571201 0.021473105017698502 0.40284082500000001
0.217200783005467 0.028595025560607799 0.40284082500000001
0.21614888797649501 0.035686325833919501 0.40284082500000001
0.214865535304338 0.042739412295683302 0.40284082500000001
0.213352099235182 0.049746732324255298 0.40284082500000001
0.211610200394278 0.056700782305834703 0.40284082500000001
0.20964170405053401 0.063594115669521306 0.40284082500000001
0.20744871811914001 0.0704193508612901 0.40284082500000001
0.20503359090436099 0.077169179248344197 0.40284082500000001
0.20239890858491 0.083836372945382001 0.40284082500000001
0.19954749244460701 0.090413792554397798 0.40284082500000001
0.196482395851274 0.096894394809727696 0.40284082500000001
0.19320690098711599 0.103271240120155 0.40284082500000001
0.189724515334076 0.1095375 0.40284082500000001
0.18603896791793501 0.115686464381229 0.40284082500000001
0.18215420531518001 0.121711548798769 0.40284082500000001
0.17807438742690801 0.12760630144131399 0.40284082500000001
0.173803883024302 0.13336441006008501 0.40284082500000001
0.16934726507044201 0.13897970872815099 0.40284082500000001
0.164709305823457 0.14444618444304799 0.40284082500000001
0.15989497172627801 0.149757983565661 0.40284082500000001
0.154909418088443 0.154909418088443 0.40284082500000001
0.149757983565661 0.15989497172627801 0.40284082500000001
0.14444618444304799 0.164709305823457 0.40284082500000001
0.13897970872815099 0.16934726507044201 0.40284082500000001
0.13336441006008601 0.173803883024302 0.40284082500000001
0.12760630144131399 0.17807438742690801 0.40284082500000001
0.121711548798769 0.18215420531518001 0.40284082500000001
0.115686464381229 0.18603896791793501 0.40284082500000001
0.1095375 0.189724515334076 0.40284082500000001
0.103271240120155 0.19320690098711599 0.40284082500000001
0.096894394809727696 0.196482395851274 0.40284082500000001
0.090413792554397798 0.19954749244460701 0.40284082500000001
0.083836372945382098 0.20239890858491 0.40284082500000001
0.077169179248344294 0.20503359090436099 0.40284082500000001
0.0704193508612901 0.20744871811914001 0.40284082500000001
0.063594115669521403 0.20964170405053401 0.40284082500000001
0.0567007823058348 0.211610200394278 0.40284082500000001
0.049746732324255402 0.213352099235182 0.40284082500000001
0.042739412295683302 0.214865535304338 0.40284082500000001
0.035686325833919501 0.21614888797649501 0.40284082500000001
0.028595025560607799 0.217200783005467 0.40284082500000001
0.021473105017698502 0.21802009399571201 0.40284082500000001
0.014328190536093599 0.218605943608497 0.40284082500000001
0.0071679330691806599 0.21895770450138499 0.40284082500000001
1.34144748761603e-17 0.21907499999999999 0.40284082500000001
-0.0071679330691805897 0.21895770450138499 0.40284082500000001
-0.014328190536093599 0.218605943608497 0.40284082500000001
-0.021473105017698401 0.21802009399571201 0.40284082500000001
-0.028595025560607799 0.217200783005467 0.40284082500000001
-0.035686325833919501 0.21614888797649501 0.40284082500000001
-0.042739412295683198 0.214865535304338 0.40284082500000001
-0.049746732324255298 0.213352099235182 0.40284082500000001
-0.056700782305834703 0.211610200394278 0.40284082500000001
-0.063594115669521306 0.20964170405053401 0.40284082500000001
-0.0704193508612901 0.20744871811914001 0.40284082500000001
-0.077169179248344197 0.20503359090436099 0.40284082500000001
-0.083836372945382001 0.20239890858491 0.40284082500000001
-0.090413792554397798 0.19954749244460701 0.40284082500000001
-0.096894394809727696 0.196482395851274 0.40284082500000001
-0.103271240120155 0.19320690098711599 0.40284082500000001
-0.1095375 0.189724515334076 0.40284082500000001
-0.115686464381229 0.18603896791793501 0.40284082500000001
-0.121711548798769 0.18215420531518001 0.40284082500000001
-0.12760630144131399 0.17807438742690801 0.40284082500000001
-0.13336441006008501 0.173803883024302 0.40284082500000001
-0.13897970872815099 0.16934726507044201 0.40284082500000001
-0.14444618444304799 0.164709305823457 0.40284082500000001
-0.14975798356566 0.15989497172627801 0.40284082500000001
-0.154909418088443 0.154909418088443 0.40284082500000001
-0.15989497172627801 0.149757983565661 0.40284082500000001
-0.164709305823457 0.14444618444304799 0.40284082500000001
-0.16934726507044201 0.13897970872815099 0.40284082500000001
-0.173803883024302 0.13336441006008601 0.40284082500000001
-0.17807438742690801 0.12760630144131399 0.40284082500000001
-0.18215420531518001 0.121711548798769 0.40284082500000001
-0.18603896791793501 0.115686464381229 0.40284082500000001
-0.189724515334076 0.1095375 0.40284082500000001
-0.19320690098711599 0.103271240120155 0.40284082500000001
-0.196482395851274 0.096894394809727794 0.40284082500000001
-0.19954749244460701 0.090413792554397798 0.40284082500000001
-0.20239890858491 0.083836372945382098 0.40284082500000001
-0.20503359090436099 0.077169179248344294 0.40284082500000001
-0.20744871811914001 0.070419350861290197 0.40284082500000001
-0.20964170405053401 0.063594115669521403 0.40284082500000001
-0.211610200394278 0.0567007823058348 0.40284082500000001
-0.213352099235182 0.049746732324255402 0.40284082500000001
-0.214865535304338 0.042739412295683399 0.40284082500000001
-0.21614888797649501 0.035686325833919598 0.40284082500000001
-0.217200783005467 0.0285950255606079 0.40284082500000001
-0.21802009399571201 0.021473105017698502 0.40284082500000001
-0.218605943608497 0.0143281905360937 0.40284082500000001
-0.21895770450138499 0.0071679330691806799 0.40284082500000001
-0.21907499999999999 2.68289497523206e-17 0.40284082500000001
-0.21895770450138499 -0.0071679330691805203 0.40284082500000001
-0.218605943608497 -0.014328190536093501 0.40284082500000001
-0.21802009399571201 -0.021473105017698401 0.40284082500000001
-0.217200783005468 -0.028595025560607699 0.40284082500000001
-0.21614888797649501 -0.035686325833919397 0.40284082500000001
-0.214865535304338 -0.042739412295683198 0.40284082500000001
-0.213352099235182 -0.049746732324255298 0.40284082500000001
-0.211610200394278 -0.056700782305834599 0.40284082500000001
-0.20964170405053401 -0.063594115669521306 0.40284082500000001
-0.20744871811914001 -0.070419350861290003 0.40284082500000001
-0.20503359090436099 -0.077169179248344197 0.40284082500000001
-0.20239890858491 -0.083836372945381904 0.40284082500000001
-0.19954749244460701 -0.090413792554397701 0.40284082500000001
-0.196482395851274 -0.096894394809727696 0.40284082500000001
-0.19320690098711599 -0.103271240120155 0.40284082500000001
-0.189724515334076 -0.1095375 0.40284082500000001
-0.18603896791793501 -0.115686464381229 0.40284082500000001
-0.18215420531518001 -0.121711548798769 0.40284082500000001
-0.17807438742690801 -0.12760630144131399 0.40284082500000001
-0.173803883024302 -0.13336441006008501 0.40284082500000001
-0.16934726507044201 -0.13897970872815099 0.40284082500000001
-0.164709305823457 -0.14444618444304699 0.40284082500000001
-0.15989497172627801 -0.14975798356566 0.40284082500000001
-0.154909418088443 -0.154909418088443 0.40284082500000001
-0.149757983565661 -0.15989497172627801 0.40284082500000001
-0.14444618444304799 -0.164709305823457 0.40284082500000001
-0.13897970872815099 -0.16934726507044201 0.40284082500000001
-0.13336441006008601 -0.173803883024302 0.40284082500000001
-0.12760630144131399 -0.17807438742690801 0.40284082500000001
-0.121711548798769 -0.18215420531518001 0.40284082500000001
-0.115686464381229 -0.18603896791793501 0.40284082500000001
-0.1095375 -0.189724515334076 0.40284082500000001
-0.103271240120155 -0.19320690098711599 0.40284082500000001
-0.096894394809727696 -0.196482395851274 0.40284082500000001
-0.090413792554397895 -0.19954749244460701 0.40284082500000001
-0.083836372945382195 -0.20239890858491 0.40284082500000001
-0.077169179248344294 -0.20503359090436099 0.40284082500000001
-0.070419350861290197 -0.20744871811914001 0.40284082500000001
-0.063594115669521403 -0.20964170405053401 0.40284082500000001
-0.056700782305834897 -0.211610200394278 0.40284082500000001
-0.049746732324255402 -0.213352099235182 0.40284082500000001
-0.042739412295683399 -0.214865535304338 0.40284082500000001
-0.035686325833919598 -0.21614888797649501 0.40284082500000001
-0.028595025560608001 -0.217200783005467 0.40284082500000001
-0.021473105017698699 -0.21802009399571201 0.40284082500000001
-0.0143281905360937 -0.218605943608497 0.40284082500000001
-0.0071679330691806903 -0.21895770450138499 0.40284082500000001
-4.0243424628481003e-17 -0.21907499999999999 0.40284082500000001
0.0071679330691804101 -0.21895770450138499 0.40284082500000001
0.0143281905360934 -0.218605943608497 0.40284082500000001
0.021473105017698401 -0.21802009399571201 0.40284082500000001
0.028595025560607699 -0.217200783005468 0.40284082500000001
0.035686325833919501 -0.21614888797649501 0.40284082500000001
0.0427394122956831 -0.214865535304338 0.40284082500000001
0.049746732324255201 -0.213352099235182 0.40284082500000001
0.056700782305834599 -0.211610200394278 0.40284082500000001
0.063594115669521306 -0.20964170405053401 0.40284082500000001
0.0704193508612901 -0.20744871811914001 0.40284082500000001
0.0771691792483441 -0.20503359090436099 0.40284082500000001
0.083836372945381904 -0.20239890858491 0.40284082500000001
0.090413792554397701 -0.19954749244460701 0.40284082500000001
0.096894394809727696 -0.196482395851274 0.40284082500000001
0.103271240120155 -0.19320690098711599 0.40284082500000001
0.1095375 -0.189724515334076 0.40284082500000001
0.115686464381229 -0.18603896791793501 0.40284082500000001
0.121711548798769 -0.18215420531518001 0.40284082500000001
0.12760630144131399 -0.17807438742690801 0.40284082500000001
0.13336441006008501 -0.173803883024302 0.40284082500000001
0.13897970872815099 -0.16934726507044201 0.40284082500000001
0.14444618444304699 -0.164709305823457 0.40284082500000001
0.14975798356566 -0.15989497172627801 0.40284082500000001
0.154909418088443 -0.154909418088443 0.40284082500000001
0.15989497172627801 -0.149757983565661 0.40284082500000001
0.164709305823457 -0.14444618444304799 0.40284082500000001
0.16934726507044201 -0.13897970872815099 0.40284082500000001
0.173803883024302 -0.13336441006008601 0.40284082500000001
0.17807438742690801 -0.12760630144131399 0.40284082500000001
0.18215420531518001 -0.12171154879877 0.40284082500000001
0.18603896791793501 -0.11568646438122999 0.40284082500000001
0.189724515334076 -0.1095375 0.40284082500000001
0.19320690098711599 -0.103271240120155 0.40284082500000001
0.196482395851274 -0.096894394809727905 0.40284082500000001
0.19954749244460701 -0.090413792554398006 0.40284082500000001
0.20239890858491 -0.083836372945382195 0.40284082500000001
0.20503359090436099 -0.077169179248344294 0.40284082500000001
0.20744871811914001 -0.070419350861290197 0.40284082500000001
0.20964170405053401 -0.063594115669521598 0.40284082500000001
0.211610200394278 -0.056700782305834897 0.40284082500000001
0.213352099235182 -0.049746732324255402 0.40284082500000001
0.214865535304338 -0.042739412295683399 0.40284082500000001
0.21614888797649501 -0.035686325833919598 0.40284082500000001
0.217200783005467 -0.028595025560608001 0.40284082500000001
0.21802009399571201 -0.021473105017698699 0.40284082500000001
0.218605943608497 -0.0143281905360937 0.40284082500000001
0.21895770450138499 -0.0071679330691806998 0.40284082500000001
0.21907499999999999 0 0.40284082500000001
end
coil PF2_26 2.4999999999999999e-07 updown
0.21907499999999999 0 0.55603457499999998
0.21895770450138499 0.0071679330691806096 0.55603457499999998
0.218605943608497 0.014328190536093599 0.55603457499999998
0.21802009399571201 0.021473105017698502 0.55603457499999998
0.217200783005467 0.028595025560607799 0.55603457499999998
0.21614888797649501 0.035686325833919501 0.55603457499999998
0.214865535304338 0.042739412295683302 0.55603457499999998
0.213352099235182 0.049746732324255298 0.55603457499999998
0.211610200394278 0.056700782305834703 0.55603457499999998
0.20964170405053401 0.063594115669521306 0.55603457499999998
0.20744871811914001 0.0704193508612901 0.55603457499999998
0.20503359090436099 0.077169179248344197 0.55603457499999998
0.20239890858491 0.083836372945382001 0.55603457499999998
0.19954749244460701 0.090413792554397798 0.55603457499999998
0.196482395851274 0.096894394809727696 0.55603457499999998
0.19320690098711599 0.103271240120155 0.55603457499999998
0.189724515334076 0.1095375 0.55603457499999998
0.18603896791793501 0.115686464381229 0.55603457499999998
0.18215420531518001 0.121711548798769 0.55603457499999998
0.17807438742690801 0.12760630144131399 0.55603457499999998
0.173803883024302 0.13336441006008501 0.55603457499999998
0.16934726507044201 0.13897970872815099 0.55603457499999998
0.164709305823457 0.14444618444304799 0.55603457499999998
0.15989497172627801 0.149757983565661 0.55603457499999998
0.154909418088443 0.154909418088443 0.55603457499999998
0.149757983565661 0.15989497172627801 0.55603457499999998
0.14444618444304799 0.164709305823457 0.55603457499999998
0.13897970872815099 0.16934726507044201 0.55603457499999998
0.13336441006008601 0.173803883024302 0.55603457499999998
0.12760630144131399 0.17807438742690801 0.55603457499999998
0.121711548798769 0.18215420531518001 0.55603457499999998
0.115686464381229 0.18603896791793501 0.55603457499999998
0.1095375 0.189724515334076 0.55603457499999998
0.103271240120155 0.19320690098711599 0.55603457499999998
0.096894394809727696 0.196482395851274 0.55603457499999998
0.090413792554397798 0.19954749244460701 0.55603457499999998
0.083836372945382098 0.20239890858491 0.55603457499999998
0.077169179248344294 0.20503359090436099 0.55603457499999998
0.0704193508612901 0.20744871811914001 0.55603457499999998
0.063594115669521403 0.20964170405053401 0.55603457499999998
0.0567007823058348 0.211610200394278 0.55603457499999998
0.049746732324255402 0.213352099235182 0.55603457499999998
0.042739412295683302 0.214865535304338 0.55603457499999998
0.035686325833919501 0.21614888797649501 0.55603457499999998
0.028595025560607799 0.217200783005467 0.55603457499999998
0.021473105017698502 0.21802009399571201 0.55603457499999998
0.014328190536093599 0.218605943608497 0.55603457499999998
0.0071679330691806599 0.21895770450138499 0.55603457499999998
1.34144748761603e-17 0.21907499999999999 0.55603457499999998
-0.0071679330691805897 0.21895770450138499 0.55603457499999998
-0.014328190536093599 0.218605943608497 0.55603457499999998
-0.021473105017698401 0.21802009399571201 0.55603457499999998
-0.028595025560607799 0.217200783005467 0.55603457499999998
-0.035686325833919501 0.21614888797649501 0.55603457499999998
-0.042739412295683198 0.214865535304338 0.55603457499999998
-0.049746732324255298 0.213352099235182 0.55603457499999998
-0.056700782305834703 0.211610200394278 0.55603457499999998
-0.063594115669521306 0.20964170405053401 0.55603457499999998
-0.0704193508612901 0.20744871811914001 0.55603457499999998
-0.077169179248344197 0.20503359090436099 0.55603457499999998
-0.083836372945382001 0.20239890858491 0.55603457499999998
-0.090413792554397798 0.19954749244460701 0.55603457499999998
-0.096894394809727696 0.196482395851274 0.55603457499999998
-0.103271240120155 0.19320690098711599 0.55603457499999998
-0.1095375 0.189724515334076 0.55603457499999998
-0.115686464381229 0.18603896791793501 0.55603457499999998
-0.121711548798769 0.18215420531518001 0.55603457499999998
-0.12760630144131399 0.17807438742690801 0.55603457499999998
-0.13336441006008501 0.173803883024302 0.55603457499999998
-0.13897970872815099 0.16934726507044201 0.55603457499999998
-0.14444618444304799 0.164709305823457 0.55603457499999998
-0.14975798356566 0.15989497172627801 0.55603457499999998
-0.154909418088443 0.154909418088443 0.55603457499999998
-0.15989497172627801 0.149757983565661 0.55603457499999998
-0.164709305823457 0.14444618444304799 0.55603457499999998
-0.16934726507044201 0.13897970872815099 0.55603457499999998
-0.173803883024302 0.13336441006008601 0.55603457499999998
-0.17807438742690801 0.12760630144131399 0.55603457499999998
-0.18215420531518001 0.121711548798769 0.55603457499999998
-0.18603896791793501 0.115686464381229 0.55603457499999998
-0.189724515334076 0.1095375 0.55603457499999998
-0.19320690098711599 0.103271240120155 0.55603457499999998
-0.196482395851274 0.096894394809727794 0.55603457499999998
-0.19954749244460701 0.090413792554397798 0.55603457499999998
-0.20239890858491 0.083836372945382098 0.55603457499999998
-0.20503359090436099 0.077169179248344294 0.55603457499999998
-0.20744871811914001 0.070419350861290197 0.55603457499999998
-0.20964170405053401 0.063594115669521403 0.55603457499999998
-0.211610200394278 0.0567007823058348 0.55603457499999998
-0.213352099235182 0.049746732324255402 0.55603457499999998
-0.214865535304338 0.042739412295683399 0.55603457499999998
-0.21614888797649501 0.035686325833919598 0.55603457499999998
-0.217200783005467 0.0285950255606079 0.55603457499999998
-0.21802009399571201 0.021473105017698502 0.55603457499999998
-0.218605943608497 0.0143281905360937 0.55603457499999998
-0.21895770450138499 0.0071679330691806799 0.55603457499999998
-0.21907499999999999 2.68289497523206e-17 0.55603457499999998
-0.21895770450138499 -0.0071679330691805203 0.55603457499999998
-0.218605943608497 -0.014328190536093501 0.55603457499999998
-0.21802009399571201 -0.021473105017698401 0.55603457499999998
-0.217200783005468 -0.028595025560607699 0.55603457499999998
-0.21614888797649501 -0.035686325833919397 0.55603457499999998
-0.214865535304338 -0.042739412295683198 0.55603457499999998
-0.213352099235182 -0.049746732324255298 0.55603457499999998
-0.211610200394278 -0.056700782305834599 0.55603457499999998
-0.20964170405053401 -0.063594115669521306 0.55603457499999998
-0.20744871811914001 -0.070419350861290003 0.55603457499999998
-0.20503359090436099 -0.077169179248344197 0.55603457499999998
-0.20239890858491 -0.083836372945381904 0.55603457499999998
-0.19954749244460701 -0.090413792554397701 0.55603457499999998
-0.196482395851274 -0.096894394809727696 0.55603457499999998
-0.19320690098711599 -0.103271240120155 0.55603457499999998
-0.189724515334076 -0.1095375 0.55603457499999998
-0.18603896791793501 -0.115686464381229 0.55603457499999998
-0.18215420531518001 -0.121711548798769 0.55603457499999998
-0.17807438742690801 -0.12760630144131399 0.55603457499999998
-0.173803883024302 -0.13336441006008501 0.55603457499999998
-0.16934726507044201 -0.13897970872815099 0.55603457499999998
-0.164709305823457 -0.14444618444304699 0.55603457499999998
-0.15989497172627801 -0.14975798356566 0.55603457499999998
-0.154909418088443 -0.154909418088443 0.55603457499999998
-0.149757983565661 -0.15989497172627801 0.55603457499999998
-0.14444618444304799 -0.164709305823457 0.55603457499999998
-0.13897970872815099 -0.16934726507044201 0.55603457499999998
-0.13336441006008601 -0.173803883024302 0.55603457499999998
-0.12760630144131399 -0.17807438742690801 0.55603457499999998
-0.121711548798769 -0.18215420531518001 0.55603457499999998
-0.115686464381229 -0.18603896791793501 0.55603457499999998
-0.1095375 -0.189724515334076 0.55603457499999998
-0.103271240120155 -0.19320690098711599 0.55603457499999998
-0.096894394809727696 -0.196482395851274 0.55603457499999998
-0.090413792554397895 -0.19954749244460701 0.55603457499999998
-0.083836372945382195 -0.20239890858491 0.55603457499999998
-0.077169179248344294 -0.20503359090436099 0.55603457499999998
-0.070419350861290197 -0.20744871811914001 0.55603457499999998
-0.063594115669521403 -0.20964170405053401 0.55603457499999998
-0.056700782305834897 -0.211610200394278 0.55603457499999998
-0.049746732324255402 -0.213352099235182 0.55603457499999998
-0.042739412295683399 -0.214865535304338 0.55603457499999998
-0.035686325833919598 -0.21614888797649501 0.55603457499999998
-0.028595025560608001 -0.217200783005467 0.55603457499999998
-0.021473105017698699 -0.21802009399571201 0.55603457499999998
-0.0143281905360937 -0.218605943608497 0.55603457499999998
-0.0071679330691806903 -0.21895770450138499 0.55603457499999998
-4.0243424628481003e-17 -0.21907499999999999 0.55603457499999998
0.0071679330691804101 -0.21895770450138499 0.55603457499999998
0.0143281905360934 -0.218605943608497 0.55603457499999998
0.021473105017698401 -0.21802009399571201 0.55603457499999998
0.028595025560607699 -0.217200783005468 0.55603457499999998
0.035686325833919501 -0.21614888797649501 0.55603457499999998
0.0427394122956831 -0.214865535304338 0.55603457499999998
0.049746732324255201 -0.213352099235182 0.55603457499999998
0.056700782305834599 -0.211610200394278 0.55603457499999998
0.063594115669521306 -0.20964170405053401 0.55603457499999998
0.0704193508612901 -0.20744871811914001 0.55603457499999998
0.0771691792483441 -0.20503359090436099 0.55603457499999998
0.083836372945381904 -0.20239890858491 0.55603457499999998
0.090413792554397701 -0.19954749244460701 0.55603457499999998
0.096894394809727696 -0.196482395851274 0.55603457499999998
0.103271240120155 -0.19320690098711599 0.55603457499999998
0.1095375 -0.189724515334076 0.55603457499999998
0.115686464381229 -0.18603896791793501 0.55603457499999998
0.121711548798769 -0.18215420531518001 0.55603457499999998
0.12760630144131399 -0.17807438742690801 0.55603457499999998
0.13336441006008501 -0.173803883024302 0.55603457499999998
0.13897970872815099 -0.16934726507044201 0.55603457499999998
0.14444618444304699 -0.164709305823457 0.55603457499999998
0.14975798356566 -0.15989497172627801 0.55603457499999998
0.154909418088443 -0.154909418088443 0.55603457499999998
0.15989497172627801 -0.149757983565661 0.55603457499999998
0.164709305823457 -0.14444618444304799 0.55603457499999998
0.16934726507044201 -0.13897970872815099 0.55603457499999998
0.173803883024302 -0.13336441006008601 0.55603457499999998
0.17807438742690801 -0.12760630144131399 0.55603457499999998
0.18215420531518001 -0.12171154879877 0.55603457499999998
0.18603896791793501 -0.11568646438122999 0.55603457499999998
0.189724515334076 -0.1095375 0.55603457499999998
0.19320690098711599 -0.103271240120155 0.55603457499999998
0.196482395851274 -0.096894394809727905 0.55603457499999998
0.19954749244460701 -0.090413792554398006 0.55603457499999998
0.20239890858491 -0.083836372945382195 0.55603457499999998
0.20503359090436099 -0.077169179248344294 0.55603457499999998
0.20744871811914001 -0.070419350861290197 0.55603457499999998
0.20964170405053401 -0.063594115669521598 0.55603457499999998
0.211610200394278 -0.056700782305834897 0.55603457499999998
0.213352099235182 -0.049746732324255402 0.55603457499999998
0.214865535304338 -0.042739412295683399 0.55603457499999998
0.21614888797649501 -0.035686325833919598 0.55603457499999998
0.217200783005467 -0.028595025560608001 0.55603457499999998
0.21802009399571201 -0.021473105017698699 0.55603457499999998
0.218605943608497 -0.0143281905360937 0.55603457499999998
0.21895770450138499 -0.0071679330691806998 0.55603457499999998
0.21907499999999999 0 0.55603457499999998
end
coil PF2_27 2.4999999999999999e-07 updown
0.21907499999999999 0 0.664778325
0.21895770450138499 0.0071679330691806096 0.664778325
0.218605943608497 0.014328190536093599 0.664778325
0.21802009399571201 0.021473105017698502 0.664778325
0.217200783005467 0.028595025560607799 0.664778325
0.21614888797649501 0.035686325833919501 0.664778325
0.214865535304338 0.042739412295683302 0.664778325
0.213352099235182 0.049746732324255298 0.664778325
0.211610200394278 0.056700782305834703 0.664778325
0.20964170405053401 0.063594115669521306 0.664778325
0.20744871811914001 0.0704193508612901 0.664778325
0.20503359090436099 0.077169179248344197 0.664778325
0.20239890858491 0.083836372945382001 0.664778325
0.19954749244460701 0.090413792554397798 0.664778325
0.196482395851274 0.096894394809727696 0.664778325
0.19320690098711599 0.103271240120155 0.664778325
0.189724515334076 0.1095375 0.664778325
0.18603896791793501 0.115686464381229 0.664778325
0.18215420531518001 0.121711548798769 0.664778325
0.17807438742690801 0.12760630144131399 0.664778325
0.173803883024302 0.13336441006008501 0.664778325
0.16934726507044201 0.13897970872815099 0.664778325
0.164709305823457 0.14444618444304799 0.664778325
0.15989497172627801 0.149757983565661 0.664778325
0.154909418088443 0.154909418088443 0.664778325
0.149757983565661 0.15989497172627801 0.664778325
0.14444618444304799 0.164709305823457 0.664778325
0.13897970872815099 0.16934726507044201 0.664778325
0.13336441006008601 0.173803883024302 0.664778325
0.12760630144131399 0.17807438742690801 0.664778325
0.121711548798769 0.18215420531518001 0.664778325
0.115686464381229 0.18603896791793501 0.664778325
0.1095375 0.189724515334076 0.664778325
0.103271240120155 0.19320690098711599 0.664778325
0.096894394809727696 0.196482395851274 0.664778325
0.090413792554397798 0.19954749244460701 0.664778325
0.083836372945382098 0.20239890858491 0.664778325
0.077169179248344294 0.20503359090436099 0.664778325
0.0704193508612901 0.20744871811914001 0.664778325
0.063594115669521403 0.20964170405053401 0.664778325
0.0567007823058348 0.211610200394278 0.664778325
0.049746732324255402 0.213352099235182 0.664778325
0.042739412295683302 0.214865535304338 0.664778325
0.035686325833919501 0.21614888797649501 0.664778325
0.028595025560607799 0.217200783005467 0.664778325
0.021473105017698502 0.21802009399571201 0.664778325
0.014328190536093599 0.218605943608497 0.664778325
0.0071679330691806599 0.21895770450138499 0.664778325
1.34144748761603e-17 0.21907499999999999 0.664778325
-0.0071679330691805897 0.21895770450138499 0.664778325
-0.014328190536093599 0.218605943608497 0.664778325
-0.021473105017698401 0.21802009399571201 0.664778325
-0.028595025560607799 0.217200783005467 0.664778325
-0.035686325833919501 0.21614888797649501 0.664778325
-0.042739412295683198 0.214865535304338 0.664778325
-0.049746732324255298 0.213352099235182 0.664778325
-0.056700782305834703 0.211610200394278 0.664778325
-0.063594115669521306 0.20964170405053401 0.664778325
-0.0704193508612901 0.20744871811914001 0.664778325
-0.077169179248344197 0.20503359090436099 0.664778325
-0.083836372945382001 0.20239890858491 0.664778325
-0.090413792554397798 0.19954749244460701 0.664778325
-0.096894394809727696 0.196482395851274 0.664778325
-0.103271240120155 0.19320690098711599 0.664778325
-0.1095375 0.189724515334076 0.664778325
-0.115686464381229 0.18603896791793501 0.664778325
-0.121711548798769 0.18215420531518001 0.664778325
-0.12760630144131399 0.17807438742690801 0.664778325
-0.13336441006008501 0.173803883024302 0.664778325
-0.13897970872815099 0.16934726507044201 0.664778325
-0.14444618444304799 0.164709305823457 0.664778325
-0.14975798356566 0.15989497172627801 0.664778325
-0.154909418088443 0.154909418088443 0.664778325
-0.15989497172627801 0.149757983565661 0.664778325
-0.164709305823457 0.14444618444304799 0.664778325
-0.16934726507044201 0.13897970872815099 0.664778325
-0.173803883024302 0.13336441006008601 0.664778325
-0.17807438742690801 0.12760630144131399 0.664778325
-0.18215420531518001 0.121711548798769 0.664778325
-0.18603896791793501 0.115686464381229 0.664778325
-0.189724515334076 0.1095375 0.664778325
-0.19320690098711599 0.103271240120155 0.664778325
-0.196482395851274 0.096894394809727794 0.664778325
-0.19954749244460701 0.090413792554397798 0.664778325
-0.20239890858491 0.083836372945382098 0.664778325
-0.20503359090436099 0.077169179248344294 0.664778325
-0.20744871811914001 0.070419350861290197 0.664778325
-0.20964170405053401 0.063594115669521403 0.664778325
-0.211610200394278 0.0567007823058348 0.664778325
-0.213352099235182 0.049746732324255402 0.664778325
-0.214865535304338 0.042739412295683399 0.664778325
-0.21614888797649501 0.035686325833919598 0.664778325
-0.217200783005467 0.0285950255606079 0.664778325
-0.21802009399571201 0.021473105017698502 0.664778325
-0.218605943608497 0.0143281905360937 0.664778325
-0.21895770450138499 0.0071679330691806799 0.664778325
-0.21907499999999999 2.68289497523206e-17 0.664778325
-0.21895770450138499 -0.0071679330691805203 0.664778325
-0.218605943608497 -0.014328190536093501 0.664778325
-0.21802009399571201 -0.021473105017698401 0.664778325
-0.217200783005468 -0.028595025560607699 0.664778325
-0.21614888797649501 -0.035686325833919397 0.664778325
-0.214865535304338 -0.042739412295683198 0.664778325
-0.213352099235182 -0.049746732324255298 0.664778325
-0.211610200394278 -0.056700782305834599 0.664778325
-0.20964170405053401 -0.063594115669521306 0.664778325
-0.20744871811914001 -0.070419350861290003 0.664778325
-0.20503359090436099 -0.077169179248344197 0.664778325
-0.20239890858491 -0.083836372945381904 0.664778325
-0.19954749244460701 -0.090413792554397701 0.664778325
-0.196482395851274 -0.096894394809727696 0.664778325
-0.19320690098711599 -0.103271240120155 0.664778325
-0.189724515334076 -0.1095375 0.664778325
-0.18603896791793501 -0.115686464381229 0.664778325
-0.18215420531518001 -0.121711548798769 0.664778325
-0.17807438742690801 -0.12760630144131399 0.664778325
-0.173803883024302 -0.13336441006008501 0.664778325
-0.16934726507044201 -0.13897970872815099 0.664778325
-0.164709305823457 -0.14444618444304699 0.664778325
-0.15989497172627801 -0.14975798356566 0.664778325
-0.154909418088443 -0.154909418088443 0.664778325
-0.149757983565661 -0.15989497172627801 0.664778325
-0.14444618444304799 -0.164709305823457 0.664778325
-0.13897970872815099 -0.16934726507044201 0.664778325
-0.13336441006008601 -0.173803883024302 0.664778325
-0.12760630144131399 -0.17807438742690801 0.664778325
-0.121711548798769 -0.18215420531518001 0.664778325
-0.115686464381229 -0.18603896791793501 0.664778325
-0.1095375 -0.189724515334076 0.664778325
-0.103271240120155 -0.19320690098711599 0.664778325
-0.096894394809727696 -0.196482395851274 0.664778325
-0.090413792554397895 -0.19954749244460701 0.664778325
-0.083836372945382195 -0.20239890858491 0.664778325
-0.077169179248344294 -0.20503359090436099 0.664778325
-0.070419350861290197 -0.20744871811914001 0.664778325
-0.063594115669521403 -0.20964170405053401 0.664778325
-0.056700782305834897 -0.211610200394278 0.664778325
-0.049746732324255402 -0.213352099235182 0.664778325
-0.042739412295683399 -0.214865535304338 0.664778325
-0.035686325833919598 -0.21614888797649501 0.664778325
-0.028595025560608001 -0.217200783005467 0.664778325
-0.021473105017698699 -0.21802009399571201 0.664778325
-0.0143281905360937 -0.218605943608497 0.664778325
-0.0071679330691806903 -0.21895770450138499 0.664778325
-4.0243424628481003e-17 -0.21907499999999999 0.664778325
0.0071679330691804101 -0.21895770450138499 0.664778325
0.0143281905360934 -0.218605943608497 0.664778325
0.021473105017698401 -0.21802009399571201 0.664778325
0.028595025560607699 -0.217200783005468 0.664778325
0.035686325833919501 -0.21614888797649501 0.664778325
0.0427394122956831 -0.214865535304338 0.664778325
0.049746732324255201 -0.213352099235182 0.664778325
0.056700782305834599 -0.211610200394278 0.664778325
0.063594115669521306 -0.20964170405053401 0.664778325
0.0704193508612901 -0.20744871811914001 0.664778325
0.0771691792483441 -0.20503359090436099 0.664778325
0.083836372945381904 -0.20239890858491 0.664778325
0.090413792554397701 -0.19954749244460701 0.664778325
0.096894394809727696 -0.196482395851274 0.664778325
0.103271240120155 -0.19320690098711599 0.664778325
0.1095375 -0.189724515334076 0.664778325
0.115686464381229 -0.18603896791793501 0.664778325
0.121711548798769 -0.18215420531518001 0.664778325
0.12760630144131399 -0.17807438742690801 0.664778325
0.13336441006008501 -0.173803883024302 0.664778325
0.13897970872815099 -0.16934726507044201 0.664778325
0.14444618444304699 -0.164709305823457 0.664778325
0.14975798356566 -0.15989497172627801 0.664778325
0.154909418088443 -0.154909418088443 0.664778325
0.15989497172627801 -0.149757983565661 0.664778325
0.164709305823457 -0.14444618444304799 0.664778325
0.16934726507044201 -0.13897970872815099 0.664778325
0.173803883024302 -0.13336441006008601 0.664778325
0.17807438742690801 -0.12760630144131399 0.664778325
0.18215420531518001 -0.12171154879877 0.664778325
0.18603896791793501 -0.11568646438122999 0.664778325
0.189724515334076 -0.1095375 0.664778325
0.19320690098711599 -0.103271240120155 0.664778325
0.196482395851274 -0.096894394809727905 0.664778325
0.19954749244460701 -0.090413792554398006 0.664778325
0.20239890858491 -0.083836372945382195 0.664778325
0.20503359090436099 -0.077169179248344294 0.664778325
0.20744871811914001 -0.070419350861290197 0.664778325
0.20964170405053401 -0.063594115669521598 0.664778325
0.211610200394278 -0.056700782305834897 0.664778325
0.213352099235182 -0.049746732324255402 0.664778325
0.214865535304338 -0.042739412295683399 0.664778325
0.21614888797649501 -0.035686325833919598 0.664778325
0.217200783005467 -0.028595025560608001 0.664778325
0.21802009399571201 -0.021473105017698699 0.664778325
0.218605943608497 -0.0143281905360937 0.664778325
0.21895770450138499 -0.0071679330691806998 0.664778325
0.21907499999999999 0 0.664778325
end
coil PF2_28 2.4999999999999999e-07 updown
0.21907499999999999 0 0.77352207500000003
0.21895770450138499 0.0071679330691806096 0.77352207500000003
0.218605943608497 0.014328190536093599 0.77352207500000003
0.21802009399571201 0.021473105017698502 0.77352207500000003
0.217200783005467 0.028595025560607799 0.77352207500000003
0.21614888797649501 0.035686325833919501 0.77352207500000003
0.214865535304338 0.042739412295683302 0.77352207500000003
0.213352099235182 0.049746732324255298 0.77352207500000003
0.211610200394278 0.056700782305834703 0.77352207500000003
0.20964170405053401 0.063594115669521306 0.77352207500000003
0.20744871811914001 0.0704193508612901 0.77352207500000003
0.20503359090436099 0.077169179248344197 0.77352207500000003
0.20239890858491 0.083836372945382001 0.77352207500000003
0.19954749244460701 0.090413792554397798 0.77352207500000003
0.196482395851274 0.096894394809727696 0.77352207500000003
0.19320690098711599 0.103271240120155 0.77352207500000003
0.189724515334076 0.1095375 0.77352207500000003
0.18603896791793501 0.115686464381229 0.77352207500000003
0.18215420531518001 0.121711548798769 0.77352207500000003
0.17807438742690801 0.12760630144131399 0.77352207500000003
0.173803883024302 0.13336441006008501 0.77352207500000003
0.16934726507044201 0.13897970872815099 0.77352207500000003
0.164709305823457 0.14444618444304799 0.77352207500000003
0.15989497172627801 0.149757983565661 0.77352207500000003
0.154909418088443 0.154909418088443 0.77352207500000003
0.149757983565661 0.15989497172627801 0.77352207500000003
0.14444618444304799 0.164709305823457 0.77352207500000003
0.13897970872815099 0.16934726507044201 0.77352207500000003
0.13336441006008601 0.173803883024302 0.77352207500000003
0.12760630144131399 0.17807438742690801 0.77352207500000003
0.121711548798769 0.18215420531518001 0.77352207500000003
0.115686464381229 0.18603896791793501 0.77352207500000003
0.1095375 0.189724515334076 0.77352207500000003
0.103271240120155 0.19320690098711599 0.77352207500000003
0.096894394809727696 0.196482395851274 0.77352207500000003
0.090413792554397798 0.19954749244460701 0.77352207500000003
0.083836372945382098 0.20239890858491 0.77352207500000003
0.077169179248344294 0.20503359090436099 0.77352207500000003
0.0704193508612901 0.20744871811914001 0.77352207500000003
0.063594115669521403 0.20964170405053401 0.77352207500000003
0.0567007823058348 0.211610200394278 0.77352207500000003
0.049746732324255402 0.213352099235182 0.77352207500000003
0.042739412295683302 0.214865535304338 0.77352207500000003
0.035686325833919501 0.21614888797649501 0.77352207500000003
0.028595025560607799 0.217200783005467 0.77352207500000003
0.021473105017698502 0.21802009399571201 0.77352207500000003
0.014328190536093599 0.218605943608497 0.77352207500000003
0.0071679330691806599 0.21895770450138499 0.77352207500000003
1.34144748761603e-17 0.21907499999999999 0.77352207500000003
-0.0071679330691805897 0.21895770450138499 0.77352207500000003
-0.014328190536093599 0.218605943608497 0.77352207500000003
-0.021473105017698401 0.21802009399571201 0.77352207500000003
-0.028595025560607799 0.217200783005467 0.77352207500000003
-0.035686325833919501 0.21614888797649501 0.77352207500000003
-0.042739412295683198 0.214865535304338 0.77352207500000003
-0.049746732324255298 0.213352099235182 0.77352207500000003
-0.056700782305834703 0.211610200394278 0.77352207500000003
-0.063594115669521306 0.20964170405053401 0.77352207500000003
-0.0704193508612901 0.20744871811914001 0.77352207500000003
-0.077169179248344197 0.20503359090436099 0.77352207500000003
-0.083836372945382001 0.20239890858491 0.77352207500000003
-0.090413792554397798 0.19954749244460701 0.77352207500000003
-0.096894394809727696 0.196482395851274 0.77352207500000003
-0.103271240120155 0.19320690098711599 0.77352207500000003
-0.1095375 0.189724515334076 0.77352207500000003
-0.115686464381229 0.18603896791793501 0.77352207500000003
-0.121711548798769 0.18215420531518001 0.77352207500000003
-0.12760630144131399 0.17807438742690801 0.77352207500000003
-0.13336441006008501 0.173803883024302 0.77352207500000003
-0.13897970872815099 0.16934726507044201 0.77352207500000003
-0.14444618444304799 0.164709305823457 0.77352207500000003
-0.14975798356566 0.15989497172627801 0.77352207500000003
-0.154909418088443 0.154909418088443 0.77352207500000003
-0.15989497172627801 0.149757983565661 0.77352207500000003
-0.164709305823457 0.14444618444304799 0.77352207500000003
-0.16934726507044201 0.13897970872815099 0.77352207500000003
-0.173803883024302 0.13336441006008601 0.77352207500000003
-0.17807438742690801 0.12760630144131399 0.77352207500000003
-0.18215420531518001 0.121711548798769 0.77352207500000003
-0.18603896791793501 0.115686464381229 0.77352207500000003
-0.189724515334076 0.1095375 0.77352207500000003
-0.19320690098711599 0.103271240120155 0.77352207500000003
-0.196482395851274 0.096894394809727794 0.77352207500000003
-0.19954749244460701 0.090413792554397798 0.77352207500000003
-0.20239890858491 0.083836372945382098 0.77352207500000003
-0.20503359090436099 0.077169179248344294 0.77352207500000003
-0.20744871811914001 0.070419350861290197 0.77352207500000003
-0.20964170405053401 0.063594115669521403 0.77352207500000003
-0.211610200394278 0.0567007823058348 0.77352207500000003
-0.213352099235182 0.049746732324255402 0.77352207500000003
-0.214865535304338 0.042739412295683399 0.77352207500000003
-0.21614888797649501 0.035686325833919598 0.77352207500000003
-0.217200783005467 0.0285950255606079 0.77352207500000003
-0.21802009399571201 0.021473105017698502 0.77352207500000003
-0.218605943608497 0.0143281905360937 0.77352207500000003
-0.21895770450138499 0.0071679330691806799 0.77352207500000003
-0.21907499999999999 2.68289497523206e-17 0.77352207500000003
-0.21895770450138499 -0.0071679330691805203 0.77352207500000003
-0.218605943608497 -0.014328190536093501 0.77352207500000003
-0.21802009399571201 -0.021473105017698401 0.77352207500000003
-0.217200783005468 -0.028595025560607699 0.77352207500000003
-0.21614888797649501 -0.035686325833919397 0.77352207500000003
-0.214865535304338 -0.042739412295683198 0.77352207500000003
-0.213352099235182 -0.049746732324255298 0.77352207500000003
-0.211610200394278 -0.056700782305834599 0.77352207500000003
-0.20964170405053401 -0.063594115669521306 0.77352207500000003
-0.20744871811914001 -0.070419350861290003 0.77352207500000003
-0.20503359090436099 -0.077169179248344197 0.77352207500000003
-0.20239890858491 -0.083836372945381904 0.77352207500000003
-0.19954749244460701 -0.090413792554397701 0.77352207500000003
-0.196482395851274 -0.096894394809727696 0.77352207500000003
-0.19320690098711599 -0.103271240120155 0.77352207500000003
-0.189724515334076 -0.1095375 0.77352207500000003
-0.18603896791793501 -0.115686464381229 0.77352207500000003
-0.18215420531518001 -0.121711548798769 0.77352207500000003
-0.17807438742690801 -0.12760630144131399 0.77352207500000003
-0.173803883024302 -0.13336441006008501 0.77352207500000003
-0.16934726507044201 -0.13897970872815099 0.77352207500000003
-0.164709305823457 -0.14444618444304699 0.77352207500000003
-0.15989497172627801 -0.14975798356566 0.77352207500000003
-0.154909418088443 -0.154909418088443 0.77352207500000003
-0.149757983565661 -0.15989497172627801 0.77352207500000003
-0.14444618444304799 -0.164709305823457 0.77352207500000003
-0.13897970872815099 -0.16934726507044201 0.77352207500000003
-0.13336441006008601 -0.173803883024302 0.77352207500000003
-0.12760630144131399 -0.17807438742690801 0.77352207500000003
-0.121711548798769 -0.18215420531518001 0.77352207500000003
-0.115686464381229 -0.18603896791793501 0.77352207500000003
-0.1095375 -0.189724515334076 0.77352207500000003
-0.103271240120155 -0.19320690098711599 0.77352207500000003
-0.096894394809727696 -0.196482395851274 0.77352207500000003
-0.090413792554397895 -0.19954749244460701 0.77352207500000003
-0.083836372945382195 -0.20239890858491 0.77352207500000003
-0.077169179248344294 -0.20503359090436099 0.77352207500000003
-0.070419350861290197 -0.20744871811914001 0.77352207500000003
-0.063594115669521403 -0.20964170405053401 0.77352207500000003
-0.056700782305834897 -0.211610200394278 0.77352207500000003
-0.049746732324255402 -0.213352099235182 0.77352207500000003
-0.042739412295683399 -0.214865535304338 0.77352207500000003
-0.035686325833919598 -0.21614888797649501 0.77352207500000003
-0.028595025560608001 -0.217200783005467 0.77352207500000003
-0.021473105017698699 -0.21802009399571201 0.77352207500000003
-0.0143281905360937 -0.218605943608497 0.77352207500000003
-0.0071679330691806903 -0.21895770450138499 0.77352207500000003
-4.0243424628481003e-17 -0.21907499999999999 0.77352207500000003
0.0071679330691804101 -0.21895770450138499 0.77352207500000003
0.0143281905360934 -0.218605943608497 0.77352207500000003
0.021473105017698401 -0.21802009399571201 0.77352207500000003
0.028595025560607699 -0.217200783005468 0.77352207500000003
0.035686325833919501 -0.21614888797649501 0.77352207500000003
0.0427394122956831 -0.214865535304338 0.77352207500000003
0.049746732324255201 -0.213352099235182 0.77352207500000003
0.056700782305834599 -0.211610200394278 0.77352207500000003
0.063594115669521306 -0.20964170405053401 0.77352207500000003
0.0704193508612901 -0.20744871811914001 0.77352207500000003
0.0771691792483441 -0.20503359090436099 0.77352207500000003
0.083836372945381904 -0.20239890858491 0.77352207500000003
0.090413792554397701 -0.19954749244460701 0.77352207500000003
0.096894394809727696 -0.196482395851274 0.77352207500000003
0.103271240120155 -0.19320690098711599 0.77352207500000003
0.1095375 -0.189724515334076 0.77352207500000003
0.115686464381229 -0.18603896791793501 0.77352207500000003
0.121711548798769 -0.18215420531518001 0.77352207500000003
0.12760630144131399 -0.17807438742690801 0.77352207500000003
0.13336441006008501 -0.173803883024302 0.77352207500000003
0.13897970872815099 -0.16934726507044201 0.77352207500000003
0.14444618444304699 -0.164709305823457 0.77352207500000003
0.14975798356566 -0.15989497172627801 0.77352207500000003
0.154909418088443 -0.154909418088443 0.77352207500000003
0.15989497172627801 -0.149757983565661 0.77352207500000003
0.164709305823457 -0.14444618444304799 0.77352207500000003
0.16934726507044201 -0.13897970872815099 0.77352207500000003
0.173803883024302 -0.13336441006008601 0.77352207500000003
0.17807438742690801 -0.12760630144131399 0.77352207500000003
0.18215420531518001 -0.12171154879877 0.77352207500000003
0.18603896791793501 -0.11568646438122999 0.77352207500000003
0.189724515334076 -0.1095375 0.77352207500000003
0.19320690098711599 -0.103271240120155 0.77352207500000003
0.196482395851274 -0.096894394809727905 0.77352207500000003
0.19954749244460701 -0.090413792554398006 0.77352207500000003
0.20239890858491 -0.083836372945382195 0.77352207500000003
0.20503359090436099 -0.077169179248344294 0.77352207500000003
0.20744871811914001 -0.070419350861290197 0.77352207500000003
0.20964170405053401 -0.063594115669521598 0.77352207500000003
0.211610200394278 -0.056700782305834897 0.77352207500000003
0.213352099235182 -0.049746732324255402 0.77352207500000003
0.214865535304338 -0.042739412295683399 0.77352207500000003
0.21614888797649501 -0.035686325833919598 0.77352207500000003
0.217200783005467 -0.028595025560608001 0.77352207500000003
0.21802009399571201 -0.021473105017698699 0.77352207500000003
0.218605943608497 -0.0143281905360937 0.77352207500000003
0.21895770450138499 -0.0071679330691806998 0.77352207500000003
0.21907499999999999 0 0.77352207500000003
end
coil PF2_29 2.4999999999999999e-07 updown
0.21907499999999999 0 0.88226582499999995
0.21895770450138499 0.0071679330691806096 0.88226582499999995
0.218605943608497 0.014328190536093599 0.88226582499999995
0.21802009399571201 0.021473105017698502 0.88226582499999995
0.217200783005467 0.028595025560607799 0.88226582499999995
0.21614888797649501 0.035686325833919501 0.88226582499999995
0.214865535304338 0.042739412295683302 0.88226582499999995
0.213352099235182 0.049746732324255298 0.88226582499999995
0.211610200394278 0.056700782305834703 0.88226582499999995
0.20964170405053401 0.063594115669521306 0.88226582499999995
0.20744871811914001 0.0704193508612901 0.88226582499999995
0.20503359090436099 0.077169179248344197 0.88226582499999995
0.20239890858491 0.083836372945382001 0.88226582499999995
0.19954749244460701 0.090413792554397798 0.88226582499999995
0.196482395851274 0.096894394809727696 0.88226582499999995
0.19320690098711599 0.103271240120155 0.88226582499999995
0.189724515334076 0.1095375 0.88226582499999995
0.18603896791793501 0.115686464381229 0.88226582499999995
0.18215420531518001 0.121711548798769 0.88226582499999995
0.17807438742690801 0.12760630144131399 0.88226582499999995
0.173803883024302 0.13336441006008501 0.88226582499999995
0.16934726507044201 0.13897970872815099 0.88226582499999995
0.164709305823457 0.14444618444304799 0.88226582499999995
0.15989497172627801 0.149757983565661 0.88226582499999995
0.154909418088443 0.154909418088443 0.88226582499999995
0.149757983565661 0.15989497172627801 0.88226582499999995
0.14444618444304799 0.164709305823457 0.88226582499999995
0.13897970872815099 0.16934726507044201 0.88226582499999995
0.13336441006008601 0.173803883024302 0.88226582499999995
0.12760630144131399 0.17807438742690801 0.88226582499999995
0.121711548798769 0.18215420531518001 0.88226582499999995
0.115686464381229 0.18603896791793501 0.88226582499999995
0.1095375 0.189724515334076 0.88226582499999995
0.103271240120155 0.19320690098711599 0.88226582499999995
0.096894394809727696 0.196482395851274 0.88226582499999995
0.090413792554397798 0.19954749244460701 0.88226582499999995
0.083836372945382098 0.20239890858491 0.88226582499999995
0.077169179248344294 0.20503359090436099 0.88226582499999995
0.0704193508612901 0.20744871811914001 0.88226582499999995
0.063594115669521403 0.20964170405053401 0.88226582499999995
0.0567007823058348 0.211610200394278 0.88226582499999995
0.049746732324255402 0.213352099235182 0.88226582499999995
0.042739412295683302 0.214865535304338 0.88226582499999995
0.035686325833919501 0.21614888797649501 0.88226582499999995
0.028595025560607799 0.217200783005467 0.88226582499999995
0.021473105017698502 0.21802009399571201 0.88226582499999995
0.014328190536093599 0.218605943608497 0.88226582499999995
0.0071679330691806599 0.21895770450138499 0.88226582499999995
1.34144748761603e-17 0.21907499999999999 0.88226582499999995
-0.0071679330691805897 0.21895770450138499 0.88226582499999995
-0.014328190536093599 0.218605943608497 0.88226582499999995
-0.021473105017698401 0.21802009399571201 0.88226582499999995
-0.028595025560607799 0.217200783005467 0.88226582499999995
-0.035686325833919501 0.21614888797649501 0.88226582499999995
-0.042739412295683198 0.214865535304338 0.88226582499999995
-0.049746732324255298 0.213352099235182 0.88226582499999995
-0.056700782305834703 0.211610200394278 0.88226582499999995
-0.063594115669521306 0.20964170405053401 0.88226582499999995
-0.0704193508612901 0.20744871811914001 0.88226582499999995
-0.077169179248344197 0.20503359090436099 0.88226582499999995
-0.083836372945382001 0.20239890858491 0.88226582499999995
-0.090413792554397798 0.19954749244460701 0.88226582499999995
-0.096894394809727696 0.196482395851274 0.88226582499999995
-0.103271240120155 0.19320690098711599 0.88226582499999995
-0.1095375 0.189724515334076 0.88226582499999995
-0.115686464381229 0.18603896791793501 0.88226582499999995
-0.121711548798769 0.18215420531518001 0.88226582499999995
-0.12760630144131399 0.17807438742690801 0.88226582499999995
-0.13336441006008501 0.173803883024302 0.88226582499999995
-0.13897970872815099 0.16934726507044201 0.88226582499999995
-0.14444618444304799 0.164709305823457 0.88226582499999995
-0.14975798356566 0.15989497172627801 0.88226582499999995
-0.154909418088443 0.154909418088443 0.88226582499999995
-0.15989497172627801 0.149757983565661 0.88226582499999995
-0.164709305823457 0.14444618444304799 0.88226582499999995
-0.16934726507044201 0.13897970872815099 0.88226582499999995
-0.173803883024302 0.13336441006008601 0.88226582499999995
-0.17807438742690801 0.12760630144131399 0.88226582499999995
-0.18215420531518001 0.121711548798769 0.88226582499999995
-0.18603896791793501 0.115686464381229 0.88226582499999995
-0.189724515334076 0.1095375 0.88226582499999995
-0.19320690098711599 0.103271240120155 0.88226582499999995
-0.196482395851274 0.096894394809727794 0.88226582499999995
-0.19954749244460701 0.090413792554397798 0.88226582499999995
-0.20239890858491 0.083836372945382098 0.88226582499999995
-0.20503359090436099 0.077169179248344294 0.88226582499999995
-0.20744871811914001 0.070419350861290197 0.88226582499999995
-0.20964170405053401 0.063594115669521403 0.88226582499999995
-0.211610200394278 0.0567007823058348 0.88226582499999995
-0.213352099235182 0.049746732324255402 0.88226582499999995
-0.214865535304338 0.042739412295683399 0.88226582499999995
-0.21614888797649501 0.035686325833919598 0.88226582499999995
-0.217200783005467 0.0285950255606079 0.88226582499999995
-0.21802009399571201 0.021473105017698502 0.88226582499999995
-0.218605943608497 0.0143281905360937 0.88226582499999995
-0.21895770450138499 0.0071679330691806799 0.88226582499999995
-0.21907499999999999 2.68289497523206e-17 0.88226582499999995
-0.21895770450138499 -0.0071679330691805203 0.88226582499999995
-0.218605943608497 -0.014328190536093501 0.88226582499999995
-0.21802009399571201 -0.021473105017698401 0.88226582499999995
-0.217200783005468 -0.028595025560607699 0.88226582499999995
-0.21614888797649501 -0.035686325833919397 0.88226582499999995
-0.214865535304338 -0.042739412295683198 0.88226582499999995
-0.213352099235182 -0.049746732324255298 0.88226582499999995
-0.211610200394278 -0.056700782305834599 0.88226582499999995
-0.20964170405053401 -0.063594115669521306 0.88226582499999995
-0.20744871811914001 -0.070419350861290003 0.88226582499999995
-0.20503359090436099 -0.077169179248344197 0.88226582499999995
-0.20239890858491 -0.083836372945381904 0.88226582499999995
-0.19954749244460701 -0.090413792554397701 0.88226582499999995
-0.196482395851274 -0.096894394809727696 0.88226582499999995
-0.19320690098711599 -0.103271240120155 0.88226582499999995
-0.189724515334076 -0.1095375 0.88226582499999995
-0.18603896791793501 -0.115686464381229 0.88226582499999995
-0.18215420531518001 -0.121711548798769 0.88226582499999995
-0.17807438742690801 -0.12760630144131399 0.88226582499999995
-0.173803883024302 -0.13336441006008501 0.88226582499999995
-0.16934726507044201 -0.13897970872815099 0.88226582499999995
-0.164709305823457 -0.14444618444304699 0.88226582499999995
-0.15989497172627801 -0.14975798356566 0.88226582499999995
-0.154909418088443 -0.154909418088443 0.88226582499999995
-0.149757983565661 -0.15989497172627801 0.88226582499999995
-0.14444618444304799 -0.164709305823457 0.88226582499999995
-0.13897970872815099 -0.16934726507044201 0.88226582499999995
-0.13336441006008601 -0.173803883024302 0.88226582499999995
-0.12760630144131399 -0.17807438742690801 0.88226582499999995
-0.121711548798769 -0.18215420531518001 0.88226582499999995
-0.115686464381229 -0.18603896791793501 0.88226582499999995
-0.1095375 -0.189724515334076 0.88226582499999995
-0.103271240120155 -0.19320690098711599 0.88226582499999995
-0.096894394809727696 -0.196482395851274 0.88226582499999995
-0.090413792554397895 -0.19954749244460701 0.88226582499999995
-0.083836372945382195 -0.20239890858491 0.88226582499999995
-0.077169179248344294 -0.20503359090436099 0.88226582499999995
-0.070419350861290197 -0.20744871811914001 0.88226582499999995
-0.063594115669521403 -0.20964170405053401 0.88226582499999995
-0.056700782305834897 -0.211610200394278 0.88226582499999995
-0.049746732324255402 -0.213352099235182 0.88226582499999995
-0.042739412295683399 -0.214865535304338 0.88226582499999995
-0.035686325833919598 -0.21614888797649501 0.88226582499999995
-0.028595025560608001 -0.217200783005467 0.88226582499999995
-0.021473105017698699 -0.21802009399571201 0.88226582499999995
-0.0143281905360937 -0.218605943608497 0.88226582499999995
-0.0071679330691806903 -0.21895770450138499 0.88226582499999995
-4.0243424628481003e-17 -0.21907499999999999 0.88226582499999995
0.0071679330691804101 -0.21895770450138499 0.88226582499999995
0.0143281905360934 -0.218605943608497 0.88226582499999995
0.021473105017698401 -0.21802009399571201 0.88226582499999995
0.028595025560607699 -0.217200783005468 0.88226582499999995
0.035686325833919501 -0.21614888797649501 0.88226582499999995
0.0427394122956831 -0.214865535304338 0.88226582499999995
0.049746732324255201 -0.213352099235182 0.88226582499999995
0.056700782305834599 -0.211610200394278 0.88226582499999995
0.063594115669521306 -0.20964170405053401 0.88226582499999995
0.0704193508612901 -0.20744871811914001 0.88226582499999995
0.0771691792483441 -0.20503359090436099 0.88226582499999995
0.083836372945381904 -0.20239890858491 0.88226582499999995
0.090413792554397701 -0.19954749244460701 0.88226582499999995
0.096894394809727696 -0.196482395851274 0.88226582499999995
0.103271240120155 -0.19320690098711599 0.88226582499999995
0.1095375 -0.189724515334076 0.88226582499999995
0.115686464381229 -0.18603896791793501 0.88226582499999995
0.121711548798769 -0.18215420531518001 0.88226582499999995
0.12760630144131399 -0.17807438742690801 0.88226582499999995
0.13336441006008501 -0.173803883024302 0.88226582499999995
0.13897970872815099 -0.16934726507044201 0.88226582499999995
0.14444618444304699 -0.164709305823457 0.88226582499999995
0.14975798356566 -0.15989497172627801 0.88226582499999995
0.154909418088443 -0.154909418088443 0.88226582499999995
0.15989497172627801 -0.149757983565661 0.88226582499999995
0.164709305823457 -0.14444618444304799 0.88226582499999995
0.16934726507044201 -0.13897970872815099 0.88226582499999995
0.173803883024302 -0.13336441006008601 0.88226582499999995
0.17807438742690801 -0.12760630144131399 0.88226582499999995
0.18215420531518001 -0.12171154879877 0.88226582499999995
0.18603896791793501 -0.11568646438122999 0.88226582499999995
0.189724515334076 -0.1095375 0.88226582499999995
0.19320690098711599 -0.103271240120155 0.88226582499999995
0.196482395851274 -0.096894394809727905 0.88226582499999995
0.19954749244460701 -0.090413792554398006 0.88226582499999995
0.20239890858491 -0.083836372945382195 0.88226582499999995
0.20503359090436099 -0.077169179248344294 0.88226582499999995
0.20744871811914001 -0.070419350861290197 0.88226582499999995
0.20964170405053401 -0.063594115669521598 0.88226582499999995
0.211610200394278 -0.056700782305834897 0.88226582499999995
0.213352099235182 -0.049746732324255402 0.88226582499999995
0.214865535304338 -0.042739412295683399 0.88226582499999995
0.21614888797649501 -0.035686325833919598 0.88226582499999995
0.217200783005467 -0.028595025560608001 0.88226582499999995
0.21802009399571201 -0.021473105017698699 0.88226582499999995
0.218605943608497 -0.0143281905360937 0.88226582499999995
0.21895770450138499 -0.0071679330691806998 0.88226582499999995
0.21907499999999999 0 0.88226582499999995
end
coil PF3_34 28094.974999999999 updown
0.21907499999999999 0 1.035459575
0.21895770450138499 0.0071679330691806096 1.035459575
0.218605943608497 0.014328190536093599 1.035459575
0.21802009399571201 0.021473105017698502 1.035459575
0.217200783005467 0.028595025560607799 1.035459575
0.21614888797649501 0.035686325833919501 1.035459575
0.214865535304338 0.042739412295683302 1.035459575
0.213352099235182 0.049746732324255298 1.035459575
0.211610200394278 0.056700782305834703 1.035459575
0.20964170405053401 0.063594115669521306 1.035459575
0.20744871811914001 0.0704193508612901 1.035459575
0.20503359090436099 0.077169179248344197 1.035459575
0.20239890858491 0.083836372945382001 1.035459575
0.19954749244460701 0.090413792554397798 1.035459575
0.196482395851274 0.096894394809727696 1.035459575
0.19320690098711599 0.103271240120155 1.035459575
0.189724515334076 0.1095375 1.035459575
0.18603896791793501 0.115686464381229 1.035459575
0.18215420531518001 0.121711548798769 1.035459575
0.17807438742690801 0.12760630144131399 1.035459575
0.173803883024302 0.13336441006008501 1.035459575
0.16934726507044201 0.13897970872815099 1.035459575
0.164709305823457 0.14444618444304799 1.035459575
0.15989497172627801 0.149757983565661 1.035459575
0.154909418088443 0.154909418088443 1.035459575
0.149757983565661 0.15989497172627801 1.035459575
0.14444618444304799 0.164709305823457 1.035459575
0.13897970872815099 0.16934726507044201 1.035459575
0.13336441006008601 0.173803883024302 1.035459575
0.12760630144131399 0.17807438742690801 1.035459575
0.121711548798769 0.18215420531518001 1.035459575
0.115686464381229 0.18603896791793501 1.035459575
0.1095375 0.189724515334076 1.035459575
0.103271240120155 0.19320690098711599 1.035459575
0.096894394809727696 0.196482395851274 1.035459575
0.090413792554397798 0.19954749244460701 1.035459575
0.083836372945382098 0.20239890858491 1.035459575
0.077169179248344294 0.20503359090436099 1.035459575
0.0704193508612901 0.20744871811914001 1.035459575
0.063594115669521403 0.20964170405053401 1.035459575
0.0567007823058348 0.211610200394278 1.035459575
0.049746732324255402 0.213352099235182 1.035459575
0.042739412295683302 0.214865535304338 1.035459575
0.035686325833919501 0.21614888797649501 1.035459575
0.028595025560607799 0.217200783005467 1.035459575
0.021473105017698502 0.21802009399571201 1.035459575
0.014328190536093599 0.218605943608497 1.035459575
0.0071679330691806599 0.21895770450138499 1.035459575
1.34144748761603e-17 0.21907499999999999 1.035459575
-0.0071679330691805897 0.21895770450138499 1.035459575
-0.014328190536093599 0.218605943608497 1.035459575
-0.021473105017698401 0.21802009399571201 1.035459575
-0.028595025560607799 0.217200783005467 1.035459575
-0.035686325833919501 0.21614888797649501 1.035459575
-0.042739412295683198 0.214865535304338 1.035459575
-0.049746732324255298 0.213352099235182 1.035459575
-0.056700782305834703 0.211610200394278 1.035459575
-0.063594115669521306 0.20964170405053401 1.035459575
-0.0704193508612901 0.20744871811914001 1.035459575
-0.077169179248344197 0.20503359090436099 1.035459575
-0.083836372945382001 0.20239890858491 1.035459575
-0.090413792554397798 0.19954749244460701 1.035459575
-0.096894394809727696 0.196482395851274 1.035459575
-0.103271240120155 0.19320690098711599 1.035459575
-0.1095375 0.189724515334076 1.035459575
-0.115686464381229 0.18603896791793501 1.035459575
-0.121711548798769 0.18215420531518001 1.035459575
-0.12760630144131399 0.17807438742690801 1.035459575
-0.13336441006008501 0.173803883024302 1.035459575
-0.13897970872815099 0.16934726507044201 1.035459575
-0.14444618444304799 0.164709305823457 1.035459575
-0.14975798356566 0.15989497172627801 1.035459575
-0.154909418088443 0.154909418088443 1.035459575
-0.15989497172627801 0.149757983565661 1.035459575
-0.164709305823457 0.14444618444304799 1.035459575
-0.16934726507044201 0.13897970872815099 1.035459575
-0.173803883024302 0.13336441006008601 1.035459575
-0.17807438742690801 0.12760630144131399 1.035459575
-0.18215420531518001 0.121711548798769 1.035459575
-0.18603896791793501 0.115686464381229 1.035459575
-0.189724515334076 0.1095375 1.035459575
-0.19320690098711599 0.103271240120155 1.035459575
-0.196482395851274 0.096894394809727794 1.035459575
-0.19954749244460701 0.090413792554397798 1.035459575
-0.20239890858491 0.083836372945382098 1.035459575
-0.20503359090436099 0.077169179248344294 1.035459575
-0.20744871811914001 0.070419350861290197 1.035459575
-0.20964170405053401 0.063594115669521403 1.035459575
-0.211610200394278 0.0567007823058348 1.035459575
-0.213352099235182 0.049746732324255402 1.035459575
-0.214865535304338 0.042739412295683399 1.035459575
-0.21614888797649501 0.035686325833919598 1.035459575
-0.217200783005467 0.0285950255606079 1.035459575
-0.21802009399571201 0.021473105017698502 1.035459575
-0.218605943608497 0.0143281905360937 1.035459575
-0.21895770450138499 0.0071679330691806799 1.035459575
-0.21907499999999999 2.68289497523206e-17 1.035459575
-0.21895770450138499 -0.0071679330691805203 1.035459575
-0.218605943608497 -0.014328190536093501 1.035459575
-0.21802009399571201 -0.021473105017698401 1.035459575
-0.217200783005468 -0.028595025560607699 1.035459575
-0.21614888797649501 -0.035686325833919397 1.035459575
-0.214865535304338 -0.042739412295683198 1.035459575
-0.213352099235182 -0.049746732324255298 1.035459575
-0.211610200394278 -0.056700782305834599 1.035459575
-0.20964170405053401 -0.063594115669521306 1.035459575
-0.20744871811914001 -0.070419350861290003 1.035459575
-0.20503359090436099 -0.077169179248344197 1.035459575
-0.20239890858491 -0.083836372945381904 1.035459575
-0.19954749244460701 -0.090413792554397701 1.035459575
-0.196482395851274 -0.096894394809727696 1.035459575
-0.19320690098711599 -0.103271240120155 1.035459575
-0.189724515334076 -0.1095375 1.035459575
-0.18603896791793501 -0.115686464381229 1.035459575
-0.18215420531518001 -0.121711548798769 1.035459575
-0.17807438742690801 -0.12760630144131399 1.035459575
-0.173803883024302 -0.13336441006008501 1.035459575
-0.16934726507044201 -0.13897970872815099 1.035459575
-0.164709305823457 -0.14444618444304699 1.035459575
-0.15989497172627801 -0.14975798356566 1.035459575
-0.154909418088443 -0.154909418088443 1.035459575
-0.149757983565661 -0.15989497172627801 1.035459575
-0.14444618444304799 -0.164709305823457 1.035459575
-0.13897970872815099 -0.16934726507044201 1.035459575
-0.13336441006008601 -0.173803883024302 1.035459575
-0.12760630144131399 -0.17807438742690801 1.035459575
-0.121711548798769 -0.18215420531518001 1.035459575
-0.115686464381229 -0.18603896791793501 1.035459575
-0.1095375 -0.189724515334076 1.035459575
-0.103271240120155 -0.19320690098711599 1.035459575
-0.096894394809727696 -0.196482395851274 1.035459575
-0.090413792554397895 -0.19954749244460701 1.035459575
-0.083836372945382195 -0.20239890858491 1.035459575
-0.077169179248344294 -0.20503359090436099 1.035459575
-0.070419350861290197 -0.20744871811914001 1.035459575
-0.063594115669521403 -0.20964170405053401 1.035459575
-0.056700782305834897 -0.211610200394278 1.035459575
-0.049746732324255402 -0.213352099235182 1.035459575
-0.042739412295683399 -0.214865535304338 1.035459575
-0.035686325833919598 -0.21614888797649501 1.035459575
-0.028595025560608001 -0.217200783005467 1.035459575
-0.021473105017698699 -0.21802009399571201 1.035459575
-0.0143281905360937 -0.218605943608497 1.035459575
-0.0071679330691806903 -0.21895770450138499 1.035459575
-4.0243424628481003e-17 -0.21907499999999999 1.035459575
0.0071679330691804101 -0.21895770450138499 1.035459575
0.0143281905360934 -0.218605943608497 1.035459575
0.021473105017698401 -0.21802009399571201 1.035459575
0.028595025560607699 -0.217200783005468 1.035459575
0.035686325833919501 -0.21614888797649501 1.035459575
0.0427394122956831 -0.214865535304338 1.035459575
0.049746732324255201 -0.213352099235182 1.035459575
0.056700782305834599 -0.211610200394278 1.035459575
0.063594115669521306 -0.20964170405053401 1.035459575
0.0704193508612901 -0.20744871811914001 1.035459575
0.0771691792483441 -0.20503359090436099 1.035459575
0.083836372945381904 -0.20239890858491 1.035459575
0.090413792554397701 -0.19954749244460701 1.035459575
0.096894394809727696 -0.196482395851274 1.035459575
0.103271240120155 -0.19320690098711599 1.035459575
0.1095375 -0.189724515334076 1.035459575
0.115686464381229 -0.18603896791793501 1.035459575
0.121711548798769 -0.18215420531518001 1.035459575
0.12760630144131399 -0.17807438742690801 1.035459575
0.13336441006008501 -0.173803883024302 1.035459575
0.13897970872815099 -0.16934726507044201 1.035459575
0.14444618444304699 -0.164709305823457 1.035459575
0.14975798356566 -0.15989497172627801 1.035459575
0.154909418088443 -0.154909418088443 1.035459575
0.15989497172627801 -0.149757983565661 1.035459575
0.164709305823457 -0.14444618444304799 1.035459575
0.16934726507044201 -0.13897970872815099 1.035459575
0.173803883024302 -0.13336441006008601 1.035459575
0.17807438742690801 -0.12760630144131399 1.035459575
0.18215420531518001 -0.12171154879877 1.035459575
0.18603896791793501 -0.11568646438122999 1.035459575
0.189724515334076 -0.1095375 1.035459575
0.19320690098711599 -0.103271240120155 1.035459575
0.196482395851274 -0.096894394809727905 1.035459575
0.19954749244460701 -0.090413792554398006 1.035459575
0.20239890858491 -0.083836372945382195 1.035459575
0.20503359090436099 -0.077169179248344294 1.035459575
0.20744871811914001 -0.070419350861290197 1.035459575
0.20964170405053401 -0.063594115669521598 1.035459575
0.211610200394278 -0.056700782305834897 1.035459575
0.213352099235182 -0.049746732324255402 1.035459575
0.214865535304338 -0.042739412295683399 1.035459575
0.21614888797649501 -0.035686325833919598 1.035459575
0.217200783005467 -0.028595025560608001 1.035459575
0.21802009399571201 -0.021473105017698699 1.035459575
0.218605943608497 -0.0143281905360937 1.035459575
0.21895770450138499 -0.0071679330691806998 1.035459575
0.21907499999999999 0 1.035459575
end
coil PF3_35 28094.974999999999 updown
0.21907499999999999 0 1.1442033250000001
0.21895770450138499 0.0071679330691806096 1.1442033250000001
0.218605943608497 0.014328190536093599 1.1442033250000001
0.21802009399571201 0.021473105017698502 1.1442033250000001
0.217200783005467 0.028595025560607799 1.1442033250000001
0.21614888797649501 0.035686325833919501 1.1442033250000001
0.214865535304338 0.042739412295683302 1.1442033250000001
0.213352099235182 0.049746732324255298 1.1442033250000001
0.211610200394278 0.056700782305834703 1.1442033250000001
0.20964170405053401 0.063594115669521306 1.1442033250000001
0.20744871811914001 0.0704193508612901 1.1442033250000001
0.20503359090436099 0.077169179248344197 1.1442033250000001
0.20239890858491 0.083836372945382001 1.1442033250000001
0.19954749244460701 0.090413792554397798 1.1442033250000001
0.196482395851274 0.096894394809727696 1.1442033250000001
0.19320690098711599 0.103271240120155 1.1442033250000001
0.189724515334076 0.1095375 1.1442033250000001
0.18603896791793501 0.115686464381229 1.1442033250000001
0.18215420531518001 0.121711548798769 1.1442033250000001
0.17807438742690801 0.12760630144131399 1.1442033250000001
0.173803883024302 0.13336441006008501 1.1442033250000001
0.16934726507044201 0.13897970872815099 1.1442033250000001
0.164709305823457 0.14444618444304799 1.1442033250000001
0.15989497172627801 0.149757983565661 1.1442033250000001
0.154909418088443 0.154909418088443 1.1442033250000001
0.149757983565661 0.15989497172627801 1.1442033250000001
0.14444618444304799 0.164709305823457 1.1442033250000001
0.13897970872815099 0.16934726507044201 1.1442033250000001
0.13336441006008601 0.173803883024302 1.1442033250000001
0.12760630144131399 0.17807438742690801 1.1442033250000001
0.121711548798769 0.18215420531518001 1.1442033250000001
0.115686464381229 0.18603896791793501 1.1442033250000001
0.1095375 0.189724515334076 1.1442033250000001
0.103271240120155 0.19320690098711599 1.1442033250000001
0.096894394809727696 0.196482395851274 1.1442033250000001
0.090413792554397798 0.19954749244460701 1.1442033250000001
0.083836372945382098 0.20239890858491 1.1442033250000001
0.077169179248344294 0.20503359090436099 1.1442033250000001
0.0704193508612901 0.20744871811914001 1.1442033250000001
0.063594115669521403 0.20964170405053401 1.1442033250000001
0.0567007823058348 0.211610200394278 1.1442033250000001
0.049746732324255402 0.213352099235182 1.1442033250000001
0.042739412295683302 0.214865535304338 1.1442033250000001
0.035686325833919501 0.21614888797649501 1.1442033250000001
0.028595025560607799 0.217200783005467 1.1442033250000001
0.021473105017698502 0.21802009399571201 1.1442033250000001
0.014328190536093599 0.218605943608497 1.1442033250000001
0.0071679330691806599 0.21895770450138499 1.1442033250000001
1.34144748761603e-17 0.21907499999999999 1.1442033250000001
-0.0071679330691805897 0.21895770450138499 1.1442033250000001
-0.014328190536093599 0.218605943608497 1.1442033250000001
-0.021473105017698401 0.21802009399571201 1.1442033250000001
-0.028595025560607799 0.217200783005467 1.1442033250000001
-0.035686325833919501 0.21614888797649501 1.1442033250000001
-0.042739412295683198 0.214865535304338 1.1442033250000001
-0.049746732324255298 0.213352099235182 1.1442033250000001
-0.056700782305834703 0.211610200394278 1.1442033250000001
-0.063594115669521306 0.20964170405053401 1.1442033250000001
-0.0704193508612901 0.20744871811914001 1.1442033250000001
-0.077169179248344197 0.20503359090436099 1.1442033250000001
-0.083836372945382001 0.20239890858491 1.1442033250000001
-0.090413792554397798 0.19954749244460701 1.1442033250000001
-0.096894394809727696 0.196482395851274 1.1442033250000001
-0.103271240120155 0.19320690098711599 1.1442033250000001
-0.1095375 0.189724515334076 1.1442033250000001
-0.115686464381229 0.18603896791793501 1.1442033250000001
-0.121711548798769 0.18215420531518001 1.1442033250000001
-0.12760630144131399 0.17807438742690801 1.1442033250000001
-0.13336441006008501 0.173803883024302 1.1442033250000001
-0.13897970872815099 0.16934726507044201 1.1442033250000001
-0.14444618444304799 0.164709305823457 1.1442033250000001
-0.14975798356566 0.15989497172627801 1.1442033250000001
-0.154909418088443 0.154909418088443 1.1442033250000001
-0.15989497172627801 0.149757983565661 1.1442033250000001
-0.164709305823457 0.14444618444304799 1.1442033250000001
-0.16934726507044201 0.13897970872815099 1.1442033250000001
-0.173803883024302 0.13336441006008601 1.1442033250000001
-0.17807438742690801 0.12760630144131399 1.1442033250000001
-0.18215420531518001 0.121711548798769 1.1442033250000001
-0.18603896791793501 0.115686464381229 1.1442033250000001
-0.189724515334076 0.1095375 1.1442033250000001
-0.19320690098711599 0.103271240120155 1.1442033250000001
-0.196482395851274 0.096894394809727794 1.1442033250000001
-0.19954749244460701 0.090413792554397798 1.1442033250000001
-0.20239890858491 0.083836372945382098 1.1442033250000001
-0.20503359090436099 0.077169179248344294 1.1442033250000001
-0.20744871811914001 0.070419350861290197 1.1442033250000001
-0.20964170405053401 0.063594115669521403 1.1442033250000001
-0.211610200394278 0.0567007823058348 1.1442033250000001
-0.213352099235182 0.049746732324255402 1.1442033250000001
-0.214865535304338 0.042739412295683399 1.1442033250000001
-0.21614888797649501 0.035686325833919598 1.1442033250000001
-0.217200783005467 0.0285950255606079 1.1442033250000001
-0.21802009399571201 0.021473105017698502 1.1442033250000001
-0.218605943608497 0.0143281905360937 1.1442033250000001
-0.21895770450138499 0.0071679330691806799 1.1442033250000001
-0.21907499999999999 2.68289497523206e-17 1.1442033250000001
-0.21895770450138499 -0.0071679330691805203 1.1442033250000001
-0.218605943608497 -0.014328190536093501 1.1442033250000001
-0.21802009399571201 -0.021473105017698401 1.1442033250000001
-0.217200783005468 -0.028595025560607699 1.1442033250000001
-0.21614888797649501 -0.035686325833919397 1.1442033250000001
-0.214865535304338 -0.042739412295683198 1.1442033250000001
-0.213352099235182 -0.049746732324255298 1.1442033250000001
-0.211610200394278 -0.056700782305834599 1.1442033250000001
-0.20964170405053401 -0.063594115669521306 1.1442033250000001
-0.20744871811914001 -0.070419350861290003 1.1442033250000001
-0.20503359090436099 -0.077169179248344197 1.1442033250000001
-0.20239890858491 -0.083836372945381904 1.1442033250000001
-0.19954749244460701 -0.090413792554397701 1.1442033250000001
-0.196482395851274 -0.096894394809727696 1.1442033250000001
-0.19320690098711599 -0.103271240120155 1.1442033250000001
-0.189724515334076 -0.1095375 1.1442033250000001
-0.18603896791793501 -0.115686464381229 1.1442033250000001
-0.18215420531518001 -0.121711548798769 1.1442033250000001
-0.17807438742690801 -0.12760630144131399 1.1442033250000001
-0.173803883024302 -0.13336441006008501 1.1442033250000001
-0.16934726507044201 -0.13897970872815099 1.1442033250000001
-0.164709305823457 -0.14444618444304699 1.1442033250000001
-0.15989497172627801 -0.14975798356566 1.1442033250000001
-0.154909418088443 -0.154909418088443 1.1442033250000001
-0.149757983565661 -0.15989497172627801 1.1442033250000001
-0.14444618444304799 -0.164709305823457 1.1442033250000001
-0.13897970872815099 -0.16934726507044201 1.1442033250000001
-0.13336441006008601 -0.173803883024302 1.1442033250000001
-0.12760630144131399 -0.17807438742690801 1.1442033250000001
-0.121711548798769 -0.18215420531518001 1.1442033250000001
-0.115686464381229 -0.18603896791793501 1.1442033250000001
-0.1095375 -0.189724515334076 1.1442033250000001
-0.103271240120155 -0.19320690098711599 1.1442033250000001
-0.096894394809727696 -0.196482395851274 1.1442033250000001
-0.090413792554397895 -0.19954749244460701 1.1442033250000001
-0.083836372945382195 -0.20239890858491 1.1442033250000001
-0.077169179248344294 -0.20503359090436099 1.1442033250000001
-0.070419350861290197 -0.20744871811914001 1.1442033250000001
-0.063594115669521403 -0.20964170405053401 1.1442033250000001
-0.056700782305834897 -0.211610200394278 1.1442033250000001
-0.049746732324255402 -0.213352099235182 1.1442033250000001
-0.042739412295683399 -0.214865535304338 1.1442033250000001
-0.035686325833919598 -0.21614888797649501 1.1442033250000001
-0.028595025560608001 -0.217200783005467 1.1442033250000001
-0.021473105017698699 -0.21802009399571201 1.1442033250000001
-0.0143281905360937 -0.218605943608497 1.1442033250000001
-0.0071679330691806903 -0.21895770450138499 1.1442033250000001
-4.0243424628481003e-17 -0.21907499999999999 1.1442033250000001
0.0071679330691804101 -0.21895770450138499 1.1442033250000001
0.0143281905360934 -0.218605943608497 1.1442033250000001
0.021473105017698401 -0.21802009399571201 1.1442033250000001
0.028595025560607699 -0.217200783005468 1.1442033250000001
0.035686325833919501 -0.21614888797649501 1.1442033250000001
0.0427394122956831 -0.214865535304338 1.1442033250000001
0.049746732324255201 -0.213352099235182 1.1442033250000001
0.056700782305834599 -0.211610200394278 1.1442033250000001
0.063594115669521306 -0.20964170405053401 1.1442033250000001
0.0704193508612901 -0.20744871811914001 1.1442033250000001
0.0771691792483441 -0.20503359090436099 1.1442033250000001
0.083836372945381904 -0.20239890858491 1.1442033250000001
0.090413792554397701 -0.19954749244460701 1.1442033250000001
0.096894394809727696 -0.196482395851274 1.1442033250000001
0.103271240120155 -0.19320690098711599 1.1442033250000001
0.1095375 -0.189724515334076 1.1442033250000001
0.115686464381229 -0.18603896791793501 1.1442033250000001
0.121711548798769 -0.18215420531518001 1.1442033250000001
0.12760630144131399 -0.17807438742690801 1.1442033250000001
0.13336441006008501 -0.173803883024302 1.1442033250000001
0.13897970872815099 -0.16934726507044201 1.1442033250000001
0.14444618444304699 -0.164709305823457 1.1442033250000001
0.14975798356566 -0.15989497172627801 1.1442033250000001
0.154909418088443 -0.154909418088443 1.1442033250000001
0.15989497172627801 -0.149757983565661 1.1442033250000001
0.164709305823457 -0.14444618444304799 1.1442033250000001
0.16934726507044201 -0.13897970872815099 1.1442033250000001
0.173803883024302 -0.13336441006008601 1.1442033250000001
0.17807438742690801 -0.12760630144131399 1.1442033250000001
0.18215420531518001 -0.12171154879877 1.1442033250000001
0.18603896791793501 -0.11568646438122999 1.1442033250000001
0.189724515334076 -0.1095375 1.1442033250000001
0.19320690098711599 -0.103271240120155 1.1442033250000001
0.196482395851274 -0.096894394809727905 1.1442033250000001
0.19954749244460701 -0.090413792554398006 1.1442033250000001
0.20239890858491 -0.083836372945382195 1.1442033250000001
0.20503359090436099 -0.077169179248344294 1.1442033250000001
0.20744871811914001 -0.070419350861290197 1.1442033250000001
0.20964170405053401 -0.063594115669521598 1.1442033250000001
0.211610200394278 -0.056700782305834897 1.1442033250000001
0.213352099235182 -0.049746732324255402 1.1442033250000001
0.214865535304338 -0.042739412295683399 1.1442033250000001
0.21614888797649501 -0.035686325833919598 1.1442033250000001
0.217200783005467 -0.028595025560608001 1.1442033250000001
0.21802009399571201 -0.021473105017698699 1.1442033250000001
0.218605943608497 -0.0143281905360937 1.1442033250000001
0.21895770450138499 -0.0071679330691806998 1.1442033250000001
0.21907499999999999 0 1.1442033250000001
end
coil PF3_36 28094.974999999999 updown
0.21907499999999999 0 1.252947075
0.21895770450138499 0.0071679330691806096 1.252947075
0.218605943608497 0.014328190536093599 1.252947075
0.21802009399571201 0.021473105017698502 1.252947075
0.217200783005467 0.028595025560607799 1.252947075
0.21614888797649501 0.035686325833919501 1.252947075
0.214865535304338 0.042739412295683302 1.252947075
0.213352099235182 0.049746732324255298 1.252947075
0.211610200394278 0.056700782305834703 1.252947075
0.20964170405053401 0.063594115669521306 1.252947075
0.20744871811914001 0.0704193508612901 1.252947075
0.20503359090436099 0.077169179248344197 1.252947075
0.20239890858491 0.083836372945382001 1.252947075
0.19954749244460701 0.090413792554397798 1.252947075
0.196482395851274 0.096894394809727696 1.252947075
0.19320690098711599 0.103271240120155 1.252947075
0.189724515334076 0.1095375 1.252947075
0.18603896791793501 0.115686464381229 1.252947075
0.18215420531518001 0.121711548798769 1.252947075
0.17807438742690801 0.12760630144131399 1.252947075
0.173803883024302 0.13336441006008501 1.252947075
0.16934726507044201 0.13897970872815099 1.252947075
0.164709305823457 0.14444618444304799 1.252947075
0.15989497172627801 0.149757983565661 1.252947075
0.154909418088443 0.154909418088443 1.252947075
0.149757983565661 0.15989497172627801 1.252947075
0.14444618444304799 0.164709305823457 1.252947075
0.13897970872815099 0.16934726507044201 1.252947075
0.13336441006008601 0.173803883024302 1.252947075
0.12760630144131399 0.17807438742690801 1.252947075
0.121711548798769 0.18215420531518001 1.252947075
0.115686464381229 0.18603896791793501 1.252947075
0.1095375 0.189724515334076 1.252947075
0.103271240120155 0.19320690098711599 1.252947075
0.096894394809727696 0.196482395851274 1.252947075
0.090413792554397798 0.19954749244460701 1.252947075
0.083836372945382098 0.20239890858491 1.252947075
0.077169179248344294 0.20503359090436099 1.252947075
0.0704193508612901 0.20744871811914001 1.252947075
0.063594115669521403 0.20964170405053401 1.252947075
0.0567007823058348 0.211610200394278 1.252947075
0.049746732324255402 0.213352099235182 1.252947075
0.042739412295683302 0.214865535304338 1.252947075
0.035686325833919501 0.21614888797649501 1.252947075
0.028595025560607799 0.217200783005467 1.252947075
0.021473105017698502 0.21802009399571201 1.252947075
0.014328190536093599 0.218605943608497 1.252947075
0.0071679330691806599 0.21895770450138499 1.252947075
1.34144748761603e-17 0.21907499999999999 1.252947075
-0.0071679330691805897 0.21895770450138499 1.252947075
-0.014328190536093599 0.218605943608497 1.252947075
-0.021473105017698401 0.21802009399571201 1.252947075
-0.028595025560607799 0.217200783005467 1.252947075
-0.035686325833919501 0.21614888797649501 1.252947075
-0.042739412295683198 0.214865535304338 1.252947075
-0.049746732324255298 0.213352099235182 1.252947075
-0.056700782305834703 0.211610200394278 1.252947075
-0.063594115669521306 0.20964170405053401 1.252947075
-0.0704193508612901 0.20744871811914001 1.252947075
-0.077169179248344197 0.20503359090436099 1.252947075
-0.083836372945382001 0.20239890858491 1.252947075
-0.090413792554397798 0.19954749244460701 1.252947075
-0.096894394809727696 0.196482395851274 1.252947075
-0.103271240120155 0.19320690098711599 1.252947075
-0.1095375 0.189724515334076 1.252947075
-0.115686464381229 0.18603896791793501 1.252947075
-0.121711548798769 0.18215420531518001 1.252947075
-0.12760630144131399 0.17807438742690801 1.252947075
-0.13336441006008501 0.173803883024302 1.252947075
-0.13897970872815099 0.16934726507044201 1.252947075
-0.14444618444304799 0.164709305823457 1.252947075
-0.14975798356566 0.15989497172627801 1.252947075
-0.154909418088443 0.154909418088443 1.252947075
-0.15989497172627801 0.149757983565661 1.252947075
-0.164709305823457 0.14444618444304799 1.252947075
-0.16934726507044201 0.13897970872815099 1.252947075
-0.173803883024302 0.13336441006008601 1.252947075
-0.17807438742690801 0.12760630144131399 1.252947075
-0.18215420531518001 0.121711548798769 1.252947075
-0.18603896791793501 0.115686464381229 1.252947075
-0.189724515334076 0.1095375 1.252947075
-0.19320690098711599 0.103271240120155 1.252947075
-0.196482395851274 0.096894394809727794 1.252947075
-0.19954749244460701 0.090413792554397798 1.252947075
-0.20239890858491 0.083836372945382098 1.252947075
-0.20503359090436099 0.077169179248344294 1.252947075
-0.20744871811914001 0.070419350861290197 1.252947075
-0.20964170405053401 0.063594115669521403 1.252947075
-0.211610200394278 0.0567007823058348 1.252947075
-0.213352099235182 0.049746732324255402 1.252947075
-0.214865535304338 0.042739412295683399 1.252947075
-0.21614888797649501 0.035686325833919598 1.252947075
-0.217200783005467 0.0285950255606079 1.252947075
-0.21802009399571201 0.021473105017698502 1.252947075
-0.218605943608497 0.0143281905360937 1.252947075
-0.21895770450138499 0.0071679330691806799 1.252947075
-0.21907499999999999 2.68289497523206e-17 1.252947075
-0.21895770450138499 -0.0071679330691805203 1.252947075
-0.218605943608497 -0.014328190536093501 1.252947075
-0.21802009399571201 -0.021473105017698401 1.252947075
-0.217200783005468 -0.028595025560607699 1.252947075
-0.21614888797649501 -0.035686325833919397 1.252947075
-0.214865535304338 -0.042739412295683198 1.252947075
-0.213352099235182 -0.049746732324255298 1.252947075
-0.211610200394278 -0.056700782305834599 1.252947075
-0.20964170405053401 -0.063594115669521306 1.252947075
-0.20744871811914001 -0.070419350861290003 1.252947075
-0.20503359090436099 -0.077169179248344197 1.252947075
-0.20239890858491 -0.083836372945381904 1.252947075
-0.19954749244460701 -0.090413792554397701 1.252947075
-0.196482395851274 -0.096894394809727696 1.252947075
-0.19320690098711599 -0.103271240120155 1.252947075
-0.189724515334076 -0.1095375 1.252947075
-0.18603896791793501 -0.115686464381229 1.252947075
-0.18215420531518001 -0.121711548798769 1.252947075
-0.17807438742690801 -0.12760630144131399 1.252947075
-0.173803883024302 -0.13336441006008501 1.252947075
-0.16934726507044201 -0.13897970872815099 1.252947075
-0.164709305823457 -0.14444618444304699 1.252947075
-0.15989497172627801 -0.14975798356566 1.252947075
-0.154909418088443 -0.154909418088443 1.252947075
-0.149757983565661 -0.15989497172627801 1.252947075
-0.14444618444304799 -0.164709305823457 1.252947075
-0.13897970872815099 -0.16934726507044201 1.252947075
-0.13336441006008601 -0.173803883024302 1.252947075
-0.12760630144131399 -0.17807438742690801 1.252947075
-0.121711548798769 -0.18215420531518001 1.252947075
-0.115686464381229 -0.18603896791793501 1.252947075
-0.1095375 -0.189724515334076 1.252947075
-0.103271240120155 -0.19320690098711599 1.252947075
-0.096894394809727696 -0.196482395851274 1.252947075
-0.090413792554397895 -0.19954749244460701 1.252947075
-0.083836372945382195 -0.20239890858491 1.252947075
-0.077169179248344294 -0.20503359090436099 1.252947075
-0.070419350861290197 -0.20744871811914001 1.252947075
-0.063594115669521403 -0.20964170405053401 1.252947075
-0.056700782305834897 -0.211610200394278 1.252947075
-0.049746732324255402 -0.213352099235182 1.252947075
-0.042739412295683399 -0.214865535304338 1.252947075
-0.035686325833919598 -0.21614888797649501 1.252947075
-0.028595025560608001 -0.217200783005467 1.252947075
-0.021473105017698699 -0.21802009399571201 1.252947075
-0.0143281905360937 -0.218605943608497 1.252947075
-0.0071679330691806903 -0.21895770450138499 1.252947075
-4.0243424628481003e-17 -0.21907499999999999 1.252947075
0.0071679330691804101 -0.21895770450138499 1.252947075
0.0143281905360934 -0.218605943608497 1.252947075
0.021473105017698401 -0.21802009399571201 1.252947075
0.028595025560607699 -0.217200783005468 1.252947075
0.035686325833919501 -0.21614888797649501 1.252947075
0.0427394122956831 -0.214865535304338 1.252947075
0.049746732324255201 -0.213352099235182 1.252947075
0.056700782305834599 -0.211610200394278 1.252947075
0.063594115669521306 -0.20964170405053401 1.252947075
0.0704193508612901 -0.20744871811914001 1.252947075
0.0771691792483441 -0.20503359090436099 1.252947075
0.083836372945381904 -0.20239890858491 1.252947075
0.090413792554397701 -0.19954749244460701 1.252947075
0.096894394809727696 -0.196482395851274 1.252947075
0.103271240120155 -0.19320690098711599 1.252947075
0.1095375 -0.189724515334076 1.252947075
0.115686464381229 -0.18603896791793501 1.252947075
0.121711548798769 -0.18215420531518001 1.252947075
0.12760630144131399 -0.17807438742690801 1.252947075
0.13336441006008501 -0.173803883024302 1.252947075
0.13897970872815099 -0.16934726507044201 1.252947075
0.14444618444304699 -0.164709305823457 1.252947075
0.14975798356566 -0.15989497172627801 1.252947075
0.154909418088443 -0.154909418088443 1.252947075
0.15989497172627801 -0.149757983565661 1.252947075
0.164709305823457 -0.14444618444304799 1.252947075
0.16934726507044201 -0.13897970872815099 1.252947075
0.173803883024302 -0.13336441006008601 1.252947075
0.17807438742690801 -0.12760630144131399 1.252947075
0.18215420531518001 -0.12171154879877 1.252947075
0.18603896791793501 -0.11568646438122999 1.252947075
0.189724515334076 -0.1095375 1.252947075
0.19320690098711599 -0.103271240120155 1.252947075
0.196482395851274 -0.096894394809727905 1.252947075
0.19954749244460701 -0.090413792554398006 1.252947075
0.20239890858491 -0.083836372945382195 1.252947075
0.20503359090436099 -0.077169179248344294 1.252947075
0.20744871811914001 -0.070419350861290197 1.252947075
0.20964170405053401 -0.063594115669521598 1.252947075
0.211610200394278 -0.056700782305834897 1.252947075
0.213352099235182 -0.049746732324255402 1.252947075
0.214865535304338 -0.042739412295683399 1.252947075
0.21614888797649501 -0.035686325833919598 1.252947075
0.217200783005467 -0.028595025560608001 1.252947075
0.21802009399571201 -0.021473105017698699 1.252947075
0.218605943608497 -0.0143281905360937 1.252947075
0.21895770450138499 -0.0071679330691806998 1.252947075
0.21907499999999999 0 1.252947075
end
coil PF3_37 28094.974999999999 updown
0.21907499999999999 0 1.3616908249999999
0.21895770450138499 0.0071679330691806096 1.3616908249999999
0.218605943608497 0.014328190536093599 1.3616908249999999
0.21802009399571201 0.021473105017698502 1.3616908249999999
0.217200783005467 0.028595025560607799 1.3616908249999999
0.21614888797649501 0.035686325833919501 1.3616908249999999
0.214865535304338 0.042739412295683302 1.3616908249999999
0.213352099235182 0.049746732324255298 1.3616908249999999
0.211610200394278 0.056700782305834703 1.3616908249999999
0.20964170405053401 0.063594115669521306 1.3616908249999999
0.20744871811914001 0.0704193508612901 1.3616908249999999
0.20503359090436099 0.077169179248344197 1.3616908249999999
0.20239890858491 0.083836372945382001 1.3616908249999999
0.19954749244460701 0.090413792554397798 1.3616908249999999
0.196482395851274 0.096894394809727696 1.3616908249999999
0.19320690098711599 0.103271240120155 1.3616908249999999
0.189724515334076 0.1095375 1.3616908249999999
0.18603896791793501 0.115686464381229 1.3616908249999999
0.18215420531518001 0.121711548798769 1.3616908249999999
0.17807438742690801 0.12760630144131399 1.3616908249999999
0.173803883024302 0.13336441006008501 1.3616908249999999
0.16934726507044201 0.13897970872815099 1.3616908249999999
0.164709305823457 0.14444618444304799 1.3616908249999999
0.15989497172627801 0.149757983565661 1.3616908249999999
0.154909418088443 0.154909418088443 1.3616908249999999
0.149757983565661 0.15989497172627801 1.3616908249999999
0.14444618444304799 0.164709305823457 1.3616908249999999
0.13897970872815099 0.16934726507044201 1.3616908249999999
0.13336441006008601 0.173803883024302 1.3616908249999999
0.12760630144131399 0.17807438742690801 1.3616908249999999
0.121711548798769 0.18215420531518001 1.3616908249999999
0.115686464381229 0.18603896791793501 1.3616908249999999
0.1095375 0.189724515334076 1.3616908249999999
0.103271240120155 0.19320690098711599 1.3616908249999999
0.096894394809727696 0.196482395851274 1.3616908249999999
0.090413792554397798 0.19954749244460701 1.3616908249999999
0.083836372945382098 0.20239890858491 1.3616908249999999
0.077169179248344294 0.20503359090436099 1.3616908249999999
0.0704193508612901 0.20744871811914001 1.3616908249999999
0.063594115669521403 0.20964170405053401 1.3616908249999999
0.0567007823058348 0.211610200394278 1.3616908249999999
0.049746732324255402 0.213352099235182 1.3616908249999999
0.042739412295683302 0.214865535304338 1.3616908249999999
0.035686325833919501 0.21614888797649501 1.3616908249999999
0.028595025560607799 0.217200783005467 1.3616908249999999
0.021473105017698502 0.21802009399571201 1.3616908249999999
0.014328190536093599 0.218605943608497 1.3616908249999999
0.0071679330691806599 0.21895770450138499 1.3616908249999999
1.34144748761603e-17 0.21907499999999999 1.3616908249999999
-0.0071679330691805897 0.21895770450138499 1.3616908249999999
-0.014328190536093599 0.218605943608497 1.3616908249999999
-0.021473105017698401 0.21802009399571201 1.3616908249999999
-0.028595025560607799 0.217200783005467 1.3616908249999999
-0.035686325833919501 0.21614888797649501 1.3616908249999999
-0.042739412295683198 0.214865535304338 1.3616908249999999
-0.049746732324255298 0.213352099235182 1.3616908249999999
-0.056700782305834703 0.211610200394278 1.3616908249999999
-0.063594115669521306 0.20964170405053401 1.3616908249999999
-0.0704193508612901 0.20744871811914001 1.3616908249999999
-0.077169179248344197 0.20503359090436099 1.3616908249999999
-0.083836372945382001 0.20239890858491 1.3616908249999999
-0.090413792554397798 0.19954749244460701 1.3616908249999999
-0.096894394809727696 0.196482395851274 1.3616908249999999
-0.103271240120155 0.19320690098711599 1.3616908249999999
-0.1095375 0.189724515334076 1.3616908249999999
-0.115686464381229 0.18603896791793501 1.3616908249999999
-0.121711548798769 0.18215420531518001 1.3616908249999999
-0.12760630144131399 0.17807438742690801 1.3616908249999999
-0.13336441006008501 0.173803883024302 1.3616908249999999
-0.13897970872815099 0.16934726507044201 1.3616908249999999
-0.14444618444304799 0.164709305823457 1.3616908249999999
-0.14975798356566 0.15989497172627801 1.3616908249999999
-0.154909418088443 0.154909418088443 1.3616908249999999
-0.15989497172627801 0.149757983565661 1.3616908249999999
-0.164709305823457 0.14444618444304799 1.3616908249999999
-0.16934726507044201 0.13897970872815099 1.3616908249999999
-0.173803883024302 0.13336441006008601 1.3616908249999999
-0.17807438742690801 0.12760630144131399 1.3616908249999999
-0.18215420531518001 0.121711548798769 1.3616908249999999
-0.18603896791793501 0.115686464381229 1.3616908249999999
-0.189724515334076 0.1095375 1.3616908249999999
-0.19320690098711599 0.103271240120155 1.3616908249999999
-0.196482395851274 0.096894394809727794 1.3616908249999999
-0.19954749244460701 0.090413792554397798 1.3616908249999999
-0.20239890858491 0.083836372945382098 1.3616908249999999
-0.20503359090436099 0.077169179248344294 1.3616908249999999
-0.20744871811914001 0.070419350861290197 1.3616908249999999
-0.20964170405053401 0.063594115669521403 1.3616908249999999
-0.211610200394278 0.0567007823058348 1.3616908249999999
-0.213352099235182 0.049746732324255402 1.3616908249999999
-0.214865535304338 0.042739412295683399 1.3616908249999999
-0.21614888797649501 0.035686325833919598 1.3616908249999999
-0.217200783005467 0.0285950255606079 1.3616908249999999
-0.21802009399571201 0.021473105017698502 1.3616908249999999
-0.218605943608497 0.0143281905360937 1.3616908249999999
-0.21895770450138499 0.0071679330691806799 1.3616908249999999
-0.21907499999999999 2.68289497523206e-17 1.3616908249999999
-0.21895770450138499 -0.0071679330691805203 1.3616908249999999
-0.218605943608497 -0.014328190536093501 1.3616908249999999
-0.21802009399571201 -0.021473105017698401 1.3616908249999999
-0.217200783005468 -0.028595025560607699 1.3616908249999999
-0.21614888797649501 -0.035686325833919397 1.3616908249999999
-0.214865535304338 -0.042739412295683198 1.3616908249999999
-0.213352099235182 -0.049746732324255298 1.3616908249999999
-0.211610200394278 -0.056700782305834599 1.3616908249999999
-0.20964170405053401 -0.063594115669521306 1.3616908249999999
-0.20744871811914001 -0.070419350861290003 1.3616908249999999
-0.20503359090436099 -0.077169179248344197 1.3616908249999999
-0.20239890858491 -0.083836372945381904 1.3616908249999999
-0.19954749244460701 -0.090413792554397701 1.3616908249999999
-0.196482395851274 -0.096894394809727696 1.3616908249999999
-0.19320690098711599 -0.103271240120155 1.3616908249999999
-0.189724515334076 -0.1095375 1.3616908249999999
-0.18603896791793501 -0.115686464381229 1.3616908249999999
-0.18215420531518001 -0.121711548798769 1.3616908249999999
-0.17807438742690801 -0.12760630144131399 1.3616908249999999
-0.173803883024302 -0.13336441006008501 1.3616908249999999
-0.16934726507044201 -0.13897970872815099 1.3616908249999999
-0.164709305823457 -0.14444618444304699 1.3616908249999999
-0.15989497172627801 -0.14975798356566 1.3616908249999999
-0.154909418088443 -0.154909418088443 1.3616908249999999
-0.149757983565661 -0.15989497172627801 1.3616908249999999
-0.14444618444304799 -0.164709305823457 1.3616908249999999
-0.13897970872815099 -0.16934726507044201 1.3616908249999999
-0.13336441006008601 -0.173803883024302 1.3616908249999999
-0.12760630144131399 -0.17807438742690801 1.3616908249999999
-0.121711548798769 -0.18215420531518001 1.3616908249999999
-0.115686464381229 -0.18603896791793501 1.3616908249999999
-0.1095375 -0.189724515334076 1.3616908249999999
-0.103271240120155 -0.19320690098711599 1.3616908249999999
-0.096894394809727696 -0.196482395851274 1.3616908249999999
-0.090413792554397895 -0.19954749244460701 1.3616908249999999
-0.083836372945382195 -0.20239890858491 1.3616908249999999
-0.077169179248344294 -0.20503359090436099 1.3616908249999999
-0.070419350861290197 -0.20744871811914001 1.3616908249999999
-0.063594115669521403 -0.20964170405053401 1.3616908249999999
-0.056700782305834897 -0.211610200394278 1.3616908249999999
-0.049746732324255402 -0.213352099235182 1.3616908249999999
-0.042739412295683399 -0.214865535304338 1.3616908249999999
-0.035686325833919598 -0.21614888797649501 1.3616908249999999
-0.028595025560608001 -0.217200783005467 1.3616908249999999
-0.021473105017698699 -0.21802009399571201 1.3616908249999999
-0.0143281905360937 -0.218605943608497 1.3616908249999999
-0.0071679330691806903 -0.21895770450138499 1.3616908249999999
-4.0243424628481003e-17 -0.21907499999999999 1.3616908249999999
0.0071679330691804101 -0.21895770450138499 1.3616908249999999
0.0143281905360934 -0.218605943608497 1.3616908249999999
0.021473105017698401 -0.21802009399571201 1.3616908249999999
0.028595025560607699 -0.217200783005468 1.3616908249999999
0.035686325833919501 -0.21614888797649501 1.3616908249999999
0.0427394122956831 -0.214865535304338 1.3616908249999999
0.049746732324255201 -0.213352099235182 1.3616908249999999
0.056700782305834599 -0.211610200394278 1.3616908249999999
0.063594115669521306 -0.20964170405053401 1.3616908249999999
0.0704193508612901 -0.20744871811914001 1.3616908249999999
0.0771691792483441 -0.20503359090436099 1.3616908249999999
0.083836372945381904 -0.20239890858491 1.3616908249999999
0.090413792554397701 -0.19954749244460701 1.3616908249999999
0.096894394809727696 -0.196482395851274 1.3616908249999999
0.103271240120155 -0.19320690098711599 1.3616908249999999
0.1095375 -0.189724515334076 1.3616908249999999
0.115686464381229 -0.18603896791793501 1.3616908249999999
0.121711548798769 -0.18215420531518001 1.3616908249999999
0.12760630144131399 -0.17807438742690801 1.3616908249999999
0.13336441006008501 -0.173803883024302 1.3616908249999999
0.13897970872815099 -0.16934726507044201 1.3616908249999999
0.14444618444304699 -0.164709305823457 1.3616908249999999
0.14975798356566 -0.15989497172627801 1.3616908249999999
0.154909418088443 -0.154909418088443 1.3616908249999999
0.15989497172627801 -0.149757983565661 1.3616908249999999
0.164709305823457 -0.14444618444304799 1.3616908249999999
0.16934726507044201 -0.13897970872815099 1.3616908249999999
0.173803883024302 -0.13336441006008601 1.3616908249999999
0.17807438742690801 -0.12760630144131399 1.3616908249999999
0.18215420531518001 -0.12171154879877 1.3616908249999999
0.18603896791793501 -0.11568646438122999 1.3616908249999999
0.189724515334076 -0.1095375 1.3616908249999999
0.19320690098711599 -0.103271240120155 1.3616908249999999
0.196482395851274 -0.096894394809727905 1.3616908249999999
0.19954749244460701 -0.090413792554398006 1.3616908249999999
0.20239890858491 -0.083836372945382195 1.3616908249999999
0.20503359090436099 -0.077169179248344294 1.3616908249999999
0.20744871811914001 -0.070419350861290197 1.3616908249999999
0.20964170405053401 -0.063594115669521598 1.3616908249999999
0.211610200394278 -0.056700782305834897 1.3616908249999999
0.213352099235182 -0.049746732324255402 1.3616908249999999
0.214865535304338 -0.042739412295683399 1.3616908249999999
0.21614888797649501 -0.035686325833919598 1.3616908249999999
0.217200783005467 -0.028595025560608001 1.3616908249999999
0.21802009399571201 -0.021473105017698699 1.3616908249999999
0.218605943608497 -0.0143281905360937 1.3616908249999999
0.21895770450138499 -0.0071679330691806998 1.3616908249999999
0.21907499999999999 0 1.3616908249999999
end
coil PF4_42 -54804.949999999997 updown
0.47062389999999998 0 1.49505246666667
0.47037192207001799 0.0153983823620073 1.49505246666667
0.46961625810435198 0.030780275750493899 1.49505246666667
0.46835771728690301 0.0461292088487451 1.49505246666667
0.46659764729470199 0.061428745634750301 1.49505246666667
0.46433793285478098 0.076662502981307598 1.49505246666667
0.46158099372596201 0.091814168199486207 1.49505246666667
0.45832978210771802 0.106867516506663 1.49505246666667
0.45458777947888401 0.12180642840042399 1.49505246666667
0.45035899286960102 0.13661490691973599 1.49505246666667
0.445647950570492 0.15127709477488899 1.49505246666667
0.44045969728364698 0.165777291327878 1.49505246666667
0.43479978872063901 0.180099969405045 1.49505246666667
0.428674285653321 0.19422979192396 1.49505246666667
0.42208974742380601 0.20815162831675799 1.49505246666667
0.41505322492055402 0.221850570732325 1.49505246666667
0.40757225302810701 0.23531194999999999 1.49505246666667
0.399654842558546 0.24852135133769401 1.49505246666667
0.39130947167331198 0.26146462978759399 1.49505246666667
0.382545076804576 0.274127925362943 1.49505246666667
0.37337104308588798 0.28649767788965702 1.49505246666667
0.36379719430233898 0.29856064152690298 1.49505246666667
0.35383378237100599 0.31030389895107302 1.49505246666667
0.34349147636293897 0.32171487518798098 1.49505246666667
0.33278135107846002 0.33278135107846002 1.49505246666667
0.32171487518798197 0.34349147636293897 1.49505246666667
0.31030389895107302 0.35383378237100499 1.49505246666667
0.29856064152690298 0.36379719430233898 1.49505246666667
0.28649767788965702 0.37337104308588798 1.49505246666667
0.274127925362943 0.382545076804576 1.49505246666667
0.26146462978759399 0.39130947167331198 1.49505246666667
0.24852135133769401 0.399654842558546 1.49505246666667
0.23531194999999999 0.40757225302810701 1.49505246666667
0.221850570732325 0.41505322492055402 1.49505246666667
0.20815162831675799 0.42208974742380601 1.49505246666667
0.194229791923961 0.428674285653321 1.49505246666667
0.180099969405045 0.43479978872063901 1.49505246666667
0.165777291327878 0.44045969728364698 1.49505246666667
0.15127709477488899 0.445647950570492 1.49505246666667
0.13661490691973599 0.45035899286960102 1.49505246666667
0.12180642840042399 0.45458777947888401 1.49505246666667
0.106867516506663 0.45832978210771802 1.49505246666667
0.091814168199486207 0.46158099372596201 1.49505246666667
0.076662502981307598 0.46433793285478098 1.49505246666667
0.061428745634750398 0.46659764729470199 1.49505246666667
0.046129208848745197 0.46835771728690301 1.49505246666667
0.030780275750494 0.46961625810435198 1.49505246666667
0.0153983823620074 0.47037192207001799 1.49505246666667
2.8817402636862201e-17 0.47062389999999998 1.49505246666667
-0.015398382362007201 0.47037192207001799 1.49505246666667
-0.030780275750493899 0.46961625810435198 1.49505246666667
-0.046129208848745003 0.46835771728690301 1.49505246666667
-0.061428745634750197 0.46659764729470199 1.49505246666667
-0.076662502981307501 0.46433793285478098 1.49505246666667
-0.091814168199485999 0.46158099372596201 1.49505246666667
-0.106867516506662 0.45832978210771802 1.49505246666667
-0.12180642840042399 0.45458777947888401 1.49505246666667
-0.13661490691973599 0.45035899286960102 1.49505246666667
-0.15127709477488799 0.445647950570492 1.49505246666667
-0.165777291327878 0.44045969728364698 1.49505246666667
-0.180099969405045 0.43479978872063901 1.49505246666667
-0.19422979192396 0.428674285653321 1.49505246666667
-0.20815162831675799 0.42208974742380601 1.49505246666667
-0.221850570732324 0.41505322492055402 1.49505246666667
-0.23531194999999999 0.40757225302810701 1.49505246666667
-0.24852135133769401 0.399654842558546 1.49505246666667
-0.26146462978759399 0.39130947167331198 1.49505246666667
-0.274127925362943 0.382545076804576 1.49505246666667
-0.28649767788965702 0.37337104308588798 1.49505246666667
-0.29856064152690298 0.36379719430233898 1.49505246666667
-0.31030389895107302 0.35383378237100599 1.49505246666667
-0.32171487518798098 0.34349147636293897 1.49505246666667
-0.33278135107846002 0.33278135107846002 1.49505246666667
-0.34349147636293897 0.32171487518798197 1.49505246666667
-0.35383378237100499 0.31030389895107302 1.49505246666667
-0.36379719430233898 0.29856064152690298 1.49505246666667
-0.37337104308588798 0.28649767788965702 1.49505246666667
-0.382545076804576 0.274127925362943 1.49505246666667
-0.39130947167331198 0.26146462978759399 1.49505246666667
-0.399654842558546 0.24852135133769401 1.49505246666667
-0.40757225302810701 0.23531194999999999 1.49505246666667
-0.41505322492055402 0.221850570732325 1.49505246666667
-0.42208974742380601 0.20815162831675799 1.49505246666667
-0.428674285653321 0.194229791923961 1.49505246666667
-0.43479978872063901 0.180099969405045 1.49505246666667
-0.44045969728364698 0.165777291327878 1.49505246666667
-0.445647950570492 0.15127709477488899 1.49505246666667
-0.45035899286960102 0.13661490691973699 1.49505246666667
-0.45458777947888401 0.12180642840042399 1.49505246666667
-0.45832978210771802 0.106867516506663 1.49505246666667
-0.46158099372596201 0.091814168199486304 1.49505246666667
-0.46433793285478098 0.076662502981307695 1.49505246666667
-0.46659764729470199 0.061428745634750502 1.49505246666667
-0.46835771728690301 0.046129208848745197 1.49505246666667
-0.46961625810435198 0.030780275750494201 1.49505246666667
-0.47037192207001799 0.0153983823620074 1.49505246666667
-0.47062389999999998 5.7634805273724402e-17 1.49505246666667
-0.47037192207001799 -0.0153983823620071 1.49505246666667
-0.46961625810435198 -0.030780275750493798 1.49505246666667
-0.46835771728690301 -0.046129208848744899 1.49505246666667
-0.46659764729470199 -0.061428745634750197 1.49505246666667
-0.46433793285478098 -0.076662502981307307 1.49505246666667
-0.46158099372596201 -0.091814168199485999 1.49505246666667
-0.45832978210771802 -0.106867516506662 1.49505246666667
-0.45458777947888401 -0.12180642840042399 1.49505246666667
-0.45035899286960202 -0.13661490691973599 1.49505246666667
-0.445647950570492 -0.15127709477488799 1.49505246666667
-0.44045969728364698 -0.165777291327878 1.49505246666667
-0.43479978872063901 -0.180099969405044 1.49505246666667
-0.428674285653321 -0.19422979192396 1.49505246666667
-0.42208974742380601 -0.20815162831675799 1.49505246666667
-0.41505322492055402 -0.221850570732324 1.49505246666667
-0.40757225302810701 -0.23531194999999999 1.49505246666667
-0.399654842558547 -0.24852135133769401 1.49505246666667
-0.39130947167331198 -0.26146462978759399 1.49505246666667
-0.382545076804576 -0.274127925362943 1.49505246666667
-0.37337104308588798 -0.28649767788965702 1.49505246666667
-0.36379719430233898 -0.29856064152690298 1.49505246666667
-0.35383378237100599 -0.31030389895107302 1.49505246666667
-0.34349147636293897 -0.32171487518798098 1.49505246666667
-0.33278135107846002 -0.33278135107845902 1.49505246666667
-0.32171487518798197 -0.34349147636293897 1.49505246666667
-0.31030389895107302 -0.35383378237100499 1.49505246666667
-0.29856064152690298 -0.36379719430233898 1.49505246666667
-0.28649767788965702 -0.37337104308588798 1.49505246666667
-0.274127925362943 -0.382545076804576 1.49505246666667
-0.26146462978759399 -0.39130947167331198 1.49505246666667
-0.24852135133769401 -0.399654842558546 1.49505246666667
-0.23531194999999999 -0.40757225302810701 1.49505246666667
-0.221850570732325 -0.41505322492055402 1.49505246666667
-0.20815162831675799 -0.42208974742380601 1.49505246666667
-0.194229791923961 -0.428674285653321 1.49505246666667
-0.180099969405045 -0.43479978872063801 1.49505246666667
-0.165777291327878 -0.44045969728364698 1.49505246666667
-0.15127709477488899 -0.445647950570492 1.49505246666667
-0.13661490691973599 -0.45035899286960102 1.49505246666667
-0.12180642840042499 -0.45458777947888401 1.49505246666667
-0.106867516506663 -0.45832978210771802 1.49505246666667
-0.091814168199486304 -0.46158099372596201 1.49505246666667
-0.076662502981307695 -0.46433793285478098 1.49505246666667
-0.0614287456347508 -0.46659764729470199 1.49505246666667
-0.046129208848745398 -0.46835771728690301 1.49505246666667
-0.030780275750494201 -0.46961625810435198 1.49505246666667
-0.015398382362007501 -0.47037192207001799 1.49505246666667
-8.6452207910586597e-17 -0.47062389999999998 1.49505246666667
0.015398382362006901 -0.47037192207001799 1.49505246666667
0.030780275750493601 -0.46961625810435198 1.49505246666667
0.046129208848744899 -0.46835771728690301 1.49505246666667
0.061428745634750197 -0.46659764729470199 1.49505246666667
0.076662502981307501 -0.46433793285478098 1.49505246666667
0.091814168199485804 -0.46158099372596201 1.49505246666667
0.106867516506662 -0.45832978210771802 1.49505246666667
0.12180642840042399 -0.45458777947888401 1.49505246666667
0.13661490691973599 -0.45035899286960202 1.49505246666667
0.15127709477488899 -0.445647950570492 1.49505246666667
0.165777291327877 -0.44045969728364698 1.49505246666667
0.180099969405044 -0.43479978872063901 1.49505246666667
0.19422979192396 -0.428674285653321 1.49505246666667
0.20815162831675799 -0.42208974742380601 1.49505246666667
0.221850570732324 -0.41505322492055402 1.49505246666667
0.23531194999999999 -0.40757225302810701 1.49505246666667
0.24852135133769401 -0.399654842558547 1.49505246666667
0.26146462978759399 -0.39130947167331198 1.49505246666667
0.274127925362943 -0.382545076804576 1.49505246666667
0.28649767788965702 -0.37337104308588798 1.49505246666667
0.29856064152690298 -0.36379719430233998 1.49505246666667
0.31030389895107302 -0.35383378237100599 1.49505246666667
0.32171487518798098 -0.34349147636293897 1.49505246666667
0.33278135107846002 -0.33278135107846002 1.49505246666667
0.34349147636293897 -0.32171487518798197 1.49505246666667
0.35383378237100499 -0.31030389895107402 1.49505246666667
0.36379719430233898 -0.29856064152690298 1.49505246666667
0.37337104308588798 -0.28649767788965702 1.49505246666667
0.382545076804576 -0.274127925362943 1.49505246666667
0.39130947167331198 -0.26146462978759399 1.49505246666667
0.399654842558546 -0.24852135133769401 1.49505246666667
0.40757225302810701 -0.23531194999999999 1.49505246666667
0.41505322492055402 -0.221850570732325 1.49505246666667
0.42208974742380601 -0.20815162831675901 1.49505246666667
0.428674285653321 -0.194229791923961 1.49505246666667
0.43479978872063801 -0.180099969405045 1.49505246666667
0.44045969728364698 -0.165777291327878 1.49505246666667
0.445647950570492 -0.15127709477488899 1.49505246666667
0.45035899286960102 -0.13661490691973699 1.49505246666667
0.45458777947888401 -0.12180642840042499 1.49505246666667
0.45832978210771802 -0.106867516506663 1.49505246666667
0.46158099372596201 -0.091814168199486401 1.49505246666667
0.46433793285478098 -0.076662502981307695 1.49505246666667
0.46659764729470199 -0.0614287456347508 1.49505246666667
0.46835771728690301 -0.046129208848745502 1.49505246666667
0.46961625810435198 -0.030780275750494201 1.49505246666667
0.47037192207001799 -0.015398382362007501 1.49505246666667
0.47062389999999998 0 1.49505246666667
end
coil PF4_43 -54804.949999999997 updown
0.57326529999999998 0 1.49505246666667
0.572958366579015 0.018756714829550301 1.49505246666667
0.57203789498805502 0.037493344499056697 1.49505246666667
0.57050487089115498 0.056189825356167698 1.49505246666667
0.56836093588891601 0.074826136740885493 1.49505246666667
0.56560838576063799 0.093382322424190894 1.49505246666667
0.56225016800594196 0.111838511977672 1.49505246666667
0.55828987868851399 0.130174942051279 1.49505246666667
0.55373175858535095 0.14837197753640999 1.49505246666667
0.54858068864562504 0.166410132591683 1.49505246666667
0.54284218476405099 0.18427009150885601 1.49505246666667
0.53652239187431605 0.20193272939658 1.49505246666667
0.52962807736894302 0.21937913265980299 1.49505246666667
0.52216662385258505 0.23659061925292499 1.49505246666667
0.51414602123655895 0.25354875868500298 1.49505246666667
0.50557485818303904 0.27023539175557698 1.49505246666667
0.496462312908107 0.28663264999999999 1.49505246666667
0.486818143353489 0.30272297482343802 1.49505246666667
0.476652676737502 0.31848913630305198 1.49505246666667
0.46597679849641799 0.33391425163823002 1.49505246666667
0.45480194062805701 0.34898180322911299 1.49505246666667
0.44314006945012502 0.36367565636405702 1.49505246666667
0.43100367278637802 0.37798007649708498 1.49505246666667
0.41840574659434698 0.39187974609683202 1.49505246666667
0.40535978104894099 0.40535978104894099 1.49505246666667
0.39187974609683202 0.41840574659434698 1.49505246666667
0.37798007649708598 0.43100367278637802 1.49505246666667
0.36367565636405802 0.44314006945012502 1.49505246666667
0.34898180322911299 0.45480194062805701 1.49505246666667
0.33391425163823002 0.46597679849641799 1.49505246666667
0.31848913630305198 0.476652676737502 1.49505246666667
0.30272297482343802 0.486818143353489 1.49505246666667
0.28663264999999999 0.496462312908107 1.49505246666667
0.27023539175557698 0.50557485818303904 1.49505246666667
0.25354875868500298 0.51414602123655895 1.49505246666667
0.23659061925292499 0.52216662385258505 1.49505246666667
0.21937913265980299 0.52962807736894302 1.49505246666667
0.20193272939658 0.53652239187431605 1.49505246666667
0.18427009150885701 0.54284218476405099 1.49505246666667
0.166410132591683 0.54858068864562504 1.49505246666667
0.14837197753640999 0.55373175858535095 1.49505246666667
0.130174942051279 0.55828987868851399 1.49505246666667
0.111838511977672 0.56225016800594196 1.49505246666667
0.093382322424191005 0.56560838576063799 1.49505246666667
0.074826136740885604 0.56836093588891601 1.49505246666667
0.056189825356167802 0.57050487089115498 1.49505246666667
0.037493344499056801 0.57203789498805502 1.49505246666667
0.018756714829550498 0.572958366579015 1.49505246666667
3.5102375735362402e-17 0.57326529999999998 1.49505246666667
-0.018756714829550301 0.572958366579015 1.49505246666667
-0.037493344499056599 0.57203789498805502 1.49505246666667
-0.056189825356167601 0.57050487089115498 1.49505246666667
-0.074826136740885396 0.56836093588891601 1.49505246666667
-0.093382322424190797 0.56560838576063799 1.49505246666667
-0.111838511977672 0.56225016800594196 1.49505246666667
-0.130174942051279 0.55828987868851399 1.49505246666667
-0.14837197753640999 0.55373175858535095 1.49505246666667
-0.166410132591682 0.54858068864562504 1.49505246666667
-0.18427009150885601 0.54284218476405099 1.49505246666667
-0.20193272939658 0.53652239187431605 1.49505246666667
-0.21937913265980299 0.52962807736894302 1.49505246666667
-0.23659061925292499 0.52216662385258505 1.49505246666667
-0.25354875868500298 0.51414602123655895 1.49505246666667
-0.27023539175557598 0.50557485818303904 1.49505246666667
-0.28663264999999999 0.496462312908107 1.49505246666667
-0.30272297482343802 0.486818143353489 1.49505246666667
-0.31848913630305198 0.476652676737502 1.49505246666667
-0.33391425163823002 0.46597679849641799 1.49505246666667
-0.34898180322911299 0.45480194062805701 1.49505246666667
-0.36367565636405702 0.44314006945012502 1.49505246666667
-0.37798007649708498 0.43100367278637802 1.49505246666667
-0.39187974609683202 0.41840574659434698 1.49505246666667
-0.40535978104893999 0.40535978104894099 1.49505246666667
-0.41840574659434598 0.39187974609683202 1.49505246666667
-0.43100367278637802 0.37798007649708598 1.49505246666667
-0.44314006945012502 0.36367565636405802 1.49505246666667
-0.45480194062805701 0.34898180322911299 1.49505246666667
-0.46597679849641799 0.33391425163823002 1.49505246666667
-0.476652676737502 0.31848913630305198 1.49505246666667
-0.486818143353489 0.30272297482343802 1.49505246666667
-0.496462312908107 0.28663264999999999 1.49505246666667
-0.50557485818303904 0.27023539175557698 1.49505246666667
-0.51414602123655895 0.25354875868500298 1.49505246666667
-0.52216662385258505 0.23659061925292499 1.49505246666667
-0.52962807736894302 0.21937913265980299 1.49505246666667
-0.53652239187431605 0.20193272939658 1.49505246666667
-0.54284218476405099 0.18427009150885701 1.49505246666667
-0.54858068864562504 0.166410132591683 1.49505246666667
-0.55373175858535095 0.14837197753640999 1.49505246666667
-0.55828987868851399 0.130174942051279 1.49505246666667
-0.56225016800594196 0.111838511977673 1.49505246666667
-0.56560838576063799 0.093382322424191005 1.49505246666667
-0.56836093588891601 0.074826136740885799 1.49505246666667
-0.57050487089115498 0.056189825356167802 1.49505246666667
-0.57203789498805502 0.037493344499057002 1.49505246666667
-0.572958366579015 0.018756714829550498 1.49505246666667
-0.57326529999999998 7.0204751470724705e-17 1.49505246666667
-0.572958366579015 -0.018756714829550099 1.49505246666667
-0.57203789498805502 -0.037493344499056599 1.49505246666667
-0.57050487089115498 -0.0561898253561674 1.49505246666667
-0.56836093588891601 -0.074826136740885396 1.49505246666667
-0.56560838576063799 -0.093382322424190603 1.49505246666667
-0.56225016800594196 -0.111838511977672 1.49505246666667
-0.55828987868851498 -0.130174942051279 1.49505246666667
-0.55373175858535095 -0.14837197753640999 1.49505246666667
-0.54858068864562504 -0.166410132591682 1.49505246666667
-0.54284218476405099 -0.18427009150885601 1.49505246666667
-0.53652239187431605 -0.20193272939658 1.49505246666667
-0.52962807736894302 -0.21937913265980299 1.49505246666667
-0.52216662385258505 -0.23659061925292499 1.49505246666667
-0.51414602123655895 -0.25354875868500298 1.49505246666667
-0.50557485818303904 -0.27023539175557598 1.49505246666667
-0.496462312908107 -0.28663264999999999 1.49505246666667
-0.486818143353489 -0.30272297482343802 1.49505246666667
-0.476652676737502 -0.31848913630305198 1.49505246666667
-0.46597679849641799 -0.33391425163822902 1.49505246666667
-0.45480194062805701 -0.34898180322911299 1.49505246666667
-0.44314006945012502 -0.36367565636405702 1.49505246666667
-0.43100367278637802 -0.37798007649708498 1.49505246666667
-0.41840574659434698 -0.39187974609683202 1.49505246666667
-0.40535978104894099 -0.40535978104893999 1.49505246666667
-0.39187974609683202 -0.41840574659434598 1.49505246666667
-0.37798007649708598 -0.43100367278637802 1.49505246666667
-0.36367565636405802 -0.44314006945012502 1.49505246666667
-0.34898180322911299 -0.45480194062805701 1.49505246666667
-0.33391425163823002 -0.46597679849641799 1.49505246666667
-0.31848913630305298 -0.476652676737502 1.49505246666667
-0.30272297482343902 -0.486818143353488 1.49505246666667
-0.28663264999999999 -0.496462312908107 1.49505246666667
-0.27023539175557698 -0.50557485818303904 1.49505246666667
-0.25354875868500298 -0.51414602123655895 1.49505246666667
-0.23659061925292599 -0.52216662385258505 1.49505246666667
-0.21937913265980299 -0.52962807736894202 1.49505246666667
-0.20193272939658 -0.53652239187431605 1.49505246666667
-0.18427009150885701 -0.54284218476405099 1.49505246666667
-0.166410132591683 -0.54858068864562504 1.49505246666667
-0.14837197753640999 -0.55373175858534995 1.49505246666667
-0.130174942051279 -0.55828987868851399 1.49505246666667
-0.111838511977673 -0.56225016800594196 1.49505246666667
-0.093382322424191005 -0.56560838576063799 1.49505246666667
-0.074826136740886104 -0.56836093588891601 1.49505246666667
-0.056189825356168101 -0.57050487089115498 1.49505246666667
-0.037493344499057099 -0.57203789498805502 1.49505246666667
-0.018756714829550599 -0.572958366579015 1.49505246666667
-1.05307127206087e-16 -0.57326529999999998 1.49505246666667
0.018756714829549801 -0.572958366579015 1.49505246666667
0.037493344499056301 -0.57203789498805502 1.49505246666667
0.0561898253561674 -0.57050487089115498 1.49505246666667
0.074826136740885396 -0.56836093588891601 1.49505246666667
0.093382322424190894 -0.56560838576063799 1.49505246666667
0.111838511977672 -0.56225016800594196 1.49505246666667
0.130174942051278 -0.55828987868851498 1.49505246666667
0.14837197753640999 -0.55373175858535095 1.49505246666667
0.166410132591682 -0.54858068864562504 1.49505246666667
0.18427009150885601 -0.54284218476405099 1.49505246666667
0.20193272939658 -0.53652239187431605 1.49505246666667
0.21937913265980299 -0.52962807736894302 1.49505246666667
0.23659061925292499 -0.52216662385258505 1.49505246666667
0.25354875868500298 -0.51414602123655895 1.49505246666667
0.27023539175557598 -0.50557485818303904 1.49505246666667
0.28663264999999999 -0.49646231290810799 1.49505246666667
0.30272297482343802 -0.486818143353489 1.49505246666667
0.31848913630305198 -0.476652676737502 1.49505246666667
0.33391425163823002 -0.46597679849641799 1.49505246666667
0.34898180322911299 -0.45480194062805701 1.49505246666667
0.36367565636405702 -0.44314006945012602 1.49505246666667
0.37798007649708498 -0.43100367278637802 1.49505246666667
0.39187974609683202 -0.41840574659434698 1.49505246666667
0.40535978104893999 -0.40535978104894099 1.49505246666667
0.41840574659434598 -0.39187974609683202 1.49505246666667
0.43100367278637802 -0.37798007649708598 1.49505246666667
0.44314006945012502 -0.36367565636405802 1.49505246666667
0.45480194062805701 -0.34898180322911299 1.49505246666667
0.46597679849641799 -0.33391425163823002 1.49505246666667
0.476652676737502 -0.31848913630305298 1.49505246666667
0.486818143353488 -0.30272297482343902 1.49505246666667
0.496462312908107 -0.28663264999999999 1.49505246666667
0.50557485818303904 -0.27023539175557698 1.49505246666667
0.51414602123655895 -0.25354875868500298 1.49505246666667
0.52216662385258505 -0.23659061925292599 1.49505246666667
0.52962807736894202 -0.21937913265980299 1.49505246666667
0.53652239187431605 -0.201932729396581 1.49505246666667
0.54284218476405099 -0.18427009150885701 1.49505246666667
0.54858068864562504 -0.166410132591683 1.49505246666667
0.55373175858534995 -0.14837197753641099 1.49505246666667
0.55828987868851399 -0.130174942051279 1.49505246666667
0.56225016800594196 -0.111838511977673 1.49505246666667
0.56560838576063799 -0.093382322424191103 1.49505246666667
0.56836093588891601 -0.074826136740886104 1.49505246666667
0.57050487089115498 -0.056189825356168101 1.49505246666667
0.57203789498805502 -0.037493344499057099 1.49505246666667
0.572958366579015 -0.018756714829550599 1.49505246666667
0.57326529999999998 0 1.49505246666667
end
coil PF4_44 -54804.949999999997 updown
0.47062389999999998 0 1.5834360000000001
0.47037192207001799 0.0153983823620073 1.5834360000000001
0.46961625810435198 0.030780275750493899 1.5834360000000001
0.46835771728690301 0.0461292088487451 1.5834360000000001
0.46659764729470199 0.061428745634750301 1.5834360000000001
0.46433793285478098 0.076662502981307598 1.5834360000000001
0.46158099372596201 0.091814168199486207 1.5834360000000001
0.45832978210771802 0.106867516506663 1.5834360000000001
0.45458777947888401 0.12180642840042399 1.5834360000000001
0.45035899286960102 0.13661490691973599 1.5834360000000001
0.445647950570492 0.15127709477488899 1.5834360000000001
0.44045969728364698 0.165777291327878 1.5834360000000001
0.43479978872063901 0.180099969405045 1.5834360000000001
0.428674285653321 0.19422979192396 1.5834360000000001
0.42208974742380601 0.20815162831675799 1.5834360000000001
0.41505322492055402 0.221850570732325 1.5834360000000001
0.40757225302810701 0.23531194999999999 1.5834360000000001
0.399654842558546 0.24852135133769401 1.5834360000000001
0.39130947167331198 0.26146462978759399 1.5834360000000001
0.382545076804576 0.274127925362943 1.5834360000000001
0.37337104308588798 0.28649767788965702 1.5834360000000001
0.36379719430233898 0.29856064152690298 1.5834360000000001
0.35383378237100599 0.31030389895107302 1.5834360000000001
0.34349147636293897 0.32171487518798098 1.5834360000000001
0.33278135107846002 0.33278135107846002 1.5834360000000001
0.32171487518798197 0.34349147636293897 1.5834360000000001
0.31030389895107302 0.35383378237100499 1.5834360000000001
0.29856064152690298 0.36379719430233898 1.5834360000000001
0.28649767788965702 0.37337104308588798 1.5834360000000001
0.274127925362943 0.382545076804576 1.5834360000000001
0.26146462978759399 0.39130947167331198 1.5834360000000001
0.24852135133769401 0.399654842558546 1.5834360000000001
0.23531194999999999 0.40757225302810701 1.5834360000000001
0.221850570732325 0.41505322492055402 1.5834360000000001
0.20815162831675799 0.42208974742380601 1.5834360000000001
0.194229791923961 0.428674285653321 1.5834360000000001
0.180099969405045 0.43479978872063901 1.5834360000000001
0.165777291327878 0.44045969728364698 1.5834360000000001
0.15127709477488899 0.445647950570492 1.5834360000000001
0.13661490691973599 0.45035899286960102 1.5834360000000001
0.12180642840042399 0.45458777947888401 1.5834360000000001
0.106867516506663 0.45832978210771802 1.5834360000000001
0.091814168199486207 0.46158099372596201 1.5834360000000001
0.076662502981307598 0.46433793285478098 1.5834360000000001
0.061428745634750398 0.46659764729470199 1.5834360000000001
0.046129208848745197 0.46835771728690301 1.5834360000000001
0.030780275750494 0.46961625810435198 1.5834360000000001
0.0153983823620074 0.47037192207001799 1.5834360000000001
2.8817402636862201e-17 0.47062389999999998 1.5834360000000001
-0.015398382362007201 0.47037192207001799 1.5834360000000001
-0.030780275750493899 0.46961625810435198 1.5834360000000001
-0.046129208848745003 0.46835771728690301 1.5834360000000001
-0.061428745634750197 0.46659764729470199 1.5834360000000001
-0.076662502981307501 0.46433793285478098 1.5834360000000001
-0.091814168199485999 0.46158099372596201 1.5834360000000001
-0.106867516506662 0.45832978210771802 1.5834360000000001
-0.12180642840042399 0.45458777947888401 1.5834360000000001
-0.13661490691973599 0.45035899286960102 1.5834360000000001
-0.15127709477488799 0.445647950570492 1.5834360000000001
-0.165777291327878 0.44045969728364698 1.5834360000000001
-0.180099969405045 0.43479978872063901 1.5834360000000001
-0.19422979192396 0.428674285653321 1.5834360000000001
-0.20815162831675799 0.42208974742380601 1.5834360000000001
-0.221850570732324 0.41505322492055402 1.5834360000000001
-0.23531194999999999 0.40757225302810701 1.5834360000000001
-0.24852135133769401 0.399654842558546 1.5834360000000001
-0.26146462978759399 0.39130947167331198 1.5834360000000001
-0.274127925362943 0.382545076804576 1.5834360000000001
-0.28649767788965702 0.37337104308588798 1.5834360000000001
-0.29856064152690298 0.36379719430233898 1.5834360000000001
-0.31030389895107302 0.35383378237100599 1.5834360000000001
-0.32171487518798098 0.34349147636293897 1.5834360000000001
-0.33278135107846002 0.33278135107846002 1.5834360000000001
-0.34349147636293897 0.32171487518798197 1.5834360000000001
-0.35383378237100499 0.31030389895107302 1.5834360000000001
-0.36379719430233898 0.29856064152690298 1.5834360000000001
-0.37337104308588798 0.28649767788965702 1.5834360000000001
-0.382545076804576 0.274127925362943 1.5834360000000001
-0.39130947167331198 0.26146462978759399 1.5834360000000001
-0.399654842558546 0.24852135133769401 1.5834360000000001
-0.40757225302810701 0.23531194999999999 1.5834360000000001
-0.41505322492055402 0.221850570732325 1.5834360000000001
-0.42208974742380601 0.20815162831675799 1.5834360000000001
-0.428674285653321 0.194229791923961 1.5834360000000001
-0.43479978872063901 0.180099969405045 1.5834360000000001
-0.44045969728364698 0.165777291327878 1.5834360000000001
-0.445647950570492 0.15127709477488899 1.5834360000000001
-0.45035899286960102 0.13661490691973699 1.5834360000000001
-0.45458777947888401 0.12180642840042399 1.5834360000000001
-0.45832978210771802 0.106867516506663 1.5834360000000001
-0.46158099372596201 0.091814168199486304 1.5834360000000001
-0.46433793285478098 0.076662502981307695 1.5834360000000001
-0.46659764729470199 0.061428745634750502 1.5834360000000001
-0.46835771728690301 0.046129208848745197 1.5834360000000001
-0.46961625810435198 0.030780275750494201 1.5834360000000001
-0.47037192207001799 0.0153983823620074 1.5834360000000001
-0.47062389999999998 5.7634805273724402e-17 1.5834360000000001
-0.47037192207001799 -0.0153983823620071 1.5834360000000001
-0.46961625810435198 -0.030780275750493798 1.5834360000000001
-0.46835771728690301 -0.046129208848744899 1.5834360000000001
-0.46659764729470199 -0.061428745634750197 1.5834360000000001
-0.46433793285478098 -0.076662502981307307 1.5834360000000001
-0.46158099372596201 -0.091814168199485999 1.5834360000000001
-0.45832978210771802 -0.106867516506662 1.5834360000000001
-0.45458777947888401 -0.12180642840042399 1.5834360000000001
-0.45035899286960202 -0.13661490691973599 1.5834360000000001
-0.445647950570492 -0.15127709477488799 1.5834360000000001
-0.44045969728364698 -0.165777291327878 1.5834360000000001
-0.43479978872063901 -0.180099969405044 1.5834360000000001
-0.428674285653321 -0.19422979192396 1.5834360000000001
-0.42208974742380601 -0.20815162831675799 1.5834360000000001
-0.41505322492055402 -0.221850570732324 1.5834360000000001
-0.40757225302810701 -0.23531194999999999 1.5834360000000001
-0.399654842558547 -0.24852135133769401 1.5834360000000001
-0.39130947167331198 -0.26146462978759399 1.5834360000000001
-0.382545076804576 -0.274127925362943 1.5834360000000001
-0.37337104308588798 -0.28649767788965702 1.5834360000000001
-0.36379719430233898 -0.29856064152690298 1.5834360000000001
-0.35383378237100599 -0.31030389895107302 1.5834360000000001
-0.34349147636293897 -0.32171487518798098 1.5834360000000001
-0.33278135107846002 -0.33278135107845902 1.5834360000000001
-0.32171487518798197 -0.34349147636293897 1.5834360000000001
-0.31030389895107302 -0.35383378237100499 1.5834360000000001
-0.29856064152690298 -0.36379719430233898 1.5834360000000001
-0.28649767788965702 -0.37337104308588798 1.5834360000000001
-0.274127925362943 -0.382545076804576 1.5834360000000001
-0.26146462978759399 -0.39130947167331198 1.5834360000000001
-0.24852135133769401 -0.399654842558546 1.5834360000000001
-0.23531194999999999 -0.40757225302810701 1.5834360000000001
-0.221850570732325 -0.41505322492055402 1.5834360000000001
-0.20815162831675799 -0.42208974742380601 1.5834360000000001
-0.194229791923961 -0.428674285653321 1.5834360000000001
-0.180099969405045 -0.43479978872063801 1.5834360000000001
-0.165777291327878 -0.44045969728364698 1.5834360000000001
-0.15127709477488899 -0.445647950570492 1.5834360000000001
-0.13661490691973599 -0.45035899286960102 1.5834360000000001
-0.12180642840042499 -0.45458777947888401 1.5834360000000001
-0.106867516506663 -0.45832978210771802 1.5834360000000001
-0.091814168199486304 -0.46158099372596201 1.5834360000000001
-0.076662502981307695 -0.46433793285478098 1.5834360000000001
-0.0614287456347508 -0.46659764729470199 1.5834360000000001
-0.046129208848745398 -0.46835771728690301 1.5834360000000001
-0.030780275750494201 -0.46961625810435198 1.5834360000000001
-0.015398382362007501 -0.47037192207001799 1.5834360000000001
-8.6452207910586597e-17 -0.47062389999999998 1.5834360000000001
0.015398382362006901 -0.47037192207001799 1.5834360000000001
0.030780275750493601 -0.46961625810435198 1.5834360000000001
0.046129208848744899 -0.46835771728690301 1.5834360000000001
0.061428745634750197 -0.46659764729470199 1.5834360000000001
0.076662502981307501 -0.46433793285478098 1.5834360000000001
0.091814168199485804 -0.46158099372596201 1.5834360000000001
0.106867516506662 -0.45832978210771802 1.5834360000000001
0.12180642840042399 -0.45458777947888401 1.5834360000000001
0.13661490691973599 -0.45035899286960202 1.5834360000000001
0.15127709477488899 -0.445647950570492 1.5834360000000001
0.165777291327877 -0.44045969728364698 1.5834360000000001
0.180099969405044 -0.43479978872063901 1.5834360000000001
0.19422979192396 -0.428674285653321 1.5834360000000001
0.20815162831675799 -0.42208974742380601 1.5834360000000001
0.221850570732324 -0.41505322492055402 1.5834360000000001
0.23531194999999999 -0.40757225302810701 1.5834360000000001
0.24852135133769401 -0.399654842558547 1.5834360000000001
0.26146462978759399 -0.39130947167331198 1.5834360000000001
0.274127925362943 -0.382545076804576 1.5834360000000001
0.28649767788965702 -0.37337104308588798 1.5834360000000001
0.29856064152690298 -0.36379719430233998 1.5834360000000001
0.31030389895107302 -0.35383378237100599 1.5834360000000001
0.32171487518798098 -0.34349147636293897 1.5834360000000001
0.33278135107846002 -0.33278135107846002 1.5834360000000001
0.34349147636293897 -0.32171487518798197 1.5834360000000001
0.35383378237100499 -0.31030389895107402 1.5834360000000001
0.36379719430233898 -0.29856064152690298 1.5834360000000001
0.37337104308588798 -0.28649767788965702 1.5834360000000001
0.382545076804576 -0.274127925362943 1.5834360000000001
0.39130947167331198 -0.26146462978759399 1.5834360000000001
0.399654842558546 -0.24852135133769401 1.5834360000000001
0.40757225302810701 -0.23531194999999999 1.5834360000000001
0.41505322492055402 -0.221850570732325 1.5834360000000001
0.42208974742380601 -0.20815162831675901 1.5834360000000001
0.428674285653321 -0.194229791923961 1.5834360000000001
0.43479978872063801 -0.180099969405045 1.5834360000000001
0.44045969728364698 -0.165777291327878 1.5834360000000001
0.445647950570492 -0.15127709477488899 1.5834360000000001
0.45035899286960102 -0.13661490691973699 1.5834360000000001
0.45458777947888401 -0.12180642840042499 1.5834360000000001
0.45832978210771802 -0.106867516506663 1.5834360000000001
0.46158099372596201 -0.091814168199486401 1.5834360000000001
0.46433793285478098 -0.076662502981307695 1.5834360000000001
0.46659764729470199 -0.0614287456347508 1.5834360000000001
0.46835771728690301 -0.046129208848745502 1.5834360000000001
0.46961625810435198 -0.030780275750494201 1.5834360000000001
0.47037192207001799 -0.015398382362007501 1.5834360000000001
0.47062389999999998 0 1.5834360000000001
end
coil PF4_45 -54804.949999999997 updown
0.57326529999999998 0 1.5834360000000001
0.572958366579015 0.018756714829550301 1.5834360000000001
0.57203789498805502 0.037493344499056697 1.5834360000000001
0.57050487089115498 0.056189825356167698 1.5834360000000001
0.56836093588891601 0.074826136740885493 1.5834360000000001
0.56560838576063799 0.093382322424190894 1.5834360000000001
0.56225016800594196 0.111838511977672 1.5834360000000001
0.55828987868851399 0.130174942051279 1.5834360000000001
0.55373175858535095 0.14837197753640999 1.5834360000000001
0.54858068864562504 0.166410132591683 1.5834360000000001
0.54284218476405099 0.18427009150885601 1.5834360000000001
0.53652239187431605 0.20193272939658 1.5834360000000001
0.52962807736894302 0.21937913265980299 1.5834360000000001
0.52216662385258505 0.23659061925292499 1.5834360000000001
0.51414602123655895 0.25354875868500298 1.5834360000000001
0.50557485818303904 0.27023539175557698 1.5834360000000001
0.496462312908107 0.28663264999999999 1.5834360000000001
0.486818143353489 0.30272297482343802 1.5834360000000001
0.476652676737502 0.31848913630305198 1.5834360000000001
0.46597679849641799 0.33391425163823002 1.5834360000000001
0.45480194062805701 0.34898180322911299 1.5834360000000001
0.44314006945012502 0.36367565636405702 1.5834360000000001
0.43100367278637802 0.37798007649708498 1.5834360000000001
0.41840574659434698 0.39187974609683202 1.5834360000000001
0.40535978104894099 0.40535978104894099 1.5834360000000001
0.39187974609683202 0.41840574659434698 1.5834360000000001
0.37798007649708598 0.43100367278637802 1.5834360000000001
0.36367565636405802 0.44314006945012502 1.5834360000000001
0.34898180322911299 0.45480194062805701 1.5834360000000001
0.33391425163823002 0.46597679849641799 1.5834360000000001
0.31848913630305198 0.476652676737502 1.5834360000000001
0.30272297482343802 0.486818143353489 1.5834360000000001
0.28663264999999999 0.496462312908107 1.5834360000000001
0.27023539175557698 0.50557485818303904 1.5834360000000001
0.25354875868500298 0.51414602123655895 1.5834360000000001
0.23659061925292499 0.52216662385258505 1.5834360000000001
0.21937913265980299 0.52962807736894302 1.5834360000000001
0.20193272939658 0.53652239187431605 1.5834360000000001
0.18427009150885701 0.54284218476405099 1.5834360000000001
0.166410132591683 0.54858068864562504 1.5834360000000001
0.14837197753640999 0.55373175858535095 1.5834360000000001
0.130174942051279 0.55828987868851399 1.5834360000000001
0.111838511977672 0.56225016800594196 1.5834360000000001
0.093382322424191005 0.56560838576063799 1.5834360000000001
0.074826136740885604 0.56836093588891601 1.5834360000000001
0.056189825356167802 0.57050487089115498 1.5834360000000001
0.037493344499056801 0.57203789498805502 1.5834360000000001
0.018756714829550498 0.572958366579015 1.5834360000000001
3.5102375735362402e-17 0.57326529999999998 1.5834360000000001
-0.018756714829550301 0.572958366579015 1.5834360000000001
-0.037493344499056599 0.57203789498805502 1.5834360000000001
-0.056189825356167601 0.57050487089115498 1.5834360000000001
-0.074826136740885396 0.56836093588891601 1.5834360000000001
-0.093382322424190797 0.56560838576063799 1.5834360000000001
-0.111838511977672 0.56225016800594196 1.5834360000000001
-0.130174942051279 0.55828987868851399 1.5834360000000001
-0.14837197753640999 0.55373175858535095 1.5834360000000001
-0.166410132591682 0.54858068864562504 1.5834360000000001
-0.18427009150885601 0.54284218476405099 1.5834360000000001
-0.20193272939658 0.53652239187431605 1.5834360000000001
-0.21937913265980299 0.52962807736894302 1.5834360000000001
-0.23659061925292499 0.52216662385258505 1.5834360000000001
-0.25354875868500298 0.51414602123655895 1.5834360000000001
-0.27023539175557598 0.50557485818303904 1.5834360000000001
-0.28663264999999999 0.496462312908107 1.5834360000000001
-0.30272297482343802 0.486818143353489 1.5834360000000001
-0.31848913630305198 0.476652676737502 1.5834360000000001
-0.33391425163823002 0.46597679849641799 1.5834360000000001
-0.34898180322911299 0.45480194062805701 1.5834360000000001
-0.36367565636405702 0.44314006945012502 1.5834360000000001
-0.37798007649708498 0.43100367278637802 1.5834360000000001
-0.39187974609683202 0.41840574659434698 1.5834360000000001
-0.40535978104893999 0.40535978104894099 1.5834360000000001
-0.41840574659434598 0.39187974609683202 1.5834360000000001
-0.43100367278637802 0.37798007649708598 1.5834360000000001
-0.44314006945012502 0.36367565636405802 1.5834360000000001
-0.45480194062805701 0.34898180322911299 1.5834360000000001
-0.46597679849641799 0.33391425163823002 1.5834360000000001
-0.476652676737502 0.31848913630305198 1.5834360000000001
-0.486818143353489 0.30272297482343802 1.5834360000000001
-0.496462312908107 0.28663264999999999 1.5834360000000001
-0.50557485818303904 0.27023539175557698 1.5834360000000001
-0.51414602123655895 0.25354875868500298 1.5834360000000001
-0.52216662385258505 0.23659061925292499 1.5834360000000001
-0.52962807736894302 0.21937913265980299 1.5834360000000001
-0.53652239187431605 0.20193272939658 1.5834360000000001
-0.54284218476405099 0.18427009150885701 1.5834360000000001
-0.54858068864562504 0.166410132591683 1.5834360000000001
-0.55373175858535095 0.14837197753640999 1.5834360000000001
-0.55828987868851399 0.130174942051279 1.5834360000000001
-0.56225016800594196 0.111838511977673 1.5834360000000001
-0.56560838576063799 0.093382322424191005 1.5834360000000001
-0.56836093588891601 0.074826136740885799 1.5834360000000001
-0.57050487089115498 0.056189825356167802 1.5834360000000001
-0.57203789498805502 0.037493344499057002 1.5834360000000001
-0.572958366579015 0.018756714829550498 1.5834360000000001
-0.57326529999999998 7.0204751470724705e-17 1.5834360000000001
-0.572958366579015 -0.018756714829550099 1.5834360000000001
-0.57203789498805502 -0.037493344499056599 1.5834360000000001
-0.57050487089115498 -0.0561898253561674 1.5834360000000001
-0.56836093588891601 -0.074826136740885396 1.5834360000000001
-0.56560838576063799 -0.093382322424190603 1.5834360000000001
-0.56225016800594196 -0.111838511977672 1.5834360000000001
-0.55828987868851498 -0.130174942051279 1.5834360000000001
-0.55373175858535095 -0.14837197753640999 1.5834360000000001
-0.54858068864562504 -0.166410132591682 1.5834360000000001
-0.54284218476405099 -0.18427009150885601 1.5834360000000001
-0.53652239187431605 -0.20193272939658 1.5834360000000001
-0.52962807736894302 -0.21937913265980299 1.5834360000000001
-0.52216662385258505 -0.23659061925292499 1.5834360000000001
-0.51414602123655895 -0.25354875868500298 1.5834360000000001
-0.50557485818303904 -0.27023539175557598 1.5834360000000001
-0.496462312908107 -0.28663264999999999 1.5834360000000001
-0.486818143353489 -0.30272297482343802 1.5834360000000001
-0.476652676737502 -0.31848913630305198 1.5834360000000001
-0.46597679849641799 -0.33391425163822902 1.5834360000000001
-0.45480194062805701 -0.34898180322911299 1.5834360000000001
-0.44314006945012502 -0.36367565636405702 1.5834360000000001
-0.43100367278637802 -0.37798007649708498 1.5834360000000001
-0.41840574659434698 -0.39187974609683202 1.5834360000000001
-0.40535978104894099 -0.40535978104893999 1.5834360000000001
-0.39187974609683202 -0.41840574659434598 1.5834360000000001
-0.37798007649708598 -0.43100367278637802 1.5834360000000001
-0.36367565636405802 -0.44314006945012502 1.5834360000000001
-0.34898180322911299 -0.45480194062805701 1.5834360000000001
-0.33391425163823002 -0.46597679849641799 1.5834360000000001
-0.31848913630305298 -0.476652676737502 1.5834360000000001
-0.30272297482343902 -0.486818143353488 1.5834360000000001
-0.28663264999999999 -0.496462312908107 1.5834360000000001
-0.27023539175557698 -0.50557485818303904 1.5834360000000001
-0.25354875868500298 -0.51414602123655895 1.5834360000000001
-0.23659061925292599 -0.52216662385258505 1.5834360000000001
-0.21937913265980299 -0.52962807736894202 1.5834360000000001
-0.20193272939658 -0.53652239187431605 1.5834360000000001
-0.18427009150885701 -0.54284218476405099 1.5834360000000001
-0.166410132591683 -0.54858068864562504 1.5834360000000001
-0.14837197753640999 -0.55373175858534995 1.5834360000000001
-0.130174942051279 -0.55828987868851399 1.5834360000000001
-0.111838511977673 -0.56225016800594196 1.5834360000000001
-0.093382322424191005 -0.56560838576063799 1.5834360000000001
-0.074826136740886104 -0.56836093588891601 1.5834360000000001
-0.056189825356168101 -0.57050487089115498 1.5834360000000001
-0.037493344499057099 -0.57203789498805502 1.5834360000000001
-0.018756714829550599 -0.572958366579015 1.5834360000000001
-1.05307127206087e-16 -0.57326529999999998 1.5834360000000001
0.018756714829549801 -0.572958366579015 1.5834360000000001
0.037493344499056301 -0.57203789498805502 1.5834360000000001
0.0561898253561674 -0.57050487089115498 1.5834360000000001
0.074826136740885396 -0.56836093588891601 1.5834360000000001
0.093382322424190894 -0.56560838576063799 1.5834360000000001
0.111838511977672 -0.56225016800594196 1.5834360000000001
0.130174942051278 -0.55828987868851498 1.5834360000000001
0.14837197753640999 -0.55373175858535095 1.5834360000000001
0.166410132591682 -0.54858068864562504 1.5834360000000001
0.18427009150885601 -0.54284218476405099 1.5834360000000001
0.20193272939658 -0.53652239187431605 1.5834360000000001
0.21937913265980299 -0.52962807736894302 1.5834360000000001
0.23659061925292499 -0.52216662385258505 1.5834360000000001
0.25354875868500298 -0.51414602123655895 1.5834360000000001
0.27023539175557598 -0.50557485818303904 1.5834360000000001
0.28663264999999999 -0.49646231290810799 1.5834360000000001
0.30272297482343802 -0.486818143353489 1.5834360000000001
0.31848913630305198 -0.476652676737502 1.5834360000000001
0.33391425163823002 -0.46597679849641799 1.5834360000000001
0.34898180322911299 -0.45480194062805701 1.5834360000000001
0.36367565636405702 -0.44314006945012602 1.5834360000000001
0.37798007649708498 -0.43100367278637802 1.5834360000000001
0.39187974609683202 -0.41840574659434698 1.5834360000000001
0.40535978104893999 -0.40535978104894099 1.5834360000000001
0.41840574659434598 -0.39187974609683202 1.5834360000000001
0.43100367278637802 -0.37798007649708598 1.5834360000000001
0.44314006945012502 -0.36367565636405802 1.5834360000000001
0.45480194062805701 -0.34898180322911299 1.5834360000000001
0.46597679849641799 -0.33391425163823002 1.5834360000000001
0.476652676737502 -0.31848913630305298 1.5834360000000001
0.486818143353488 -0.30272297482343902 1.5834360000000001
0.496462312908107 -0.28663264999999999 1.5834360000000001
0.50557485818303904 -0.27023539175557698 1.5834360000000001
0.51414602123655895 -0.25354875868500298 1.5834360000000001
0.52216662385258505 -0.23659061925292599 1.5834360000000001
0.52962807736894202 -0.21937913265980299 1.5834360000000001
0.53652239187431605 -0.201932729396581 1.5834360000000001
0.54284218476405099 -0.18427009150885701 1.5834360000000001
0.54858068864562504 -0.166410132591683 1.5834360000000001
0.55373175858534995 -0.14837197753641099 1.5834360000000001
0.55828987868851399 -0.130174942051279 1.5834360000000001
0.56225016800594196 -0.111838511977673 1.5834360000000001
0.56560838576063799 -0.093382322424191103 1.5834360000000001
0.56836093588891601 -0.074826136740886104 1.5834360000000001
0.57050487089115498 -0.056189825356168101 1.5834360000000001
0.57203789498805502 -0.037493344499057099 1.5834360000000001
0.572958366579015 -0.018756714829550599 1.5834360000000001
0.57326529999999998 0 1.5834360000000001
end
coil PF4_46 -54804.949999999997 updown
0.47062389999999998 0 1.6718195333333301
0.47037192207001799 0.0153983823620073 1.6718195333333301
0.46961625810435198 0.030780275750493899 1.6718195333333301
0.46835771728690301 0.0461292088487451 1.6718195333333301
0.46659764729470199 0.061428745634750301 1.6718195333333301
0.46433793285478098 0.076662502981307598 1.6718195333333301
0.46158099372596201 0.091814168199486207 1.6718195333333301
0.45832978210771802 0.106867516506663 1.6718195333333301
0.45458777947888401 0.12180642840042399 1.6718195333333301
0.45035899286960102 0.13661490691973599 1.6718195333333301
0.445647950570492 0.15127709477488899 1.6718195333333301
0.44045969728364698 0.165777291327878 1.6718195333333301
0.43479978872063901 0.180099969405045 1.6718195333333301
0.428674285653321 0.19422979192396 1.6718195333333301
0.42208974742380601 0.20815162831675799 1.6718195333333301
0.41505322492055402 0.221850570732325 1.6718195333333301
0.40757225302810701 0.23531194999999999 1.6718195333333301
0.399654842558546 0.24852135133769401 1.6718195333333301
0.39130947167331198 0.26146462978759399 1.6718195333333301
0.382545076804576 0.274127925362943 1.6718195333333301
0.37337104308588798 0.28649767788965702 1.6718195333333301
0.36379719430233898 0.29856064152690298 1.6718195333333301
0.35383378237100599 0.31030389895107302 1.6718195333333301
0.34349147636293897 0.32171487518798098 1.6718195333333301
0.33278135107846002 0.33278135107846002 1.6718195333333301
0.32171487518798197 0.34349147636293897 1.6718195333333301
0.31030389895107302 0.35383378237100499 1.6718195333333301
0.29856064152690298 0.36379719430233898 1.6718195333333301
0.28649767788965702 0.37337104308588798 1.6718195333333301
0.274127925362943 0.382545076804576 1.6718195333333301
0.26146462978759399 0.39130947167331198 1.6718195333333301
0.24852135133769401 0.399654842558546 1.6718195333333301
0.23531194999999999 0.40757225302810701 1.6718195333333301
0.221850570732325 0.41505322492055402 1.6718195333333301
0.20815162831675799 0.42208974742380601 1.6718195333333301
0.194229791923961 0.428674285653321 1.6718195333333301
0.180099969405045 0.43479978872063901 1.6718195333333301
0.165777291327878 0.44045969728364698 1.6718195333333301
0.15127709477488899 0.445647950570492 1.6718195333333301
0.13661490691973599 0.45035899286960102 1.6718195333333301
0.12180642840042399 0.45458777947888401 1.6718195333333301
0.106867516506663 0.45832978210771802 1.6718195333333301
0.091814168199486207 0.46158099372596201 1.6718195333333301
0.076662502981307598 0.46433793285478098 1.6718195333333301
0.061428745634750398 0.46659764729470199 1.6718195333333301
0.046129208848745197 0.46835771728690301 1.6718195333333301
0.030780275750494 0.46961625810435198 1.6718195333333301
0.0153983823620074 0.47037192207001799 1.6718195333333301
2.8817402636862201e-17 0.47062389999999998 1.6718195333333301
-0.015398382362007201 0.47037192207001799 1.6718195333333301
-0.030780275750493899 0.46961625810435198 1.6718195333333301
-0.046129208848745003 0.46835771728690301 1.6718195333333301
-0.061428745634750197 0.46659764729470199 1.6718195333333301
-0.076662502981307501 0.46433793285478098 1.6718195333333301
-0.091814168199485999 0.46158099372596201 1.6718195333333301
-0.106867516506662 0.45832978210771802 1.6718195333333301
-0.12180642840042399 0.45458777947888401 1.6718195333333301
-0.13661490691973599 0.45035899286960102 1.6718195333333301
-0.15127709477488799 0.445647950570492 1.6718195333333301
-0.165777291327878 0.44045969728364698 1.6718195333333301
-0.180099969405045 0.43479978872063901 1.6718195333333301
-0.19422979192396 0.428674285653321 1.6718195333333301
-0.20815162831675799 0.42208974742380601 1.6718195333333301
-0.221850570732324 0.41505322492055402 1.6718195333333301
-0.23531194999999999 0.40757225302810701 1.6718195333333301
-0.24852135133769401 0.399654842558546 1.6718195333333301
-0.26146462978759399 0.39130947167331198 1.6718195333333301
-0.274127925362943 0.382545076804576 1.6718195333333301
-0.28649767788965702 0.37337104308588798 1.6718195333333301
-0.29856064152690298 0.36379719430233898 1.6718195333333301
-0.31030389895107302 0.35383378237100599 1.6718195333333301
-0.32171487518798098 0.34349147636293897 1.6718195333333301
-0.33278135107846002 0.33278135107846002 1.6718195333333301
-0.34349147636293897 0.32171487518798197 1.6718195333333301
-0.35383378237100499 0.31030389895107302 1.6718195333333301
-0.36379719430233898 0.29856064152690298 1.6718195333333301
-0.37337104308588798 0.28649767788965702 1.6718195333333301
-0.382545076804576 0.274127925362943 1.6718195333333301
-0.39130947167331198 0.26146462978759399 1.6718195333333301
-0.399654842558546 0.24852135133769401 1.6718195333333301
-0.40757225302810701 0.23531194999999999 1.6718195333333301
-0.41505322492055402 0.221850570732325 1.6718195333333301
-0.42208974742380601 0.20815162831675799 1.6718195333333301
-0.428674285653321 0.194229791923961 1.6718195333333301
-0.43479978872063901 0.180099969405045 1.6718195333333301
-0.44045969728364698 0.165777291327878 1.6718195333333301
-0.445647950570492 0.15127709477488899 1.6718195333333301
-0.45035899286960102 0.13661490691973699 1.6718195333333301
-0.45458777947888401 0.12180642840042399 1.6718195333333301
-0.45832978210771802 0.106867516506663 1.6718195333333301
-0.46158099372596201 0.091814168199486304 1.6718195333333301
-0.46433793285478098 0.076662502981307695 1.6718195333333301
-0.46659764729470199 0.061428745634750502 1.6718195333333301
-0.46835771728690301 0.046129208848745197 1.6718195333333301
-0.46961625810435198 0.030780275750494201 1.6718195333333301
-0.47037192207001799 0.0153983823620074 1.6718195333333301
-0.47062389999999998 5.7634805273724402e-17 1.6718195333333301
-0.47037192207001799 -0.0153983823620071 1.6718195333333301
-0.46961625810435198 -0.030780275750493798 1.6718195333333301
-0.46835771728690301 -0.046129208848744899 1.6718195333333301
-0.46659764729470199 -0.061428745634750197 1.6718195333333301
-0.46433793285478098 -0.076662502981307307 1.6718195333333301
-0.46158099372596201 -0.091814168199485999 1.6718195333333301
-0.45832978210771802 -0.106867516506662 1.6718195333333301
-0.45458777947888401 -0.12180642840042399 1.6718195333333301
-0.45035899286960202 -0.13661490691973599 1.6718195333333301
-0.445647950570492 -0.15127709477488799 1.6718195333333301
-0.44045969728364698 -0.165777291327878 1.6718195333333301
-0.43479978872063901 -0.180099969405044 1.6718195333333301
-0.428674285653321 -0.19422979192396 1.6718195333333301
-0.42208974742380601 -0.20815162831675799 1.6718195333333301
-0.41505322492055402 -0.221850570732324 1.6718195333333301
-0.40757225302810701 -0.23531194999999999 1.6718195333333301
-0.399654842558547 -0.24852135133769401 1.6718195333333301
-0.39130947167331198 -0.26146462978759399 1.6718195333333301
-0.382545076804576 -0.274127925362943 1.6718195333333301
-0.37337104308588798 -0.28649767788965702 1.6718195333333301
-0.36379719430233898 -0.29856064152690298 1.6718195333333301
-0.35383378237100599 -0.31030389895107302 1.6718195333333301
-0.34349147636293897 -0.32171487518798098 1.6718195333333301
-0.33278135107846002 -0.33278135107845902 1.6718195333333301
-0.32171487518798197 -0.34349147636293897 1.6718195333333301
-0.31030389895107302 -0.35383378237100499 1.6718195333333301
-0.29856064152690298 -0.36379719430233898 1.6718195333333301
-0.28649767788965702 -0.37337104308588798 1.6718195333333301
-0.274127925362943 -0.382545076804576 1.6718195333333301
-0.26146462978759399 -0.39130947167331198 1.6718195333333301
-0.24852135133769401 -0.399654842558546 1.6718195333333301
-0.23531194999999999 -0.40757225302810701 1.6718195333333301
-0.221850570732325 -0.41505322492055402 1.6718195333333301
-0.20815162831675799 -0.42208974742380601 1.6718195333333301
-0.194229791923961 -0.428674285653321 1.6718195333333301
-0.180099969405045 -0.43479978872063801 1.6718195333333301
-0.165777291327878 -0.44045969728364698 1.6718195333333301
-0.15127709477488899 -0.445647950570492 1.6718195333333301
-0.13661490691973599 -0.45035899286960102 1.6718195333333301
-0.12180642840042499 -0.45458777947888401 1.6718195333333301
-0.106867516506663 -0.45832978210771802 1.6718195333333301
-0.091814168199486304 -0.46158099372596201 1.6718195333333301
-0.076662502981307695 -0.46433793285478098 1.6718195333333301
-0.0614287456347508 -0.46659764729470199 1.6718195333333301
-0.046129208848745398 -0.46835771728690301 1.6718195333333301
-0.030780275750494201 -0.46961625810435198 1.6718195333333301
-0.015398382362007501 -0.47037192207001799 1.6718195333333301
-8.6452207910586597e-17 -0.47062389999999998 1.6718195333333301
0.015398382362006901 -0.47037192207001799 1.6718195333333301
0.030780275750493601 -0.46961625810435198 1.6718195333333301
0.046129208848744899 -0.46835771728690301 1.6718195333333301
0.061428745634750197 -0.46659764729470199 1.6718195333333301
0.076662502981307501 -0.46433793285478098 1.6718195333333301
0.091814168199485804 -0.46158099372596201 1.6718195333333301
0.106867516506662 -0.45832978210771802 1.6718195333333301
0.12180642840042399 -0.45458777947888401 1.6718195333333301
0.13661490691973599 -0.45035899286960202 1.6718195333333301
0.15127709477488899 -0.445647950570492 1.6718195333333301
0.165777291327877 -0.44045969728364698 1.6718195333333301
0.180099969405044 -0.43479978872063901 1.6718195333333301
0.19422979192396 -0.428674285653321 1.6718195333333301
0.20815162831675799 -0.42208974742380601 1.6718195333333301
0.221850570732324 -0.41505322492055402 1.6718195333333301
0.23531194999999999 -0.40757225302810701 1.6718195333333301
0.24852135133769401 -0.399654842558547 1.6718195333333301
0.26146462978759399 -0.39130947167331198 1.6718195333333301
0.274127925362943 -0.382545076804576 1.6718195333333301
0.28649767788965702 -0.37337104308588798 1.6718195333333301
0.29856064152690298 -0.36379719430233998 1.6718195333333301
0.31030389895107302 -0.35383378237100599 1.6718195333333301
0.32171487518798098 -0.34349147636293897 1.6718195333333301
0.33278135107846002 -0.33278135107846002 1.6718195333333301
0.34349147636293897 -0.32171487518798197 1.6718195333333301
0.35383378237100499 -0.31030389895107402 1.6718195333333301
0.36379719430233898 -0.29856064152690298 1.6718195333333301
0.37337104308588798 -0.28649767788965702 1.6718195333333301
0.382545076804576 -0.274127925362943 1.6718195333333301
0.39130947167331198 -0.26146462978759399 1.6718195333333301
0.399654842558546 -0.24852135133769401 1.6718195333333301
0.40757225302810701 -0.23531194999999999 1.6718195333333301
0.41505322492055402 -0.221850570732325 1.6718195333333301
0.42208974742380601 -0.20815162831675901 1.6718195333333301
0.428674285653321 -0.194229791923961 1.6718195333333301
0.43479978872063801 -0.180099969405045 1.6718195333333301
0.44045969728364698 -0.165777291327878 1.6718195333333301
0.445647950570492 -0.15127709477488899 1.6718195333333301
0.45035899286960102 -0.13661490691973699 1.6718195333333301
0.45458777947888401 -0.12180642840042499 1.6718195333333301
0.45832978210771802 -0.106867516506663 1.6718195333333301
0.46158099372596201 -0.091814168199486401 1.6718195333333301
0.46433793285478098 -0.076662502981307695 1.6718195333333301
0.46659764729470199 -0.0614287456347508 1.6718195333333301
0.46835771728690301 -0.046129208848745502 1.6718195333333301
0.46961625810435198 -0.030780275750494201 1.6718195333333301
0.47037192207001799 -0.015398382362007501 1.6718195333333301
0.47062389999999998 0 1.6718195333333301
end
coil PF4_47 -54804.949999999997 updown
0.57326529999999998 0 1.6718195333333301
0.572958366579015 0.018756714829550301 1.6718195333333301
0.57203789498805502 0.037493344499056697 1.6718195333333301
0.57050487089115498 0.056189825356167698 1.6718195333333301
0.56836093588891601 0.074826136740885493 1.6718195333333301
0.56560838576063799 0.093382322424190894 1.6718195333333301
0.56225016800594196 0.111838511977672 1.6718195333333301
0.55828987868851399 0.130174942051279 1.6718195333333301
0.55373175858535095 0.14837197753640999 1.6718195333333301
0.54858068864562504 0.166410132591683 1.6718195333333301
0.54284218476405099 0.18427009150885601 1.6718195333333301
0.53652239187431605 0.20193272939658 1.6718195333333301
0.52962807736894302 0.21937913265980299 1.6718195333333301
0.52216662385258505 0.23659061925292499 1.6718195333333301
0.51414602123655895 0.25354875868500298 1.6718195333333301
0.50557485818303904 0.27023539175557698 1.6718195333333301
0.496462312908107 0.28663264999999999 1.6718195333333301
0.486818143353489 0.30272297482343802 1.6718195333333301
0.476652676737502 0.31848913630305198 1.6718195333333301
0.46597679849641799 0.33391425163823002 1.6718195333333301
0.45480194062805701 0.34898180322911299 1.6718195333333301
0.44314006945012502 0.36367565636405702 1.6718195333333301
0.43100367278637802 0.37798007649708498 1.6718195333333301
0.41840574659434698 0.39187974609683202 1.6718195333333301
0.40535978104894099 0.40535978104894099 1.6718195333333301
0.39187974609683202 0.41840574659434698 1.6718195333333301
0.37798007649708598 0.43100367278637802 1.6718195333333301
0.36367565636405802 0.44314006945012502 1.6718195333333301
0.34898180322911299 0.45480194062805701 1.6718195333333301
0.33391425163823002 0.46597679849641799 1.6718195333333301
0.31848913630305198 0.476652676737502 1.6718195333333301
0.30272297482343802 0.486818143353489 1.6718195333333301
0.28663264999999999 0.496462312908107 1.6718195333333301
0.27023539175557698 0.50557485818303904 1.6718195333333301
0.25354875868500298 0.51414602123655895 1.6718195333333301
0.23659061925292499 0.52216662385258505 1.6718195333333301
0.21937913265980299 0.52962807736894302 1.6718195333333301
0.20193272939658 0.53652239187431605 1.6718195333333301
0.18427009150885701 0.54284218476405099 1.6718195333333301
0.166410132591683 0.54858068864562504 1.6718195333333301
0.14837197753640999 0.55373175858535095 1.6718195333333301
0.130174942051279 0.55828987868851399 1.6718195333333301
0.111838511977672 0.56225016800594196 1.6718195333333301
0.093382322424191005 0.56560838576063799 1.6718195333333301
0.074826136740885604 0.56836093588891601 1.6718195333333301
0.056189825356167802 0.57050487089115498 1.6718195333333301
0.037493344499056801 0.57203789498805502 1.6718195333333301
0.018756714829550498 0.572958366579015 1.6718195333333301
3.5102375735362402e-17 0.57326529999999998 1.6718195333333301
-0.018756714829550301 0.572958366579015 1.6718195333333301
-0.037493344499056599 0.57203789498805502 1.6718195333333301
-0.056189825356167601 0.57050487089115498 1.6718195333333301
-0.074826136740885396 0.56836093588891601 1.6718195333333301
-0.093382322424190797 0.56560838576063799 1.6718195333333301
-0.111838511977672 0.56225016800594196 1.6718195333333301
-0.130174942051279 0.55828987868851399 1.6718195333333301
-0.14837197753640999 0.55373175858535095 1.6718195333333301
-0.166410132591682 0.54858068864562504 1.6718195333333301
-0.18427009150885601 0.54284218476405099 1.6718195333333301
-0.20193272939658 0.53652239187431605 1.6718195333333301
-0.21937913265980299 0.52962807736894302 1.6718195333333301
-0.23659061925292499 0.52216662385258505 1.6718195333333301
-0.25354875868500298 0.51414602123655895 1.6718195333333301
-0.27023539175557598 0.50557485818303904 1.6718195333333301
-0.28663264999999999 0.496462312908107 1.6718195333333301
-0.30272297482343802 0.486818143353489 1.6718195333333301
-0.31848913630305198 0.476652676737502 1.6718195333333301
-0.33391425163823002 0.46597679849641799 1.6718195333333301
-0.34898180322911299 0.45480194062805701 1.6718195333333301
-0.36367565636405702 0.44314006945012502 1.6718195333333301
-0.37798007649708498 0.43100367278637802 1.6718195333333301
-0.39187974609683202 0.41840574659434698 1.6718195333333301
-0.40535978104893999 0.40535978104894099 1.6718195333333301
-0.41840574659434598 0.39187974609683202 1.6718195333333301
-0.43100367278637802 0.37798007649708598 1.6718195333333301
-0.44314006945012502 0.36367565636405802 1.6718195333333301
-0.45480194062805701 0.34898180322911299 1.6718195333333301
-0.46597679849641799 0.33391425163823002 1.6718195333333301
-0.476652676737502 0.31848913630305198 1.6718195333333301
-0.486818143353489 0.30272297482343802 1.6718195333333301
-0.496462312908107 0.28663264999999999 1.6718195333333301
-0.50557485818303904 0.27023539175557698 1.6718195333333301
-0.51414602123655895 0.25354875868500298 1.6718195333333301
-0.52216662385258505 0.23659061925292499 1.6718195333333301
-0.52962807736894302 0.21937913265980299 1.6718195333333301
-0.53652239187431605 0.20193272939658 1.6718195333333301
-0.54284218476405099 0.18427009150885701 1.6718195333333301
-0.54858068864562504 0.166410132591683 1.6718195333333301
-0.55373175858535095 0.14837197753640999 1.6718195333333301
-0.55828987868851399 0.130174942051279 1.6718195333333301
-0.56225016800594196 0.111838511977673 1.6718195333333301
-0.56560838576063799 0.093382322424191005 1.6718195333333301
-0.56836093588891601 0.074826136740885799 1.6718195333333301
-0.57050487089115498 0.056189825356167802 1.6718195333333301
-0.57203789498805502 0.037493344499057002 1.6718195333333301
-0.572958366579015 0.018756714829550498 1.6718195333333301
-0.57326529999999998 7.0204751470724705e-17 1.6718195333333301
-0.572958366579015 -0.018756714829550099 1.6718195333333301
-0.57203789498805502 -0.037493344499056599 1.6718195333333301
-0.57050487089115498 -0.0561898253561674 1.6718195333333301
-0.56836093588891601 -0.074826136740885396 1.6718195333333301
-0.56560838576063799 -0.093382322424190603 1.6718195333333301
-0.56225016800594196 -0.111838511977672 1.6718195333333301
-0.55828987868851498 -0.130174942051279 1.6718195333333301
-0.55373175858535095 -0.14837197753640999 1.6718195333333301
-0.54858068864562504 -0.166410132591682 1.6718195333333301
-0.54284218476405099 -0.18427009150885601 1.6718195333333301
-0.53652239187431605 -0.20193272939658 1.6718195333333301
-0.52962807736894302 -0.21937913265980299 1.6718195333333301
-0.52216662385258505 -0.23659061925292499 1.6718195333333301
-0.51414602123655895 -0.25354875868500298 1.6718195333333301
-0.50557485818303904 -0.27023539175557598 1.6718195333333301
-0.496462312908107 -0.28663264999999999 1.6718195333333301
-0.486818143353489 -0.30272297482343802 1.6718195333333301
-0.476652676737502 -0.31848913630305198 1.6718195333333301
-0.46597679849641799 -0.33391425163822902 1.6718195333333301
-0.45480194062805701 -0.34898180322911299 1.6718195333333301
-0.44314006945012502 -0.36367565636405702 1.6718195333333301
-0.43100367278637802 -0.37798007649708498 1.6718195333333301
-0.41840574659434698 -0.39187974609683202 1.6718195333333301
-0.40535978104894099 -0.40535978104893999 1.6718195333333301
-0.39187974609683202 -0.41840574659434598 1.6718195333333301
-0.37798007649708598 -0.43100367278637802 1.6718195333333301
-0.36367565636405802 -0.44314006945012502 1.6718195333333301
-0.34898180322911299 -0.45480194062805701 1.6718195333333301
-0.33391425163823002 -0.46597679849641799 1.6718195333333301
-0.31848913630305298 -0.476652676737502 1.6718195333333301
-0.30272297482343902 -0.486818143353488 1.6718195333333301
-0.28663264999999999 -0.496462312908107 1.6718195333333301
-0.27023539175557698 -0.50557485818303904 1.6718195333333301
-0.25354875868500298 -0.51414602123655895 1.6718195333333301
-0.23659061925292599 -0.52216662385258505 1.6718195333333301
-0.21937913265980299 -0.52962807736894202 1.6718195333333301
-0.20193272939658 -0.53652239187431605 1.6718195333333301
-0.18427009150885701 -0.54284218476405099 1.6718195333333301
-0.166410132591683 -0.54858068864562504 1.6718195333333301
-0.14837197753640999 -0.55373175858534995 1.6718195333333301
-0.130174942051279 -0.55828987868851399 1.6718195333333301
-0.111838511977673 -0.56225016800594196 1.6718195333333301
-0.093382322424191005 -0.56560838576063799 1.6718195333333301
-0.074826136740886104 -0.56836093588891601 1.6718195333333301
-0.056189825356168101 -0.57050487089115498 1.6718195333333301
-0.037493344499057099 -0.57203789498805502 1.6718195333333301
-0.018756714829550599 -0.572958366579015 1.6718195333333301
-1.05307127206087e-16 -0.57326529999999998 1.6718195333333301
0.018756714829549801 -0.572958366579015 1.6718195333333301
0.037493344499056301 -0.57203789498805502 1.6718195333333301
0.0561898253561674 -0.57050487089115498 1.6718195333333301
0.074826136740885396 -0.56836093588891601 1.6718195333333301
0.093382322424190894 -0.56560838576063799 1.6718195333333301
0.111838511977672 -0.56225016800594196 1.6718195333333301
0.130174942051278 -0.55828987868851498 1.6718195333333301
0.14837197753640999 -0.55373175858535095 1.6718195333333301
0.166410132591682 -0.54858068864562504 1.6718195333333301
0.18427009150885601 -0.54284218476405099 1.6718195333333301
0.20193272939658 -0.53652239187431605 1.6718195333333301
0.21937913265980299 -0.52962807736894302 1.6718195333333301
0.23659061925292499 -0.52216662385258505 1.6718195333333301
0.25354875868500298 -0.51414602123655895 1.6718195333333301
0.27023539175557598 -0.50557485818303904 1.6718195333333301
0.28663264999999999 -0.49646231290810799 1.6718195333333301
0.30272297482343802 -0.486818143353489 1.6718195333333301
0.31848913630305198 -0.476652676737502 1.6718195333333301
0.33391425163823002 -0.46597679849641799 1.6718195333333301
0.34898180322911299 -0.45480194062805701 1.6718195333333301
0.36367565636405702 -0.44314006945012602 1.6718195333333301
0.37798007649708498 -0.43100367278637802 1.6718195333333301
0.39187974609683202 -0.41840574659434698 1.6718195333333301
0.40535978104893999 -0.40535978104894099 1.6718195333333301
0.41840574659434598 -0.39187974609683202 1.6718195333333301
0.43100367278637802 -0.37798007649708598 1.6718195333333301
0.44314006945012502 -0.36367565636405802 1.6718195333333301
0.45480194062805701 -0.34898180322911299 1.6718195333333301
0.46597679849641799 -0.33391425163823002 1.6718195333333301
0.476652676737502 -0.31848913630305298 1.6718195333333301
0.486818143353488 -0.30272297482343902 1.6718195333333301
0.496462312908107 -0.28663264999999999 1.6718195333333301
0.50557485818303904 -0.27023539175557698 1.6718195333333301
0.51414602123655895 -0.25354875868500298 1.6718195333333301
0.52216662385258505 -0.23659061925292599 1.6718195333333301
0.52962807736894202 -0.21937913265980299 1.6718195333333301
0.53652239187431605 -0.201932729396581 1.6718195333333301
0.54284218476405099 -0.18427009150885701 1.6718195333333301
0.54858068864562504 -0.166410132591683 1.6718195333333301
0.55373175858534995 -0.14837197753641099 1.6718195333333301
0.55828987868851399 -0.130174942051279 1.6718195333333301
0.56225016800594196 -0.111838511977673 1.6718195333333301
0.56560838576063799 -0.093382322424191103 1.6718195333333301
0.56836093588891601 -0.074826136740886104 1.6718195333333301
0.57050487089115498 -0.056189825356168101 1.6718195333333301
0.57203789498805502 -0.037493344499057099 1.6718195333333301
0.572958366579015 -0.018756714829550599 1.6718195333333301
0.57326529999999998 0 1.6718195333333301
end
coil PF5_54 30122.895 updown
2.2231858 0 1.4788768999999999
2.2228881997013801 0.036375169415416297 1.4788768999999999
2.2219954784803102 0.0727406003183967 1.4788768999999999
2.2205078753398602 0.10908655680374001 1.4788768999999999
2.21842578854735 0.14540330818001901 1.4788768999999999
2.2157497755277702 0.18168113157471799 1.4788768999999999
2.2124805527145099 0.21791031453728599 1.4788768999999999
2.2086189953575701 0.25408115763938999 1.4788768999999999
2.2041661372892198 0.29018397707168903 1.4788768999999999
2.19912317064726 0.32620910723642299 1.4788768999999999
2.1934914455557899 0.362146903335127 1.4788768999999999
2.1872724697637902 0.39798774395078002 1.4788768999999999
2.18046790824148 0.433722033623684 1.4788768999999999
2.1730795827345002 0.469340205420408 1.4788768999999999
2.16510947127626 0.50483272349508301 1.4788768999999999
2.1565597076583098 0.54019008564238202 1.4788768999999999
2.1474325808591201 0.57540282584148394 1.4788768999999999
2.1377305344312298 0.61046151679036298 1.4788768999999999
2.1274561658470801 0.64535677242970402 1.4788768999999999
2.11661222580357 0.680079250455772 1.4788768999999999
2.10520161748568 0.71461965482158096 1.4788768999999999
2.0932273957891701 0.74896873822566501 1.4788768999999999
2.0806927665027302 0.78311730458780604 1.4788768999999999
2.06760108544972 0.81705621151104502 1.4788768999999999
2.0539558575897301 0.85077637272932805 1.4788768999999999
2.0397607360802099 0.88426876054011305 1.4788768999999999
2.0250195212984399 0.91752440822130699 1.4788768999999999
2.0097361598240799 0.95053441243187597 1.4788768999999999
1.9939147433825399 0.98328993559548294 1.4788768999999999
1.9775595077496 1.01578220826652 1.4788768999999999
1.9606748316173099 1.04800253147789 1.4788768999999999
1.9432652354217601 1.07994227906998 1.4788768999999999
1.9253353801328299 1.1115929 1.4788768999999999
1.9068900660063399 1.1429459206314001 1.4788768999999999
1.88793423129891 1.17399294700242 1.4788768999999999
1.86847295094586 1.2047256670733399 1.4788768999999999
1.84851143520252 1.2351358529518699 1.4788768999999999
1.8280550282493599 1.2652153630959 1.4788768999999999
1.80710920676116 1.2949561444932001 1.4788768999999999
1.7856795784408199 1.3243502348174501 1.4788768999999999
1.76377188051804 1.3533897645599 1.4788768999999999
1.7413919782133001 1.38206695913621 1.4788768999999999
1.7185458631676001 1.41037414096798 1.4788768999999999
1.6952396518383901 1.43830373153813 1.4788768999999999
1.671479583862 1.4658482534199 1.4788768999999999
1.6472720203831701 1.49300033227873 1.4788768999999999
1.6226234423520001 1.5197526988465599 1.4788768999999999
1.59754044878885 1.5460981908679501 1.4788768999999999
1.5720297550176401 1.5720297550176401 1.4788768999999999
1.5460981908679501 1.59754044878885 1.4788768999999999
1.5197526988465599 1.6226234423520001 1.4788768999999999
1.49300033227873 1.6472720203831599 1.4788768999999999
1.4658482534199 1.671479583862 1.4788768999999999
1.43830373153813 1.6952396518383901 1.4788768999999999
1.41037414096798 1.7185458631676001 1.4788768999999999
1.38206695913621 1.7413919782133001 1.4788768999999999
1.3533897645599 1.76377188051804 1.4788768999999999
1.3243502348174501 1.7856795784408199 1.4788768999999999
1.2949561444932001 1.80710920676116 1.4788768999999999
1.2652153630959 1.8280550282493599 1.4788768999999999
1.2351358529518699 1.84851143520252 1.4788768999999999
1.2047256670733399 1.86847295094586 1.4788768999999999
1.17399294700242 1.88793423129891 1.4788768999999999
1.1429459206314001 1.9068900660063399 1.4788768999999999
1.1115929 1.9253353801328299 1.4788768999999999
1.07994227906998 1.9432652354217601 1.4788768999999999
1.0480025314779 1.9606748316173099 1.4788768999999999
1.01578220826652 1.9775595077496 1.4788768999999999
0.98328993559548294 1.9939147433825399 1.4788768999999999
0.95053441243187697 2.0097361598240799 1.4788768999999999
0.91752440822130799 2.0250195212984399 1.4788768999999999
0.88426876054011305 2.0397607360802099 1.4788768999999999
0.85077637272932805 2.0539558575897301 1.4788768999999999
0.81705621151104602 2.06760108544972 1.4788768999999999
0.78311730458780604 2.0806927665027302 1.4788768999999999
0.74896873822566601 2.0932273957891701 1.4788768999999999
0.71461965482158196 2.10520161748568 1.4788768999999999
0.680079250455772 2.11661222580357 1.4788768999999999
0.64535677242970402 2.1274561658470801 1.4788768999999999
0.61046151679036398 2.1377305344312298 1.4788768999999999
0.57540282584148394 2.1474325808591201 1.4788768999999999
0.54019008564238202 2.1565597076583098 1.4788768999999999
0.50483272349508401 2.16510947127626 1.4788768999999999
0.469340205420408 2.1730795827345002 1.4788768999999999
0.433722033623684 2.18046790824148 1.4788768999999999
0.39798774395078002 2.1872724697637902 1.4788768999999999
0.362146903335128 2.1934914455557899 1.4788768999999999
0.32620910723642299 2.19912317064726 1.4788768999999999
0.29018397707169002 2.2041661372892198 1.4788768999999999
0.25408115763939099 2.2086189953575701 1.4788768999999999
0.21791031453728699 2.2124805527145099 1.4788768999999999
0.18168113157471899 2.2157497755277702 1.4788768999999999
0.14540330818001901 2.21842578854735 1.4788768999999999
0.10908655680374101 2.2205078753398602 1.4788768999999999
0.0727406003183972 2.2219954784803102 1.4788768999999999
0.0363751694154167 2.2228881997013801 1.4788768999999999
1.3613086869399201e-16 2.2231858 1.4788768999999999
-0.036375169415415902 2.2228881997013801 1.4788768999999999
-0.072740600318396395 2.2219954784803102 1.4788768999999999
-0.10908655680374001 2.2205078753398602 1.4788768999999999
-0.14540330818001901 2.21842578854735 1.4788768999999999
-0.18168113157471799 2.2157497755277702 1.4788768999999999
-0.21791031453728599 2.2124805527145099 1.4788768999999999
-0.25408115763938999 2.2086189953575701 1.4788768999999999
-0.29018397707168903 2.2041661372892198 1.4788768999999999
-0.32620910723642299 2.19912317064726 1.4788768999999999
-0.362146903335127 2.1934914455557899 1.4788768999999999
-0.39798774395077902 2.1872724697637902 1.4788768999999999
-0.433722033623683 2.18046790824148 1.4788768999999999
-0.469340205420407 2.1730795827345002 1.4788768999999999
-0.50483272349508301 2.16510947127626 1.4788768999999999
-0.54019008564238102 2.1565597076583201 1.4788768999999999
-0.57540282584148295 2.1474325808591201 1.4788768999999999
-0.61046151679036298 2.1377305344312298 1.4788768999999999
-0.64535677242970302 2.1274561658470801 1.4788768999999999
-0.680079250455772 2.11661222580357 1.4788768999999999
-0.71461965482158096 2.10520161748568 1.4788768999999999
-0.74896873822566501 2.0932273957891701 1.4788768999999999
-0.78311730458780504 2.0806927665027302 1.4788768999999999
-0.81705621151104502 2.06760108544972 1.4788768999999999
-0.85077637272932705 2.0539558575897301 1.4788768999999999
-0.88426876054011205 2.0397607360802099 1.4788768999999999
-0.91752440822130699 2.0250195212984399 1.4788768999999999
-0.95053441243187597 2.0097361598240799 1.4788768999999999
-0.98328993559548195 1.9939147433825399 1.4788768999999999
-1.01578220826652 1.9775595077496 1.4788768999999999
-1.04800253147789 1.9606748316173099 1.4788768999999999
-1.07994227906998 1.9432652354217601 1.4788768999999999
-1.1115929 1.9253353801328299 1.4788768999999999
-1.1429459206314001 1.9068900660063399 1.4788768999999999
-1.17399294700242 1.88793423129891 1.4788768999999999
-1.2047256670733399 1.86847295094586 1.4788768999999999
-1.2351358529518699 1.84851143520252 1.4788768999999999
-1.26521536309589 1.8280550282493599 1.4788768999999999
-1.2949561444932001 1.80710920676116 1.4788768999999999
-1.3243502348174501 1.7856795784408199 1.4788768999999999
-1.3533897645599 1.76377188051804 1.4788768999999999
-1.38206695913621 1.7413919782133001 1.4788768999999999
-1.41037414096798 1.7185458631676001 1.4788768999999999
-1.43830373153813 1.6952396518383901 1.4788768999999999
-1.4658482534199 1.671479583862 1.4788768999999999
-1.49300033227873 1.6472720203831701 1.4788768999999999
-1.5197526988465599 1.6226234423520001 1.4788768999999999
-1.5460981908679501 1.59754044878885 1.4788768999999999
-1.5720297550176401 1.5720297550176401 1.4788768999999999
-1.59754044878885 1.5460981908679501 1.4788768999999999
-1.6226234423520001 1.5197526988465599 1.4788768999999999
-1.6472720203831599 1.49300033227873 1.4788768999999999
-1.671479583862 1.4658482534199 1.4788768999999999
-1.6952396518383901 1.43830373153813 1.4788768999999999
-1.7185458631676001 1.41037414096798 1.4788768999999999
-1.7413919782133001 1.38206695913621 1.4788768999999999
-1.76377188051804 1.3533897645599 1.4788768999999999
-1.7856795784408199 1.3243502348174501 1.4788768999999999
-1.80710920676116 1.2949561444932001 1.4788768999999999
-1.8280550282493599 1.2652153630959 1.4788768999999999
-1.84851143520252 1.2351358529518699 1.4788768999999999
-1.86847295094586 1.2047256670733399 1.4788768999999999
-1.88793423129891 1.17399294700242 1.4788768999999999
-1.9068900660063399 1.1429459206314001 1.4788768999999999
-1.9253353801328299 1.1115929 1.4788768999999999
-1.9432652354217601 1.07994227906998 1.4788768999999999
-1.9606748316173099 1.0480025314779 1.4788768999999999
-1.9775595077496 1.01578220826652 1.4788768999999999
-1.9939147433825399 0.98328993559548405 1.4788768999999999
-2.0097361598240799 0.95053441243187697 1.4788768999999999
-2.0250195212984399 0.91752440822130799 1.4788768999999999
-2.0397607360802099 0.88426876054011305 1.4788768999999999
-2.0539558575897301 0.85077637272932805 1.4788768999999999
-2.06760108544972 0.81705621151104602 1.4788768999999999
-2.0806927665027302 0.78311730458780704 1.4788768999999999
-2.0932273957891701 0.74896873822566601 1.4788768999999999
-2.10520161748568 0.71461965482158196 1.4788768999999999
-2.11661222580357 0.680079250455773 1.4788768999999999
-2.1274561658470801 0.64535677242970502 1.4788768999999999
-2.1377305344312298 0.61046151679036398 1.4788768999999999
-2.1474325808591201 0.57540282584148394 1.4788768999999999
-2.1565597076583098 0.54019008564238202 1.4788768999999999
-2.16510947127626 0.50483272349508501 1.4788768999999999
-2.1730795827345002 0.469340205420409 1.4788768999999999
-2.18046790824148 0.433722033623684 1.4788768999999999
-2.1872724697637902 0.39798774395078002 1.4788768999999999
-2.1934914455557899 0.362146903335128 1.4788768999999999
-2.19912317064726 0.32620910723642399 1.4788768999999999
-2.2041661372892198 0.29018397707169002 1.4788768999999999
-2.2086189953575701 0.25408115763939099 1.4788768999999999
-2.2124805527145099 0.21791031453728699 1.4788768999999999
-2.2157497755277702 0.18168113157471899 1.4788768999999999
-2.21842578854735 0.14540330818002001 1.4788768999999999
-2.2205078753398602 0.10908655680374101 1.4788768999999999
-2.2219954784803102 0.072740600318397297 1.4788768999999999
-2.2228881997013801 0.036375169415416797 1.4788768999999999
-2.2231858 2.72261737387985e-16 1.4788768999999999
-2.2228881997013801 -0.036375169415415298 1.4788768999999999
-2.2219954784803102 -0.072740600318395798 1.4788768999999999
-2.2205078753398602 -0.10908655680374001 1.4788768999999999
-2.21842578854735 -0.14540330818001901 1.4788768999999999
-2.2157497755277702 -0.18168113157471699 1.4788768999999999
-2.2124805527145099 -0.21791031453728499 1.4788768999999999
-2.2086189953575701 -0.25408115763938999 1.4788768999999999
-2.2041661372892198 -0.29018397707168903 1.4788768999999999
-2.19912317064726 -0.32620910723642299 1.4788768999999999
-2.1934914455557899 -0.362146903335126 1.4788768999999999
-2.1872724697637902 -0.39798774395077902 1.4788768999999999
-2.18046790824148 -0.433722033623683 1.4788768999999999
-2.17307958273451 -0.469340205420407 1.4788768999999999
-2.16510947127626 -0.50483272349508301 1.4788768999999999
-2.1565597076583201 -0.54019008564238102 1.4788768999999999
-2.1474325808591201 -0.57540282584148295 1.4788768999999999
-2.1377305344312298 -0.61046151679036298 1.4788768999999999
-2.1274561658470801 -0.64535677242970302 1.4788768999999999
-2.11661222580357 -0.680079250455771 1.4788768999999999
-2.10520161748568 -0.71461965482157996 1.4788768999999999
-2.0932273957891701 -0.74896873822566501 1.4788768999999999
-2.0806927665027302 -0.78311730458780504 1.4788768999999999
-2.06760108544972 -0.81705621151104502 1.4788768999999999
-2.0539558575897301 -0.85077637272932705 1.4788768999999999
-2.0397607360802099 -0.88426876054011205 1.4788768999999999
-2.0250195212984399 -0.91752440822130599 1.4788768999999999
-2.0097361598240799 -0.95053441243187597 1.4788768999999999
-1.9939147433825399 -0.98328993559548195 1.4788768999999999
-1.9775595077496 -1.01578220826652 1.4788768999999999
-1.9606748316173099 -1.04800253147789 1.4788768999999999
-1.9432652354217601 -1.07994227906998 1.4788768999999999
-1.9253353801328299 -1.1115929 1.4788768999999999
-1.9068900660063399 -1.1429459206314001 1.4788768999999999
-1.88793423129891 -1.17399294700242 1.4788768999999999
-1.86847295094586 -1.2047256670733399 1.4788768999999999
-1.84851143520252 -1.2351358529518699 1.4788768999999999
-1.8280550282493599 -1.26521536309589 1.4788768999999999
-1.80710920676116 -1.2949561444932001 1.4788768999999999
-1.7856795784408199 -1.3243502348174501 1.4788768999999999
-1.76377188051804 -1.3533897645599 1.4788768999999999
-1.7413919782133001 -1.38206695913621 1.4788768999999999
-1.7185458631676001 -1.41037414096798 1.4788768999999999
-1.6952396518383901 -1.43830373153813 1.4788768999999999
-1.671479583862 -1.4658482534199 1.4788768999999999
-1.6472720203831701 -1.49300033227873 1.4788768999999999
-1.6226234423520001 -1.5197526988465599 1.4788768999999999
-1.59754044878885 -1.5460981908679501 1.4788768999999999
-1.5720297550176401 -1.5720297550176401 1.4788768999999999
-1.5460981908679501 -1.59754044878885 1.4788768999999999
-1.5197526988465599 -1.6226234423520001 1.4788768999999999
-1.49300033227873 -1.6472720203831599 1.4788768999999999
-1.4658482534199 -1.671479583862 1.4788768999999999
-1.43830373153813 -1.6952396518383901 1.4788768999999999
-1.41037414096798 -1.7185458631676001 1.4788768999999999
-1.38206695913622 -1.7413919782133001 1.4788768999999999
-1.3533897645599 -1.76377188051804 1.4788768999999999
-1.3243502348174601 -1.7856795784408199 1.4788768999999999
-1.2949561444932001 -1.80710920676116 1.4788768999999999
-1.2652153630959 -1.8280550282493599 1.4788768999999999
-1.2351358529518699 -1.84851143520252 1.4788768999999999
-1.2047256670733399 -1.86847295094586 1.4788768999999999
-1.17399294700242 -1.88793423129891 1.4788768999999999
-1.1429459206314001 -1.9068900660063399 1.4788768999999999
-1.1115929 -1.9253353801328299 1.4788768999999999
-1.07994227906998 -1.9432652354217601 1.4788768999999999
-1.0480025314779 -1.9606748316173099 1.4788768999999999
-1.01578220826652 -1.9775595077496 1.4788768999999999
-0.98328993559548294 -1.9939147433825399 1.4788768999999999
-0.95053441243187697 -2.0097361598240799 1.4788768999999999
-0.91752440822130898 -2.0250195212984399 1.4788768999999999
-0.88426876054011305 -2.0397607360802099 1.4788768999999999
-0.85077637272932904 -2.0539558575897301 1.4788768999999999
-0.81705621151104502 -2.06760108544972 1.4788768999999999
-0.78311730458780704 -2.0806927665027302 1.4788768999999999
-0.74896873822566701 -2.0932273957891701 1.4788768999999999
-0.71461965482158196 -2.10520161748568 1.4788768999999999
-0.680079250455774 -2.11661222580357 1.4788768999999999
-0.64535677242970402 -2.1274561658470801 1.4788768999999999
-0.61046151679036398 -2.1377305344312298 1.4788768999999999
-0.57540282584148505 -2.1474325808591201 1.4788768999999999
-0.54019008564238202 -2.1565597076583098 1.4788768999999999
-0.50483272349508501 -2.16510947127626 1.4788768999999999
-0.46934020542040999 -2.1730795827345002 1.4788768999999999
-0.433722033623685 -2.18046790824148 1.4788768999999999
-0.39798774395078101 -2.1872724697637902 1.4788768999999999
-0.362146903335128 -2.1934914455557899 1.4788768999999999
-0.32620910723642399 -2.19912317064726 1.4788768999999999
-0.29018397707169102 -2.2041661372892198 1.4788768999999999
-0.25408115763939099 -2.2086189953575701 1.4788768999999999
-0.21791031453728801 -2.2124805527145099 1.4788768999999999
-0.18168113157471899 -2.2157497755277702 1.4788768999999999
-0.14540330818002001 -2.21842578854735 1.4788768999999999
-0.109086556803742 -2.2205078753398602 1.4788768999999999
-0.072740600318397505 -2.2219954784803102 1.4788768999999999
-0.0363751694154179 -2.2228881997013801 1.4788768999999999
-4.0839260608197701e-16 -2.2231858 1.4788768999999999
0.036375169415415097 -2.2228881997013801 1.4788768999999999
0.072740600318394702 -2.2219954784803102 1.4788768999999999
0.10908655680373899 -2.2205078753398602 1.4788768999999999
0.14540330818001701 -2.21842578854735 1.4788768999999999
0.18168113157471799 -2.2157497755277702 1.4788768999999999
0.21791031453728499 -2.2124805527145099 1.4788768999999999
0.25408115763938799 -2.2086189953575701 1.4788768999999999
0.29018397707168803 -2.2041661372892198 1.4788768999999999
0.32620910723642099 -2.19912317064726 1.4788768999999999
0.362146903335127 -2.1934914455557899 1.4788768999999999
0.39798774395077902 -2.1872724697637902 1.4788768999999999
0.433722033623682 -2.18046790824148 1.4788768999999999
0.469340205420407 -2.17307958273451 1.4788768999999999
0.50483272349508201 -2.16510947127626 1.4788768999999999
0.54019008564238102 -2.1565597076583098 1.4788768999999999
0.57540282584148295 -2.1474325808591201 1.4788768999999999
0.61046151679036198 -2.1377305344312298 1.4788768999999999
0.64535677242970302 -2.1274561658470801 1.4788768999999999
0.680079250455771 -2.11661222580357 1.4788768999999999
0.71461965482158096 -2.10520161748568 1.4788768999999999
0.74896873822566401 -2.0932273957891701 1.4788768999999999
0.78311730458780404 -2.0806927665027302 1.4788768999999999
0.81705621151104502 -2.06760108544972 1.4788768999999999
0.85077637272932705 -2.0539558575897301 1.4788768999999999
0.88426876054011105 -2.0397607360802099 1.4788768999999999
0.91752440822130599 -2.0250195212984399 1.4788768999999999
0.95053441243187498 -2.0097361598240799 1.4788768999999999
0.98328993559548195 -1.9939147433825399 1.4788768999999999
1.01578220826652 -1.9775595077496 1.4788768999999999
1.04800253147789 -1.9606748316173099 1.4788768999999999
1.07994227906998 -1.9432652354217601 1.4788768999999999
1.1115929 -1.9253353801328299 1.4788768999999999
1.1429459206314001 -1.9068900660063399 1.4788768999999999
1.17399294700242 -1.88793423129891 1.4788768999999999
1.2047256670733399 -1.86847295094586 1.4788768999999999
1.2351358529518699 -1.84851143520252 1.4788768999999999
1.26521536309589 -1.8280550282493599 1.4788768999999999
1.2949561444932001 -1.80710920676116 1.4788768999999999
1.3243502348174501 -1.7856795784408199 1.4788768999999999
1.35338976455989 -1.76377188051804 1.4788768999999999
1.38206695913621 -1.7413919782133001 1.4788768999999999
1.41037414096798 -1.7185458631676001 1.4788768999999999
1.43830373153813 -1.6952396518383901 1.4788768999999999
1.4658482534199 -1.671479583862 1.4788768999999999
1.49300033227873 -1.6472720203831701 1.4788768999999999
1.5197526988465599 -1.6226234423520001 1.4788768999999999
1.5460981908679501 -1.59754044878885 1.4788768999999999
1.5720297550176401 -1.5720297550176401 1.4788768999999999
1.59754044878885 -1.5460981908679501 1.4788768999999999
1.6226234423519901 -1.5197526988465599 1.4788768999999999
1.6472720203831599 -1.49300033227873 1.4788768999999999
1.671479583862 -1.4658482534199 1.4788768999999999
1.6952396518383901 -1.43830373153813 1.4788768999999999
1.7185458631676001 -1.41037414096798 1.4788768999999999
1.7413919782133001 -1.38206695913622 1.4788768999999999
1.76377188051804 -1.3533897645599 1.4788768999999999
1.7856795784408199 -1.3243502348174601 1.4788768999999999
1.80710920676116 -1.2949561444932001 1.4788768999999999
1.8280550282493599 -1.2652153630959 1.4788768999999999
1.84851143520252 -1.2351358529518699 1.4788768999999999
1.86847295094586 -1.2047256670733399 1.4788768999999999
1.88793423129891 -1.17399294700242 1.4788768999999999
1.9068900660063399 -1.1429459206314001 1.4788768999999999
1.9253353801328299 -1.1115929 1.4788768999999999
1.9432652354217601 -1.07994227906998 1.4788768999999999
1.9606748316173099 -1.0480025314779 1.4788768999999999
1.9775595077496 -1.01578220826652 1.4788768999999999
1.9939147433825399 -0.98328993559548505 1.4788768999999999
2.0097361598240799 -0.95053441243187697 1.4788768999999999
2.0250195212984399 -0.91752440822130898 1.4788768999999999
2.0397607360802099 -0.88426876054011305 1.4788768999999999
2.0539558575897301 -0.85077637272932904 1.4788768999999999
2.06760108544972 -0.81705621151104701 1.4788768999999999
2.0806927665027302 -0.78311730458780704 1.4788768999999999
2.0932273957891701 -0.74896873822566701 1.4788768999999999
2.10520161748568 -0.71461965482158196 1.4788768999999999
2.11661222580357 -0.680079250455774 1.4788768999999999
2.1274561658470801 -0.64535677242970602 1.4788768999999999
2.1377305344312298 -0.61046151679036398 1.4788768999999999
2.1474325808591201 -0.57540282584148505 1.4788768999999999
2.1565597076583098 -0.54019008564238202 1.4788768999999999
2.16510947127626 -0.50483272349508501 1.4788768999999999
2.1730795827345002 -0.46934020542040999 1.4788768999999999
2.18046790824148 -0.433722033623685 1.4788768999999999
2.1872724697637902 -0.39798774395078101 1.4788768999999999
2.1934914455557899 -0.362146903335128 1.4788768999999999
2.19912317064726 -0.32620910723642399 1.4788768999999999
2.2041661372892198 -0.29018397707169102 1.4788768999999999
2.2086189953575701 -0.25408115763939099 1.4788768999999999
2.2124805527145099 -0.21791031453728801 1.4788768999999999
2.2157497755277702 -0.18168113157471899 1.4788768999999999
2.21842578854735 -0.14540330818002001 1.4788768999999999
2.2205078753398602 -0.109086556803742 1.4788768999999999
2.2219954784803102 -0.072740600318397602 1.4788768999999999
2.2228881997013801 -0.036375169415418102 1.4788768999999999
2.2231858 0 1.4788768999999999
end
coil PF5_55 30122.895 updown
2.2231858 0 1.5818231
2.2228881997013801 0.036375169415416297 1.5818231
2.2219954784803102 0.0727406003183967 1.5818231
2.2205078753398602 0.10908655680374001 1.5818231
2.21842578854735 0.14540330818001901 1.5818231
2.2157497755277702 0.18168113157471799 1.5818231
2.2124805527145099 0.21791031453728599 1.5818231
2.2086189953575701 0.25408115763938999 1.5818231
2.2041661372892198 0.29018397707168903 1.5818231
2.19912317064726 0.32620910723642299 1.5818231
2.1934914455557899 0.362146903335127 1.5818231
2.1872724697637902 0.39798774395078002 1.5818231
2.18046790824148 0.433722033623684 1.5818231
2.1730795827345002 0.469340205420408 1.5818231
2.16510947127626 0.50483272349508301 1.5818231
2.1565597076583098 0.54019008564238202 1.5818231
2.1474325808591201 0.57540282584148394 1.5818231
2.1377305344312298 0.61046151679036298 1.5818231
2.1274561658470801 0.64535677242970402 1.5818231
2.11661222580357 0.680079250455772 1.5818231
2.10520161748568 0.71461965482158096 1.5818231
2.0932273957891701 0.74896873822566501 1.5818231
2.0806927665027302 0.78311730458780604 1.5818231
2.06760108544972 0.81705621151104502 1.5818231
2.0539558575897301 0.85077637272932805 1.5818231
2.0397607360802099 0.88426876054011305 1.5818231
2.0250195212984399 0.91752440822130699 1.5818231
2.0097361598240799 0.95053441243187597 1.5818231
1.9939147433825399 0.98328993559548294 1.5818231
1.9775595077496 1.01578220826652 1.5818231
1.9606748316173099 1.04800253147789 1.5818231
1.9432652354217601 1.07994227906998 1.5818231
1.9253353801328299 1.1115929 1.5818231
1.9068900660063399 1.1429459206314001 1.5818231
1.88793423129891 1.17399294700242 1.5818231
1.86847295094586 1.2047256670733399 1.5818231
1.84851143520252 1.2351358529518699 1.5818231
1.8280550282493599 1.2652153630959 1.5818231
1.80710920676116 1.2949561444932001 1.5818231
1.7856795784408199 1.3243502348174501 1.5818231
1.76377188051804 1.3533897645599 1.5818231
1.7413919782133001 1.38206695913621 1.5818231
1.7185458631676001 1.41037414096798 1.5818231
1.6952396518383901 1.43830373153813 1.5818231
1.671479583862 1.4658482534199 1.5818231
1.6472720203831701 1.49300033227873 1.5818231
1.6226234423520001 1.5197526988465599 1.5818231
1.59754044878885 1.5460981908679501 1.5818231
1.5720297550176401 1.5720297550176401 1.5818231
1.5460981908679501 1.59754044878885 1.5818231
1.5197526988465599 1.6226234423520001 1.5818231
1.49300033227873 1.6472720203831599 1.5818231
1.4658482534199 1.671479583862 1.5818231
1.43830373153813 1.6952396518383901 1.5818231
1.41037414096798 1.7185458631676001 1.5818231
1.38206695913621 1.7413919782133001 1.5818231
1.3533897645599 1.76377188051804 1.5818231
1.3243502348174501 1.7856795784408199 1.5818231
1.2949561444932001 1.80710920676116 1.5818231
1.2652153630959 1.8280550282493599 1.5818231
1.2351358529518699 1.84851143520252 1.5818231
1.2047256670733399 1.86847295094586 1.5818231
1.17399294700242 1.88793423129891 1.5818231
1.1429459206314001 1.9068900660063399 1.5818231
1.1115929 1.9253353801328299 1.5818231
1.07994227906998 1.9432652354217601 1.5818231
1.0480025314779 1.9606748316173099 1.5818231
1.01578220826652 1.9775595077496 1.5818231
0.98328993559548294 1.9939147433825399 1.5818231
0.95053441243187697 2.0097361598240799 1.5818231
0.91752440822130799 2.0250195212984399 1.5818231
0.88426876054011305 2.0397607360802099 1.5818231
0.85077637272932805 2.0539558575897301 1.5818231
0.81705621151104602 2.06760108544972 1.5818231
0.78311730458780604 2.0806927665027302 1.5818231
0.74896873822566601 2.0932273957891701 1.5818231
0.71461965482158196 2.10520161748568 1.5818231
0.680079250455772 2.11661222580357 1.5818231
0.64535677242970402 2.1274561658470801 1.5818231
0.61046151679036398 2.1377305344312298 1.5818231
0.57540282584148394 2.1474325808591201 1.5818231
0.54019008564238202 2.1565597076583098 1.5818231
0.50483272349508401 2.16510947127626 1.5818231
0.469340205420408 2.1730795827345002 1.5818231
0.433722033623684 2.18046790824148 1.5818231
0.39798774395078002 2.1872724697637902 1.5818231
0.362146903335128 2.1934914455557899 1.5818231
0.32620910723642299 2.19912317064726 1.5818231
0.29018397707169002 2.2041661372892198 1.5818231
0.25408115763939099 2.2086189953575701 1.5818231
0.21791031453728699 2.2124805527145099 1.5818231
0.18168113157471899 2.2157497755277702 1.5818231
0.14540330818001901 2.21842578854735 1.5818231
0.10908655680374101 2.2205078753398602 1.5818231
0.0727406003183972 2.2219954784803102 1.5818231
0.0363751694154167 2.2228881997013801 1.5818231
1.3613086869399201e-16 2.2231858 1.5818231
-0.036375169415415902 2.2228881997013801 1.5818231
-0.072740600318396395 2.2219954784803102 1.5818231
-0.10908655680374001 2.2205078753398602 1.5818231
-0.14540330818001901 2.21842578854735 1.5818231
-0.18168113157471799 2.2157497755277702 1.5818231
-0.21791031453728599 2.2124805527145099 1.5818231
-0.25408115763938999 2.2086189953575701 1.5818231
-0.29018397707168903 2.2041661372892198 1.5818231
-0.32620910723642299 2.19912317064726 1.5818231
-0.362146903335127 2.1934914455557899 1.5818231
-0.39798774395077902 2.1872724697637902 1.5818231
-0.433722033623683 2.18046790824148 1.5818231
-0.469340205420407 2.1730795827345002 1.5818231
-0.50483272349508301 2.16510947127626 1.5818231
-0.54019008564238102 2.1565597076583201 1.5818231
-0.57540282584148295 2.1474325808591201 1.5818231
-0.61046151679036298 2.1377305344312298 1.5818231
-0.64535677242970302 2.1274561658470801 1.5818231
-0.680079250455772 2.11661222580357 1.5818231
-0.71461965482158096 2.10520161748568 1.5818231
-0.74896873822566501 2.0932273957891701 1.5818231
-0.78311730458780504 2.0806927665027302 1.5818231
-0.81705621151104502 2.06760108544972 1.5818231
-0.85077637272932705 2.0539558575897301 1.5818231
-0.88426876054011205 2.0397607360802099 1.5818231
-0.91752440822130699 2.0250195212984399 1.5818231
-0.95053441243187597 2.0097361598240799 1.5818231
-0.98328993559548195 1.9939147433825399 1.5818231
-1.01578220826652 1.9775595077496 1.5818231
-1.04800253147789 1.9606748316173099 1.5818231
-1.07994227906998 1.9432652354217601 1.5818231
-1.1115929 1.9253353801328299 1.5818231
-1.1429459206314001 1.9068900660063399 1.5818231
-1.17399294700242 1.88793423129891 1.5818231
-1.2047256670733399 1.86847295094586 1.5818231
-1.2351358529518699 1.84851143520252 1.5818231
-1.26521536309589 1.8280550282493599 1.5818231
-1.2949561444932001 1.80710920676116 1.5818231
-1.3243502348174501 1.7856795784408199 1.5818231
-1.3533897645599 1.76377188051804 1.5818231
-1.38206695913621 1.7413919782133001 1.5818231
-1.41037414096798 1.7185458631676001 1.5818231
-1.43830373153813 1.6952396518383901 1.5818231
-1.4658482534199 1.671479583862 1.5818231
-1.49300033227873 1.6472720203831701 1.5818231
-1.5197526988465599 1.6226234423520001 1.5818231
-1.5460981908679501 1.59754044878885 1.5818231
-1.5720297550176401 1.5720297550176401 1.5818231
-1.59754044878885 1.5460981908679501 1.5818231
-1.6226234423520001 1.5197526988465599 1.5818231
-1.6472720203831599 1.49300033227873 1.5818231
-1.671479583862 1.4658482534199 1.5818231
-1.6952396518383901 1.43830373153813 1.5818231
-1.7185458631676001 1.41037414096798 1.5818231
-1.7413919782133001 1.38206695913621 1.5818231
-1.76377188051804 1.3533897645599 1.5818231
-1.7856795784408199 1.3243502348174501 1.5818231
-1.80710920676116 1.2949561444932001 1.5818231
-1.8280550282493599 1.2652153630959 1.5818231
-1.84851143520252 1.2351358529518699 1.5818231
-1.86847295094586 1.2047256670733399 1.5818231
-1.88793423129891 1.17399294700242 1.5818231
-1.9068900660063399 1.1429459206314001 1.5818231
-1.9253353801328299 1.1115929 1.5818231
-1.9432652354217601 1.07994227906998 1.5818231
-1.9606748316173099 1.0480025314779 1.5818231
-1.9775595077496 1.01578220826652 1.5818231
-1.9939147433825399 0.98328993559548405 1.5818231
-2.0097361598240799 0.95053441243187697 1.5818231
-2.0250195212984399 0.91752440822130799 1.5818231
-2.0397607360802099 0.88426876054011305 1.5818231
-2.0539558575897301 0.85077637272932805 1.5818231
-2.06760108544972 0.81705621151104602 1.5818231
-2.0806927665027302 0.78311730458780704 1.5818231
-2.0932273957891701 0.74896873822566601 1.5818231
-2.10520161748568 0.71461965482158196 1.5818231
-2.11661222580357 0.680079250455773 1.5818231
-2.1274561658470801 0.64535677242970502 1.5818231
-2.1377305344312298 0.61046151679036398 1.5818231
-2.1474325808591201 0.57540282584148394 1.5818231
-2.1565597076583098 0.54019008564238202 1.5818231
-2.16510947127626 0.50483272349508501 1.5818231
-2.1730795827345002 0.469340205420409 1.5818231
-2.18046790824148 0.433722033623684 1.5818231
-2.1872724697637902 0.39798774395078002 1.5818231
-2.1934914455557899 0.362146903335128 1.5818231
-2.19912317064726 0.32620910723642399 1.5818231
-2.2041661372892198 0.29018397707169002 1.5818231
-2.2086189953575701 0.25408115763939099 1.5818231
-2.2124805527145099 0.21791031453728699 1.5818231
-2.2157497755277702 0.18168113157471899 1.5818231
-2.21842578854735 0.14540330818002001 1.5818231
-2.2205078753398602 0.10908655680374101 1.5818231
-2.2219954784803102 0.072740600318397297 1.5818231
-2.2228881997013801 0.036375169415416797 1.5818231
-2.2231858 2.72261737387985e-16 1.5818231
-2.2228881997013801 -0.036375169415415298 1.5818231
-2.2219954784803102 -0.072740600318395798 1.5818231
-2.2205078753398602 -0.10908655680374001 1.5818231
-2.21842578854735 -0.14540330818001901 1.5818231
-2.2157497755277702 -0.18168113157471699 1.5818231
-2.2124805527145099 -0.21791031453728499 1.5818231
-2.2086189953575701 -0.25408115763938999 1.5818231
-2.2041661372892198 -0.29018397707168903 1.5818231
-2.19912317064726 -0.32620910723642299 1.5818231
-2.1934914455557899 -0.362146903335126 1.5818231
-2.1872724697637902 -0.39798774395077902 1.5818231
-2.18046790824148 -0.433722033623683 1.5818231
-2.17307958273451 -0.469340205420407 1.5818231
-2.16510947127626 -0.50483272349508301 1.5818231
-2.1565597076583201 -0.54019008564238102 1.5818231
-2.1474325808591201 -0.57540282584148295 1.5818231
-2.1377305344312298 -0.61046151679036298 1.5818231
-2.1274561658470801 -0.64535677242970302 1.5818231
-2.11661222580357 -0.680079250455771 1.5818231
-2.10520161748568 -0.71461965482157996 1.5818231
-2.0932273957891701 -0.74896873822566501 1.5818231
-2.0806927665027302 -0.78311730458780504 1.5818231
-2.06760108544972 -0.81705621151104502 1.5818231
-2.0539558575897301 -0.85077637272932705 1.5818231
-2.0397607360802099 -0.88426876054011205 1.5818231
-2.0250195212984399 -0.91752440822130599 1.5818231
-2.0097361598240799 -0.95053441243187597 1.5818231
-1.9939147433825399 -0.98328993559548195 1.5818231
-1.9775595077496 -1.01578220826652 1.5818231
-1.9606748316173099 -1.04800253147789 1.5818231
-1.9432652354217601 -1.07994227906998 1.5818231
-1.9253353801328299 -1.1115929 1.5818231
-1.9068900660063399 -1.1429459206314001 1.5818231
-1.88793423129891 -1.17399294700242 1.5818231
-1.86847295094586 -1.2047256670733399 1.5818231
-1.84851143520252 -1.2351358529518699 1.5818231
-1.8280550282493599 -1.26521536309589 1.5818231
-1.80710920676116 -1.2949561444932001 1.5818231
-1.7856795784408199 -1.3243502348174501 1.5818231
-1.76377188051804 -1.3533897645599 1.5818231
-1.7413919782133001 -1.38206695913621 1.5818231
-1.7185458631676001 -1.41037414096798 1.5818231
-1.6952396518383901 -1.43830373153813 1.5818231
-1.671479583862 -1.4658482534199 1.5818231
-1.6472720203831701 -1.49300033227873 1.5818231
-1.6226234423520001 -1.5197526988465599 1.5818231
-1.59754044878885 -1.5460981908679501 1.5818231
-1.5720297550176401 -1.5720297550176401 1.5818231
-1.5460981908679501 -1.59754044878885 1.5818231
-1.5197526988465599 -1.6226234423520001 1.5818231
-1.49300033227873 -1.6472720203831599 1.5818231
-1.4658482534199 -1.671479583862 1.5818231
-1.43830373153813 -1.6952396518383901 1.5818231
-1.41037414096798 -1.7185458631676001 1.5818231
-1.38206695913622 -1.7413919782133001 1.5818231
-1.3533897645599 -1.76377188051804 1.5818231
-1.3243502348174601 -1.7856795784408199 1.5818231
-1.2949561444932001 -1.80710920676116 1.5818231
-1.2652153630959 -1.8280550282493599 1.5818231
-1.2351358529518699 -1.84851143520252 1.5818231
-1.2047256670733399 -1.86847295094586 1.5818231
-1.17399294700242 -1.88793423129891 1.5818231
-1.1429459206314001 -1.9068900660063399 1.5818231
-1.1115929 -1.9253353801328299 1.5818231
-1.07994227906998 -1.9432652354217601 1.5818231
-1.0480025314779 -1.9606748316173099 1.5818231
-1.01578220826652 -1.9775595077496 1.5818231
-0.98328993559548294 -1.9939147433825399 1.5818231
-0.95053441243187697 -2.0097361598240799 1.5818231
-0.91752440822130898 -2.0250195212984399 1.5818231
-0.88426876054011305 -2.0397607360802099 1.5818231
-0.85077637272932904 -2.0539558575897301 1.5818231
-0.81705621151104502 -2.06760108544972 1.5818231
-0.78311730458780704 -2.0806927665027302 1.5818231
-0.74896873822566701 -2.0932273957891701 1.5818231
-0.71461965482158196 -2.10520161748568 1.5818231
-0.680079250455774 -2.11661222580357 1.5818231
-0.64535677242970402 -2.1274561658470801 1.5818231
-0.61046151679036398 -2.1377305344312298 1.5818231
-0.57540282584148505 -2.1474325808591201 1.5818231
-0.54019008564238202 -2.1565597076583098 1.5818231
-0.50483272349508501 -2.16510947127626 1.5818231
-0.46934020542040999 -2.1730795827345002 1.5818231
-0.433722033623685 -2.18046790824148 1.5818231
-0.39798774395078101 -2.1872724697637902 1.5818231
-0.362146903335128 -2.1934914455557899 1.5818231
-0.32620910723642399 -2.19912317064726 1.5818231
-0.29018397707169102 -2.2041661372892198 1.5818231
-0.25408115763939099 -2.2086189953575701 1.5818231
-0.21791031453728801 -2.2124805527145099 1.5818231
-0.18168113157471899 -2.2157497755277702 1.5818231
-0.14540330818002001 -2.21842578854735 1.5818231
-0.109086556803742 -2.2205078753398602 1.5818231
-0.072740600318397505 -2.2219954784803102 1.5818231
-0.0363751694154179 -2.2228881997013801 1.5818231
-4.0839260608197701e-16 -2.2231858 1.5818231
0.036375169415415097 -2.2228881997013801 1.5818231
0.072740600318394702 -2.2219954784803102 1.5818231
0.10908655680373899 -2.2205078753398602 1.5818231
0.14540330818001701 -2.21842578854735 1.5818231
0.18168113157471799 -2.2157497755277702 1.5818231
0.21791031453728499 -2.2124805527145099 1.5818231
0.25408115763938799 -2.2086189953575701 1.5818231
0.29018397707168803 -2.2041661372892198 1.5818231
0.32620910723642099 -2.19912317064726 1.5818231
0.362146903335127 -2.1934914455557899 1.5818231
0.39798774395077902 -2.1872724697637902 1.5818231
0.433722033623682 -2.18046790824148 1.5818231
0.469340205420407 -2.17307958273451 1.5818231
0.50483272349508201 -2.16510947127626 1.5818231
0.54019008564238102 -2.1565597076583098 1.5818231
0.57540282584148295 -2.1474325808591201 1.5818231
0.61046151679036198 -2.1377305344312298 1.5818231
0.64535677242970302 -2.1274561658470801 1.5818231
0.680079250455771 -2.11661222580357 1.5818231
0.71461965482158096 -2.10520161748568 1.5818231
0.74896873822566401 -2.0932273957891701 1.5818231
0.78311730458780404 -2.0806927665027302 1.5818231
0.81705621151104502 -2.06760108544972 1.5818231
0.85077637272932705 -2.0539558575897301 1.5818231
0.88426876054011105 -2.0397607360802099 1.5818231
0.91752440822130599 -2.0250195212984399 1.5818231
0.95053441243187498 -2.0097361598240799 1.5818231
0.98328993559548195 -1.9939147433825399 1.5818231
1.01578220826652 -1.9775595077496 1.5818231
1.04800253147789 -1.9606748316173099 1.5818231
1.07994227906998 -1.9432652354217601 1.5818231
1.1115929 -1.9253353801328299 1.5818231
1.1429459206314001 -1.9068900660063399 1.5818231
1.17399294700242 -1.88793423129891 1.5818231
1.2047256670733399 -1.86847295094586 1.5818231
1.2351358529518699 -1.84851143520252 1.5818231
1.26521536309589 -1.8280550282493599 1.5818231
1.2949561444932001 -1.80710920676116 1.5818231
1.3243502348174501 -1.7856795784408199 1.5818231
1.35338976455989 -1.76377188051804 1.5818231
1.38206695913621 -1.7413919782133001 1.5818231
1.41037414096798 -1.7185458631676001 1.5818231
1.43830373153813 -1.6952396518383901 1.5818231
1.4658482534199 -1.671479583862 1.5818231
1.49300033227873 -1.6472720203831701 1.5818231
1.5197526988465599 -1.6226234423520001 1.5818231
1.5460981908679501 -1.59754044878885 1.5818231
1.5720297550176401 -1.5720297550176401 1.5818231
1.59754044878885 -1.5460981908679501 1.5818231
1.6226234423519901 -1.5197526988465599 1.5818231
1.6472720203831599 -1.49300033227873 1.5818231
1.671479583862 -1.4658482534199 1.5818231
1.6952396518383901 -1.43830373153813 1.5818231
1.7185458631676001 -1.41037414096798 1.5818231
1.7413919782133001 -1.38206695913622 1.5818231
1.76377188051804 -1.3533897645599 1.5818231
1.7856795784408199 -1.3243502348174601 1.5818231
1.80710920676116 -1.2949561444932001 1.5818231
1.8280550282493599 -1.2652153630959 1.5818231
1.84851143520252 -1.2351358529518699 1.5818231
1.86847295094586 -1.2047256670733399 1.5818231
1.88793423129891 -1.17399294700242 1.5818231
1.9068900660063399 -1.1429459206314001 1.5818231
1.9253353801328299 -1.1115929 1.5818231
1.9432652354217601 -1.07994227906998 1.5818231
1.9606748316173099 -1.0480025314779 1.5818231
1.9775595077496 -1.01578220826652 1.5818231
1.9939147433825399 -0.98328993559548505 1.5818231
2.0097361598240799 -0.95053441243187697 1.5818231
2.0250195212984399 -0.91752440822130898 1.5818231
2.0397607360802099 -0.88426876054011305 1.5818231
2.0539558575897301 -0.85077637272932904 1.5818231
2.06760108544972 -0.81705621151104701 1.5818231
2.0806927665027302 -0.78311730458780704 1.5818231
2.0932273957891701 -0.74896873822566701 1.5818231
2.10520161748568 -0.71461965482158196 1.5818231
2.11661222580357 -0.680079250455774 1.5818231
2.1274561658470801 -0.64535677242970602 1.5818231
2.1377305344312298 -0.61046151679036398 1.5818231
2.1474325808591201 -0.57540282584148505 1.5818231
2.1565597076583098 -0.54019008564238202 1.5818231
2.16510947127626 -0.50483272349508501 1.5818231
2.1730795827345002 -0.46934020542040999 1.5818231
2.18046790824148 -0.433722033623685 1.5818231
2.1872724697637902 -0.39798774395078101 1.5818231
2.1934914455557899 -0.362146903335128 1.5818231
2.19912317064726 -0.32620910723642399 1.5818231
2.2041661372892198 -0.29018397707169102 1.5818231
2.2086189953575701 -0.25408115763939099 1.5818231
2.2124805527145099 -0.21791031453728801 1.5818231
2.2157497755277702 -0.18168113157471899 1.5818231
2.21842578854735 -0.14540330818002001 1.5818231
2.2205078753398602 -0.109086556803742 1.5818231
2.2219954784803102 -0.072740600318397602 1.5818231
2.2228881997013801 -0.036375169415418102 1.5818231
2.2231858 0 1.5818231
end
coil PF6_58 94240.910000000003 updown
2.7204670000000002 0 0.9540748
2.7201028326004102 0.044511550952713599 0.9540748
2.7190104278980698 0.089011185086908903 0.9540748
2.7171900783561198 0.133486988774488 0.9540748
2.71464227132615 0.17792705476734 0.9540748
2.7113676889177301 0.222319485385198 0.9540748
2.70736720781573 0.26665239570093902 0.9540748
2.7026418990456902 0.31091391672246199 0.9540748
2.69719302768703 0.35509219857030699 0.9540748
2.6910220525343602 0.39917541365015502 0.9540748
2.6841306257069499 0.44315175981935701 0.9540748
2.6765205922064199 0.48700946354665697 0.9540748
2.6681939894227402 0.53073678306424998 0.9540748
2.65915304658881 0.57432201151133699 0.9540748
2.6494001841836701 0.61775348006833197 0.9540748
2.6389380132843998 0.66101956108089299 0.9540748
2.62776933486714 0.70410867117291898 0.9540748
2.6158971390571701 0.74700927434770803 0.9540748
2.6033246043284 0.78970988507641604 0.9540748
2.5900550966523701 0.83219907137301097 0.9540748
2.5760921685971598 0.87446545785489604 0.9540748
2.5614395583762599 0.91649772878837299 0.9540748
2.5461011888477199 0.958284631118134 0.9540748
2.5300811664639702 0.99981497747998305 0.9540748
2.5133837801723802 1.0410776491959599 0.9540748
2.4960135002670198 1.08206159925107 0.9540748
2.47797497719184 1.1227558552508701 0.9540748
2.45927304029565 1.163149522359 0.9540748
2.4399126965392099 1.20323178621402 0.9540748
2.4198991291546701 1.2429919158246601 0.9540748
2.39923769625798 1.28241926644281 0.9540748
2.3779339294143198 1.3215032824133099 0.9540748
2.3559935321572398 1.3602335000000001 0.9540748
2.3334223784616102 1.3985995501871 0.9540748
2.31022651117107 1.43659116145525 0.9540748
2.2864121403801798 1.47419816253145 0.9540748
2.26198564177187 1.5114104851121399 0.9540748
2.23695355491046 1.54821816655873 0.9540748
2.2113225814908999 1.58461135256486 0.9540748
2.1850995835445599 1.6205802997946199 0.9540748
2.15829158160208 1.65611537849107 0.9540748
2.13090575281382 1.69120707505437 0.9540748
2.1029494290283699 1.72584599458882 0.9540748
2.0744300948296002 1.7600228634180499 0.9540748
2.0453553855329099 1.79372853156784 0.9540748
2.0157330851410298 1.8269539752157999 0.9540748
1.98557112426006 1.8596902991072499 0.9540748
1.9548775779762799 1.8919287389366899 0.9540748
1.92366066369422 1.92366066369422 0.9540748
1.8919287389366899 1.9548775779762799 0.9540748
1.8596902991072499 1.98557112426006 0.9540748
1.8269539752157999 2.0157330851410298 0.9540748
1.79372853156784 2.0453553855329099 0.9540748
1.7600228634180499 2.0744300948296002 0.9540748
1.72584599458882 2.1029494290283699 0.9540748
1.69120707505437 2.13090575281382 0.9540748
1.65611537849107 2.15829158160208 0.9540748
1.6205802997946199 2.1850995835445599 0.9540748
1.58461135256486 2.2113225814908999 0.9540748
1.54821816655873 2.23695355491046 0.9540748
1.5114104851121399 2.26198564177187 0.9540748
1.47419816253145 2.2864121403801798 0.9540748
1.43659116145526 2.31022651117107 0.9540748
1.3985995501871 2.3334223784616102 0.9540748
1.3602335000000001 2.3559935321572398 0.9540748
1.3215032824133099 2.3779339294143198 0.9540748
1.28241926644281 2.39923769625798 0.9540748
1.2429919158246601 2.4198991291546701 0.9540748
1.20323178621402 2.4399126965392099 0.9540748
1.163149522359 2.45927304029565 0.9540748
1.1227558552508701 2.47797497719184 0.9540748
1.08206159925107 2.4960135002670198 0.9540748
1.0410776491959599 2.5133837801723802 0.9540748
0.99981497747998405 2.5300811664639702 0.9540748
0.958284631118135 2.5461011888477199 0.9540748
0.91649772878837299 2.5614395583762599 0.9540748
0.87446545785489604 2.5760921685971598 0.9540748
0.83219907137301097 2.5900550966523701 0.9540748
0.78970988507641604 2.6033246043284 0.9540748
0.74700927434770903 2.6158971390571701 0.9540748
0.70410867117291998 2.62776933486714 0.9540748
0.66101956108089299 2.6389380132843998 0.9540748
0.61775348006833297 2.6494001841836701 0.9540748
0.57432201151133699 2.65915304658881 0.9540748
0.53073678306425098 2.6681939894227402 0.9540748
0.48700946354665797 2.6765205922064199 0.9540748
0.44315175981935701 2.6841306257069499 0.9540748
0.39917541365015502 2.6910220525343602 0.9540748
0.35509219857030799 2.69719302768703 0.9540748
0.31091391672246199 2.7026418990456902 0.9540748
0.26665239570093902 2.70736720781573 0.9540748
0.222319485385198 2.7113676889177301 0.9540748
0.17792705476734 2.71464227132615 0.9540748
0.133486988774488 2.7171900783561198 0.9540748
0.0890111850869095 2.7190104278980698 0.9540748
0.044511550952714002 2.7201028326004102 0.9540748
1.665805601868e-16 2.7204670000000002 0.9540748
-0.0445115509527131 2.7201028326004102 0.9540748
-0.089011185086908598 2.7190104278980698 0.9540748
-0.133486988774487 2.7171900783561198 0.9540748
-0.177927054767339 2.71464227132615 0.9540748
-0.222319485385197 2.7113676889177301 0.9540748
-0.26665239570093802 2.70736720781573 0.9540748
-0.31091391672246099 2.7026418990456902 0.9540748
-0.35509219857030699 2.69719302768703 0.9540748
-0.39917541365015402 2.6910220525343602 0.9540748
-0.44315175981935601 2.6841306257069499 0.9540748
-0.48700946354665697 2.6765205922064199 0.9540748
-0.53073678306424998 2.6681939894227402 0.9540748
-0.57432201151133599 2.65915304658881 0.9540748
-0.61775348006833197 2.6494001841836701 0.9540748
-0.66101956108089199 2.6389380132843998 0.9540748
-0.70410867117291898 2.62776933486714 0.9540748
-0.74700927434770803 2.6158971390571799 0.9540748
-0.78970988507641504 2.6033246043284 0.9540748
-0.83219907137300997 2.5900550966523701 0.9540748
-0.87446545785489604 2.5760921685971598 0.9540748
-0.91649772878837199 2.5614395583762599 0.9540748
-0.958284631118134 2.5461011888477199 0.9540748
-0.99981497747998305 2.5300811664639702 0.9540748
-1.0410776491959599 2.5133837801723802 0.9540748
-1.08206159925107 2.4960135002670198 0.9540748
-1.1227558552508701 2.47797497719184 0.9540748
-1.163149522359 2.45927304029565 0.9540748
-1.20323178621402 2.4399126965392099 0.9540748
-1.2429919158246601 2.4198991291546701 0.9540748
-1.28241926644281 2.39923769625798 0.9540748
-1.3215032824133099 2.3779339294143198 0.9540748
-1.3602335000000001 2.3559935321572398 0.9540748
-1.3985995501871 2.3334223784616102 0.9540748
-1.43659116145525 2.31022651117107 0.9540748
-1.47419816253145 2.2864121403801798 0.9540748
-1.5114104851121399 2.26198564177187 0.9540748
-1.54821816655873 2.23695355491046 0.9540748
-1.58461135256486 2.2113225814908999 0.9540748
-1.6205802997946199 2.1850995835445599 0.9540748
-1.65611537849107 2.15829158160208 0.9540748
-1.69120707505437 2.13090575281382 0.9540748
-1.72584599458882 2.1029494290283699 0.9540748
-1.7600228634180499 2.0744300948296002 0.9540748
-1.79372853156784 2.0453553855329099 0.9540748
-1.8269539752157999 2.0157330851410298 0.9540748
-1.8596902991072499 1.98557112426006 0.9540748
-1.8919287389366899 1.9548775779762799 0.9540748
-1.92366066369422 1.92366066369422 0.9540748
-1.9548775779762799 1.8919287389366899 0.9540748
-1.98557112426006 1.8596902991072599 0.9540748
-2.0157330851410298 1.8269539752157999 0.9540748
-2.0453553855329099 1.79372853156784 0.9540748
-2.0744300948296002 1.7600228634180499 0.9540748
-2.1029494290283601 1.72584599458882 0.9540748
-2.13090575281382 1.6912070750543799 0.9540748
-2.15829158160208 1.65611537849107 0.9540748
-2.1850995835445599 1.6205802997946199 0.9540748
-2.2113225814908999 1.58461135256486 0.9540748
-2.23695355491046 1.54821816655873 0.9540748
-2.26198564177187 1.5114104851121399 0.9540748
-2.2864121403801798 1.47419816253145 0.9540748
-2.31022651117107 1.43659116145526 0.9540748
-2.3334223784616102 1.3985995501871 0.9540748
-2.3559935321572398 1.3602335000000001 0.9540748
-2.3779339294143198 1.3215032824133099 0.9540748
-2.39923769625798 1.28241926644281 0.9540748
-2.4198991291546701 1.2429919158246601 0.9540748
-2.4399126965392099 1.20323178621402 0.9540748
-2.45927304029565 1.163149522359 0.9540748
-2.47797497719184 1.1227558552508701 0.9540748
-2.4960135002670198 1.08206159925107 0.9540748
-2.5133837801723802 1.0410776491959599 0.9540748
-2.5300811664639702 0.99981497747998505 0.9540748
-2.5461011888477199 0.958284631118135 0.9540748
-2.5614395583762599 0.91649772878837399 0.9540748
-2.5760921685971598 0.87446545785489704 0.9540748
-2.5900550966523701 0.83219907137301097 0.9540748
-2.6033246043283902 0.78970988507641704 0.9540748
-2.6158971390571701 0.74700927434770903 0.9540748
-2.62776933486714 0.70410867117291998 0.9540748
-2.6389380132843998 0.66101956108089299 0.9540748
-2.6494001841836701 0.61775348006833397 0.9540748
-2.65915304658881 0.57432201151133799 0.9540748
-2.66819398942273 0.53073678306425098 0.9540748
-2.6765205922064199 0.48700946354665797 0.9540748
-2.6841306257069499 0.44315175981935701 0.9540748
-2.6910220525343602 0.39917541365015602 0.9540748
-2.69719302768703 0.35509219857030799 0.9540748
-2.7026418990456902 0.31091391672246299 0.9540748
-2.70736720781573 0.26665239570093902 0.9540748
-2.7113676889177301 0.222319485385198 0.9540748
-2.71464227132615 0.177927054767341 0.9540748
-2.7171900783561198 0.133486988774489 0.9540748
-2.7190104278980698 0.089011185086909694 0.9540748
-2.7201028326004102 0.044511550952714203 0.9540748
-2.7204670000000002 3.3316112037360001e-16 0.9540748
-2.7201028326004102 -0.044511550952712302 0.9540748
-2.7190104278980698 -0.089011185086907793 0.9540748
-2.7171900783561198 -0.133486988774487 0.9540748
-2.71464227132615 -0.177927054767339 0.9540748
-2.7113676889177301 -0.222319485385196 0.9540748
-2.70736720781573 -0.26665239570093802 0.9540748
-2.7026418990456902 -0.31091391672246099 0.9540748
-2.69719302768703 -0.35509219857030599 0.9540748
-2.6910220525343602 -0.39917541365015402 0.9540748
-2.6841306257069499 -0.44315175981935501 0.9540748
-2.6765205922064199 -0.48700946354665597 0.9540748
-2.6681939894227402 -0.53073678306424998 0.9540748
-2.65915304658881 -0.57432201151133599 0.9540748
-2.6494001841836701 -0.61775348006833197 0.9540748
-2.6389380132843998 -0.66101956108089099 0.9540748
-2.62776933486714 -0.70410867117291798 0.9540748
-2.6158971390571799 -0.74700927434770703 0.9540748
-2.6033246043284 -0.78970988507641504 0.9540748
-2.5900550966523701 -0.83219907137300897 0.9540748
-2.5760921685971598 -0.87446545785489505 0.9540748
-2.5614395583762599 -0.91649772878837199 0.9540748
-2.5461011888477199 -0.958284631118134 0.9540748
-2.5300811664639702 -0.99981497747998305 0.9540748
-2.5133837801723802 -1.0410776491959599 0.9540748
-2.4960135002670198 -1.08206159925107 0.9540748
-2.47797497719184 -1.1227558552508701 0.9540748
-2.45927304029565 -1.163149522359 0.9540748
-2.4399126965392099 -1.20323178621402 0.9540748
-2.4198991291546701 -1.2429919158246601 0.9540748
-2.39923769625798 -1.28241926644281 0.9540748
-2.3779339294143198 -1.3215032824133099 0.9540748
-2.3559935321572398 -1.3602335000000001 0.9540748
-2.3334223784616102 -1.3985995501871 0.9540748
-2.31022651117107 -1.43659116145525 0.9540748
-2.2864121403801798 -1.47419816253145 0.9540748
-2.26198564177187 -1.5114104851121399 0.9540748
-2.23695355491046 -1.54821816655873 0.9540748
-2.2113225814908999 -1.58461135256486 0.9540748
-2.1850995835445599 -1.6205802997946199 0.9540748
-2.15829158160208 -1.65611537849107 0.9540748
-2.13090575281382 -1.69120707505437 0.9540748
-2.1029494290283699 -1.72584599458882 0.9540748
-2.0744300948296002 -1.7600228634180399 0.9540748
-2.0453553855329099 -1.79372853156784 0.9540748
-2.0157330851410298 -1.8269539752157999 0.9540748
-1.98557112426006 -1.8596902991072499 0.9540748
-1.9548775779762799 -1.8919287389366899 0.9540748
-1.92366066369422 -1.92366066369422 0.9540748
-1.8919287389366899 -1.9548775779762799 0.9540748
-1.8596902991072599 -1.98557112426006 0.9540748
-1.8269539752157999 -2.0157330851410298 0.9540748
-1.79372853156784 -2.0453553855329099 0.9540748
-1.7600228634180499 -2.0744300948296002 0.9540748
-1.72584599458882 -2.1029494290283601 0.9540748
-1.6912070750543799 -2.13090575281382 0.9540748
-1.65611537849107 -2.15829158160208 0.9540748
-1.6205802997946199 -2.1850995835445501 0.9540748
-1.58461135256486 -2.2113225814908999 0.9540748
-1.54821816655873 -2.23695355491046 0.9540748
-1.5114104851121399 -2.26198564177187 0.9540748
-1.47419816253145 -2.2864121403801798 0.9540748
-1.43659116145526 -2.31022651117107 0.9540748
-1.3985995501871 -2.3334223784616102 0.9540748
-1.3602335000000001 -2.3559935321572398 0.9540748
-1.3215032824133099 -2.3779339294143198 0.9540748
-1.28241926644281 -2.39923769625798 0.9540748
-1.2429919158246701 -2.4198991291546701 0.9540748
-1.20323178621402 -2.4399126965392099 0.9540748
-1.163149522359 -2.45927304029565 0.9540748
-1.1227558552508701 -2.47797497719184 0.9540748
-1.08206159925107 -2.4960135002670198 0.9540748
-1.0410776491959599 -2.5133837801723802 0.9540748
-0.99981497747998405 -2.5300811664639702 0.9540748
-0.958284631118135 -2.5461011888477199 0.9540748
-0.91649772878837499 -2.5614395583762599 0.9540748
-0.87446545785489704 -2.5760921685971598 0.9540748
-0.83219907137301197 -2.5900550966523701 0.9540748
-0.78970988507641604 -2.6033246043284 0.9540748
-0.74700927434770903 -2.6158971390571701 0.9540748
-0.70410867117292097 -2.62776933486714 0.9540748
-0.66101956108089299 -2.6389380132843998 0.9540748
-0.61775348006833397 -2.6494001841836701 0.9540748
-0.57432201151133899 -2.65915304658881 0.9540748
-0.53073678306425198 -2.66819398942273 0.9540748
-0.48700946354665903 -2.6765205922064199 0.9540748
-0.44315175981935701 -2.6841306257069499 0.9540748
-0.39917541365015602 -2.6910220525343602 0.9540748
-0.35509219857030999 -2.69719302768703 0.9540748
-0.31091391672246299 -2.7026418990456902 0.9540748
-0.26665239570094101 -2.70736720781573 0.9540748
-0.22231948538519899 -2.7113676889177301 0.9540748
-0.177927054767341 -2.71464227132615 0.9540748
-0.13348698877449 -2.7171900783561198 0.9540748
-0.089011185086909902 -2.7190104278980698 0.9540748
-0.044511550952715598 -2.7201028326004102 0.9540748
-4.9974168056039999e-16 -2.7204670000000002 0.9540748
0.044511550952712198 -2.7201028326004102 0.9540748
0.089011185086906405 -2.7190104278980698 0.9540748
0.133486988774487 -2.7171900783561198 0.9540748
0.177927054767338 -2.71464227132615 0.9540748
0.222319485385198 -2.7113676889177301 0.9540748
0.26665239570093702 -2.70736720781573 0.9540748
0.31091391672245899 -2.7026418990456902 0.9540748
0.35509219857030599 -2.69719302768703 0.9540748
0.39917541365015302 -2.6910220525343602 0.9540748
0.44315175981935601 -2.6841306257069499 0.9540748
0.48700946354665597 -2.6765205922064199 0.9540748
0.53073678306424799 -2.6681939894227402 0.9540748
0.57432201151133599 -2.65915304658881 0.9540748
0.61775348006832997 -2.6494001841836701 0.9540748
0.66101956108089199 -2.6389380132843998 0.9540748
0.70410867117291798 -2.62776933486714 0.9540748
0.74700927434770603 -2.6158971390571799 0.9540748
0.78970988507641504 -2.6033246043284 0.9540748
0.83219907137300897 -2.5900550966523701 0.9540748
0.87446545785489604 -2.5760921685971598 0.9540748
0.91649772878837199 -2.5614395583762599 0.9540748
0.958284631118132 -2.5461011888477199 0.9540748
0.99981497747998305 -2.5300811664639702 0.9540748
1.0410776491959599 -2.5133837801723802 0.9540748
1.08206159925107 -2.4960135002670198 0.9540748
1.1227558552508701 -2.47797497719184 0.9540748
1.163149522359 -2.4592730402956602 0.9540748
1.20323178621402 -2.4399126965392099 0.9540748
1.2429919158246601 -2.4198991291546701 0.9540748
1.28241926644281 -2.39923769625798 0.9540748
1.3215032824133099 -2.3779339294143198 0.9540748
1.3602335000000001 -2.3559935321572398 0.9540748
1.3985995501871 -2.3334223784616102 0.9540748
1.43659116145525 -2.31022651117107 0.9540748
1.47419816253145 -2.2864121403801798 0.9540748
1.5114104851121399 -2.26198564177187 0.9540748
1.54821816655873 -2.23695355491046 0.9540748
1.58461135256486 -2.2113225814908999 0.9540748
1.6205802997946199 -2.1850995835445599 0.9540748
1.65611537849107 -2.15829158160208 0.9540748
1.69120707505437 -2.13090575281382 0.9540748
1.72584599458882 -2.1029494290283699 0.9540748
1.7600228634180499 -2.0744300948296002 0.9540748
1.79372853156784 -2.0453553855329099 0.9540748
1.8269539752157999 -2.0157330851410298 0.9540748
1.8596902991072499 -1.98557112426006 0.9540748
1.8919287389366899 -1.9548775779762799 0.9540748
1.92366066369422 -1.92366066369422 0.9540748
1.9548775779762799 -1.8919287389366899 0.9540748
1.98557112426006 -1.8596902991072599 0.9540748
2.0157330851410298 -1.8269539752157999 0.9540748
2.0453553855329099 -1.79372853156784 0.9540748
2.0744300948296002 -1.7600228634180499 0.9540748
2.1029494290283601 -1.72584599458882 0.9540748
2.13090575281382 -1.6912070750543799 0.9540748
2.15829158160208 -1.65611537849107 0.9540748
2.1850995835445501 -1.6205802997946199 0.9540748
2.2113225814908999 -1.58461135256486 0.9540748
2.23695355491046 -1.54821816655873 0.9540748
2.26198564177187 -1.5114104851121399 0.9540748
2.2864121403801798 -1.47419816253145 0.9540748
2.31022651117107 -1.43659116145526 0.9540748
2.3334223784616102 -1.3985995501871 0.9540748
2.3559935321572398 -1.3602335000000001 0.9540748
2.3779339294143198 -1.3215032824133099 0.9540748
2.39923769625798 -1.28241926644281 0.9540748
2.4198991291546701 -1.2429919158246701 0.9540748
2.4399126965392099 -1.20323178621402 0.9540748
2.45927304029565 -1.163149522359 0.9540748
2.47797497719184 -1.1227558552508701 0.9540748
2.4960135002670198 -1.08206159925108 0.9540748
2.5133837801723802 -1.0410776491959599 0.9540748
2.5300811664639702 -0.99981497747998604 0.9540748
2.5461011888477199 -0.958284631118136 0.9540748
2.5614395583762599 -0.91649772878837499 0.9540748
2.5760921685971598 -0.87446545785489704 0.9540748
2.5900550966523701 -0.83219907137301197 0.9540748
2.6033246043283902 -0.78970988507641804 0.9540748
2.6158971390571701 -0.74700927434771003 0.9540748
2.62776933486714 -0.70410867117292097 0.9540748
2.6389380132843998 -0.66101956108089299 0.9540748
2.6494001841836701 -0.61775348006833397 0.9540748
2.65915304658881 -0.57432201151133999 0.9540748
2.66819398942273 -0.53073678306425198 0.9540748
2.6765205922064199 -0.48700946354665903 0.9540748
2.6841306257069499 -0.443151759819358 0.9540748
2.6910220525343602 -0.39917541365015602 0.9540748
2.69719302768703 -0.35509219857030999 0.9540748
2.7026418990456902 -0.31091391672246299 0.9540748
2.70736720781573 -0.26665239570094101 0.9540748
2.7113676889177301 -0.22231948538519899 0.9540748
2.71464227132615 -0.177927054767341 0.9540748
2.7171900783561198 -0.133486988774491 0.9540748
2.7190104278980698 -0.089011185086910097 0.9540748
2.7201028326004102 -0.044511550952715799 0.9540748
2.7204670000000002 0 0.9540748
end
coil TF_60 45513.873765320001 stellarator
2.6795241999420001 0.47247241191110001 0
2.6795241999420001 0.47247241191110001 -0.068848857441900002
2.6795241999420001 0.47247241191110001 -0.1376977148838
2.6795241999420001 0.47247241191110001 -0.20654657232570001
2.6795241999420001 0.47247241191110001 -0.27539543027419999
2.6772802624369998 0.47207674518589998 -0.3508023561004
2.670556631827 0.4708911877011 -0.4259341284882
2.6593778288849999 0.46892006313029999 -0.50051660465220005
2.6437846633580002 0.46617056733329998 -0.57427763525020004
2.6238340344140001 0.4626527331684 -0.64694808010229998
2.5995987310799999 0.45837939530490002 -0.71826276818479995
2.5711671827910001 0.45336614623830002 -0.78796148041979996
2.5386431351150001 0.44763127911110001 -0.85578989447179998
2.502145250626 0.4411957173369 -0.92150051434570002
2.4618067472130001 0.43408295082370002 -0.98485356452299999
2.4177747794400002 0.42631892689169998 -1.045617879033
2.3702100244689999 0.41793197725949999 -1.10357173733
2.3192860434660001 0.40895270544369999 -1.1585036697790001
2.2651886529969998 0.39941387591810001 -1.2102132327390001
2.2081152440289999 0.38935029403600002 -1.2585117507250001
2.1482740759930001 0.37879868155419999 -1.3032229825749999
2.0858835010019998 0.36779753984120001 -1.3441837825559999
2.0211711730949999 0.35638701044679999 -1.3812446905460001
1.9543732250620001 0.3446087299526 -1.4142704740830001
1.885733390383 0.33250567514739998 -1.443140627365
1.81550213515 0.32012200996090001 -1.467749801851
1.7439357176450001 0.30750291964199999 -1.48800820647
1.671295282842 0.2946944510958 -1.5038419191770001
1.5978458820770001 0.28174334002410001 -1.5151931630419999
1.523855530132 0.26869684466409999 -1.522020521557
1.4495942049470001 0.25560256941089998 -1.5242990779479999
1.3936928315079999 0.24574564901490001 -1.5242990779479999
1.337791458069 0.23588872861900001 -1.5242990779479999
1.2637426504 0.22283192593750001 -1.522192312299
1.189926188894 0.2098160921536 -1.515878628923
1.116573691326 0.1968820677301 -1.5053778330709999
1.0439153186929999 0.18407043626049999 -1.49072288115
0.97217905680070005 0.1714213977937 -1.471959749004
0.90158999286620001 0.15897464127909999 -1.4491473179350001
0.83236962205039999 0.14676922228959999 -1.4223571619299999
0.76473513653009995 0.13484343766599999 -1.3916733424929999
0.69989235711819997 0.1234099061516 -1.3557704959000001
0.63898912784369999 0.1126710236182 -1.3133464527850001
0.58265923208689996 0.1027385431758 -1.264842693724
0.5314888534958 0.09371582481712 -1.2107639626210001
0.48601048944589997 0.085696762196640006 -1.1516730234749999
0.44669740330969998 0.078764804415900003 -1.08818479403
0.41395869785130002 0.072992087330130004 -1.0209599525719999
0.38813506712180001 0.068438684492670002 -0.95069806599910001
0.3694952368312 0.065151979496599996 -0.87813029994290004
0.35823318050440001 0.063166175107939995 -0.80401182241159996
0.35446609396169998 0.062501936111790002 -0.72911393133299995
0.35446609396169998 0.062501936111790002 -0.65620253819969998
0.35446609396169998 0.062501936111790002 -0.58329114506640001
0.35446609396169998 0.062501936111790002 -0.51037975193310003
0.35446609396169998 0.062501936111790002 -0.43746835879980001
0.35446609396169998 0.062501936111790002 -0.36455696566649998
0.35446609396169998 0.062501936111790002 -0.2916455725332
0.35446609396169998 0.062501936111790002 -0.2187341793999
0.35446609396169998 0.062501936111790002 -0.1458227862666
0.35446609396169998 0.062501936111790002 -0.072911393133300001
0.35446609396169998 0.062501936111790002 0
0.35446609396169998 0.062501936111790002 0.072911393133300001
0.35446609396169998 0.062501936111790002 0.1458227862666
0.35446609396169998 0.062501936111790002 0.2187341793999
0.35446609396169998 0.062501936111790002 0.2916455725332
0.35446609396169998 0.062501936111790002 0.36455696566649998
0.35446609396169998 0.062501936111790002 0.43746835879980001
0.35446609396169998 0.062501936111790002 0.51037975193310003
0.35446609396169998 0.062501936111790002 0.58329114506640001
0.35446609396169998 0.062501936111790002 0.65620253819969998
0.35446609396169998 0.062501936111790002 0.72911393133299995
0.35823318050440001 0.063166175107939995 0.80401182241159996
0.3694952368312 0.065151979496599996 0.87813029994290004
0.38813506712180001 0.068438684492670002 0.95069806599910001
0.41395869785130002 0.072992087330130004 1.0209599525719999
0.44669740330969998 0.078764804415900003 1.08818479403
0.48601048944589997 0.085696762196640006 1.1516730234749999
0.5314888534958 0.09371582481712 1.2107639626210001
0.58265923208689996 0.1027385431758 1.264842693724
0.63898912784369999 0.1126710236182 1.3133464527850001
0.69989235711819997 0.1234099061516 1.3557704959000001
0.76473513653009995 0.13484343766599999 1.3916733424929999
0.83236962205039999 0.14676922228959999 1.4223571619299999
0.90158999286620001 0.15897464127909999 1.4491473179350001
0.97217905680070005 0.1714213977937 1.471959749004
1.0439153186929999 0.18407043626049999 1.49072288115
1.116573691326 0.1968820677301 1.5053778330709999
1.189926188894 0.2098160921536 1.515878628923
1.2637426504 0.22283192593750001 1.522192312299
1.337791458069 0.23588872861900001 1.5242990779479999
1.3936928315079999 0.24574564901490001 1.5242990779479999
1.4495942049470001 0.25560256941089998 1.5242990779479999
1.523855530132 0.26869684466409999 1.522020521557
1.597845884571 0.28174334046389998 1.5151931630419999
1.671295282842 0.2946944510958 1.5038419191770001
1.7439357176450001 0.30750291964199999 1.48800820647
1.81550213515 0.32012200996090001 1.467749801851
1.885733392878 0.33250567558720001 1.443140624832
1.9543732250620001 0.3446087299526 1.4142704740830001
2.0211711730949999 0.35638701044679999 1.3812446905460001
2.0858835010019998 0.36779753984120001 1.3441837825559999
2.1482740759930001 0.37879868155419999 1.3032229825749999
2.2081152440289999 0.38935029403600002 1.2585117507250001
2.2651886529969998 0.39941387591810001 1.2102132327390001
2.3192860459609999 0.4089527058836 1.1585036672460001
2.370210026963 0.41793197769939999 1.10357173733
2.4177747794400002 0.42631892689169998 1.045617879033
2.4618067472130001 0.43408295082370002 0.98485356452299999
2.502145250626 0.4411957173369 0.92150051181269999
2.5386431351150001 0.44763127911110001 0.85578989447179998
2.5711671827910001 0.45336614623830002 0.78796148041979996
2.5995987310799999 0.45837939530490002 0.71826276565180003
2.6238340344140001 0.4626527331684 0.64694807756939998
2.6437846633580002 0.46617056733329998 0.57427763525020004
2.6593778288849999 0.46892006313029999 0.50051660465220005
2.670556631827 0.4708911877011 0.4259341284882
2.6772802624369998 0.47207674518589998 0.3508023561004
2.6795241999420001 0.47247241191110001 0.27539543027419999
2.6795241999420001 0.47247241191110001 0.20654657232570001
2.6795241999420001 0.47247241191110001 0.1376977148838
2.6795241999420001 0.47247241191110001 0.068848857441900002
2.6795241999420001 0.47247241191110001 0
end
coil TF_61 45513.873765320001 stellarator
2.3563340358640001 1.3604300899070001 0
2.3563340358640001 1.3604300899070001 -0.068848857441900002
2.3563340358640001 1.3604300899070001 -0.1376977148838
2.3563340358640001 1.3604300899070001 -0.20654657232570001
2.3563340358640001 1.3604300899070001 -0.27539543027419999
2.3543607503390001 1.3592908129779999 -0.3508023561004
2.3484480888110002 1.355877136253 -0.4259341284882
2.3386176144839999 1.3502015092540001 -0.50051660465220005
2.3249052148509999 1.342284651635 -0.57427763525020004
2.3073609261980002 1.3321554518580001 -0.64694808010229998
2.2860487581200002 1.319850865881 -0.71826276818479995
2.2610464741610001 1.3054157905070001 -0.78796148041979996
2.2324453066380001 1.288902898738 -0.85578989447179998
2.20034960567 1.270372437145 -0.92150051434570002
2.1648765211010002 1.2498920422199999 -0.98485356452299999
2.1261554584839999 1.2275364262949999 -1.045617879033
2.084327714943 1.203387167302 -1.10357173733
2.0395459176080002 1.1775323845550001 -1.1585036697790001
1.991973470822 1.1500664195979999 -1.2102132327390001
1.9417839572890001 1.1210894904490001 -1.2585117507250001
1.8891605172799999 1.090707333194 -1.3032229825749999
1.8342951664189999 1.0590308081049999 -1.3441837825559999
1.7773881003100001 1.026175498168 -1.3812446905460001
1.718646970642 0.99226129114229999 -1.4142704740830001
1.6582861130419999 0.95741193375830003 -1.443140627365
1.596525783693 0.92175459098360002 -1.467749801851
1.5335913323470001 0.88541936855750003 -1.48800820647
1.46971240604 0.84853885325849998 -1.5038419191770001
1.4051220870050001 0.81124761517650001 -1.5151931630419999
1.3400560634859999 0.77368172898260001 -1.522020521557
1.274751750099 0.73597826606950001 -1.5242990779479999
1.2255929073130001 0.70759639495399995 -1.5242990779479999
1.1764340645269999 0.67921452383860004 -1.5242990779479999
1.1113166359069999 0.64161895889559994 -1.522192312299
1.046403529073 0.6041413591914 -1.515878628923
0.98189842527979998 0.56689932015220001 -1.5053778330709999
0.91800372470939995 0.53000969757799998 -1.49072288115
0.85491991471569995 0.4935882428967 -1.471959749004
0.79284493367539999 0.45774923588310001 -1.4491473179350001
0.73197356116379997 0.42260513257760002 -1.4223571619299999
0.67249679277600005 0.38826620433839998 -1.3916733424929999
0.61547500953870005 0.35534466243660001 -1.3557704959000001
0.56191760855060002 0.32442328255910002 -1.3133464527850001
0.51238192956280004 0.295823844961 -1.264842693724
0.46738345382410001 0.26984396288009999 -1.2107639626210001
0.42739045166779999 0.24675399231949999 -1.1516730234749999
0.39281910391899999 0.22679421539040001 -1.08818479403
0.36402916951070002 0.21017233900990001 -1.0209599525719999
0.34132024976339997 0.19706133808080001 -0.95069806599910001
0.3249286581004 0.1875976482217 -0.87813029994290004
0.31502497197689999 0.1818797523723 -0.80401182241159996
0.3117122516675 0.17996715241 -0.72911393133299995
0.3117122516675 0.17996715241 -0.65620253819969998
0.3117122516675 0.17996715241 -0.58329114506640001
0.3117122516675 0.17996715241 -0.51037975193310003
0.3117122516675 0.17996715241 -0.43746835879980001
0.3117122516675 0.17996715241 -0.36455696566649998
0.3117122516675 0.17996715241 -0.2916455725332
0.3117122516675 0.17996715241 -0.2187341793999
0.3117122516675 0.17996715241 -0.1458227862666
0.3117122516675 0.17996715241 -0.072911393133300001
0.3117122516675 0.17996715241 0
0.3117122516675 0.17996715241 0.072911393133300001
0.3117122516675 0.17996715241 0.1458227862666
0.3117122516675 0.17996715241 0.2187341793999
0.3117122516675 0.17996715241 0.2916455725332
0.3117122516675 0.17996715241 0.36455696566649998
0.3117122516675 0.17996715241 0.43746835879980001
0.3117122516675 0.17996715241 0.51037975193310003
0.3117122516675 0.17996715241 0.58329114506640001
0.3117122516675 0.17996715241 0.65620253819969998
0.3117122516675 0.17996715241 0.72911393133299995
0.31502497197689999 0.1818797523723 0.80401182241159996
0.3249286581004 0.1875976482217 0.87813029994290004
0.34132024976339997 0.19706133808080001 0.95069806599910001
0.36402916951070002 0.21017233900990001 1.0209599525719999
0.39281910391899999 0.22679421539040001 1.08818479403
0.42739045166779999 0.24675399231949999 1.1516730234749999
0.46738345382410001 0.26984396288009999 1.2107639626210001
0.51238192956280004 0.295823844961 1.264842693724
0.56191760855060002 0.32442328255910002 1.3133464527850001
0.61547500953870005 0.35534466243660001 1.3557704959000001
0.67249679277600005 0.38826620433839998 1.3916733424929999
0.73197356116379997 0.42260513257760002 1.4223571619299999
0.79284493367539999 0.45774923588310001 1.4491473179350001
0.85491991471569995 0.4935882428967 1.471959749004
0.91800372470939995 0.53000969757799998 1.49072288115
0.98189842527979998 0.56689932015220001 1.5053778330709999
1.046403529073 0.6041413591914 1.515878628923
1.1113166359069999 0.64161895889559994 1.522192312299
1.1764340645269999 0.67921452383860004 1.5242990779479999
1.2255929073130001 0.70759639495399995 1.5242990779479999
1.274751750099 0.73597826606950001 1.5242990779479999
1.3400560634859999 0.77368172898260001 1.522020521557
1.4051220891980001 0.81124761644300003 1.5151931630419999
1.46971240604 0.84853885325849998 1.5038419191770001
1.5335913323470001 0.88541936855750003 1.48800820647
1.596525783693 0.92175459098360002 1.467749801851
1.658286115236 0.95741193502480004 1.443140624832
1.718646970642 0.99226129114229999 1.4142704740830001
1.7773881003100001 1.026175498168 1.3812446905460001
1.8342951664189999 1.0590308081049999 1.3441837825559999
1.8891605172799999 1.090707333194 1.3032229825749999
1.9417839572890001 1.1210894904490001 1.2585117507250001
1.991973470822 1.1500664195979999 1.2102132327390001
2.0395459198010002 1.1775323858219999 1.1585036672460001
2.084327717137 1.203387168568 1.10357173733
2.1261554584839999 1.2275364262949999 1.045617879033
2.1648765211010002 1.2498920422199999 0.98485356452299999
2.20034960567 1.270372437145 0.92150051181269999
2.2324453066380001 1.288902898738 0.85578989447179998
2.2610464741610001 1.3054157905070001 0.78796148041979996
2.2860487581200002 1.319850865881 0.71826276565180003
2.3073609261980002 1.3321554518580001 0.64694807756939998
2.3249052148509999 1.342284651635 0.57427763525020004
2.3386176144839999 1.3502015092540001 0.50051660465220005
2.3484480888110002 1.355877136253 0.4259341284882
2.3543607503390001 1.3592908129779999 0.3508023561004
2.3563340358640001 1.3604300899070001 0.27539543027419999
2.3563340358640001 1.3604300899070001 0.20654657232570001
2.3563340358640001 1.3604300899070001 0.1376977148838
2.3563340358640001 1.3604300899070001 0.068848857441900002
2.3563340358640001 1.3604300899070001 0
end
coil TF_62 45513.873765320001 stellarator
1.7489352112729999 2.0842998212500001 0
1.7489352112729999 2.0842998212500001 -0.068848857441900002
1.7489352112729999 2.0842998212500001 -0.1376977148838
1.7489352112729999 2.0842998212500001 -0.20654657232570001
1.7489352112729999 2.0842998212500001 -0.27539543027419999
1.7474705850850001 2.0825543477280002 -0.3508023561004
1.743082046881 2.0773242915569998 -0.4259341284882
1.7357856014569999 2.0686287265100001 -0.50051660465220005
1.725607885486 2.0564993969369998 -0.57427763525020004
1.712586037261 2.040980562533 -0.64694808010229998
1.6967675664449999 2.0221288431079998 -0.71826276818479995
1.6782101912539999 2.0000130245549999 -0.78796148041979996
1.656981626796 1.974713806597 -0.85578989447179998
1.6331593245680001 1.9463234923320001 -0.92150051434570002
1.6068302363689999 1.9149457068819999 -0.98485356452299999
1.5780904105219999 1.880694916178 -1.045617879033
1.5470447215950001 1.843696104865 -1.10357173733
1.5138064535939999 1.8040842795630001 -1.1585036697790001
1.478496889668 1.7620039799010001 -1.2102132327390001
1.4412448676209999 1.717608748795 -1.2585117507250001
1.402186319143 1.6710605833250001 -1.3032229825749999
1.361463763453 1.6225293312819999 -1.3441837825559999
1.3192257911730001 1.5721920760729999 -1.3812446905460001
1.2756265270360001 1.5202324964030001 -1.4142704740830001
1.230825056772 1.466840183263 -1.443140627365
1.1849848605119999 1.4122099646849999 -1.467749801851
1.1382731989699999 1.3565411742269999 -1.48800820647
1.090860522424 1.300036946618 -1.5038419191770001
1.0429198308459999 1.2429034551989999 -1.5151931630419999
0.99462605846179997 1.1853491784600001 -1.522020521557
0.94615542085610005 1.1275841219580001 -1.5242990779479999
0.90966839067060001 1.084100572651 -1.5242990779479999
0.87318136048520001 1.040617023344 -1.5242990779479999
0.82484943383609999 0.98301727612349998 -1.522192312299
0.77666916037489997 0.92559826213389995 -1.515878628923
0.72879171786709995 0.86854014802099999 -1.5053778330709999
0.68136733323380005 0.81202196725770004 -1.49072288115
0.63454481364189996 0.75622106131970002 -1.471959749004
0.58847107433830004 0.70131251698039998 -1.4491473179350001
0.54329068602170005 0.64746862688929996 -1.4223571619299999
0.49914541081750002 0.59485833656859999 -1.3916733424929999
0.45682229236499999 0.54441960810309997 -1.3557704959000001
0.41707053264560001 0.49704530564560001 -1.3133464527850001
0.38030380438150002 0.45322842514889999 -1.264842693724
0.34690471177609999 0.4134249365471 -1.2107639626210001
0.31722081780729999 0.37804904926760002 -1.1516730234749999
0.29156102320310001 0.34746889686280003 -1.08818479403
0.2701923508288 0.32200270479170001 -1.0209599525719999
0.25333717293320002 0.30191548598079998 -0.95069806599910001
0.2411708877665 0.28741627192480002 -0.87813029994290004
0.23382010255560001 0.27865594724140003 -0.80401182241159996
0.2313613114394 0.27572567409519999 -0.72911393133299995
0.2313613114394 0.27572567409519999 -0.65620253819969998
0.2313613114394 0.27572567409519999 -0.58329114506640001
0.2313613114394 0.27572567409519999 -0.51037975193310003
0.2313613114394 0.27572567409519999 -0.43746835879980001
0.2313613114394 0.27572567409519999 -0.36455696566649998
0.2313613114394 0.27572567409519999 -0.2916455725332
0.2313613114394 0.27572567409519999 -0.2187341793999
0.2313613114394 0.27572567409519999 -0.1458227862666
0.2313613114394 0.27572567409519999 -0.072911393133300001
0.2313613114394 0.27572567409519999 0
0.2313613114394 0.27572567409519999 0.072911393133300001
0.2313613114394 0.27572567409519999 0.1458227862666
0.2313613114394 0.27572567409519999 0.2187341793999
0.2313613114394 0.27572567409519999 0.2916455725332
0.2313613114394 0.27572567409519999 0.36455696566649998
0.2313613114394 0.27572567409519999 0.43746835879980001
0.2313613114394 0.27572567409519999 0.51037975193310003
0.2313613114394 0.27572567409519999 0.58329114506640001
0.2313613114394 0.27572567409519999 0.65620253819969998
0.2313613114394 0.27572567409519999 0.72911393133299995
0.23382010255560001 0.27865594724140003 0.80401182241159996
0.2411708877665 0.28741627192480002 0.87813029994290004
0.25333717293320002 0.30191548598079998 0.95069806599910001
0.2701923508288 0.32200270479170001 1.0209599525719999
0.29156102320310001 0.34746889686280003 1.08818479403
0.31722081780729999 0.37804904926760002 1.1516730234749999
0.34690471177609999 0.4134249365471 1.2107639626210001
0.38030380438150002 0.45322842514889999 1.264842693724
0.41707053264560001 0.49704530564560001 1.3133464527850001
0.45682229236499999 0.54441960810309997 1.3557704959000001
0.49914541081750002 0.59485833656859999 1.3916733424929999
0.54329068602170005 0.64746862688929996 1.4223571619299999
0.58847107433830004 0.70131251698039998 1.4491473179350001
0.63454481364189996 0.75622106131970002 1.471959749004
0.68136733323380005 0.81202196725770004 1.49072288115
0.72879171786709995 0.86854014802099999 1.5053778330709999
0.77666916037489997 0.92559826213389995 1.515878628923
0.82484943383609999 0.98301727612349998 1.522192312299
0.87318136048520001 1.040617023344 1.5242990779479999
0.90966839067060001 1.084100572651 1.5242990779479999
0.94615542085610005 1.1275841219580001 1.5242990779479999
0.99462605846179997 1.1853491784600001 1.522020521557
1.042919832475 1.2429034571390001 1.5151931630419999
1.090860522424 1.300036946618 1.5038419191770001
1.1382731989699999 1.3565411742269999 1.48800820647
1.1849848605119999 1.4122099646849999 1.467749801851
1.2308250584 1.466840185203 1.443140624832
1.2756265270360001 1.5202324964030001 1.4142704740830001
1.3192257911730001 1.5721920760729999 1.3812446905460001
1.361463763453 1.6225293312819999 1.3441837825559999
1.402186319143 1.6710605833250001 1.3032229825749999
1.4412448676209999 1.717608748795 1.2585117507250001
1.478496889668 1.7620039799010001 1.2102132327390001
1.5138064552220001 1.804084281503 1.1585036672460001
1.547044723223 1.843696106805 1.10357173733
1.5780904105219999 1.880694916178 1.045617879033
1.6068302363689999 1.9149457068819999 0.98485356452299999
1.6331593245680001 1.9463234923320001 0.92150051181269999
1.656981626796 1.974713806597 0.85578989447179998
1.6782101912539999 2.0000130245549999 0.78796148041979996
1.6967675664449999 2.0221288431079998 0.71826276565180003
1.712586037261 2.040980562533 0.64694807756939998
1.725607885486 2.0564993969369998 0.57427763525020004
1.7357856014569999 2.0686287265100001 0.50051660465220005
1.743082046881 2.0773242915569998 0.4259341284882
1.7474705850850001 2.0825543477280002 0.3508023561004
1.7489352112729999 2.0842998212500001 0.27539543027419999
1.7489352112729999 2.0842998212500001 0.20654657232570001
1.7489352112729999 2.0842998212500001 0.1376977148838
1.7489352112729999 2.0842998212500001 0.068848857441900002
1.7489352112729999 2.0842998212500001 0
end
