HINT_WALL 1
nfp = 3
stellarator_symmetric = true
toroidal_planes = 65
poloidal_points = 204
DATA
# phi [rad]  R [m]  Z [m]; implicit poloidal closing segment
0.00000000000000000e+00 2.45113035517826727e+00 0.00000000000000000e+00
0.00000000000000000e+00 2.45056577155458655e+00 2.95306960805101076e-02
0.00000000000000000e+00 2.44884055634792697e+00 5.90043548532075413e-02
0.00000000000000000e+00 2.44587391489131889e+00 8.83637105015550178e-02
0.00000000000000000e+00 2.44156876399088540e+00 1.17548635279395131e-01
0.00000000000000000e+00 2.43584647253092035e+00 1.46491742178612300e-01
0.00000000000000000e+00 2.42866778965876273e+00 1.75116188743456358e-01
0.00000000000000000e+00 2.42003616353130813e+00 2.03339992464679292e-01
0.00000000000000000e+00 2.40999115587184853e+00 2.31087540961589483e-01
0.00000000000000000e+00 2.39860231900982734e+00 2.58303670738967595e-01
0.00000000000000000e+00 2.38596705144537857e+00 2.84962685488443113e-01
0.00000000000000000e+00 2.37220700227255499e+00 3.11066639061519601e-01
0.00000000000000000e+00 2.35745542108308204e+00 3.36633266565749822e-01
0.00000000000000000e+00 2.34183498770843368e+00 3.61680169869787016e-01
0.00000000000000000e+00 2.32543598300461740e+00 3.86213989396577029e-01
0.00000000000000000e+00 2.30830854408465891e+00 4.10229826403726683e-01
0.00000000000000000e+00 2.29047541929265375e+00 4.33719500995127571e-01
0.00000000000000000e+00 2.27195774067622436e+00 4.56681900822884401e-01
0.00000000000000000e+00 2.25279660746912480e+00 4.79128174629158299e-01
0.00000000000000000e+00 2.23305590914072249e+00 5.01078839899215089e-01
0.00000000000000000e+00 2.21280548558946011e+00 5.22555665035909778e-01
0.00000000000000000e+00 2.19209819733923750e+00 5.43574337143179820e-01
0.00000000000000000e+00 2.17095856481313421e+00 5.64142524149387037e-01
0.00000000000000000e+00 2.14939113858833108e+00 5.84263486483283967e-01
0.00000000000000000e+00 2.12740119007305450e+00 6.03941445224594919e-01
0.00000000000000000e+00 2.10501097980659990e+00 6.23184299889854021e-01
0.00000000000000000e+00 2.08225904998325317e+00 6.42002068176475871e-01
0.00000000000000000e+00 2.05918409931665902e+00 6.60403070489934074e-01
0.00000000000000000e+00 2.03580748479169760e+00 6.78391450893267134e-01
0.00000000000000000e+00 2.01212914814519417e+00 6.95968068219958824e-01
0.00000000000000000e+00 1.98814033815064062e+00 7.13133665875169021e-01
0.00000000000000000e+00 1.96384243740702891e+00 7.29891282154412124e-01
0.00000000000000000e+00 1.93925617116007198e+00 7.46245711817431157e-01
0.00000000000000000e+00 1.91441362673853566e+00 7.62200647572040757e-01
0.00000000000000000e+00 1.88934001745433511e+00 7.77756383980311883e-01
0.00000000000000000e+00 1.86404080768165659e+00 7.92910580030309453e-01
0.00000000000000000e+00 1.83850529147870945e+00 8.07661732371127372e-01
0.00000000000000000e+00 1.81272365129398860e+00 8.22012084135432142e-01
0.00000000000000000e+00 1.78670272182731060e+00 8.35966326644663082e-01
0.00000000000000000e+00 1.76046628592668242e+00 8.49525303895126704e-01
0.00000000000000000e+00 1.73403858986918702e+00 8.62677966226125359e-01
0.00000000000000000e+00 1.70742430167850534e+00 8.75396796873514460e-01
0.00000000000000000e+00 1.68060198693433693e+00 8.87639998573112932e-01
0.00000000000000000e+00 1.65353763072903504e+00 8.99359051901637896e-01
0.00000000000000000e+00 1.62620818453969695e+00 9.10506334799290440e-01
0.00000000000000000e+00 1.59861638489197611e+00 9.21037487804608035e-01
0.00000000000000000e+00 1.57078490356975831e+00 9.30907381526545064e-01
0.00000000000000000e+00 1.54273506730145682e+00 9.40063815277079051e-01
0.00000000000000000e+00 1.51446870451523785e+00 9.48445252067572020e-01
0.00000000000000000e+00 1.48596958790567002e+00 9.55985952651235205e-01
0.00000000000000000e+00 1.45722455102384196e+00 9.62625789889269945e-01
0.00000000000000000e+00 1.42824710437147973e+00 9.68317565439560823e-01
0.00000000000000000e+00 1.39908314900480057e+00 9.73025771041074794e-01
0.00000000000000000e+00 1.36979278432099405e+00 9.76717249742510618e-01
0.00000000000000000e+00 1.34042274810034368e+00 9.79351362265818426e-01
0.00000000000000000e+00 1.31099311464320278e+00 9.80878901094356825e-01
0.00000000000000000e+00 1.28151072146967948e+00 9.81252342308644665e-01
0.00000000000000000e+00 1.25199887513529262e+00 9.80438571130270775e-01
0.00000000000000000e+00 1.22251809078941220e+00 9.78417265919928059e-01
0.00000000000000000e+00 1.19316079006079478e+00 9.75151437592722603e-01
0.00000000000000000e+00 1.16402988514556793e+00 9.70532479924516300e-01
0.00000000000000000e+00 1.13523479034259545e+00 9.64322951536568107e-01
0.00000000000000000e+00 1.10693503396255966e+00 9.56133230736166073e-01
0.00000000000000000e+00 1.07942670907501403e+00 9.45462445471513924e-01
0.00000000000000000e+00 1.05322234722636709e+00 9.31808573540594431e-01
0.00000000000000000e+00 1.02905534910576191e+00 9.14818108929837170e-01
0.00000000000000000e+00 1.00776792046481289e+00 8.94420043268410181e-01
0.00000000000000000e+00 9.90106358194059566e-01 8.70887388087269398e-01
0.00000000000000000e+00 9.76510170418555257e-01 8.44795705184501755e-01
0.00000000000000000e+00 9.66998846917670241e-01 8.16891072154590003e-01
0.00000000000000000e+00 9.61215930617044800e-01 7.87918945974699469e-01
0.00000000000000000e+00 9.58608403116099406e-01 7.58480987811870788e-01
0.00000000000000000e+00 9.58649933280542710e-01 7.28971192403876422e-01
0.00000000000000000e+00 9.61001411600974631e-01 6.99603747712568502e-01
0.00000000000000000e+00 9.65547793637887786e-01 6.70502796112296906e-01
0.00000000000000000e+00 9.72323941785753210e-01 6.41799670195130179e-01
0.00000000000000000e+00 9.81396004324998850e-01 6.13687277068986847e-01
0.00000000000000000e+00 9.92769105950318642e-01 5.86409740992874018e-01
0.00000000000000000e+00 1.00635360596623680e+00 5.60201476315696723e-01
0.00000000000000000e+00 1.02197558732142557e+00 5.35214151287282780e-01
0.00000000000000000e+00 1.03939686767021100e+00 5.11471088883878267e-01
0.00000000000000000e+00 1.05832425132808883e+00 4.88868732640142079e-01
0.00000000000000000e+00 1.07841642793357395e+00 4.67217390566472712e-01
0.00000000000000000e+00 1.09931006183129809e+00 4.46294782008501978e-01
0.00000000000000000e+00 1.12067122351111181e+00 4.25885322721792914e-01
0.00000000000000000e+00 1.14224904905782987e+00 4.05793238899623154e-01
0.00000000000000000e+00 1.16389447458085704e+00 3.85836900599925703e-01
0.00000000000000000e+00 1.18552550874059937e+00 3.65842307310023596e-01
0.00000000000000000e+00 1.20706054452914668e+00 3.45649488051559706e-01
0.00000000000000000e+00 1.22836993537015982e+00 3.25131056168403543e-01
0.00000000000000000e+00 1.24928590307382370e+00 3.04208506458702233e-01
0.00000000000000000e+00 1.26966427157475192e+00 2.82849322440046236e-01
0.00000000000000000e+00 1.28944284206835813e+00 2.61038913763683100e-01
0.00000000000000000e+00 1.30863170666003370e+00 2.38738703783051454e-01
0.00000000000000000e+00 1.32721514004457708e+00 2.15853573789315856e-01
0.00000000000000000e+00 1.34501553010358244e+00 1.92229866905714891e-01
0.00000000000000000e+00 1.36161441503040015e+00 1.67689785176384332e-01
0.00000000000000000e+00 1.37640480364988216e+00 1.42088514474447314e-01
0.00000000000000000e+00 1.38876884835594172e+00 1.15368669066752555e-01
0.00000000000000000e+00 1.39828747915634155e+00 8.75894434183283471e-02
0.00000000000000000e+00 1.40485654952930261e+00 5.89226137390273103e-02
0.00000000000000000e+00 1.40863544654238382e+00 2.96243254793269878e-02
0.00000000000000000e+00 1.40985930768849910e+00 1.12164572161806675e-16
0.00000000000000000e+00 1.40863544654238382e+00 -2.96243254793267623e-02
0.00000000000000000e+00 1.40485654952930261e+00 -5.89226137390266996e-02
0.00000000000000000e+00 1.39828747915634199e+00 -8.75894434183276532e-02
0.00000000000000000e+00 1.38876884835594172e+00 -1.15368669066752347e-01
0.00000000000000000e+00 1.37640480364988260e+00 -1.42088514474447064e-01
0.00000000000000000e+00 1.36161441503040037e+00 -1.67689785176384137e-01
0.00000000000000000e+00 1.34501553010358221e+00 -1.92229866905714641e-01
0.00000000000000000e+00 1.32721514004457775e+00 -2.15853573789315356e-01
0.00000000000000000e+00 1.30863170666003481e+00 -2.38738703783050926e-01
0.00000000000000000e+00 1.28944284206835813e+00 -2.61038913763683267e-01
0.00000000000000000e+00 1.26966427157475215e+00 -2.82849322440046180e-01
0.00000000000000000e+00 1.24928590307382370e+00 -3.04208506458702121e-01
0.00000000000000000e+00 1.22836993537015982e+00 -3.25131056168403265e-01
0.00000000000000000e+00 1.20706054452914713e+00 -3.45649488051559595e-01
0.00000000000000000e+00 1.18552550874059981e+00 -3.65842307310022874e-01
0.00000000000000000e+00 1.16389447458085726e+00 -3.85836900599925259e-01
0.00000000000000000e+00 1.14224904905782987e+00 -4.05793238899623265e-01
0.00000000000000000e+00 1.12067122351111204e+00 -4.25885322721792803e-01
0.00000000000000000e+00 1.09931006183129831e+00 -4.46294782008501867e-01
0.00000000000000000e+00 1.07841642793357417e+00 -4.67217390566472601e-01
0.00000000000000000e+00 1.05832425132808905e+00 -4.88868732640141801e-01
0.00000000000000000e+00 1.03939686767021100e+00 -5.11471088883878156e-01
0.00000000000000000e+00 1.02197558732142579e+00 -5.35214151287283113e-01
0.00000000000000000e+00 1.00635360596623724e+00 -5.60201476315696612e-01
0.00000000000000000e+00 9.92769105950318753e-01 -5.86409740992873907e-01
0.00000000000000000e+00 9.81396004324998628e-01 -6.13687277068986514e-01
0.00000000000000000e+00 9.72323941785753210e-01 -6.41799670195129845e-01
0.00000000000000000e+00 9.65547793637888119e-01 -6.70502796112295796e-01
0.00000000000000000e+00 9.61001411600974631e-01 -6.99603747712567392e-01
0.00000000000000000e+00 9.58649933280542266e-01 -7.28971192403876311e-01
0.00000000000000000e+00 9.58608403116099184e-01 -7.58480987811870677e-01
0.00000000000000000e+00 9.61215930617044800e-01 -7.87918945974699136e-01
0.00000000000000000e+00 9.66998846917669685e-01 -8.16891072154589781e-01
0.00000000000000000e+00 9.76510170418554702e-01 -8.44795705184501422e-01
0.00000000000000000e+00 9.90106358194059233e-01 -8.70887388087268732e-01
0.00000000000000000e+00 1.00776792046481289e+00 -8.94420043268410403e-01
0.00000000000000000e+00 1.02905534910576169e+00 -9.14818108929836837e-01
0.00000000000000000e+00 1.05322234722636709e+00 -9.31808573540594431e-01
0.00000000000000000e+00 1.07942670907501381e+00 -9.45462445471514035e-01
0.00000000000000000e+00 1.10693503396255966e+00 -9.56133230736165962e-01
0.00000000000000000e+00 1.13523479034259522e+00 -9.64322951536568218e-01
0.00000000000000000e+00 1.16402988514556816e+00 -9.70532479924516189e-01
0.00000000000000000e+00 1.19316079006079390e+00 -9.75151437592722603e-01
0.00000000000000000e+00 1.22251809078941154e+00 -9.78417265919927837e-01
0.00000000000000000e+00 1.25199887513529240e+00 -9.80438571130270997e-01
0.00000000000000000e+00 1.28151072146967882e+00 -9.81252342308644554e-01
0.00000000000000000e+00 1.31099311464320234e+00 -9.80878901094356714e-01
0.00000000000000000e+00 1.34042274810034256e+00 -9.79351362265818204e-01
0.00000000000000000e+00 1.36979278432099405e+00 -9.76717249742510729e-01
0.00000000000000000e+00 1.39908314900480035e+00 -9.73025771041074905e-01
0.00000000000000000e+00 1.42824710437147973e+00 -9.68317565439560823e-01
0.00000000000000000e+00 1.45722455102384152e+00 -9.62625789889269945e-01
0.00000000000000000e+00 1.48596958790566980e+00 -9.55985952651235205e-01
0.00000000000000000e+00 1.51446870451523763e+00 -9.48445252067572464e-01
0.00000000000000000e+00 1.54273506730145660e+00 -9.40063815277079051e-01
0.00000000000000000e+00 1.57078490356975853e+00 -9.30907381526544953e-01
0.00000000000000000e+00 1.59861638489197611e+00 -9.21037487804607924e-01
0.00000000000000000e+00 1.62620818453969718e+00 -9.10506334799290440e-01
0.00000000000000000e+00 1.65353763072903504e+00 -8.99359051901637896e-01
0.00000000000000000e+00 1.68060198693433627e+00 -8.87639998573113043e-01
0.00000000000000000e+00 1.70742430167850512e+00 -8.75396796873514571e-01
0.00000000000000000e+00 1.73403858986918613e+00 -8.62677966226125470e-01
0.00000000000000000e+00 1.76046628592668131e+00 -8.49525303895126704e-01
0.00000000000000000e+00 1.78670272182730994e+00 -8.35966326644663638e-01
0.00000000000000000e+00 1.81272365129398794e+00 -8.22012084135432697e-01
0.00000000000000000e+00 1.83850529147870856e+00 -8.07661732371127927e-01
0.00000000000000000e+00 1.86404080768165548e+00 -7.92910580030309564e-01
0.00000000000000000e+00 1.88934001745433511e+00 -7.77756383980311883e-01
0.00000000000000000e+00 1.91441362673853521e+00 -7.62200647572040757e-01
0.00000000000000000e+00 1.93925617116007198e+00 -7.46245711817431268e-01
0.00000000000000000e+00 1.96384243740702891e+00 -7.29891282154412235e-01
0.00000000000000000e+00 1.98814033815064062e+00 -7.13133665875169243e-01
0.00000000000000000e+00 2.01212914814519372e+00 -6.95968068219959268e-01
0.00000000000000000e+00 2.03580748479169849e+00 -6.78391450893266468e-01
0.00000000000000000e+00 2.05918409931665858e+00 -6.60403070489933852e-01
0.00000000000000000e+00 2.08225904998325317e+00 -6.42002068176475649e-01
0.00000000000000000e+00 2.10501097980659946e+00 -6.23184299889854465e-01
0.00000000000000000e+00 2.12740119007305495e+00 -6.03941445224595364e-01
0.00000000000000000e+00 2.14939113858833064e+00 -5.84263486483284522e-01
0.00000000000000000e+00 2.17095856481313376e+00 -5.64142524149387481e-01
0.00000000000000000e+00 2.19209819733923794e+00 -5.43574337143180153e-01
0.00000000000000000e+00 2.21280548558946011e+00 -5.22555665035909778e-01
0.00000000000000000e+00 2.23305590914072205e+00 -5.01078839899215089e-01
0.00000000000000000e+00 2.25279660746912391e+00 -4.79128174629158854e-01
0.00000000000000000e+00 2.27195774067622436e+00 -4.56681900822884901e-01
0.00000000000000000e+00 2.29047541929265419e+00 -4.33719500995127905e-01
0.00000000000000000e+00 2.30830854408465846e+00 -4.10229826403726738e-01
0.00000000000000000e+00 2.32543598300461785e+00 -3.86213989396576973e-01
0.00000000000000000e+00 2.34183498770843368e+00 -3.61680169869786960e-01
0.00000000000000000e+00 2.35745542108308204e+00 -3.36633266565749878e-01
0.00000000000000000e+00 2.37220700227255454e+00 -3.11066639061519601e-01
0.00000000000000000e+00 2.38596705144537857e+00 -2.84962685488443335e-01
0.00000000000000000e+00 2.39860231900982734e+00 -2.58303670738967872e-01
0.00000000000000000e+00 2.40999115587184853e+00 -2.31087540961589760e-01
0.00000000000000000e+00 2.42003616353130724e+00 -2.03339992464679847e-01
0.00000000000000000e+00 2.42866778965876318e+00 -1.75116188743456969e-01
0.00000000000000000e+00 2.43584647253091990e+00 -1.46491742178612966e-01
0.00000000000000000e+00 2.44156876399088585e+00 -1.17548635279395755e-01
0.00000000000000000e+00 2.44587391489131889e+00 -8.83637105015557256e-02
0.00000000000000000e+00 2.44884055634792697e+00 -5.90043548532077078e-02
0.00000000000000000e+00 2.45056577155458655e+00 -2.95306960805103505e-02
1.63624617374468380e-02 2.44849750628887275e+00 4.05753272495962470e-05
1.63624617374468380e-02 2.44767995361160029e+00 2.95500192309096736e-02
1.63624617374468380e-02 2.44571732890495985e+00 5.90459180257853697e-02
1.63624617374468380e-02 2.44254021383325792e+00 8.84530078642297019e-02
1.63624617374468380e-02 2.43805858390119878e+00 1.17689087258913930e-01
1.63624617374468380e-02 2.43219563177470510e+00 1.46672211986531742e-01
1.63624617374468380e-02 2.42490864362541592e+00 1.75323977183646812e-01
1.63624617374468380e-02 2.41619292178312994e+00 2.03570357777284966e-01
1.63624617374468380e-02 2.40607637504376815e+00 2.31344131575695416e-01
1.63624617374468380e-02 2.39461529484094005e+00 2.58591084882712596e-01
1.63624617374468380e-02 2.38189492801329283e+00 2.85277714833418017e-01
1.63624617374468380e-02 2.36802897311879423e+00 3.11395013644467034e-01
1.63624617374468380e-02 2.35314924763107713e+00 3.36954137345945204e-01
1.63624617374468380e-02 2.33738369937958979e+00 3.61974799952850701e-01
1.63624617374468380e-02 2.32083201211814449e+00 3.86472382726037011e-01
1.63624617374468380e-02 2.30355341820413484e+00 4.10450994217637255e-01
1.63624617374468380e-02 2.28557529537073201e+00 4.33905907040947891e-01
1.63624617374468380e-02 2.26691733030444542e+00 4.56832592785596847e-01
1.63624617374468380e-02 2.24761493572492244e+00 4.79235451334825369e-01
1.63624617374468380e-02 2.22772616629816067e+00 5.01130179516344976e-01
1.63624617374468380e-02 2.20731864354856411e+00 5.22538711212052309e-01
1.63624617374468380e-02 2.18644775195858010e+00 5.43480951966630821e-01
1.63624617374468380e-02 2.16514327194566780e+00 5.63969280746665746e-01
1.63624617374468380e-02 2.14341422474216170e+00 5.84009033388928067e-01
1.63624617374468380e-02 2.12126704648128417e+00 6.03603394443632424e-01
1.63624617374468380e-02 2.09872197803927429e+00 6.22758120612243116e-01
1.63624617374468380e-02 2.07581474175487690e+00 6.41482417269699345e-01
1.63624617374468380e-02 2.05258308328090600e+00 6.59785971758606427e-01
1.63624617374468380e-02 2.02905020672766545e+00 6.77675368213232154e-01
1.63624617374468380e-02 2.00521936493494568e+00 6.95153253779616787e-01
1.63624617374468380e-02 1.98108423100018260e+00 7.12220822315766333e-01
1.63624617374468380e-02 1.95664631287881119e+00 7.28881057318603642e-01
1.63624617374468380e-02 1.93192474727371066e+00 7.45139530389070770e-01
1.63624617374468380e-02 1.90695025408507957e+00 7.61001927395593913e-01
1.63624617374468380e-02 1.88174843507501666e+00 7.76470689717669749e-01
1.63624617374468380e-02 1.85632668060237949e+00 7.91544208038152064e-01
1.63624617374468380e-02 1.83067597213055211e+00 8.06219733496891688e-01
1.63624617374468380e-02 1.80478619312406452e+00 8.20497408492120162e-01
1.63624617374468380e-02 1.77866180395373208e+00 8.34380948441371451e-01
1.63624617374468380e-02 1.75232396185881312e+00 8.47872547795868070e-01
1.63624617374468380e-02 1.72579635813324317e+00 8.60964264026008230e-01
1.63624617374468380e-02 1.69908603611700704e+00 8.73631668879081724e-01
1.63624617374468380e-02 1.67217540664335607e+00 8.85834698723352743e-01
1.63624617374468380e-02 1.64503303115857702e+00 8.97525544283798937e-01
1.63624617374468380e-02 1.61763532058669668e+00 9.08657890840071647e-01
1.63624617374468380e-02 1.58998192257152970e+00 9.19190440417369414e-01
1.63624617374468380e-02 1.56209241119846398e+00 9.29081996828830969e-01
1.63624617374468380e-02 1.53398736727348983e+00 9.38282398677337870e-01
1.63624617374468380e-02 1.50567029074237069e+00 9.46727613054136441e-01
1.63624617374468380e-02 1.47712656691563704e+00 9.54344619810151618e-01
1.63624617374468380e-02 1.44834156789147994e+00 9.61063833952777280e-01
1.63624617374468380e-02 1.41932345692086059e+00 9.66829833481162360e-01
1.63624617374468380e-02 1.39011149227062658e+00 9.71601218960528201e-01
1.63624617374468380e-02 1.36076228700362512e+00 9.75338548345137335e-01
1.63624617374468380e-02 1.33132527821336311e+00 9.77989763975788629e-01
1.63624617374468380e-02 1.30182855133021769e+00 9.79486636253883658e-01
1.63624617374468380e-02 1.27228792809950897e+00 9.79758466015038576e-01
1.63624617374468380e-02 1.24273209947303509e+00 9.78754075997506079e-01
1.63624617374468380e-02 1.21322210879142367e+00 9.76450751712108267e-01
1.63624617374468380e-02 1.18384900029849871e+00 9.72830285944787265e-01
1.63624617374468380e-02 1.15471675577291344e+00 9.67820521061379058e-01
1.63624617374468380e-02 1.12593957389828891e+00 9.61226840924444104e-01
1.63624617374468380e-02 1.09768125997171806e+00 9.52695511112055415e-01
1.63624617374468380e-02 1.07023423771046322e+00 9.41745836815489068e-01
1.63624617374468380e-02 1.04409480157520851e+00 9.27879302968995234e-01
1.63624617374468380e-02 1.01997128424502881e+00 9.10734466483774541e-01
1.63624617374468380e-02 9.98684420011221929e-01 8.90227697263864748e-01
1.63624617374468380e-02 9.80977347316045800e-01 8.66618995348497290e-01
1.63624617374468380e-02 9.67311950753824479e-01 8.40471592815327684e-01
1.63624617374468380e-02 9.57748641906435272e-01 8.12519892982403347e-01
1.63624617374468380e-02 9.51970828404703484e-01 7.83499547879144997e-01
1.63624617374468380e-02 9.49442149671755553e-01 7.54006788643671766e-01
1.63624617374468380e-02 9.49617969445736176e-01 7.24436018650285951e-01
1.63624617374468380e-02 9.52112348358057359e-01 6.95005755721704199e-01
1.63624617374468380e-02 9.56756946842805100e-01 6.65843447935892119e-01
1.63624617374468380e-02 9.63552741981729910e-01 6.37078232741184025e-01
1.63624617374468380e-02 9.72567034575952061e-01 6.08895430810553751e-01
1.63624617374468380e-02 9.83838607708734991e-01 5.81532018141509011e-01
1.63624617374468380e-02 9.97326012140250184e-01 5.55223783285061390e-01
1.63624617374468380e-02 1.01289580623907316e+00 5.30136636766152636e-01
1.63624617374468380e-02 1.03032843244528216e+00 5.06317582053105508e-01
1.63624617374468380e-02 1.04932762597009721e+00 4.83686350118105013e-01
1.63624617374468380e-02 1.06953875825624944e+00 4.62066178827278740e-01
1.63624617374468380e-02 1.09058848920243423e+00 4.41233983570979760e-01
1.63624617374468380e-02 1.11214306554314346e+00 4.20964909589028768e-01
1.63624617374468380e-02 1.13395919378559729e+00 4.01054992184614600e-01
1.63624617374468380e-02 1.15589427349972618e+00 3.81321760617681693e-01
1.63624617374468380e-02 1.17786470108283026e+00 3.61595889571865337e-01
1.63624617374468380e-02 1.19977898205938072e+00 3.41719539630508884e-01
1.63624617374468380e-02 1.22149577321398350e+00 3.21557904164102404e-01
1.63624617374468380e-02 1.24284209889138353e+00 3.01016344467572416e-01
1.63624617374468380e-02 1.26367936513464163e+00 2.80046552494051637e-01
1.63624617374468380e-02 1.28395898694290533e+00 2.58628643982638962e-01
1.63624617374468380e-02 1.30370438097844787e+00 2.36731080032403590e-01
1.63624617374468380e-02 1.32290347913363515e+00 2.14267726564112942e-01
1.63624617374468380e-02 1.34136683560683534e+00 1.91079224170026374e-01
1.63624617374468380e-02 1.35864872762809918e+00 1.66957207291202891e-01
1.63624617374468380e-02 1.37410498601253916e+00 1.41708085201843970e-01
1.63624617374468380e-02 1.38707950895871956e+00 1.15230415955873744e-01
1.63624617374468380e-02 1.39712366698360824e+00 8.75703260110198833e-02
1.63624617374468380e-02 1.40412107146916232e+00 5.89294773238328781e-02
1.63624617374468380e-02 1.40824169906414176e+00 2.96242099340985089e-02
1.63624617374468380e-02 1.40975449451264345e+00 1.82528330384043241e-05
1.63624617374468380e-02 1.40881759082764746e+00 -2.95393052405180344e-02
1.63624617374468380e-02 1.40537908175553072e+00 -5.87488326110251827e-02
1.63624617374468380e-02 1.39924830286551161e+00 -8.73667380715115183e-02
1.63624617374468380e-02 1.39028610893237081e+00 -1.15200187737046697e-01
1.63624617374468380e-02 1.37858693255065035e+00 -1.42108756827657140e-01
1.63624617374468380e-02 1.36453464862477758e+00 -1.68019027972113655e-01
1.63624617374468380e-02 1.34869936549940728e+00 -1.92940900486926303e-01
1.63624617374468380e-02 1.33164368647955311e+00 -2.16966507094596306e-01
1.63624617374468380e-02 1.31375725597827220e+00 -2.40240883127867733e-01
1.63624617374468380e-02 1.29520844578351269e+00 -2.62912490385354580e-01
1.63624617374468380e-02 1.27601871956386415e+00 -2.85087597506440249e-01
1.63624617374468380e-02 1.25618907300284910e+00 -3.06813216098888786e-01
1.63624617374468380e-02 1.23578887853923480e+00 -3.28097250636044724e-01
1.63624617374468380e-02 1.21496105909867924e+00 -3.48952234738205636e-01
1.63624617374468380e-02 1.19386529307031908e+00 -3.69435706969573507e-01
1.63624617374468380e-02 1.17262193413958937e+00 -3.89664973186429842e-01
1.63624617374468380e-02 1.15130782858102587e+00 -4.09803008093029553e-01
1.63624617374468380e-02 1.13000682970206423e+00 -4.30031683435470380e-01
1.63624617374468380e-02 1.10887357780802320e+00 -4.50534317030973963e-01
1.63624617374468380e-02 1.08816212897668474e+00 -4.71497769934767996e-01
1.63624617374468380e-02 1.06820205970879245e+00 -4.93124215182675685e-01
1.63624617374468380e-02 1.04934477647875535e+00 -5.15630131873906050e-01
1.63624617374468380e-02 1.03191880780626888e+00 -5.39215904354248488e-01
1.63624617374468380e-02 1.01621468166759987e+00 -5.64011062051447576e-01
1.63624617374468380e-02 1.00248724259889155e+00 -5.90022718864186446e-01
1.63624617374468380e-02 9.90947356264083479e-01 -6.17120913988160713e-01
1.63624617374468380e-02 9.81731528470302428e-01 -6.45077138107743919e-01
1.63624617374468380e-02 9.74872758582420507e-01 -6.73640209090286435e-01
1.63624617374468380e-02 9.70315902518186668e-01 -7.02606901729746602e-01
1.63624617374468380e-02 9.68001892792920038e-01 -7.31841842610685855e-01
1.63624617374468380e-02 9.67994375436413756e-01 -7.61226739653137474e-01
1.63624617374468380e-02 9.70575685261710785e-01 -7.90559907081422542e-01
1.63624617374468380e-02 9.76235628247046239e-01 -8.19459857602585662e-01
1.63624617374468380e-02 9.85527698960329990e-01 -8.47331751796475796e-01
1.63624617374468380e-02 9.98845255867310877e-01 -8.73428538608848171e-01
1.63624617374468380e-02 1.01622479850683067e+00 -8.96993504067624015e-01
1.63624617374468380e-02 1.03727708871748003e+00 -9.17431363247625531e-01
1.63624617374468380e-02 1.06128081515241757e+00 -9.34441101991545287e-01
1.63624617374468380e-02 1.08738814458001065e+00 -9.48061332885986485e-01
1.63624617374468380e-02 1.11483894420322538e+00 -9.58617445008966396e-01
1.63624617374468380e-02 1.14308987916354532e+00 -9.66599353034840014e-01
1.63624617374468380e-02 1.17182435683092900e+00 -9.72521022189020590e-01
1.63624617374468380e-02 1.20087751251056685e+00 -9.76810637931792236e-01
1.63624617374468380e-02 1.23014502645152546e+00 -9.79758540256408961e-01
1.63624617374468380e-02 1.25953075006403359e+00 -9.81522145571640081e-01
1.63624617374468380e-02 1.28894462009634769e+00 -9.82166468090769018e-01
1.63624617374468380e-02 1.31832403529012754e+00 -9.81712647801763705e-01
1.63624617374468380e-02 1.34764353852741436e+00 -9.80173911752853178e-01
1.63624617374468380e-02 1.37689831520197914e+00 -9.77571690832617191e-01
1.63624617374468380e-02 1.40607484771293856e+00 -9.73936239753912525e-01
1.63624617374468380e-02 1.43513372540649509e+00 -9.69301214369145292e-01
1.63624617374468380e-02 1.46401809325277688e+00 -9.63700026584039970e-01
1.63624617374468380e-02 1.49267897434353225e+00 -9.57166656323022780e-01
1.63624617374468380e-02 1.52109536986956839e+00 -9.49739012408163608e-01
1.63624617374468380e-02 1.54927298703729877e+00 -9.41461394440432087e-01
1.63624617374468380e-02 1.57722430255800639e+00 -9.32384078191342502e-01
1.63624617374468380e-02 1.60494796054397404e+00 -9.22560624819666608e-01
1.63624617374468380e-02 1.63242484586941483e+00 -9.12045039675774327e-01
1.63624617374468380e-02 1.65963309584854257e+00 -9.00890420652014190e-01
1.63624617374468380e-02 1.68656811179403743e+00 -8.89148932724931451e-01
1.63624617374468380e-02 1.71324979649759390e+00 -8.76871455172053449e-01
1.63624617374468380e-02 1.73971039403811112e+00 -8.64105338278648438e-01
1.63624617374468380e-02 1.76597259760081138e+00 -8.50890330339674761e-01
1.63624617374468380e-02 1.79203536868479940e+00 -8.37254595246594069e-01
1.63624617374468380e-02 1.81787809081287488e+00 -8.23213300036035989e-01
1.63624617374468380e-02 1.84347842084520508e+00 -8.08770942458939657e-01
1.63624617374468380e-02 1.86882836481053349e+00 -7.93926290960233150e-01
1.63624617374468380e-02 1.89393544119639246e+00 -7.78677214639153292e-01
1.63624617374468380e-02 1.91880888590894871e+00 -7.63022995494882728e-01
1.63624617374468380e-02 1.94344347937147877e+00 -7.46963701258879564e-01
1.63624617374468380e-02 1.96781524340470271e+00 -7.30498320349656893e-01
1.63624617374468380e-02 1.99189285218248080e+00 -7.13623977452577885e-01
1.63624617374468380e-02 2.01565509062340276e+00 -6.96337219854792466e-01
1.63624617374468380e-02 2.03909946768050521e+00 -6.78636238890385490e-01
1.63624617374468380e-02 2.06223447146307004e+00 -6.60521798021881712e-01
1.63624617374468380e-02 2.08506169171820765e+00 -6.41995581420246375e-01
1.63624617374468380e-02 2.10756261333209505e+00 -6.23056934688866582e-01
1.63624617374468380e-02 2.12970110552031988e+00 -6.03700611621446837e-01
1.63624617374468380e-02 2.15143956940720082e+00 -5.83917607802572070e-01
1.63624617374468380e-02 2.17275514998100761e+00 -5.63698660729951784e-01
1.63624617374468380e-02 2.19364197534591332e+00 -5.43037506714614593e-01
1.63624617374468380e-02 2.21409658441185364e+00 -5.21930738297651020e-01
1.63624617374468380e-02 2.23409753378199838e+00 -5.00373676735630935e-01
1.63624617374468380e-02 2.25359540329218744e+00 -4.78355262182197372e-01
1.63624617374468380e-02 2.27252168818037514e+00 -4.55856608256433204e-01
1.63624617374468380e-02 2.29081039031535871e+00 -4.32855795396799636e-01
1.63624617374468380e-02 2.30841603458957367e+00 -4.09336768474404311e-01
1.63624617374468380e-02 2.32531418165103787e+00 -3.85296310591221269e-01
1.63624617374468380e-02 2.34148332070175336e+00 -3.60743326902159711e-01
1.63624617374468380e-02 2.35688033087896809e+00 -3.35689606680047437e-01
1.63624617374468380e-02 2.37142557835244627e+00 -3.10137738711603883e-01
1.63624617374468380e-02 2.38500602369370984e+00 -2.84075175592901519e-01
1.63624617374468380e-02 2.39749229494303018e+00 -2.57480618400915073e-01
1.63624617374468380e-02 2.40875836976554636e+00 -2.30341198595753610e-01
1.63624617374468380e-02 2.41869505773508831e+00 -2.02671335635656508e-01
1.63624617374468380e-02 2.42721707364396888e+00 -1.74521976683881419e-01
1.63624617374468380e-02 2.43426957279710976e+00 -1.45974053515183166e-01
1.63624617374468380e-02 2.43983790490226626e+00 -1.17119326498563020e-01
1.63624617374468380e-02 2.44395622768203946e+00 -8.80392606426367436e-02
1.63624617374468380e-02 2.44670464130561571e+00 -5.87933252509705226e-02
1.63624617374468380e-02 2.44818756392438663e+00 -2.94218220458063243e-02
3.27249234748936760e-02 2.44130512579844483e+00 7.73990907973387998e-05
3.27249234748936760e-02 2.44022449939185027e+00 2.95067103312467993e-02
3.27249234748936760e-02 2.43801245865682059e+00 5.89649529285901364e-02
3.27249234748936760e-02 2.43461239876300661e+00 8.83616559647875666e-02
3.27249234748936760e-02 2.42994301441820904e+00 1.17593899115230938e-01
3.27249234748936760e-02 2.42393093123318071e+00 1.46564529178696223e-01
3.27249234748936760e-02 2.41653177167411259e+00 1.75191952930966954e-01
3.27249234748936760e-02 2.40773507730423431e+00 2.03409294635031601e-01
3.27249234748936760e-02 2.39755997025761936e+00 2.31158846152271724e-01
3.27249234748936760e-02 2.38605189850626287e+00 2.58389940398981555e-01
3.27249234748936760e-02 2.37328459298397076e+00 2.85063662134602491e-01
3.27249234748936760e-02 2.35936188608427555e+00 3.11160566392486126e-01
3.27249234748936760e-02 2.34441026485161474e+00 3.36683865309860109e-01
3.27249234748936760e-02 2.32855886360268283e+00 3.61653324507374974e-01
3.27249234748936760e-02 2.31191448923921072e+00 3.86092076159575803e-01
3.27249234748936760e-02 2.29454587535395982e+00 4.10014140481057165e-01
3.27249234748936760e-02 2.27648732425498723e+00 4.33420262614676755e-01
3.27249234748936760e-02 2.25775937213407252e+00 4.56303876213618342e-01
3.27249234748936760e-02 2.23839239750961383e+00 4.78662040524288790e-01
3.27249234748936760e-02 2.21843733468521798e+00 5.00503241484928418e-01
3.27249234748936760e-02 2.19795746560060890e+00 5.21846942974176775e-01
3.27249234748936760e-02 2.17700925056405081e+00 5.42716119860730428e-01
3.27249234748936760e-02 2.15562765043481219e+00 5.63128783816260081e-01
3.27249234748936760e-02 2.13382684779250109e+00 5.83094372563927488e-01
3.27249234748936760e-02 2.11161462074966799e+00 6.02616457386335291e-01
3.27249234748936760e-02 2.08900804318456590e+00 6.21698358618540614e-01
3.27249234748936760e-02 2.06603793561505045e+00 6.40346721691429144e-01
3.27249234748936760e-02 2.04273935452961464e+00 6.58570671888964232e-01
3.27249234748936760e-02 2.01913704555831730e+00 6.76378259199908238e-01
3.27249234748936760e-02 1.99523864407853391e+00 6.93773973739582051e-01
3.27249234748936760e-02 1.97104151751487966e+00 7.10759631741474385e-01
3.27249234748936760e-02 1.94654744922190170e+00 7.27337530614986405e-01
3.27249234748936760e-02 1.92177270461174232e+00 7.43512637536050347e-01
3.27249234748936760e-02 1.89674494304131436e+00 7.59291600994890681e-01
3.27249234748936760e-02 1.87148960024545818e+00 7.74679517135764439e-01
3.27249234748936760e-02 1.84601733598130213e+00 7.89677646606067429e-01
3.27249234748936760e-02 1.82032329725899489e+00 8.04284434201406051e-01
3.27249234748936760e-02 1.79439890103709554e+00 8.18498847003421903e-01
3.27249234748936760e-02 1.76824601348955945e+00 8.32322244164492409e-01
3.27249234748936760e-02 1.74188102650737320e+00 8.45755520058356414e-01
3.27249234748936760e-02 1.71532464881736324e+00 8.58792086659764697e-01
3.27249234748936760e-02 1.68858544363456042e+00 8.71411278852530780e-01
3.27249234748936760e-02 1.66165096091669384e+00 8.83577319395633332e-01
3.27249234748936760e-02 1.63449456403502458e+00 8.95245092002078025e-01
3.27249234748936760e-02 1.60709322584080838e+00 9.06368512115873215e-01
3.27249234748936760e-02 1.57944229793797142e+00 9.16904853293188715e-01
3.27249234748936760e-02 1.55155549876570142e+00 9.26811449151344169e-01
3.27249234748936760e-02 1.52345057889692215e+00 9.36037679002839296e-01
3.27249234748936760e-02 1.49513325688754950e+00 9.44519745475500438e-01
3.27249234748936760e-02 1.46659376508709949e+00 9.52184160818734249e-01
3.27249234748936760e-02 1.43781989400619392e+00 9.58958667030614276e-01
3.27249234748936760e-02 1.40881632763778120e+00 9.64782144753330684e-01
3.27249234748936760e-02 1.37961431416202918e+00 9.69604378839595493e-01
3.27249234748936760e-02 1.35026358245590905e+00 9.73374146842852950e-01
3.27249234748936760e-02 1.32081357350182049e+00 9.76024787385445403e-01
3.27249234748936760e-02 1.29130051869321605e+00 9.77471230069052344e-01
3.27249234748936760e-02 1.26175203731812213e+00 9.77625625203512705e-01
3.27249234748936760e-02 1.23220544459099290e+00 9.76423045129532707e-01
3.27249234748936760e-02 1.20272360128520184e+00 9.73835149011002654e-01
3.27249234748936760e-02 1.17339523016840430e+00 9.69850085246865112e-01
3.27249234748936760e-02 1.14432460703928807e+00 9.64415037706070066e-01
3.27249234748936760e-02 1.11563346041950640e+00 9.57364994758619026e-01
3.27249234748936760e-02 1.08749752562193547e+00 9.48380438255254865e-01
3.27249234748936760e-02 1.06021565676924223e+00 9.37012902383974833e-01
3.27249234748936760e-02 1.03427494182901603e+00 9.22788608784156028e-01
3.27249234748936760e-02 1.01035725372678509e+00 9.05360135283773459e-01
3.27249234748936760e-02 9.89250419258417946e-01 8.84646398906027920e-01
3.27249234748936760e-02 9.71676501297211392e-01 8.60899838128899919e-01
3.27249234748936760e-02 9.58102364851343369e-01 8.34669103209910390e-01
3.27249234748936760e-02 9.48619051897368948e-01 8.06671320682992743e-01
3.27249234748936760e-02 9.42949337814585231e-01 7.77626771971213770e-01
3.27249234748936760e-02 9.40580661268212825e-01 7.48121554199677297e-01
3.27249234748936760e-02 9.40959772076609746e-01 7.18545744040742007e-01
3.27249234748936760e-02 9.43661344818324865e-01 6.89116850288430727e-01
3.27249234748936760e-02 9.48466766093586044e-01 6.59960647941712497e-01
3.27249234748936760e-02 9.55342355503753238e-01 6.31201287813320633e-01
3.27249234748936760e-02 9.64353905203315986e-01 6.03016745856445713e-01
3.27249234748936760e-02 9.75570790189270953e-01 5.75638767706568411e-01
3.27249234748936760e-02 9.88996782212072656e-01 5.49305233816571814e-01
3.27249234748936760e-02 1.00453620776782948e+00 5.24193628330155148e-01
3.27249234748936760e-02 1.02198636120800890e+00 5.00369038171469938e-01
3.27249234748936760e-02 1.04104820830150668e+00 4.77769037391168994e-01
3.27249234748936760e-02 1.06135677287556485e+00 4.56228024665559118e-01
3.27249234748936760e-02 1.08253340862218828e+00 4.35525240658122537e-01
3.27249234748936760e-02 1.10424862143379476e+00 4.15432379831855492e-01
3.27249234748936760e-02 1.12626789526221849e+00 3.95741637135849478e-01
3.27249234748936760e-02 1.14845300535353201e+00 3.76269525727982779e-01
3.27249234748936760e-02 1.17071530386711276e+00 3.56847048080556950e-01
3.27249234748936760e-02 1.19295160390210664e+00 3.37313488319498644e-01
3.27249234748936760e-02 1.21501035837118621e+00 3.17524956861628349e-01
3.27249234748936760e-02 1.23671712071355766e+00 2.97373829001872925e-01
3.27249234748936760e-02 1.25794181807677585e+00 2.76801843668331826e-01
3.27249234748936760e-02 1.27864923439533795e+00 2.55788415331728414e-01
3.27249234748936760e-02 1.29887330277456337e+00 2.34309822453573929e-01
3.27249234748936760e-02 1.31860398584222560e+00 2.12286751594623235e-01
3.27249234748936760e-02 1.33764379510192710e+00 1.89552596320408495e-01
3.27249234748936760e-02 1.35553006379472363e+00 1.65870731333032317e-01
3.27249234748936760e-02 1.37159446923026551e+00 1.41004929626723313e-01
3.27249234748936760e-02 1.38515138580288411e+00 1.14815963163364704e-01
3.27249234748936760e-02 1.39572133330049208e+00 8.73384653747965450e-02
3.27249234748936760e-02 1.40316408754763122e+00 5.87986119969910737e-02
3.27249234748936760e-02 1.40764429703974203e+00 2.95629392948117374e-02
3.27249234748936760e-02 1.40945330122258450e+00 4.44257895530839804e-05
3.27249234748936760e-02 1.40879933126633694e+00 -2.93878773290323740e-02
3.27249234748936760e-02 1.40569552399238296e+00 -5.84568593212782817e-02
3.27249234748936760e-02 1.40000922549216900e+00 -8.69735355711130642e-02
3.27249234748936760e-02 1.39163076243505168e+00 -1.14803399434298653e-01
3.27249234748936760e-02 1.38064508851427670e+00 -1.41838171437303012e-01
3.27249234748936760e-02 1.36739353455958201e+00 -1.67995957565650306e-01
3.27249234748936760e-02 1.35238934774867747e+00 -1.93245642040917043e-01
3.27249234748936760e-02 1.33614558614287948e+00 -2.17629612216253210e-01
3.27249234748936760e-02 1.31902365930215337e+00 -2.41258362480363947e-01
3.27249234748936760e-02 1.30118622384783778e+00 -2.64271081144654196e-01
3.27249234748936760e-02 1.28266234963238301e+00 -2.86782490341737750e-01
3.27249234748936760e-02 1.26346168718560481e+00 -3.08848505405010743e-01
3.27249234748936760e-02 1.24365518430577282e+00 -3.30472451152747648e-01
3.27249234748936760e-02 1.22337934293973305e+00 -3.51647239581686533e-01
3.27249234748936760e-02 1.20278393054900423e+00 -3.72405900205512119e-01
3.27249234748936760e-02 1.18198152812990842e+00 -3.92849389512539560e-01
3.27249234748936760e-02 1.16104645255765448e+00 -4.13138525624031472e-01
3.27249234748936760e-02 1.14006465502310306e+00 -4.33462467874475621e-01
3.27249234748936760e-02 1.11919418412266403e+00 -4.54010366461104486e-01
3.27249234748936760e-02 1.09868976169989874e+00 -4.74965470200562623e-01
3.27249234748936760e-02 1.07887602952790917e+00 -4.96518349592504682e-01
3.27249234748936760e-02 1.06009383373494126e+00 -5.18876019339094441e-01
3.27249234748936760e-02 1.04265948194358815e+00 -5.42242981648730749e-01
3.27249234748936760e-02 1.02685742925623402e+00 -5.66770704609299236e-01
3.27249234748936760e-02 1.01295167009029541e+00 -5.92499483823932471e-01
3.27249234748936760e-02 1.00118272373619632e+00 -6.19330132049778936e-01
3.27249234748936760e-02 9.91733365328459127e-01 -6.47050202472194691e-01
3.27249234748936760e-02 9.84684549824335953e-01 -6.75406344494868138e-01
3.27249234748936760e-02 9.80009413191391232e-01 -7.04181969095214577e-01
3.27249234748936760e-02 9.77640106427832389e-01 -7.33230117047233287e-01
3.27249234748936760e-02 9.77592109384840091e-01 -7.62433862395117123e-01
3.27249234748936760e-02 9.80077657026719118e-01 -7.91609092471618259e-01
3.27249234748936760e-02 9.85525689684192185e-01 -8.20402055276523101e-01
3.27249234748936760e-02 9.94468002442105425e-01 -8.48243796675233086e-01
3.27249234748936760e-02 1.00732816028388772e+00 -8.74398914110153469e-01
3.27249234748936760e-02 1.02421280117227109e+00 -8.98100310308166172e-01
3.27249234748936760e-02 1.04481194303371194e+00 -9.18719733404532501e-01
3.27249234748936760e-02 1.06845923652895092e+00 -9.35907448773132700e-01
3.27249234748936760e-02 1.09431869531572423e+00 -9.49649965403942864e-01
3.27249234748936760e-02 1.12160285832470330e+00 -9.60231769994552287e-01
3.27249234748936760e-02 1.14972352519725618e+00 -9.68125511089277468e-01
3.27249234748936760e-02 1.17832677593421575e+00 -9.73857364239899104e-01
3.27249234748936760e-02 1.20723236851730165e+00 -9.77893634094397890e-01
3.27249234748936760e-02 1.23634076277929017e+00 -9.80576318198379759e-01
3.27249234748936760e-02 1.26556790880952552e+00 -9.82111394251521497e-01
3.27249234748936760e-02 1.29483022115421198e+00 -9.82595257596167948e-01
3.27249234748936760e-02 1.32406161591465943e+00 -9.82057481023230872e-01
3.27249234748936760e-02 1.35322848873510293e+00 -9.80500915025995012e-01
3.27249234748936760e-02 1.38232206238112187e+00 -9.77928394731621298e-01
3.27249234748936760e-02 1.41133368740111087e+00 -9.74354001101426448e-01
3.27249234748936760e-02 1.44023459250556729e+00 -9.69802821513530144e-01
3.27249234748936760e-02 1.46897642781096494e+00 -9.64305528765379449e-01
3.27249234748936760e-02 1.49751022527565181e+00 -9.57893385638085015e-01
3.27249234748936760e-02 1.52580641441377685e+00 -9.50596719808508239e-01
3.27249234748936760e-02 1.55385937112364214e+00 -9.42446944139223253e-01
3.27249234748936760e-02 1.58167443823952292e+00 -9.33480108941918574e-01
3.27249234748936760e-02 1.60925022964033482e+00 -9.23739489723348961e-01
3.27249234748936760e-02 1.63657191651542799e+00 -9.13275690572576626e-01
3.27249234748936760e-02 1.66362059728787526e+00 -9.02144285297102999e-01
3.27249234748936760e-02 1.69038956820601194e+00 -8.90402087830418965e-01
3.27249234748936760e-02 1.71689256339755447e+00 -8.78103258317565860e-01
3.27249234748936760e-02 1.74315621763403406e+00 -8.65295929084571647e-01
3.27249234748936760e-02 1.76920250570097348e+00 -8.52019580232163398e-01
3.27249234748936760e-02 1.79503516300256893e+00 -8.38303404819090159e-01
3.27249234748936760e-02 1.82064040575755093e+00 -8.24166124826529289e-01
3.27249234748936760e-02 1.84600016693342694e+00 -8.09617573550774683e-01
3.27249234748936760e-02 1.87110593227777344e+00 -7.94661625779765735e-01
3.27249234748936760e-02 1.89596146506685681e+00 -7.79299222671543834e-01
3.27249234748936760e-02 1.92057271338075486e+00 -7.63530127469134068e-01
3.27249234748936760e-02 1.94493429726414035e+00 -7.47353003378093961e-01
3.27249234748936760e-02 1.96902479259668506e+00 -7.30764799353230576e-01
3.27249234748936760e-02 1.99281534632720514e+00 -7.13761062336675800e-01
3.27249234748936760e-02 2.01628461923216129e+00 -6.96337937250374184e-01
3.27249234748936760e-02 2.03942745671933379e+00 -6.78494809421075318e-01
3.27249234748936760e-02 2.06224975612048400e+00 -6.60235336151597463e-01
3.27249234748936760e-02 2.08475348146178963e+00 -6.41565301327727155e-01
3.27249234748936760e-02 2.10692406075850203e+00 -6.22488099493093694e-01
3.27249234748936760e-02 2.12873053304387572e+00 -6.03000904321936870e-01
3.27249234748936760e-02 2.15013826623169768e+00 -5.83094639026940031e-01
3.27249234748936760e-02 2.17112351970507023e+00 -5.62758238242489495e-01
3.27249234748936760e-02 2.19167730561366492e+00 -5.41984155392442268e-01
3.27249234748936760e-02 2.21179451967963558e+00 -5.20770530937280651e-01
3.27249234748936760e-02 2.23145633332186355e+00 -4.99117582240838409e-01
3.27249234748936760e-02 2.25061964711028661e+00 -4.77020412726374410e-01
3.27249234748936760e-02 2.26922226115026104e+00 -4.54464040101855760e-01
3.27249234748936760e-02 2.28720033643927012e+00 -4.31425764170909609e-01
3.27249234748936760e-02 2.30450517854443060e+00 -4.07884842572679540e-01
3.27249234748936760e-02 2.32110671232390953e+00 -3.83833320642540998e-01
3.27249234748936760e-02 2.33698072502480736e+00 -3.59279648355336656e-01
3.27249234748936760e-02 2.35208836040828695e+00 -3.34240898168011724e-01
3.27249234748936760e-02 2.36636093595362196e+00 -3.08727714381332174e-01
3.27249234748936760e-02 2.37969826696513520e+00 -2.82732706440603387e-01
3.27249234748936760e-02 2.39197916095087848e+00 -2.56232481785977129e-01
3.27249234748936760e-02 2.40307645954730598e+00 -2.29205247780418120e-01
3.27249234748936760e-02 2.41287017291296957e+00 -2.01654995819638139e-01
3.27249234748936760e-02 2.42125822086714404e+00 -1.73627336884591171e-01
3.27249234748936760e-02 2.42816834668597670e+00 -1.45205831427521248e-01
3.27249234748936760e-02 2.43357238903965456e+00 -1.16489328706363041e-01
3.27249234748936760e-02 2.43749723370582716e+00 -8.75629007452373570e-02
3.27249234748936760e-02 2.44002232657909346e+00 -5.84792882877052250e-02
3.27249234748936760e-02 2.44125739306845935e+00 -2.92613034065005925e-02
4.90873852123405174e-02 2.43094477389116026e+00 1.13491651529056076e-04
4.90873852123405174e-02 2.42958509507093456e+00 2.94473569729355872e-02
4.90873852123405174e-02 2.42709841687573080e+00 5.88416332983382404e-02
4.90873852123405174e-02 2.42344458164545040e+00 8.81877485094364616e-02
4.90873852123405174e-02 2.41855479936948381e+00 1.17365068001349312e-01
4.90873852123405174e-02 2.41236194577880125e+00 1.46267463528369501e-01
4.90873852123405174e-02 2.40482172823606133e+00 1.74815840265636291e-01
4.90873852123405174e-02 2.39591939637535711e+00 2.02953210767354980e-01
4.90873852123405174e-02 2.38566731022560674e+00 2.30631268419418223e-01
4.90873852123405174e-02 2.37410268218007037e+00 2.57801742421746471e-01
4.90873852123405174e-02 2.36128993869487758e+00 2.84419860991299955e-01
4.90873852123405174e-02 2.34732352856858917e+00 3.10456378825415213e-01
4.90873852123405174e-02 2.33232273109324195e+00 3.35907376528691071e-01
4.90873852123405174e-02 2.31641436146115964e+00 3.60792637356136037e-01
4.90873852123405174e-02 2.29970903550499628e+00 3.85142126234416182e-01
4.90873852123405174e-02 2.28228368687087668e+00 4.08978995017269642e-01
4.90873852123405174e-02 2.26418090486148182e+00 4.32309946961409952e-01
4.90873852123405174e-02 2.24542513426428902e+00 4.55128260368897863e-01
4.90873852123405174e-02 2.22604449018134121e+00 4.77425805074111032e-01
4.90873852123405174e-02 2.20608350846695300e+00 4.99204708733645419e-01
4.90873852123405174e-02 2.18559931933474783e+00 5.20480741105149969e-01
4.90873852123405174e-02 2.16464608708555817e+00 5.41277278172418441e-01
4.90873852123405174e-02 2.14326071549544261e+00 5.61615410341172239e-01
4.90873852123405174e-02 2.12146075953152380e+00 5.81507543643184466e-01
4.90873852123405174e-02 2.09925522835385792e+00 6.00958068402778323e-01
4.90873852123405174e-02 2.07665883740517154e+00 6.19968916086020561e-01
4.90873852123405174e-02 2.05369819833388068e+00 6.38544702258504571e-01
4.90873852123405174e-02 2.03040568429349122e+00 6.56693637480888825e-01
4.90873852123405174e-02 2.00680704086063466e+00 6.74424588453346630e-01
4.90873852123405174e-02 1.98291371608189149e+00 6.91743789543460386e-01
4.90873852123405174e-02 1.95872651946848153e+00 7.08654327286714514e-01
4.90873852123405174e-02 1.93424745463308700e+00 7.25158463716094048e-01
4.90873852123405174e-02 1.90948965155314587e+00 7.41260157724012214e-01
4.90873852123405174e-02 1.88447700155984865e+00 7.56965212667106035e-01
4.90873852123405174e-02 1.85923387380490901e+00 7.72279039670914935e-01
4.90873852123405174e-02 1.83377371949337364e+00 7.87204482249423521e-01
4.90873852123405174e-02 1.80809630574118940e+00 8.01742050224862224e-01
4.90873852123405174e-02 1.78219592943570748e+00 8.15892258733504794e-01
4.90873852123405174e-02 1.75607346034640921e+00 8.29657073877934637e-01
4.90873852123405174e-02 1.72974154211906539e+00 8.43037489206330481e-01
4.90873852123405174e-02 1.70321788257697948e+00 8.56027389029663910e-01
4.90873852123405174e-02 1.67651173537913989e+00 8.68607531763451846e-01
4.90873852123405174e-02 1.64961485920364415e+00 8.80744289001569980e-01
4.90873852123405174e-02 1.62250504168940868e+00 8.92394509541201142e-01
4.90873852123405174e-02 1.59516010812452591e+00 9.03512930025685335e-01
4.90873852123405174e-02 1.56757159075114316e+00 9.14056147858665624e-01
4.90873852123405174e-02 1.53974734325223350e+00 9.23979774450832791e-01
4.90873852123405174e-02 1.51170149605805881e+00 9.33231282576482801e-01
4.90873852123405174e-02 1.48344079352934721e+00 9.41745365392156586e-01
4.90873852123405174e-02 1.45495955829327506e+00 9.49447226459125493e-01
4.90873852123405174e-02 1.42624839005618220e+00 9.56262549032620979e-01
4.90873852123405174e-02 1.39731006032955896e+00 9.62126192267433233e-01
4.90873852123405174e-02 1.36816977406798013e+00 9.66981085166957799e-01
4.90873852123405174e-02 1.33887158977276433e+00 9.70766115915960626e-01
4.90873852123405174e-02 1.30946460383848895e+00 9.73402112465892366e-01
4.90873852123405174e-02 1.27999137613725900e+00 9.74789654254317406e-01
4.90873852123405174e-02 1.25048906742904542e+00 9.74825783637374821e-01
4.90873852123405174e-02 1.22100236463930845e+00 9.73431367909525336e-01
4.90873852123405174e-02 1.19159677296616384e+00 9.70567424658059563e-01
4.90873852123405174e-02 1.16236173432110679e+00 9.66218731886353654e-01
4.90873852123405174e-02 1.13340620939199810e+00 9.60340327694449547e-01
4.90873852123405174e-02 1.10486379549015945e+00 9.52788810579603074e-01
4.90873852123405174e-02 1.07692516548302231e+00 9.43279240416953546e-01
4.90873852123405174e-02 1.04989658180732826e+00 9.31405541720420893e-01
4.90873852123405174e-02 1.02425478038445172e+00 9.16735353520417684e-01
4.90873852123405174e-02 1.00065209401689859e+00 8.98951957695682147e-01
4.90873852123405174e-02 9.79838573286790027e-01 8.77987238603271325e-01
4.90873852123405174e-02 9.62508662249164315e-01 8.54087518741482699e-01
4.90873852123405174e-02 9.49126468496060527e-01 8.27781209780247829e-01
4.90873852123405174e-02 9.39806044725637890e-01 7.99760091377108795e-01
4.90873852123405174e-02 9.34304203424119240e-01 7.70722902723613545e-01
4.90873852123405174e-02 9.32131439599927059e-01 7.41242881196050973e-01
4.90873852123405174e-02 9.32730879113036426e-01 7.11705171355208499e-01
4.90873852123405174e-02 9.35647417826559247e-01 6.82325472105402842e-01
4.90873852123405174e-02 9.40622932076384477e-01 6.53225764758509908e-01
4.90873852123405174e-02 9.47596508349719646e-01 6.24522606563159943e-01
4.90873852123405174e-02 9.56633202335377630e-01 5.96385254494313455e-01
4.90873852123405174e-02 9.67826880673083423e-01 5.69040876404587781e-01
4.90873852123405174e-02 9.81216795975148326e-01 5.42731082612143645e-01
4.90873852123405174e-02 9.96736725195606077e-01 5.17645467561613337e-01
4.90873852123405174e-02 1.01419800269449634e+00 4.93865317048342245e-01
4.90873852123405174e-02 1.03330228782604694e+00 4.71342452927984656e-01
4.90873852123405174e-02 1.05368109334126081e+00 4.49919452928930930e-01
4.90873852123405174e-02 1.07495604567723380e+00 4.29377623065214653e-01
4.90873852123405174e-02 1.09680291817678466e+00 4.09487793309604331e-01
4.90873852123405174e-02 1.11899256470928066e+00 3.90041662075328199e-01
4.90873852123405174e-02 1.14138669564376660e+00 3.70856089626883823e-01
4.90873852123405174e-02 1.16389022416005683e+00 3.51760547906557974e-01
4.90873852123405174e-02 1.18639159833569230e+00 3.32587638841749467e-01
4.90873852123405174e-02 1.20873495888586358e+00 3.13181489922094158e-01
4.90873852123405174e-02 1.23074825935676002e+00 2.93421783054542196e-01
4.90873852123405174e-02 1.25230821532914893e+00 2.73243870889249674e-01
4.90873852123405174e-02 1.27338614102397973e+00 2.52631336912810034e-01
4.90873852123405174e-02 1.29401951170038165e+00 2.31572168443059279e-01
4.90873852123405174e-02 1.31419974847886190e+00 2.09995994549885961e-01
4.90873852123405174e-02 1.33373075569925792e+00 1.87730320099461112e-01
4.90873852123405174e-02 1.35214994721182502e+00 1.64512213888351660e-01
4.90873852123405174e-02 1.36878162495674127e+00 1.40065205136514076e-01
4.90873852123405174e-02 1.38291817027987984e+00 1.14212957160939155e-01
4.90873852123405174e-02 1.39404275017393897e+00 8.69750436340776950e-02
4.90873852123405174e-02 1.40197331081583387e+00 5.85940225024844108e-02
4.90873852123405174e-02 1.40684834378062495e+00 2.94771538910792476e-02
4.90873852123405174e-02 1.40896784638602757e+00 8.12203492619659179e-05
4.90873852123405174e-02 1.40858920621063155e+00 -2.92022046928277386e-02
4.90873852123405174e-02 1.40580114191280026e+00 -5.81085683872378939e-02
4.90873852123405174e-02 1.40054413341098138e+00 -8.64916066971724434e-02
4.90873852123405174e-02 1.39274968614371231e+00 -1.14268496097046535e-01
4.90873852123405174e-02 1.38249698255062081e+00 -1.41365880616779488e-01
4.90873852123405174e-02 1.37008118606048512e+00 -1.67703931316186744e-01
4.90873852123405174e-02 1.35595205972270039e+00 -1.93222424352377464e-01
4.90873852123405174e-02 1.34056802741073655e+00 -2.17920504350217120e-01
4.90873852123405174e-02 1.32426064931081511e+00 -2.41872609822444962e-01
4.90873852123405174e-02 1.30718763625655865e+00 -2.65202090562720816e-01
4.90873852123405174e-02 1.28938641403337040e+00 -2.88026404275927073e-01
4.90873852123405174e-02 1.27087449036740385e+00 -3.10409676887358432e-01
4.90873852123405174e-02 1.25172232387968707e+00 -3.32354359862928828e-01
4.90873852123405174e-02 1.23205796692008396e+00 -3.53837233311502686e-01
4.90873852123405174e-02 1.21202010124881898e+00 -3.74865488167186511e-01
4.90873852123405174e-02 1.19171279416955200e+00 -3.95516982523114680e-01
4.90873852123405174e-02 1.17120652297736960e+00 -4.15942368142458219e-01
4.90873852123405174e-02 1.15058722841927819e+00 -4.36334573030355000e-01
4.90873852123405174e-02 1.13001464991198652e+00 -4.56892244616031507e-01
4.90873852123405174e-02 1.10974455639864900e+00 -4.77803075121603582e-01
4.90873852123405174e-02 1.09009951252654558e+00 -4.99252068452291364e-01
4.90873852123405174e-02 1.07141303396392318e+00 -5.21435654647890989e-01
4.90873852123405174e-02 1.05398912678735845e+00 -5.44554491771343629e-01
4.90873852123405174e-02 1.03810026482033391e+00 -5.68773060835554567e-01
4.90873852123405174e-02 1.02400920040875532e+00 -5.94162131655097125e-01
4.90873852123405174e-02 1.01197679494985882e+00 -6.20659761503789209e-01
4.90873852123405174e-02 1.00223077831274576e+00 -6.48081403582889015e-01
4.90873852123405174e-02 9.94910378466138723e-01 -6.76180714378414205e-01
4.90873852123405174e-02 9.90035975707480587e-01 -7.04727957932733351e-01
4.90873852123405174e-02 9.87549515272168055e-01 -7.33556234377090388e-01
4.90873852123405174e-02 9.87426103106424424e-01 -7.62540271435904304e-01
4.90873852123405174e-02 9.89799334480689019e-01 -7.91511514086092660e-01
4.90873852123405174e-02 9.95015549097804763e-01 -8.20153917025045032e-01
4.90873852123405174e-02 1.00356058307676355e+00 -8.47942477873100398e-01
4.90873852123405174e-02 1.01587393042809682e+00 -8.74169850384437286e-01
4.90873852123405174e-02 1.03213550816604305e+00 -8.98064125793551660e-01
4.90873852123405174e-02 1.05213353400309950e+00 -9.18956171914595443e-01
4.90873852123405174e-02 1.07528194880541905e+00 -9.36431284349971471e-01
4.90873852123405174e-02 1.10077663732877906e+00 -9.50408107741192887e-01
4.90873852123405174e-02 1.12780990898791056e+00 -9.61121163909780418e-01
4.90873852123405174e-02 1.15574272967744252e+00 -9.69023295621229019e-01
4.90873852123405174e-02 1.18417099116258684e+00 -9.74651682671316189e-01
4.90873852123405174e-02 1.21288733059239906e+00 -9.78505835241177624e-01
4.90873852123405174e-02 1.24179150622050116e+00 -9.80970645831416022e-01
4.90873852123405174e-02 1.27081250457106498e+00 -9.82293354292687382e-01
4.90873852123405174e-02 1.29987699064466455e+00 -9.82602555923879684e-01
4.90873852123405174e-02 1.32891788001185485e+00 -9.81947605843460081e-01
4.90873852123405174e-02 1.35789270823066710e+00 -9.80338367582496262e-01
4.90873852123405174e-02 1.38678581039395543e+00 -9.77773598540209843e-01
4.90873852123405174e-02 1.41559073407191582e+00 -9.74255474795231446e-01
4.90873852123405174e-02 1.44428879811307986e+00 -9.69793785501338212e-01
4.90873852123405174e-02 1.47284180820299282e+00 -9.64405090958782463e-01
4.90873852123405174e-02 1.50120327269375986e+00 -9.58110857442158514e-01
4.90873852123405174e-02 1.52933677596984952e+00 -9.50936313047928028e-01
4.90873852123405174e-02 1.55722571936758647e+00 -9.42910118606674175e-01
4.90873852123405174e-02 1.58486775413920267e+00 -9.34064459318462270e-01
4.90873852123405174e-02 1.61226083406798937e+00 -9.24435418998870162e-01
4.90873852123405174e-02 1.63939412683435348e+00 -9.14063702927680244e-01
4.90873852123405174e-02 1.66625147403362495e+00 -9.02995438518613747e-01
4.90873852123405174e-02 1.69282339201276022e+00 -8.91282115208453019e-01
4.90873852123405174e-02 1.71911614041239624e+00 -8.78978462843755359e-01
4.90873852123405174e-02 1.74514922125320227e+00 -8.66137822638761712e-01
4.90873852123405174e-02 1.77094282033370365e+00 -8.52806160967898408e-01
4.90873852123405174e-02 1.79650519544449283e+00 -8.39017263134235969e-01
4.90873852123405174e-02 1.82182974692691335e+00 -8.24791593011245494e-01
4.90873852123405174e-02 1.84690308065292941e+00 -8.10139451346549300e-01
4.90873852123405174e-02 1.87171623007534915e+00 -7.95066448780577306e-01
4.90873852123405174e-02 1.89626908015184270e+00 -7.79577808768218583e-01
4.90873852123405174e-02 1.92056446357608235e+00 -7.63678948958749770e-01
4.90873852123405174e-02 1.94459763742251601e+00 -7.47372717951391707e-01
4.90873852123405174e-02 1.96835093606961054e+00 -7.30656466630822510e-01
4.90873852123405174e-02 1.99179891749723548e+00 -7.13522509837538510e-01
4.90873852123405174e-02 2.01492018399746442e+00 -6.95962892346068562e-01
4.90873852123405174e-02 2.03770608597497471e+00 -6.77975558909815312e-01
4.90873852123405174e-02 2.06015881343070406e+00 -6.59567116993145519e-01
4.90873852123405174e-02 2.08228006944011579e+00 -6.40749271997465009e-01
4.90873852123405174e-02 2.10405935783109976e+00 -6.21530683628090830e-01
4.90873852123405174e-02 2.12547134789579717e+00 -6.01909950535213567e-01
4.90873852123405174e-02 2.14648437884464238e+00 -5.81875299022075132e-01
4.90873852123405174e-02 2.16707298170470875e+00 -5.61411873433336872e-01
4.90873852123405174e-02 2.18722385332970948e+00 -5.40511521898212055e-01
4.90873852123405174e-02 2.20692986013351167e+00 -5.19177362986524837e-01
4.90873852123405174e-02 2.22617624999101871e+00 -4.97418755128525070e-01
4.90873852123405174e-02 2.24492960401019825e+00 -4.75239606146286797e-01
4.90873852123405174e-02 2.26313811682791766e+00 -4.52628826572608056e-01
4.90873852123405174e-02 2.28074314618471963e+00 -4.29561228596902878e-01
4.90873852123405174e-02 2.29769343234346834e+00 -4.06009906459541881e-01
4.90873852123405174e-02 2.31395146116590311e+00 -3.81962070683477151e-01
4.90873852123405174e-02 2.32948726127083239e+00 -3.57426439048898037e-01
4.90873852123405174e-02 2.34426366700799260e+00 -3.32425329793653968e-01
4.90873852123405174e-02 2.35822214609957870e+00 -3.06975723933238465e-01
4.90873852123405174e-02 2.37127660244303362e+00 -2.81072881301112298e-01
4.90873852123405174e-02 2.38331661741016543e+00 -2.54690234198677090e-01
4.90873852123405174e-02 2.39421679095893181e+00 -2.27799060482374055e-01
4.90873852123405174e-02 2.40384861557475915e+00 -2.00397335847553065e-01
4.90873852123405174e-02 2.41209430860514118e+00 -1.72529145769585668e-01
4.90873852123405174e-02 2.41886375000652798e+00 -1.44280452311733337e-01
4.90873852123405174e-02 2.42411303208187956e+00 -1.15751703632816033e-01
4.90873852123405174e-02 2.42785775995613795e+00 -8.70231313441948984e-02
4.90873852123405174e-02 2.43017150420825789e+00 -5.81340472668668562e-02
4.90873852123405174e-02 2.43116409443843162e+00 -2.90889757492415676e-02
6.54498469497873520e-02 2.41829821469794570e+00 1.51422637632587641e-04
6.54498469497873520e-02 2.41664900619518619e+00 2.93624782610570033e-02
6.54498469497873520e-02 2.41386874529081030e+00 5.86593775859674746e-02
6.54498469497873520e-02 2.40993637728658605e+00 8.79135525381452010e-02
6.54498469497873520e-02 2.40479757548890483e+00 1.16987952824336827e-01
6.54498469497873520e-02 2.39839258060325733e+00 1.45770609395790701e-01
6.54498469497873520e-02 2.39067819594357633e+00 1.74187814903374621e-01
6.54498469497873520e-02 2.38163728056535806e+00 2.02193863273682162e-01
6.54498469497873520e-02 2.37127868988932455e+00 2.29750033272592524e-01
6.54498469497873520e-02 2.35963545024422583e+00 2.56810656952359273e-01
6.54498469497873520e-02 2.34676608592659619e+00 2.83326218613367153e-01
6.54498469497873520e-02 2.33275689290405674e+00 3.09259359160766301e-01
6.54498469497873520e-02 2.31771836721350599e+00 3.34600027013375434e-01
6.54498469497873520e-02 2.30177140556998738e+00 3.59367324396548338e-01
6.54498469497873520e-02 2.28502668480453464e+00 3.83595942794632050e-01
6.54498469497873520e-02 2.26756736246554835e+00 4.07316232978585768e-01
6.54498469497873520e-02 2.24944493324063144e+00 4.30540828869319048e-01
6.54498469497873520e-02 2.23069019251268630e+00 4.53265220655514001e-01
6.54498469497873520e-02 2.21133139611006468e+00 4.75479576793494008e-01
6.54498469497873520e-02 2.19140729469769724e+00 4.97182057721351600e-01
6.54498469497873520e-02 2.17096715688488384e+00 5.18384448280723165e-01
6.54498469497873520e-02 2.15005979395987668e+00 5.39107742588106342e-01
6.54498469497873520e-02 2.12872141446001173e+00 5.59372634738469765e-01
6.54498469497873520e-02 2.10697206834057793e+00 5.79192406415312000e-01
6.54498469497873520e-02 2.08482293398287988e+00 5.98572428567091697e-01
6.54498469497873520e-02 2.06228796231988198e+00 6.17514828930635251e-01
6.54498469497873520e-02 2.03939034768626870e+00 6.36023479004905190e-01
6.54498469497873520e-02 2.01615908042071146e+00 6.54105472303540325e-01
6.54498469497873520e-02 1.99261923478011527e+00 6.71769038499409055e-01
6.54498469497873520e-02 1.96878466977963607e+00 6.89020784546967358e-01
6.54498469497873520e-02 1.94465945887536540e+00 7.05864976467466154e-01
6.54498469497873520e-02 1.92024679009593857e+00 7.22305006690069251e-01
6.54498469497873520e-02 1.89555773319624077e+00 7.38344972593853899e-01
6.54498469497873520e-02 1.87061245921922215e+00 7.53989503945989181e-01
6.54498469497873520e-02 1.84543298284339219e+00 7.69242180698785694e-01
6.54498469497873520e-02 1.82003373921089651e+00 7.84104671787331231e-01
6.54498469497873520e-02 1.79441813498674341e+00 7.98578106743130345e-01
6.54498469497873520e-02 1.76858403536819364e+00 8.12665572733975328e-01
6.54498469497873520e-02 1.74253332979396469e+00 8.26372558837014659e-01
6.54498469497873520e-02 1.71627694703820000e+00 8.39702994955857651e-01
6.54498469497873520e-02 1.68983032588333559e+00 8.52652060521406741e-01
6.54498469497873520e-02 1.66320249407170762e+00 8.65200281462449317e-01
6.54498469497873520e-02 1.63638772562720169e+00 8.77313386248431137e-01
6.54498469497873520e-02 1.60936716448351569e+00 8.88948379214919204e-01
6.54498469497873520e-02 1.58211988228772937e+00 9.00061269198696223e-01
6.54498469497873520e-02 1.55463506070591784e+00 9.10610159648252537e-01
6.54498469497873520e-02 1.52691592663530717e+00 9.20550929682037777e-01
6.54498469497873520e-02 1.49897282135516119e+00 9.29829095378139958e-01
6.54498469497873520e-02 1.47081187469372443e+00 9.38375386696398639e-01
6.54498469497873520e-02 1.44242956831512026e+00 9.46110261952868736e-01
6.54498469497873520e-02 1.41381865384909489e+00 9.52955133178134628e-01
6.54498469497873520e-02 1.38498133425307413e+00 9.58841323956141967e-01
6.54498469497873520e-02 1.35593936714671481e+00 9.63707907946701914e-01
6.54498469497873520e-02 1.32673324348575417e+00 9.67487821854188579e-01
6.54498469497873520e-02 1.29741187755097731e+00 9.70092415311303524e-01
6.54498469497873520e-02 1.26802238511932952e+00 9.71409005672719483e-01
6.54498469497873520e-02 1.23860933969740161e+00 9.71318702544783696e-01
6.54498469497873520e-02 1.20922440178776336e+00 9.69725992000535886e-01
6.54498469497873520e-02 1.17993813329851016e+00 9.66578132352609920e-01
6.54498469497873520e-02 1.15084513400974897e+00 9.61852606523784126e-01
6.54498469497873520e-02 1.12206332446977441e+00 9.55507968481599801e-01
6.54498469497873520e-02 1.09374015489748722e+00 9.47418920886348492e-01
6.54498469497873520e-02 1.06608027922006299e+00 9.37334414515606840e-01
6.54498469497873520e-02 1.03939460438883335e+00 9.24894583816616489e-01
6.54498469497873520e-02 1.01414681265909312e+00 9.09716851672975446e-01
6.54498469497873520e-02 9.90958046747903443e-01 8.91525892998243585e-01
6.54498469497873520e-02 9.70539170422398123e-01 8.70275853477814332e-01
6.54498469497873520e-02 9.53553803128868949e-01 8.46211479310770565e-01
6.54498469497873520e-02 9.40456820065543542e-01 8.19839527793471801e-01
6.54498469497873520e-02 9.31376346858063919e-01 7.91820592732553452e-01
6.54498469497873520e-02 9.26095205785403386e-01 7.62824854079792614e-01
6.54498469497873520e-02 9.24144154358530590e-01 7.33407535550698153e-01
6.54498469497873520e-02 9.24967742497367684e-01 7.03946843238496434e-01
6.54498469497873520e-02 9.28092857462099463e-01 6.74657070075927123e-01
6.54498469497873520e-02 9.33235578029038892e-01 6.45657453632507261e-01
6.54498469497873520e-02 9.40317295622504545e-01 6.17057247102496320e-01
6.54498469497873520e-02 9.49403531112245180e-01 5.89016239234549932e-01
6.54498469497873520e-02 9.60605595325056738e-01 5.61755837123231960e-01
6.54498469497873520e-02 9.73987140329667267e-01 5.35520408317483043e-01
6.54498469497873520e-02 9.89502140406752217e-01 5.10510937725299319e-01
6.54498469497873520e-02 1.00697272189899589e+00 4.86823955707198441e-01
6.54498469497873520e-02 1.02610431694742865e+00 4.64423948154662480e-01
6.54498469497873520e-02 1.04653105030100857e+00 4.43159698315432893e-01
6.54498469497873520e-02 1.06787948948376199e+00 4.22813029877464330e-01
6.54498469497873520e-02 1.08983110571075836e+00 4.03153551926870191e-01
6.54498469497873520e-02 1.11215884252554598e+00 3.83973365678681677e-01
6.54498469497873520e-02 1.13472050328774277e+00 3.65091093773405428e-01
6.54498469497873520e-02 1.15741352092053473e+00 3.46335618750318874e-01
6.54498469497873520e-02 1.18012086759869406e+00 3.27532856809020223e-01
6.54498469497873520e-02 1.20268727620496541e+00 3.08514423559350492e-01
6.54498469497873520e-02 1.22494644843572975e+00 2.89147254529224906e-01
6.54498469497873520e-02 1.24678111332088104e+00 2.69361607263214842e-01
6.54498469497873520e-02 1.26816476961412428e+00 2.49148044133456203e-01
6.54498469497873520e-02 1.28913423722440412e+00 2.28510036644533315e-01
6.54498469497873520e-02 1.30968301888159488e+00 2.07390005218809625e-01
6.54498469497873520e-02 1.32962431943584436e+00 1.85612647963054100e-01
6.54498469497873520e-02 1.34850899671285895e+00 1.62890340478229811e-01
6.54498469497873520e-02 1.36566712142319613e+00 1.38905841410776637e-01
6.54498469497873520e-02 1.38037538364802348e+00 1.13442494931354651e-01
6.54498469497873520e-02 1.39207520762033532e+00 8.64990108655948192e-02
6.54498469497873520e-02 1.40052889209079301e+00 5.83272667001191666e-02
6.54498469497873520e-02 1.40583142983426068e+00 2.93695303423503473e-02
6.54498469497873520e-02 1.40827810394467079e+00 1.24875579010172097e-04
6.54498469497873520e-02 1.40817128092223554e+00 -2.89885279799299046e-02
6.54498469497873520e-02 1.40568077531111602e+00 -5.77104351899184395e-02
6.54498469497873520e-02 1.40083142469222688e+00 -8.59288502063226128e-02
6.54498469497873520e-02 1.39360699381889463e+00 -1.13608503744934239e-01
6.54498469497873520e-02 1.38408736407570565e+00 -1.40713523690987413e-01
6.54498469497873520e-02 1.37252228282466504e+00 -1.67173989277982521e-01
6.54498469497873520e-02 1.35929504529554279e+00 -1.92909256127508949e-01
6.54498469497873520e-02 1.34480582247670366e+00 -2.17880070248298002e-01
6.54498469497873520e-02 1.32935412082097515e+00 -2.42123888841817986e-01
6.54498469497873520e-02 1.31309196818452700e+00 -2.65743501265990056e-01
6.54498469497873520e-02 1.29606458664231861e+00 -2.88854864448458815e-01
6.54498469497873520e-02 1.27829579647004032e+00 -3.11529941628131524e-01
6.54498469497873520e-02 1.25985303861939579e+00 -3.33773774829669967e-01
6.54498469497873520e-02 1.24085343117409286e+00 -3.55550972510768282e-01
6.54498469497873520e-02 1.22142315200079676e+00 -3.76843338421672835e-01
6.54498469497873520e-02 1.20165748682158724e+00 -3.97701141453940754e-01
6.54498469497873520e-02 1.18162311024041444e+00 -4.18257899937366284e-01
6.54498469497873520e-02 1.16140545328224754e+00 -4.38705534520987428e-01
6.54498469497873520e-02 1.14116505438147042e+00 -4.59252930735393805e-01
6.54498469497873520e-02 1.12115860335975159e+00 -4.80097749437353727e-01
6.54498469497873520e-02 1.10170826103232788e+00 -5.01425225396344709e-01
6.54498469497873520e-02 1.08314315426736485e+00 -5.23422226302881044e-01
6.54498469497873520e-02 1.06575671026296437e+00 -5.46280121846308919e-01
6.54498469497873520e-02 1.04980686967098347e+00 -5.70167751322987804e-01
6.54498469497873520e-02 1.03554720165513281e+00 -5.95180631656001657e-01
6.54498469497873520e-02 1.02324824537013082e+00 -6.21295901799510442e-01
6.54498469497873520e-02 1.01317521180745707e+00 -6.48365904300334028e-01
6.54498469497873520e-02 1.00552732592365923e+00 -6.76161952979613345e-01
6.54498469497873520e-02 1.00038513411331387e+00 -7.04446588786075911e-01
6.54498469497873520e-02 9.97720151686835921e-01 -7.33029760138037223e-01
6.54498469497873520e-02 9.97484425415247067e-01 -7.61768669585340619e-01
6.54498469497873520e-02 9.99738266025896216e-01 -7.90502318047844210e-01
6.54498469497873520e-02 1.00473471064987918e+00 -8.18952414273345086e-01
6.54498469497873520e-02 1.01289112584669794e+00 -8.46647968336245449e-01
6.54498469497873520e-02 1.02463945980158022e+00 -8.72925465373929010e-01
6.54498469497873520e-02 1.04022022272648917e+00 -8.97021860454424336e-01
6.54498469497873520e-02 1.05952421020001863e+00 -9.18232215338118052e-01
6.54498469497873520e-02 1.08206456218256197e+00 -9.36071716717334468e-01
6.54498469497873520e-02 1.10709279690640239e+00 -9.50379168060911494e-01
6.54498469497873520e-02 1.13379835725221567e+00 -9.61325676358007364e-01
6.54498469497873520e-02 1.16149558872735215e+00 -9.69333118260475080e-01
6.54498469497873520e-02 1.18972205645260631e+00 -9.74941415331135541e-01
6.54498469497873520e-02 1.21822963608195267e+00 -9.78676642840936251e-01
6.54498469497873520e-02 1.24690643205593332e+00 -9.80960998747446911e-01
6.54498469497873520e-02 1.27569094904814140e+00 -9.82080039545457528e-01
6.54498469497873520e-02 1.30452330922586812e+00 -9.82196984946215101e-01
6.54498469497873520e-02 1.33334078295929293e+00 -9.81389931931007764e-01
6.54498469497873520e-02 1.36209477622768049e+00 -9.79688837988074712e-01
6.54498469497873520e-02 1.39076100416708437e+00 -9.77100189816532683e-01
6.54498469497873520e-02 1.41933079151275310e+00 -9.73619542444436270e-01
6.54498469497873520e-02 1.44779199292814265e+00 -9.69238545562865039e-01
6.54498469497873520e-02 1.47611646453959056e+00 -9.63951970113998136e-01
6.54498469497873520e-02 1.50426347253480719e+00 -9.57765058633026301e-01
6.54498469497873520e-02 1.53219409321033795e+00 -9.50697567869330129e-01
6.54498469497873520e-02 1.55988342930743284e+00 -9.42781417549150458e-01
6.54498469497873520e-02 1.58732123322347407e+00 -9.34053110020712007e-01
6.54498469497873520e-02 1.61450255887684690e+00 -9.24546225437473890e-01
6.54498469497873520e-02 1.64141828264073553e+00 -9.14289624885894492e-01
6.54498469497873520e-02 1.66805419173531400e+00 -9.03312835870612840e-01
6.54498469497873520e-02 1.69439879456918652e+00 -8.91654387460124598e-01
6.54498469497873520e-02 1.72045203009074954e+00 -8.79365981348143921e-01
6.54498469497873520e-02 1.74622643282314538e+00 -8.66507799374832466e-01
6.54498469497873520e-02 1.77173908719123774e+00 -8.53136496202867134e-01
6.54498469497873520e-02 1.79700064780041946e+00 -8.39293007224285903e-01
6.54498469497873520e-02 1.82200997236776407e+00 -8.24997949321494395e-01
6.54498469497873520e-02 1.84675785664337799e+00 -8.10257350102690621e-01
6.54498469497873520e-02 1.87123561181805220e+00 -7.95074234623778020e-01
6.54498469497873520e-02 1.89544048548488409e+00 -7.79457559664088917e-01
6.54498469497873520e-02 1.91937321324288734e+00 -7.63422257957542150e-01
6.54498469497873520e-02 1.94303022979343698e+00 -7.46981173564608358e-01
6.54498469497873520e-02 1.96639792042334838e+00 -7.30136151256189470e-01
6.54498469497873520e-02 1.98945460513912131e+00 -7.12876411368084995e-01
6.54498469497873520e-02 2.01217922580397435e+00 -6.95186697086577987e-01
6.54498469497873520e-02 2.03455973738754770e+00 -6.77059712627439358e-01
6.54498469497873520e-02 2.05659410783153440e+00 -6.58503325964149067e-01
6.54498469497873520e-02 2.07828275786004157e+00 -6.39536374187995138e-01
6.54498469497873520e-02 2.09961831171881741e+00 -6.20175484577670133e-01
6.54498469497873520e-02 2.12058083009956233e+00 -6.00422620764075265e-01
6.54498469497873520e-02 2.14114231671727806e+00 -5.80263174343172206e-01
6.54498469497873520e-02 2.16127677595053092e+00 -5.59676745808870502e-01
6.54498469497873520e-02 2.18096754192742814e+00 -5.38652830339228950e-01
6.54498469497873520e-02 2.20020566353599367e+00 -5.17199154700757613e-01
6.54498469497873520e-02 2.21898013242721381e+00 -4.95335343303094144e-01
6.54498469497873520e-02 2.23726710161283693e+00 -4.73075722806384824e-01
6.54498469497873520e-02 2.25502601216292042e+00 -4.50414078337672941e-01
6.54498469497873520e-02 2.27220528471238081e+00 -4.27322778681248183e-01
6.54498469497873520e-02 2.28875315950635860e+00 -4.03768456856378022e-01
6.54498469497873520e-02 2.30462573561702833e+00 -3.79733603669545727e-01
6.54498469497873520e-02 2.31978655660037170e+00 -3.55227833860087161e-01
6.54498469497873520e-02 2.33419796223148257e+00 -3.30279193460727261e-01
6.54498469497873520e-02 2.34780929803481486e+00 -3.04910612627091127e-01
6.54498469497873520e-02 2.36054788110410607e+00 -2.79118810997918410e-01
6.54498469497873520e-02 2.37231597335997835e+00 -2.52873068561465575e-01
6.54498469497873520e-02 2.38299403569361390e+00 -2.26138151469126636e-01
6.54498469497873520e-02 2.39244966032367579e+00 -1.98908050245330148e-01
6.54498469497873520e-02 2.40055230553656473e+00 -1.71227739631290260e-01
6.54498469497873520e-02 2.40719362402087578e+00 -1.43186413087866754e-01
6.54498469497873520e-02 2.41230999129043910e+00 -1.14884126174326848e-01
6.54498469497873520e-02 2.41589931180336759e+00 -8.63920807201541824e-02
6.54498469497873520e-02 2.41802247363519340e+00 -5.77320882871408814e-02
6.54498469497873520e-02 2.41878426797118173e+00 -2.88889799665655832e-02
8.18123086872341865e-02 2.40356491059784094e+00 1.85307250222206324e-04
8.18123086872341865e-02 2.40162643856313940e+00 2.92121723952621301e-02
8.18123086872341865e-02 2.39854866173362469e+00 5.83515909396558966e-02
8.18123086872341865e-02 2.39433086739470768e+00 8.74588868039423845e-02
8.18123086872341865e-02 2.38893304226525949e+00 1.16381350060547076e-01
8.18123086872341865e-02 2.38230212433501043e+00 1.44998808976092658e-01
8.18123086872341865e-02 2.37439624094368096e+00 1.73239115119699916e-01
8.18123086872341865e-02 2.36519794500598612e+00 2.01064915150892837e-01
8.18123086872341865e-02 2.35471638199750322e+00 2.28446815225392508e-01
8.18123086872341865e-02 2.34298467877516936e+00 2.55344372929046215e-01
8.18123086872341865e-02 2.33005860257362496e+00 2.81707405772537833e-01
8.18123086872341865e-02 2.31601712892387157e+00 3.07493762438427576e-01
8.18123086872341865e-02 2.30096038276511639e+00 3.32688116634780928e-01
8.18123086872341865e-02 2.28500029698520368e+00 3.57307044616796521e-01
8.18123086872341865e-02 2.26824457345520969e+00 3.81386736280621474e-01
8.18123086872341865e-02 2.25078074008264872e+00 4.04962173254340752e-01
8.18123086872341865e-02 2.23266883696872220e+00 4.28051542532663809e-01
8.18123086872341865e-02 2.21394657010311890e+00 4.50654496712016739e-01
8.18123086872341865e-02 2.19464286025844002e+00 4.72762534017262370e-01
8.18123086872341865e-02 2.17479050785470074e+00 4.94372185490040583e-01
8.18123086872341865e-02 2.15443012926807187e+00 5.15491726979058318e-01
8.18123086872341865e-02 2.13360442732915256e+00 5.36138487652955575e-01
8.18123086872341865e-02 2.11234889902266376e+00 5.56330887405011243e-01
8.18123086872341865e-02 2.09068697564442196e+00 5.76081937145818457e-01
8.18123086872341865e-02 2.06863323229481066e+00 5.95398120768722339e-01
8.18123086872341865e-02 2.04620149914985161e+00 6.14282612483349033e-01
8.18123086872341865e-02 2.02341098434566202e+00 6.32738927568143317e-01
8.18123086872341865e-02 2.00028566275845865e+00 6.50772097143407446e-01
8.18123086872341865e-02 1.97684811133177174e+00 6.68387559310492652e-01
8.18123086872341865e-02 1.95311360100161191e+00 6.85589995118179529e-01
8.18123086872341865e-02 1.92908977867221187e+00 7.02383666602428680e-01
8.18123086872341865e-02 1.90478226172489218e+00 7.18773584771145169e-01
8.18123086872341865e-02 1.88020129154001525e+00 7.34765600229911886e-01
8.18123086872341865e-02 1.85536368059000889e+00 7.50364639763012931e-01
8.18123086872341865e-02 1.83028838566870111e+00 7.65572654228320104e-01
8.18123086872341865e-02 1.80498959757627864e+00 7.80388838194038037e-01
8.18123086872341865e-02 1.77947343592855400e+00 7.94812904870093373e-01
8.18123086872341865e-02 1.75374120910345099e+00 8.08848938028686293e-01
8.18123086872341865e-02 1.72779635829370393e+00 8.22505654306639133e-01
8.18123086872341865e-02 1.70164868855293849e+00 8.35790866614498640e-01
8.18123086872341865e-02 1.67531148019776976e+00 8.48702481761327454e-01
8.18123086872341865e-02 1.64879309885991376e+00 8.61221822146049143e-01
8.18123086872341865e-02 1.62208975990027882e+00 8.73314147015602282e-01
8.18123086872341865e-02 1.59518575576945043e+00 8.84936086342048678e-01
8.18123086872341865e-02 1.56806173659511794e+00 8.96044167489780774e-01
8.18123086872341865e-02 1.54070513222274474e+00 9.06597411097395667e-01
8.18123086872341865e-02 1.51311495979572896e+00 9.16551621366016978e-01
8.18123086872341865e-02 1.48529779025914288e+00 9.25850143682280691e-01
8.18123086872341865e-02 1.45725895377560954e+00 9.34419595439704875e-01
8.18123086872341865e-02 1.42899710054826357e+00 9.42175706950602487e-01
8.18123086872341865e-02 1.40050753893211932e+00 9.49035926239065186e-01
8.18123086872341865e-02 1.37179248538974341e+00 9.54928542115260348e-01
8.18123086872341865e-02 1.34287056663377635e+00 9.59789098262296303e-01
8.18123086872341865e-02 1.31377856274114424e+00 9.63544351112442410e-01
8.18123086872341865e-02 1.28456499402006741e+00 9.66095393299454819e-01
8.18123086872341865e-02 1.25528207419219973e+00 9.67315489298650966e-01
8.18123086872341865e-02 1.22598372918789655e+00 9.67069760346990770e-01
8.18123086872341865e-02 1.19673177746241710e+00 9.65247309860688851e-01
8.18123086872341865e-02 1.16760522149580281e+00 9.61783124020701097e-01
8.18123086872341865e-02 1.13870606445720912e+00 9.56648104664687637e-01
8.18123086872341865e-02 1.11016157916630509e+00 9.49803162165547721e-01
8.18123086872341865e-02 1.08213205543928837e+00 9.41138131829420632e-01
8.18123086872341865e-02 1.05483499759132449e+00 9.30432680245027677e-01
8.18123086872341865e-02 1.02858579594005661e+00 9.17372262782343073e-01
8.18123086872341865e-02 1.00383573699119988e+00 9.01627404867714199e-01
8.18123086872341865e-02 9.81174653675079833e-01 8.82971695045227434e-01
8.18123086872341865e-02 9.61271198414420547e-01 8.61390984105411817e-01
8.18123086872341865e-02 9.44751117059660195e-01 8.37136260311138303e-01
8.18123086872341865e-02 9.32050016327358510e-01 8.10695827250487722e-01
8.18123086872341865e-02 9.23300183597741020e-01 7.82696811669981507e-01
8.18123086872341865e-02 9.18304454919555035e-01 7.53774713640185223e-01
8.18123086872341865e-02 9.16614293141952863e-01 7.24459921202852408e-01
8.18123086872341865e-02 9.17682449386917343e-01 6.95119066419231268e-01
8.18123086872341865e-02 9.21028180605413249e-01 6.65963800640910875e-01
8.18123086872341865e-02 9.26351705865290809e-01 6.37111993302089563e-01
8.18123086872341865e-02 9.33562727881759646e-01 6.08667596544338663e-01
8.18123086872341865e-02 9.42727770699091527e-01 5.80781686789865192e-01
8.18123086872341865e-02 9.53971409846074758e-01 5.53668624231761997e-01
8.18123086872341865e-02 9.67375139675795470e-01 5.27572643548721243e-01
8.18123086872341865e-02 9.82906924223773459e-01 5.02702736912066794e-01
8.18123086872341865e-02 1.00039585523415564e+00 4.79167820833507785e-01
8.18123086872341865e-02 1.01955044276629314e+00 4.56943170101341278e-01
8.18123086872341865e-02 1.04000930785138324e+00 4.35882794524523776e-01
8.18123086872341865e-02 1.06140697805150541e+00 4.15768639435535992e-01
8.18123086872341865e-02 1.08343310660987724e+00 3.96369052115033205e-01
8.18123086872341865e-02 1.10586350725634031e+00 3.77476814170936870e-01
8.18123086872341865e-02 1.12855101722782569e+00 3.58912977522771515e-01
8.18123086872341865e-02 1.15138365347304950e+00 3.40506938024352612e-01
8.18123086872341865e-02 1.17423763562939287e+00 3.22079420453550092e-01
8.18123086872341865e-02 1.19695886590864742e+00 3.03451288404044006e-01
8.18123086872341865e-02 1.21938930758566211e+00 2.84478584453478178e-01
8.18123086872341865e-02 1.24142105169335215e+00 2.65088238734477954e-01
8.18123086872341865e-02 1.26303246556524673e+00 2.45279347833472439e-01
8.18123086872341865e-02 1.28426100866436865e+00 2.25072217629542215e-01
8.18123086872341865e-02 1.30510292226702096e+00 2.04423375127250478e-01
8.18123086872341865e-02 1.32538253631620018e+00 1.83156199722925322e-01
8.18123086872341865e-02 1.34466858227273378e+00 1.60959998215325917e-01
8.18123086872341865e-02 1.36230352024281576e+00 1.37477985115950052e-01
8.18123086872341865e-02 1.37755451878536350e+00 1.12453042487482266e-01
8.18123086872341865e-02 1.38982336598997658e+00 8.58606139440695193e-02
8.18123086872341865e-02 1.39881244410161898e+00 5.79571896475421441e-02
8.18123086872341865e-02 1.40456340447090744e+00 2.92143109857593147e-02
8.18123086872341865e-02 1.40735533880120789e+00 1.68867487313908716e-04
8.18123086872341865e-02 1.40752756625145281e+00 -2.87354389832246912e-02
8.18123086872341865e-02 1.40532980923512540e+00 -5.72396769914558998e-02
8.18123086872341865e-02 1.40087671745180531e+00 -8.52605977396487386e-02
8.18123086872341865e-02 1.39421293664913803e+00 -1.12805494768537462e-01
8.18123086872341865e-02 1.38542634264587949e+00 -1.39874357686556344e-01
8.18123086872341865e-02 1.37472439716527650e+00 -1.66409763548364259e-01
8.18123086872341865e-02 1.36242302086962908e+00 -1.92315703757924117e-01
8.18123086872341865e-02 1.34886149052785709e+00 -2.17518828172091921e-01
8.18123086872341865e-02 1.33430524445812737e+00 -2.42020622706894256e-01
8.18123086872341865e-02 1.31889989503513938e+00 -2.65900916440756974e-01
8.18123086872341865e-02 1.30269782862404426e+00 -2.89270716228000990e-01
8.18123086872341865e-02 1.28572707288200339e+00 -3.12208419222638922e-01
8.18123086872341865e-02 1.26804821450883520e+00 -3.34723788591775318e-01
8.18123086872341865e-02 1.24976341627588772e+00 -3.56773579322234136e-01
8.18123086872341865e-02 1.23098432730618335e+00 -3.78317400597500908e-01
8.18123086872341865e-02 1.21179837657940914e+00 -3.99377144033269238e-01
8.18123086872341865e-02 1.19227109463147785e+00 -4.20064263211939848e-01
8.18123086872341865e-02 1.17248929289418080e+00 -4.40563457446804585e-01
8.18123086872341865e-02 1.15261373453615645e+00 -4.61090284674202322e-01
8.18123086872341865e-02 1.13289967219589571e+00 -4.81853554191184141e-01
8.18123086872341865e-02 1.11366735845339626e+00 -5.03043213415857227e-01
8.18123086872341865e-02 1.09524315319492493e+00 -5.24840248764171013e-01
8.18123086872341865e-02 1.07791410219415518e+00 -5.47425856853383186e-01
8.18123086872341865e-02 1.06192659403351564e+00 -5.70967355385759157e-01
8.18123086872341865e-02 1.04752218724015989e+00 -5.95577759006042706e-01
8.18123086872341865e-02 1.03497093946363572e+00 -6.21270045517632985e-01
8.18123086872341865e-02 1.02456201329026819e+00 -6.47937467389687494e-01
8.18123086872341865e-02 1.01654587141269426e+00 -6.75378724542339159e-01
8.18123086872341865e-02 1.01106673767917354e+00 -7.03358283442747867e-01
8.18123086872341865e-02 1.00814290193643097e+00 -7.31666209923132582e-01
8.18123086872341865e-02 1.00772733885411903e+00 -7.60136718488103158e-01
8.18123086872341865e-02 1.00982558683118073e+00 -7.88605856379303582e-01
8.18123086872341865e-02 1.01459970021734125e+00 -8.16825338766011710e-01
8.18123086872341865e-02 1.02238218425095750e+00 -8.44380260031017515e-01
8.18123086872341865e-02 1.03357013326057445e+00 -8.70664412261239584e-01
8.18123086872341865e-02 1.04844050080661400e+00 -8.94943152882770487e-01
8.18123086872341865e-02 1.06697812168456796e+00 -9.16491910502166163e-01
8.18123086872341865e-02 1.08880626777927692e+00 -9.34760408791549979e-01
8.18123086872341865e-02 1.11325594738956068e+00 -9.49498340977223521e-01
8.18123086872341865e-02 1.13953784813398551e+00 -9.60794538412890531e-01
8.18123086872341865e-02 1.16693278783529975e+00 -9.69019535072924709e-01
8.18123086872341865e-02 1.19491822498018907e+00 -9.74701221474647883e-01
8.18123086872341865e-02 1.22319323273872449e+00 -9.78385822758380375e-01
8.18123086872341865e-02 1.25162099980467878e+00 -9.80532951884902304e-01
8.18123086872341865e-02 1.28014248760120952e+00 -9.81469259226647961e-01
8.18123086872341865e-02 1.30871216316675554e+00 -9.81395317670674783e-01
8.18123086872341865e-02 1.33727675458550288e+00 -9.80420568972872997e-01
8.18123086872341865e-02 1.36578529786416891e+00 -9.78599163630515911e-01
8.18123086872341865e-02 1.39420410097219638e+00 -9.75951968229359701e-01
8.18123086872341865e-02 1.42251789937156636e+00 -9.72476002024241226e-01
8.18123086872341865e-02 1.45071685135239070e+00 -9.68151364879465182e-01
8.18123086872341865e-02 1.47878204233998645e+00 -9.62953395817991442e-01
8.18123086872341865e-02 1.50668150668943812e+00 -9.56868748965064797e-01
8.18123086872341865e-02 1.53437821314626954e+00 -9.49906868015706451e-01
8.18123086872341865e-02 1.56184156773722438e+00 -9.42099122778665032e-01
8.18123086872341865e-02 1.58905271862495145e+00 -9.33485984062645158e-01
8.18123086872341865e-02 1.61600088749827586e+00 -9.24101462387916794e-01
8.18123086872341865e-02 1.64267604863345684e+00 -9.13966358200151152e-01
8.18123086872341865e-02 1.66906556693125818e+00 -9.03095412215648041e-01
8.18123086872341865e-02 1.69515771826378225e+00 -8.91512796568354027e-01
8.18123086872341865e-02 1.72094821102020989e+00 -8.79263588219970416e-01
8.18123086872341865e-02 1.74644304983785559e+00 -8.66411283688063083e-01
8.18123086872341865e-02 1.77165444836040065e+00 -8.53021532356767254e-01
8.18123086872341865e-02 1.79659266559225039e+00 -8.39142634293454148e-01
8.18123086872341865e-02 1.82126008297888298e+00 -8.24796106163826370e-01
8.18123086872341865e-02 1.84565170796848999e+00 -8.09983487055562890e-01
8.18123086872341865e-02 1.86976068033783172e+00 -7.94703727406355420e-01
8.18123086872341865e-02 1.89358325246956349e+00 -7.78967860444765292e-01
8.18123086872341865e-02 1.91711859014310781e+00 -7.62800057108974805e-01
8.18123086872341865e-02 1.94036366070962685e+00 -7.46224887767574008e-01
8.18123086872341865e-02 1.96330805264617858e+00 -7.29251503017591229e-01
8.18123086872341865e-02 1.98593381607895370e+00 -7.11868061297919463e-01
8.18123086872341865e-02 2.00822113287274240e+00 -6.94051873193933910e-01
8.18123086872341865e-02 2.03015550991366256e+00 -6.75788308677017890e-01
8.18123086872341865e-02 2.05173063126795929e+00 -6.57084161795078003e-01
8.18123086872341865e-02 2.07294437658612729e+00 -6.37964844861053759e-01
8.18123086872341865e-02 2.09379104146179351e+00 -6.18456995183404468e-01
8.18123086872341865e-02 2.11425590713837463e+00 -5.98569541679201511e-01
8.18123086872341865e-02 2.13431643052368614e+00 -5.78287957784529350e-01
8.18123086872341865e-02 2.15394898350394559e+00 -5.57586611803526089e-01
8.18123086872341865e-02 2.17313558296238263e+00 -5.36450056244119455e-01
8.18123086872341865e-02 2.19186499381754452e+00 -5.14886648332651520e-01
8.18123086872341865e-02 2.21012693644774982e+00 -4.92923209131026219e-01
8.18123086872341865e-02 2.22790339708953899e+00 -4.70583914023358307e-01
8.18123086872341865e-02 2.24516314966876873e+00 -4.47869315098067156e-01
8.18123086872341865e-02 2.26186309881569558e+00 -4.24752248466450100e-01
8.18123086872341865e-02 2.27795507739629643e+00 -4.01195076740297030e-01
8.18123086872341865e-02 2.29339307588861141e+00 -3.77176173765833345e-01
8.18123086872341865e-02 2.30813595971376184e+00 -3.52705480291873874e-01
8.18123086872341865e-02 2.32214392291403771e+00 -3.27816178152443960e-01
8.18123086872341865e-02 2.33537051835657028e+00 -3.02537414891040080e-01
8.18123086872341865e-02 2.34775377439750255e+00 -2.76868417879489292e-01
8.18123086872341865e-02 2.35920948730837887e+00 -2.50775224705766575e-01
8.18123086872341865e-02 2.36962883197619911e+00 -2.24215914342112937e-01
8.18123086872341865e-02 2.37888225058540126e+00 -1.97179110434071270e-01
8.18123086872341865e-02 2.38683162768567891e+00 -1.69709039928655159e-01
8.18123086872341865e-02 2.39335119032638710e+00 -1.41897679586441477e-01
8.18123086872341865e-02 2.39835341292326421e+00 -1.13846347491347366e-01
8.18123086872341865e-02 2.40181117258871346e+00 -8.56205916004600665e-02
8.18123086872341865e-02 2.40376534153714827e+00 -5.72281784338653510e-02
8.18123086872341865e-02 2.40431100969437717e+00 -2.86357507937756960e-02
9.81747704246810349e-02 2.38699689257812553e+00 2.08513573511658019e-04
9.81747704246810349e-02 2.38478016027936768e+00 2.90048498524899875e-02
9.81747704246810349e-02 2.38140833055649948e+00 5.79371891402995776e-02
9.81747704246810349e-02 2.37690385985045438e+00 8.68483840790944400e-02
9.81747704246810349e-02 2.37124369080332631e+00 1.15572665292746249e-01
9.81747704246810349e-02 2.36438311509434751e+00 1.43982235497876393e-01
9.81747704246810349e-02 2.35628230537335881e+00 1.72005118584499850e-01
9.81747704246810349e-02 2.34692388929780416e+00 1.99610023899916278e-01
9.81747704246810349e-02 2.33631798921221900e+00 2.26775185369304078e-01
9.81747704246810349e-02 2.32449911930256992e+00 2.53465400181416889e-01
9.81747704246810349e-02 2.31152196679842703e+00 2.79631680337213750e-01
9.81747704246810349e-02 2.29745966705488991e+00 3.05229848215339772e-01
9.81747704246810349e-02 2.28240260910292392e+00 3.30241477473586509e-01
9.81747704246810349e-02 2.26645319146224278e+00 3.54681016888979350e-01
9.81747704246810349e-02 2.24971450429058972e+00 3.78584618053909694e-01
9.81747704246810349e-02 2.23227634606521752e+00 4.01989414821593560e-01
9.81747704246810349e-02 2.21420552630795031e+00 4.24917302552703158e-01
9.81747704246810349e-02 2.19554579554006990e+00 4.47372099602623308e-01
9.81747704246810349e-02 2.17632689024609638e+00 4.69348596581235122e-01
9.81747704246810349e-02 2.15657644431611883e+00 4.90844560263820451e-01
9.81747704246810349e-02 2.13632722469845682e+00 5.11866962722173913e-01
9.81747704246810349e-02 2.11561617391576196e+00 5.32429912161580532e-01
9.81747704246810349e-02 2.09447788473559893e+00 5.52548240119745349e-01
9.81747704246810349e-02 2.07293871501328919e+00 5.72232628474419802e-01
9.81747704246810349e-02 2.05101630612345698e+00 5.91489151202504559e-01
9.81747704246810349e-02 2.02872435617942726e+00 6.10321714647331648e-01
9.81747704246810349e-02 2.00607826807126877e+00 6.28734041389374276e-01
9.81747704246810349e-02 1.98309704778143181e+00 6.46729540621020837e-01
9.81747704246810349e-02 1.95980043397187376e+00 6.64310306230865844e-01
9.81747704246810349e-02 1.93620441962719281e+00 6.81477488552735933e-01
9.81747704246810349e-02 1.91231951858043958e+00 6.98233509975550448e-01
9.81747704246810349e-02 1.88815346257797367e+00 7.14584050971378004e-01
9.81747704246810349e-02 1.86371594108961203e+00 7.30537254927080992e-01
9.81747704246810349e-02 1.83902111470926855e+00 7.46100005128872756e-01
9.81747704246810349e-02 1.81408558040494916e+00 7.61274284606569429e-01
9.81747704246810349e-02 1.78892352231778529e+00 7.76057346453147168e-01
9.81747704246810349e-02 1.76354335951123753e+00 7.90446487312106316e-01
9.81747704246810349e-02 1.73794895953825379e+00 8.04444813490767241e-01
9.81747704246810349e-02 1.71214439672085028e+00 8.18062446069250826e-01
9.81747704246810349e-02 1.68613782519728606e+00 8.31310359415788569e-01
9.81747704246810349e-02 1.65994039798790061e+00 8.44189765984345808e-01
9.81747704246810349e-02 1.63356023148825047e+00 8.56684049253064295e-01
9.81747704246810349e-02 1.60699588478734512e+00 8.68758974930794903e-01
9.81747704246810349e-02 1.58023484537305348e+00 8.80370776457925497e-01
9.81747704246810349e-02 1.55325897113671929e+00 8.91475441827904169e-01
9.81747704246810349e-02 1.52605343575727592e+00 9.02031418598404078e-01
9.81747704246810349e-02 1.49861286819210182e+00 9.11993370169956519e-01
9.81747704246810349e-02 1.47094053924267043e+00 9.21302458021042381e-01
9.81747704246810349e-02 1.44304201957781464e+00 9.29882311306245546e-01
9.81747704246810349e-02 1.41491923338180170e+00 9.37645708893308116e-01
9.81747704246810349e-02 1.38657056391363742e+00 9.44507735965716466e-01
9.81747704246810349e-02 1.35799781761389848e+00 9.50394265985014974e-01
9.81747704246810349e-02 1.32921540023469986e+00 9.55236528971886822e-01
9.81747704246810349e-02 1.30025548596182250e+00 9.58953113961861447e-01
9.81747704246810349e-02 1.27116648427700674e+00 9.61432482345223716e-01
9.81747704246810349e-02 1.24200763211553000e+00 9.62532214273030706e-01
9.81747704246810349e-02 1.21284532266775136e+00 9.62101465048376681e-01
9.81747704246810349e-02 1.18375463450224561e+00 9.60015795242798453e-01
9.81747704246810349e-02 1.15482484953886244e+00 9.56200784930906544e-01
9.81747704246810349e-02 1.12616546688120134e+00 9.50623227003667082e-01
9.81747704246810349e-02 1.09791210506749826e+00 9.43247191977210298e-01
9.81747704246810349e-02 1.07023714998650976e+00 9.33976472132797442e-01
9.81747704246810349e-02 1.04337155148387639e+00 9.22619287791810461e-01
9.81747704246810349e-02 1.01763696275184712e+00 9.08905128126179740e-01
9.81747704246810349e-02 9.93473662097487442e-01 8.92558893308134649e-01
9.81747704246810349e-02 9.71438982787661054e-01 8.73407355561381493e-01
9.81747704246810349e-02 9.52154204404626614e-01 8.51474103973517860e-01
9.81747704246810349e-02 9.36198582872699081e-01 8.27021785954438871e-01
9.81747704246810349e-02 9.23978887781000457e-01 8.00522750524996218e-01
9.81747704246810349e-02 9.15624427874278113e-01 7.72569231424537262e-01
9.81747704246810349e-02 9.10955920760807447e-01 7.43757493884857790e-01
9.81747704246810349e-02 9.09548920417007190e-01 7.14587530460458975e-01
9.81747704246810349e-02 9.10871579749059523e-01 6.85410137651868756e-01
9.81747704246810349e-02 9.14443612417123797e-01 6.56432699341873982e-01
9.81747704246810349e-02 9.19955646261272353e-01 6.27772575107499176e-01
9.81747704246810349e-02 9.27308713128362605e-01 5.99530419475494902e-01
9.81747704246810349e-02 9.36570121271400491e-01 5.71850068001833800e-01
9.81747704246810349e-02 9.47875167804180241e-01 5.44938629234276606e-01
9.81747704246810349e-02 9.61319433742603091e-01 5.19038164632380949e-01
9.81747704246810349e-02 9.76880853518290460e-01 4.94362520707557984e-01
9.81747704246810349e-02 9.94392021025060413e-01 4.71029852105044444e-01
9.81747704246810349e-02 1.01356240892454119e+00 4.49024025685997197e-01
9.81747704246810349e-02 1.03403496205614887e+00 4.28203427374010959e-01
9.81747704246810349e-02 1.05545391860042947e+00 4.08350392910270255e-01
9.81747704246810349e-02 1.07751988476919447e+00 3.89232765764700450e-01
9.81747704246810349e-02 1.10001384630609933e+00 3.70644612883356150e-01
9.81747704246810349e-02 1.12278428552969434e+00 3.52409590235599202e-01
9.81747704246810349e-02 1.14570864496309532e+00 3.34357605540066383e-01
9.81747704246810349e-02 1.16865471353958661e+00 3.16304630820368138e-01
9.81747704246810349e-02 1.19146915413418686e+00 2.98062188712349518e-01
9.81747704246810349e-02 1.21400407699998358e+00 2.79477801691705330e-01
9.81747704246810349e-02 1.23616451548010420e+00 2.60477728999718383e-01
9.81747704246810349e-02 1.25793708973488205e+00 2.41071584201806743e-01
9.81747704246810349e-02 1.27936131909610817e+00 2.21297292089644632e-01
9.81747704246810349e-02 1.30043549535973835e+00 2.01125506549822614e-01
9.81747704246810349e-02 1.32099413383605246e+00 1.80378776417685766e-01
9.81747704246810349e-02 1.34062527877059945e+00 1.58725415200390213e-01
9.81747704246810349e-02 1.35868889471149812e+00 1.35772648511005539e-01
9.81747704246810349e-02 1.37444991705041741e+00 1.11226149255335333e-01
9.81747704246810349e-02 1.38727607509918105e+00 8.50383774128010417e-02
9.81747704246810349e-02 1.39680971796619535e+00 5.74659474687022262e-02
9.81747704246810349e-02 1.40303200394661043e+00 2.90011051966301558e-02
9.81747704246810349e-02 1.40619425083093486e+00 2.09326717212954684e-04
9.81747704246810349e-02 1.40666208517891489e+00 -2.84455189266891763e-02
9.81747704246810349e-02 1.40476051057934859e+00 -5.67043837789182673e-02
9.81747704246810349e-02 1.40069718872622251e+00 -8.45052593885447512e-02
9.81747704246810349e-02 1.39458623771549872e+00 -1.11888696533550505e-01
9.81747704246810349e-02 1.38653249373193921e+00 -1.38884849261022597e-01
9.81747704246810349e-02 1.37670601176451268e+00 -1.65449900004063982e-01
9.81747704246810349e-02 1.36535472818398773e+00 -1.91479317349962236e-01
9.81747704246810349e-02 1.35275288022802109e+00 -2.16873589579025500e-01
9.81747704246810349e-02 1.33912757874646715e+00 -2.41602147477432971e-01
9.81747704246810349e-02 1.32461600152181913e+00 -2.65719623185224352e-01
9.81747704246810349e-02 1.30927786880418240e+00 -2.89325936447188903e-01
9.81747704246810349e-02 1.29314597489732419e+00 -3.12500856017652595e-01
9.81747704246810349e-02 1.27627334121463187e+00 -3.35258960071824652e-01
9.81747704246810349e-02 1.25874514467836462e+00 -3.57554578302041293e-01
9.81747704246810349e-02 1.24065659655438809e+00 -3.79331955904442575e-01
9.81747704246810349e-02 1.22208691553430815e+00 -4.00587615176597189e-01
9.81747704246810349e-02 1.20310163681369398e+00 -4.21407464914626495e-01
9.81747704246810349e-02 1.18378998007138492e+00 -4.41960983102467897e-01
9.81747704246810349e-02 1.16431213499759889e+00 -4.62463180424778575e-01
9.81747704246810349e-02 1.14491930757352711e+00 -4.83132380675766082e-01
9.81747704246810349e-02 1.12592758142273142e+00 -5.04167910882330039e-01
9.81747704246810349e-02 1.10766131870289208e+00 -5.25751799305993917e-01
9.81747704246810349e-02 1.09040558866210846e+00 -5.48058323688116689e-01
9.81747704246810349e-02 1.07440038276452410e+00 -5.71249491736817938e-01
9.81747704246810349e-02 1.05987610413782041e+00 -5.95446900310308447e-01
9.81747704246810349e-02 1.04709529653326161e+00 -6.20691433809030135e-01
9.81747704246810349e-02 1.03635751976474988e+00 -6.46916292413240113e-01
9.81747704246810349e-02 1.02795125984522628e+00 -6.73954923344284529e-01
9.81747704246810349e-02 1.02208043202824506e+00 -7.01584757673456072e-01
9.81747704246810349e-02 1.01882054177610737e+00 -7.29583033349619381e-01
9.81747704246810349e-02 1.01814759449999537e+00 -7.57758789935922383e-01
9.81747704246810349e-02 1.02003574503228922e+00 -7.85934925027839015e-01
9.81747704246810349e-02 1.02456810784725083e+00 -8.13882417512037049e-01
9.81747704246810349e-02 1.03198551959175133e+00 -8.41240180166673901e-01
9.81747704246810349e-02 1.04262703400094314e+00 -8.67470051512923779e-01
9.81747704246810349e-02 1.05677803202956788e+00 -8.91886199283727699e-01
9.81747704246810349e-02 1.07449885808282541e+00 -9.13764930657971153e-01
9.81747704246810349e-02 1.09552297005529020e+00 -9.32500943153137474e-01
9.81747704246810349e-02 1.11927854069445143e+00 -9.47750307805358072e-01
9.81747704246810349e-02 1.14502287867986419e+00 -9.59502987730801782e-01
9.81747704246810349e-02 1.17202360544859685e+00 -9.68057717991970268e-01
9.81747704246810349e-02 1.19970498519178803e+00 -9.73914274849310369e-01
9.81747704246810349e-02 1.22770672040200668e+00 -9.77631006734458019e-01
9.81747704246810349e-02 1.25585397220659689e+00 -9.79703161934753819e-01
9.81747704246810349e-02 1.28407928638801483e+00 -9.80498489196755529e-01
9.81747704246810349e-02 1.31234809508292583e+00 -9.80253729460567436e-01
9.81747704246810349e-02 1.34062012050030144e+00 -9.79108089914540458e-01
9.81747704246810349e-02 1.36884777262486579e+00 -9.77141390149074640e-01
9.81747704246810349e-02 1.39699100569473456e+00 -9.74396108542843753e-01
9.81747704246810349e-02 1.42502650031875833e+00 -9.70882762872797067e-01
9.81747704246810349e-02 1.45294253688050001e+00 -9.66582049631599771e-01
9.81747704246810349e-02 1.48072594743082697e+00 -9.61456584421634952e-01
9.81747704246810349e-02 1.50835302682400174e+00 -9.55473031264080674e-01
9.81747704246810349e-02 1.53579081360395242e+00 -9.48623072505022424e-01
9.81747704246810349e-02 1.56300570747497702e+00 -9.40929453144128125e-01
9.81747704246810349e-02 1.58997134665090045e+00 -9.32433059592500890e-01
9.81747704246810349e-02 1.61667013823008610e+00 -9.23170872935325737e-01
9.81747704246810349e-02 1.64308931447943851e+00 -9.13161542386362379e-01
9.81747704246810349e-02 1.66921678343909541e+00 -9.02409516722196492e-01
9.81747704246810349e-02 1.69504104333192163e+00 -8.90924316496987001e-01
9.81747704246810349e-02 1.72055477632472642e+00 -8.78739561443429795e-01
9.81747704246810349e-02 1.74575802330193253e+00 -8.65916083249909652e-01
9.81747704246810349e-02 1.77065726370367926e+00 -8.52525281982074556e-01
9.81747704246810349e-02 1.79526052410242110e+00 -8.38623913020496881e-01
9.81747704246810349e-02 1.81957216792342180e+00 -8.24238210044292763e-01
9.81747704246810349e-02 1.84359115502652826e+00 -8.09368394662357216e-01
9.81747704246810349e-02 1.86731337396243058e+00 -7.94009323259781352e-01
9.81747704246810349e-02 1.89073512383993259e+00 -7.78170968679861685e-01
9.81747704246810349e-02 1.91385408473916319e+00 -7.61882926875529609e-01
9.81747704246810349e-02 1.93666670871678792e+00 -7.45179855244419875e-01
9.81747704246810349e-02 1.95916448214238570e+00 -7.28079882248436783e-01
9.81747704246810349e-02 1.98133279391973427e+00 -7.10573784571976286e-01
9.81747704246810349e-02 2.00315404321312540e+00 -6.92634486997864229e-01
9.81747704246810349e-02 2.02461295115830575e+00 -6.74240463890982689e-01
9.81747704246810349e-02 2.04569997896256428e+00 -6.55395341222013927e-01
9.81747704246810349e-02 2.06641010204719366e+00 -6.36128398342749701e-01
9.81747704246810349e-02 2.08673785891920405e+00 -6.16475181066854505e-01
9.81747704246810349e-02 2.10667255067571046e+00 -5.96452948302353403e-01
9.81747704246810349e-02 2.12619728549010478e+00 -5.76050023207395845e-01
9.81747704246810349e-02 2.14529241629926748e+00 -5.55237609263058540e-01
9.81747704246810349e-02 2.16394038548640344e+00 -5.33995134777990321e-01
9.81747704246810349e-02 2.18212788757881038e+00 -5.12329273655213302e-01
9.81747704246810349e-02 2.19984337602899682e+00 -4.90271232006423308e-01
9.81747704246810349e-02 2.21707149125051606e+00 -4.67853657249990229e-01
9.81747704246810349e-02 2.23378818042677674e+00 -4.45084804676893597e-01
9.81747704246810349e-02 2.24995957234265420e+00 -4.21940528180043017e-01
9.81747704246810349e-02 2.26554486013878131e+00 -3.98381418412217803e-01
9.81747704246810349e-02 2.28050079464803046e+00 -3.74382762266064539e-01
9.81747704246810349e-02 2.29478468453596074e+00 -3.49954141516671646e-01
9.81747704246810349e-02 2.30835404443874026e+00 -3.25132407653000777e-01
9.81747704246810349e-02 2.32116283483858821e+00 -2.99951979938269997e-01
9.81747704246810349e-02 2.33315532545744997e+00 -2.74414860868379074e-01
9.81747704246810349e-02 2.34425898505471153e+00 -2.48484979567947822e-01
9.81747704246810349e-02 2.35437839842556595e+00 -2.22114715942745899e-01
9.81747704246810349e-02 2.36339349120420517e+00 -1.95287330497776412e-01
9.81747704246810349e-02 2.37116623196641818e+00 -1.68045323098420185e-01
9.81747704246810349e-02 2.37755848588876084e+00 -1.40482354685765726e-01
9.81747704246810349e-02 2.38245889234621444e+00 -1.12700899016030059e-01
9.81747704246810349e-02 2.38581032995291586e+00 -8.47622921440506771e-02
9.81747704246810349e-02 2.38762579369550076e+00 -5.66627985598758474e-02
9.81747704246810349e-02 2.38798299907097755e+00 -2.83532588968358860e-02
1.14537232162127869e-01 2.36924807921909508e+00 2.25038894375528332e-04
1.14537232162127869e-01 2.36677764534430324e+00 2.87888312086731699e-02
1.14537232162127869e-01 2.36311992306188312e+00 5.75030738587122905e-02
1.14537232162127869e-01 2.35832485069374309e+00 8.61952545965319894e-02
1.14537232162127869e-01 2.35239334259233290e+00 1.14688618898777267e-01
1.14537232162127869e-01 2.34529519251584295e+00 1.42853442325118624e-01
1.14537232162127869e-01 2.33699536642846439e+00 1.70623860152737894e-01
1.14537232162127869e-01 2.32747558833184254e+00 1.97977545794634641e-01
1.14537232162127869e-01 2.31674405157075425e+00 2.24899112498958248e-01
1.14537232162127869e-01 2.30483449068169399e+00 2.51354838089088761e-01
1.14537232162127869e-01 2.29180093683271213e+00 2.77293775817213484e-01
1.14537232162127869e-01 2.27771364056758419e+00 3.02669546873073070e-01
1.14537232162127869e-01 2.26265691740735386e+00 3.27463460741190482e-01
1.14537232162127869e-01 2.24672568678311224e+00 3.51691509182979589e-01
1.14537232162127869e-01 2.23001763622976013e+00 3.75391634331092239e-01
1.14537232162127869e-01 2.21262185591655092e+00 3.98601935509258598e-01
1.14537232162127869e-01 2.19460884849409865e+00 4.21344971175845906e-01
1.14537232162127869e-01 2.17602732511822961e+00 4.43626387735082006e-01
1.14537232162127869e-01 2.15690941321956586e+00 4.65444659602346933e-01
1.14537232162127869e-01 2.13728062105649386e+00 4.86801865813711765e-01
1.14537232162127869e-01 2.11716816288389209e+00 5.07707353892997038e-01
1.14537232162127869e-01 2.09660307982248550e+00 5.28173700730378060e-01
1.14537232162127869e-01 2.07561645761008418e+00 5.48210627835044817e-01
1.14537232162127869e-01 2.05423414392863890e+00 5.67822757518298693e-01
1.14537232162127869e-01 2.03247470273037667e+00 5.87012279145231686e-01
1.14537232162127869e-01 2.01035201859701829e+00 6.05782768750682710e-01
1.14537232162127869e-01 1.98787994168404936e+00 6.24139889161206218e-01
1.14537232162127869e-01 1.96507493253966081e+00 6.42088436772136117e-01
1.14537232162127869e-01 1.94195477318480170e+00 6.59629239890928920e-01
1.14537232162127869e-01 1.91853501972739515e+00 6.76759766525053319e-01
1.14537232162127869e-01 1.89482680135326276e+00 6.93478626920760677e-01
1.14537232162127869e-01 1.87083821536649642e+00 7.09790000055255943e-01
1.14537232162127869e-01 1.84657821035423875e+00 7.25703478244981826e-01
1.14537232162127869e-01 1.82205949368187303e+00 7.41228728759027788e-01
1.14537232162127869e-01 1.79729775132295666e+00 7.56369343578767617e-01
1.14537232162127869e-01 1.77230770163853912e+00 7.71121636520697984e-01
1.14537232162127869e-01 1.74709938321126934e+00 7.85480238843399570e-01
1.14537232162127869e-01 1.72167799763421714e+00 7.99446156041399125e-01
1.14537232162127869e-01 1.69604751682289256e+00 8.13029864218208220e-01
1.14537232162127869e-01 1.67021473652006147e+00 8.26245162669661748e-01
1.14537232162127869e-01 1.64418964909246279e+00 8.39096761912831335e-01
1.14537232162127869e-01 1.61798086396229812e+00 8.51570082071161027e-01
1.14537232162127869e-01 1.59158913069456220e+00 8.63630611447802177e-01
1.14537232162127869e-01 1.56500419205843833e+00 8.75232882020343328e-01
1.14537232162127869e-01 1.53820816876440869e+00 8.86331409485628052e-01
1.14537232162127869e-01 1.51118382050300437e+00 8.96884318464736263e-01
1.14537232162127869e-01 1.48392215977354636e+00 9.06846569049401419e-01
1.14537232162127869e-01 1.45642423344252281e+00 9.16158875465877154e-01
1.14537232162127869e-01 1.42869635857898913e+00 9.24742789741206161e-01
1.14537232162127869e-01 1.40074326993269604e+00 9.32507742783621141e-01
1.14537232162127869e-01 1.37256540750733369e+00 9.39365295250184085e-01
1.14537232162127869e-01 1.34416349433366467e+00 9.45238100448959506e-01
1.14537232162127869e-01 1.31554804034538231e+00 9.50053399574222079e-01
1.14537232162127869e-01 1.28674780613188444e+00 9.53722830341481087e-01
1.14537232162127869e-01 1.25781232783711361e+00 9.56123241756339781e-01
1.14537232162127869e-01 1.22880829669163694e+00 9.57096300260575572e-01
1.14537232162127869e-01 1.19981401665471621e+00 9.56473628571042678e-01
1.14537232162127869e-01 1.17091694420475578e+00 9.54115429798931269e-01
1.14537232162127869e-01 1.14221643060358424e+00 9.49937380959930522e-01
1.14537232162127869e-01 1.11383046656166518e+00 9.43903910372955401e-01
1.14537232162127869e-01 1.08590481510789405e+00 9.35985815538885269e-01
1.14537232162127869e-01 1.05862544229712507e+00 9.26104715902702158e-01
1.14537232162127869e-01 1.03223682010661300e+00 9.14099940047088166e-01
1.14537232162127869e-01 1.00706515622354487e+00 8.99745543755355981e-01
1.14537232162127869e-01 9.83536700009150389e-01 8.82819815408410480e-01
1.14537232162127869e-01 9.62172809466380397e-01 8.63201331576051056e-01
1.14537232162127869e-01 9.43544075321969156e-01 8.40950440694683166e-01
1.14537232162127869e-01 9.28180233185301073e-01 8.16340760049497849e-01
1.14537232162127869e-01 9.16456437112546207e-01 7.89827505343924208e-01
1.14537232162127869e-01 9.08496866562242711e-01 7.61965711164911741e-01
1.14537232162127869e-01 9.04139602901573136e-01 7.33309185460818913e-01
1.14537232162127869e-01 9.02986567735402756e-01 7.04324475139625039e-01
1.14537232162127869e-01 9.04526770925614620e-01 6.75344946165122972e-01
1.14537232162127869e-01 9.08287916075199764e-01 6.46574177612564527e-01
1.14537232162127869e-01 9.13958218196771588e-01 6.18131049057247806e-01
1.14537232162127869e-01 9.21434184457346706e-01 5.90115266677742500e-01
1.14537232162127869e-01 9.30783518878187777e-01 5.62664894953753492e-01
1.14537232162127869e-01 9.42147843345370828e-01 5.35979911627295302e-01
1.14537232162127869e-01 9.55630690386996662e-01 5.10299343222408996e-01
1.14537232162127869e-01 9.71214839095799198e-01 4.85840796637033723e-01
1.14537232162127869e-01 9.88734034918168359e-01 4.62730877036705734e-01
1.14537232162127869e-01 1.00789915363876559e+00 4.40961602258896024e-01
1.14537232162127869e-01 1.02835928781318175e+00 4.20395347250147711e-01
1.14537232162127869e-01 1.04976986921595339e+00 4.00814268645632410e-01
1.14537232162127869e-01 1.07184267677935674e+00 3.81985022629498683e-01
1.14537232162127869e-01 1.09436314290150172e+00 3.63702463385888353e-01
1.14537232162127869e-01 1.11717485735662025e+00 3.45792792101436264e-01
1.14537232162127869e-01 1.14014537403890404e+00 3.28086814966607410e-01
1.14537232162127869e-01 1.16313613159938578e+00 3.10396384107021472e-01
1.14537232162127869e-01 1.18599717722877762e+00 2.92524371861424881e-01
1.14537232162127869e-01 1.20859256258564085e+00 2.74310525732278376e-01
1.14537232162127869e-01 1.23084017059724404e+00 2.55681405298484876e-01
1.14537232162127869e-01 1.25273285241703225e+00 2.36658542495003871e-01
1.14537232162127869e-01 1.27430941313293222e+00 2.17299435815540481e-01
1.14537232162127869e-01 1.29556864381139936e+00 1.97591409264736784e-01
1.14537232162127869e-01 1.31635678198137041e+00 1.77359258496949557e-01
1.14537232162127869e-01 1.33628652116277435e+00 1.56253627810376605e-01
1.14537232162127869e-01 1.35474332541800613e+00 1.33848551291496670e-01
1.14537232162127869e-01 1.37099764869918594e+00 1.09813438765689553e-01
1.14537232162127869e-01 1.38438706091503083e+00 8.40754459348542899e-02
1.14537232162127869e-01 1.39449131244923419e+00 5.68851944370919113e-02
1.14537232162127869e-01 1.40122198540531451e+00 2.87470135360322031e-02
1.14537232162127869e-01 1.40479002570939526e+00 2.47021021577294847e-04
1.14537232162127869e-01 1.40557623024803990e+00 -2.81342244648761890e-02
1.14537232162127869e-01 1.40397584444869539e+00 -5.61343322025684363e-02
1.14537232162127869e-01 1.40029252221225442e+00 -8.37036802831348931e-02
1.14537232162127869e-01 1.39471899243707220e+00 -1.10905970373452192e-01
1.14537232162127869e-01 1.38738766625572341e+00 -1.37795663439621907e-01
1.14537232162127869e-01 1.37843830461331462e+00 -1.64344331100907515e-01
1.14537232162127869e-01 1.36805182871363762e+00 -1.90447373398887260e-01
1.14537232162127869e-01 1.35643313838773083e+00 -2.15989282695084966e-01
1.14537232162127869e-01 1.34376492584911822e+00 -2.40913373372384693e-01
1.14537232162127869e-01 1.33017178311997997e+00 -2.65247678631153561e-01
1.14537232162127869e-01 1.31572034939258753e+00 -2.89074047141010815e-01
1.14537232162127869e-01 1.30045067345541354e+00 -3.12466479453539003e-01
1.14537232162127869e-01 1.28441120619027482e+00 -3.35442414745237116e-01
1.14537232162127869e-01 1.26767155063296388e+00 -3.57958493591659543e-01
1.14537232162127869e-01 1.25030979035205636e+00 -3.79951594306922324e-01
1.14537232162127869e-01 1.23239506073091598e+00 -4.01398181689276434e-01
1.14537232162127869e-01 1.21399103454713586e+00 -4.22357067932422725e-01
1.14537232162127869e-01 1.19518787951941174e+00 -4.42974782513147258e-01
1.14537232162127869e-01 1.17614375235684210e+00 -4.63457062974851119e-01
1.14537232162127869e-01 1.15710408349398230e+00 -4.84028007980636721e-01
1.14537232162127869e-01 1.13837953551091853e+00 -5.04899981938208176e-01
1.14537232162127869e-01 1.12029320961052492e+00 -5.26264062058026116e-01
1.14537232162127869e-01 1.10313173374815565e+00 -5.48293535409478006e-01
1.14537232162127869e-01 1.08713360947578064e+00 -5.71143784937641397e-01
1.14537232162127869e-01 1.07252067102371895e+00 -5.94936411836575529e-01
1.14537232162127869e-01 1.05954436702749599e+00 -6.19729728900779819e-01
1.14537232162127869e-01 1.04850406767223592e+00 -6.45491549278466303e-01
1.14537232162127869e-01 1.03971276778976995e+00 -6.72093530217626967e-01
1.14537232162127869e-01 1.03342536806694407e+00 -6.99335802030173870e-01
1.14537232162127869e-01 1.02977776149626066e+00 -7.26991671854853472e-01
1.14537232162127869e-01 1.02878547499366935e+00 -7.54846350502374142e-01
1.14537232162127869e-01 1.03041467815893051e+00 -7.82701974540090606e-01
1.14537232162127869e-01 1.03468812237121432e+00 -8.10337475158727671e-01
1.14537232162127869e-01 1.04175801887252906e+00 -8.37439254905829933e-01
1.14537232162127869e-01 1.05188969352162309e+00 -8.63542269859761014e-01
1.14537232162127869e-01 1.06534939501351977e+00 -8.88025807779102894e-01
1.14537232162127869e-01 1.08224714681470702e+00 -9.10187780778167865e-01
1.14537232162127869e-01 1.10241539945705624e+00 -9.29383606387186534e-01
1.14537232162127869e-01 1.12538798104992477e+00 -9.45179955660017557e-01
1.14537232162127869e-01 1.15049160104332815e+00 -9.57460163211162008e-01
1.14537232162127869e-01 1.17700540658394059e+00 -9.66436279228714334e-01
1.14537232162127869e-01 1.20431512756824444e+00 -9.72564373201093124e-01
1.14537232162127869e-01 1.23200059908954218e+00 -9.76402755324678462e-01
1.14537232162127869e-01 1.25983710178726382e+00 -9.78474066887021765e-01
1.14537232162127869e-01 1.28773485626240580e+00 -9.79181236787945997e-01
1.14537232162127869e-01 1.31566288907366258e+00 -9.78792641310012201e-01
1.14537232162127869e-01 1.34359604209002437e+00 -9.77475296794789283e-01
1.14537232162127869e-01 1.37149824472795667e+00 -9.75337653122648418e-01
1.14537232162127869e-01 1.39933064446109179e+00 -9.72452663470867895e-01
1.14537232162127869e-01 1.42706379538179262e+00 -9.68856915724459533e-01
1.14537232162127869e-01 1.45467994510122423e+00 -9.64543175509384398e-01
1.14537232162127869e-01 1.48216505271849308e+00 -9.59467048277353407e-01
1.14537232162127869e-01 1.50949921719442726e+00 -9.53573654882383437e-01
1.14537232162127869e-01 1.53665365320825931e+00 -9.46830752177639345e-01
1.14537232162127869e-01 1.56359538829484412e+00 -9.39246698909723343e-01
1.14537232162127869e-01 1.59029456389129309e+00 -9.30861431768003400e-01
1.14537232162127869e-01 1.61672843648668074e+00 -9.21718336507440061e-01
1.14537232162127869e-01 1.64288029387021783e+00 -9.11838976687036507e-01
1.14537232162127869e-01 1.66873612095646440e+00 -9.01219968256164794e-01
1.14537232162127869e-01 1.69428303524949442e+00 -8.89853839471870911e-01
1.14537232162127869e-01 1.71951091179666582e+00 -8.77756958174877311e-01
1.14537232162127869e-01 1.74441513962309935e+00 -8.64982020426904086e-01
1.14537232162127869e-01 1.76899731296722917e+00 -8.51604448944662917e-01
1.14537232162127869e-01 1.79326260850336672e+00 -8.37692127344757842e-01
1.14537232162127869e-01 1.81721558350441903e+00 -8.23280652080982334e-01
1.14537232162127869e-01 1.84085739224837752e+00 -8.08371901175019891e-01
1.14537232162127869e-01 1.86418596738092135e+00 -7.92955699019287974e-01
1.14537232162127869e-01 1.88719803617596149e+00 -7.77036759797943843e-01
1.14537232162127869e-01 1.90989040760846196e+00 -7.60645574820969950e-01
1.14537232162127869e-01 1.93225898651027150e+00 -7.43825089010504814e-01
1.14537232162127869e-01 1.95429640210292210e+00 -7.26604448153393423e-01
1.14537232162127869e-01 1.97599070888687645e+00 -7.08981474586370286e-01
1.14537232162127869e-01 1.99732688371253597e+00 -6.90928661442333336e-01
1.14537232162127869e-01 2.01829043944759645e+00 -6.72418760211137112e-01
1.14537232162127869e-01 2.03887052097288546e+00 -6.53450252395125109e-01
1.14537232162127869e-01 2.05906007565420923e+00 -6.34052705783389570e-01
1.14537232162127869e-01 2.07885295121204061e+00 -6.14267627925497939e-01
1.14537232162127869e-01 2.09824019007503670e+00 -5.94119757634103518e-01
1.14537232162127869e-01 2.11720836424544601e+00 -5.73601491541828490e-01
1.14537232162127869e-01 2.13574108645165639e+00 -5.52682991438373072e-01
1.14537232162127869e-01 2.15382227617171251e+00 -5.31340222293549269e-01
1.14537232162127869e-01 2.17143841611362598e+00 -5.09578675748992738e-01
1.14537232162127869e-01 2.18857788934710129e+00 -4.87433487464946469e-01
1.14537232162127869e-01 2.20522771680646601e+00 -4.64945100575847592e-01
1.14537232162127869e-01 2.22136979213123320e+00 -4.42129255079801331e-01
1.14537232162127869e-01 2.23697876339155455e+00 -4.18965279565475579e-01
1.14537232162127869e-01 2.25202227506828834e+00 -3.95412834331830776e-01
1.14537232162127869e-01 2.26646269576557913e+00 -3.71444776789281450e-01
1.14537232162127869e-01 2.28025886607979444e+00 -3.47070286718849264e-01
1.14537232162127869e-01 2.29336682376853496e+00 -3.22328967521906207e-01
1.14537232162127869e-01 2.30573902980136269e+00 -2.97259043509765286e-01
1.14537232162127869e-01 2.31732168956874141e+00 -2.71864043914005871e-01
1.14537232162127869e-01 2.32804974854131519e+00 -2.46105632885064235e-01
1.14537232162127869e-01 2.33784010386864827e+00 -2.19931867467859088e-01
1.14537232162127869e-01 2.34658587824452836e+00 -1.93323098830564588e-01
1.14537232162127869e-01 2.35415692067536320e+00 -1.66322274753778282e-01
1.14537232162127869e-01 2.36041156282704723e+00 -1.39025028714658078e-01
1.14537232162127869e-01 2.36522047378135047e+00 -1.11532590128015516e-01
1.14537232162127869e-01 2.36849642338382038e+00 -8.38978037380315872e-02
1.14537232162127869e-01 2.37021791245173974e+00 -5.61015718684696879e-02
1.14537232162127869e-01 2.37043442462701659e+00 -2.80780822822962010e-02
1.30899693899574704e-01 2.35092621292645365e+00 2.43963331299187799e-04
1.30899693899574704e-01 2.34824390276302974e+00 2.85747019917843639e-02
1.30899693899574704e-01 2.34432381910559506e+00 5.70686672920208277e-02
1.30899693899574704e-01 2.33924449522024691e+00 8.55330555871823134e-02
1.30899693899574704e-01 2.33303679999791580e+00 1.13777935571989855e-01
1.30899693899574704e-01 2.32569212038427287e+00 1.41673449314878880e-01
1.30899693899574704e-01 2.31718484977002603e+00 1.69164416816376867e-01
1.30899693899574704e-01 2.30749652878498290e+00 1.96241927922248899e-01
1.30899693899574704e-01 2.29663141510762303e+00 2.22898670535920745e-01
1.30899693899574704e-01 2.28462045838310956e+00 2.49100746658048433e-01
1.30899693899574704e-01 2.27151732616292445e+00 2.74791999642407025e-01
1.30899693899574704e-01 2.25739229979939759e+00 2.99921736542153705e-01
1.30899693899574704e-01 2.24232740446962753e+00 3.24471699367299915e-01
1.30899693899574704e-01 2.22641223329707882e+00 3.48462353231309585e-01
1.30899693899574704e-01 2.20973817923020599e+00 3.71936300003195996e-01
1.30899693899574704e-01 2.19239038722500812e+00 3.94933207070782499e-01
1.30899693899574704e-01 2.17443980707727258e+00 4.17474209446885736e-01
1.30899693899574704e-01 2.15593919213376317e+00 4.39563659633154691e-01
1.30899693899574704e-01 2.13692517855167718e+00 4.61201984268497289e-01
1.30899693899574704e-01 2.11742490949506568e+00 4.82396557038613893e-01
1.30899693899574704e-01 2.09746295137273542e+00 5.03162022477687487e-01
1.30899693899574704e-01 2.07706462799945291e+00 5.23512045409768700e-01
1.30899693899574704e-01 2.05625498945662244e+00 5.43451591496755593e-01
1.30899693899574704e-01 2.03505590204364406e+00 5.62977126187934052e-01
1.30899693899574704e-01 2.01348464648089198e+00 5.82084101159135892e-01
1.30899693899574704e-01 1.99155545925631916e+00 6.00774396030673397e-01
1.30899693899574704e-01 1.96928252792665082e+00 6.19056808692693417e-01
1.30899693899574704e-01 1.94668162796785893e+00 6.36940410768862542e-01
1.30899693899574704e-01 1.92376893200222820e+00 6.54427264902090688e-01
1.30899693899574704e-01 1.90055822986982181e+00 6.71511586179667885e-01
1.30899693899574704e-01 1.87705938385489590e+00 6.88186470700015041e-01
1.30899693899574704e-01 1.85327983019302067e+00 7.04452237672011594e-01
1.30899693899574704e-01 1.82922816958902046e+00 7.20318672477442634e-01
1.30899693899574704e-01 1.80491682166334644e+00 7.35798742236658421e-01
1.30899693899574704e-01 1.78036127742545691e+00 7.50899110224495958e-01
1.30899693899574704e-01 1.75557632884612347e+00 7.65616063604126262e-01
1.30899693899574704e-01 1.73057237144238463e+00 7.79941073519035410e-01
1.30899693899574704e-01 1.70535500770713933e+00 7.93871610948883033e-01
1.30899693899574704e-01 1.67992840039738067e+00 8.07417442261153862e-01
1.30899693899574704e-01 1.65429937216277456e+00 8.20595432866069618e-01
1.30899693899574704e-01 1.62847814238100597e+00 8.33415031863881661e-01
1.30899693899574704e-01 1.60247405881566740e+00 8.45864624248602093e-01
1.30899693899574704e-01 1.57628894539212316e+00 8.57908892661639055e-01
1.30899693899574704e-01 1.54991325808310298e+00 8.69498813832510931e-01
1.30899693899574704e-01 1.52332875413142177e+00 8.80585709409104966e-01
1.30899693899574704e-01 1.49651668226335111e+00 8.91127437160476710e-01
1.30899693899574704e-01 1.46946617997839746e+00 9.01081479362658255e-01
1.30899693899574704e-01 1.44217715962480053e+00 9.10391104613581414e-01
1.30899693899574704e-01 1.41465605900021463e+00 9.18977312030903826e-01
1.30899693899574704e-01 1.38690840677097160e+00 9.26744867626467350e-01
1.30899693899574704e-01 1.35893486303861177e+00 9.33598386782757195e-01
1.30899693899574704e-01 1.33073501578793763e+00 9.39454256395628851e-01
1.30899693899574704e-01 1.30231749020057075e+00 9.44235502227559809e-01
1.30899693899574704e-01 1.27371026930154652e+00 9.47849924398592281e-01
1.30899693899574704e-01 1.24496512073418186e+00 9.50167274793921712e-01
1.30899693899574704e-01 1.21615458210655913e+00 9.51016147264817424e-01
1.30899693899574704e-01 1.18736541389996009e+00 9.50209856974970291e-01
1.30899693899574704e-01 1.15869458884560217e+00 9.47589590032610785e-01
1.30899693899574704e-01 1.13025147735693610e+00 9.43057597443453854e-01
1.30899693899574704e-01 1.10216550995718765e+00 9.36575771979503924e-01
1.30899693899574704e-01 1.07459628472957203e+00 9.28125908479575545e-01
1.30899693899574704e-01 1.04774451411116121e+00 9.17654254132895919e-01
1.30899693899574704e-01 1.02186488958270427e+00 9.05036858916653864e-01
1.30899693899574704e-01 9.97281323669378050e-01 8.90093638564023459e-01
1.30899693899574704e-01 9.74398991692935312e-01 8.72652590898508218e-01
1.30899693899574704e-01 9.53699629291832274e-01 8.52637410013180941e-01
1.30899693899574704e-01 9.35704321461193755e-01 8.30138532095083259e-01
1.30899693899574704e-01 9.20897690026783344e-01 8.05435980809136365e-01
1.30899693899574704e-01 9.09627558619960253e-01 7.78965568464622948e-01
1.30899693899574704e-01 9.02014593714479673e-01 7.51244008942999031e-01
1.30899693899574704e-01 8.97913335753105279e-01 7.22781645526397787e-01
1.30899693899574704e-01 8.96951327090714901e-01 6.94010782854327823e-01
1.30899693899574704e-01 8.98640918619132090e-01 6.65247783649386859e-01
1.30899693899574704e-01 9.02524438922432171e-01 6.36694835566437689e-01
1.30899693899574704e-01 9.08296185159617742e-01 6.08476217161360466e-01
1.30899693899574704e-01 9.15854267956511037e-01 5.80694289990224100e-01
1.30899693899574704e-01 9.25267149672388101e-01 5.53482890155975960e-01
1.30899693899574704e-01 9.36677121328754247e-01 5.27033864057677381e-01
1.30899693899574704e-01 9.50187125553729861e-01 5.01580879294487914e-01
1.30899693899574704e-01 9.65777870154256979e-01 4.77343652988064471e-01
1.30899693899574704e-01 9.83282002320921222e-01 4.54457494705215348e-01
1.30899693899574704e-01 1.00241404620084307e+00 4.32924256156153653e-01
1.30899693899574704e-01 1.02283308420708341e+00 4.12611663106760729e-01
1.30899693899574704e-01 1.04420780210786823e+00 3.93301178580521382e-01
1.30899693899574704e-01 1.06625992977025330e+00 3.74755857769628387e-01
1.30899693899574704e-01 1.08877606639636793e+00 3.56768657037065895e-01
1.30899693899574704e-01 1.11159238354076217e+00 3.39167418064660220e-01
1.30899693899574704e-01 1.13456699344307288e+00 3.21785575331595741e-01
1.30899693899574704e-01 1.15755840015626310e+00 3.04434154616280317e-01
1.30899693899574704e-01 1.18042422269258207e+00 2.86910014522050227e-01
1.30899693899574704e-01 1.20304259750942344e+00 2.69045452127694262e-01
1.30899693899574704e-01 1.22534288282614789e+00 2.50765596484775533e-01
1.30899693899574704e-01 1.24732015855062173e+00 2.32102204829519043e-01
1.30899693899574704e-01 1.26900861828199951e+00 2.13133142790663282e-01
1.30899693899574704e-01 1.29040671061473500e+00 1.93866668751257687e-01
1.30899693899574704e-01 1.31137610536893900e+00 1.74136232231105831e-01
1.30899693899574704e-01 1.33156166601962700e+00 1.53580427105735412e-01
1.30899693899574704e-01 1.35038309366316844e+00 1.31742129100047733e-01
1.30899693899574704e-01 1.36712303939039703e+00 1.08251838472405784e-01
1.30899693899574704e-01 1.38109087893467386e+00 8.30051327216351220e-02
1.30899693899574704e-01 1.39179991493292610e+00 5.62391656441891194e-02
1.30899693899574704e-01 1.39908330333582298e+00 2.84641921826089377e-02
1.30899693899574704e-01 1.40310028196039505e+00 2.83797237661333667e-04
1.30899693899574704e-01 1.40423647705628629e+00 -2.78044011154607827e-02
1.30899693899574704e-01 1.40295133589999388e+00 -5.55311183126251454e-02
1.30899693899574704e-01 1.39964464290061397e+00 -8.28535007990113814e-02
1.30899693899574704e-01 1.39459365561242077e+00 -1.09852523419116124e-01
1.30899693899574704e-01 1.38796745171231595e+00 -1.36603058708717418e-01
1.30899693899574704e-01 1.37988407051611039e+00 -1.63092047807170626e-01
1.30899693899574704e-01 1.37046239150309890e+00 -1.89219109653699924e-01
1.30899693899574704e-01 1.35983826780602102e+00 -2.14859632614793267e-01
1.30899693899574704e-01 1.34814677437148989e+00 -2.39937026600752917e-01
1.30899693899574704e-01 1.33549574763614731e+00 -2.64455187820470172e-01
1.30899693899574704e-01 1.32195590217725956e+00 -2.88475767344240075e-01
1.30899693899574704e-01 1.30757394544475858e+00 -3.12062439399637459e-01
1.30899693899574704e-01 1.29239483229309093e+00 -3.35232376855367054e-01
1.30899693899574704e-01 1.27647404712566881e+00 -3.57945717250486961e-01
1.30899693899574704e-01 1.25987334968182418e+00 -3.80137135078265742e-01
1.30899693899574704e-01 1.24265160531082364e+00 -4.01768578474902827e-01
1.30899693899574704e-01 1.22486955844816037e+00 -4.22873245463669223e-01
1.30899693899574704e-01 1.20661649912384128e+00 -4.43570171097544041e-01
1.30899693899574704e-01 1.18804604403197556e+00 -4.64047491370595699e-01
1.30899693899574704e-01 1.16939513870482936e+00 -4.84528147786513042e-01
1.30899693899574704e-01 1.15096736607624806e+00 -5.05236505539235603e-01
1.30899693899574704e-01 1.13308557614621797e+00 -5.26377966377638562e-01
1.30899693899574704e-01 1.11604231837018286e+00 -5.48132149179808348e-01
1.30899693899574704e-01 1.10008073984244970e+00 -5.70651110607161338e-01
1.30899693899574704e-01 1.08541811437563007e+00 -5.94052302806035937e-01
1.30899693899574704e-01 1.07229237026175284e+00 -6.18401867977554254e-01
1.30899693899574704e-01 1.06099222032169371e+00 -6.43693547001457200e-01
1.30899693899574704e-01 1.05184000483173024e+00 -6.69835725164856455e-01
1.30899693899574704e-01 1.04512945721555695e+00 -6.96658463212587509e-01
1.30899693899574704e-01 1.04105594192993856e+00 -7.23942282208139720e-01
1.30899693899574704e-01 1.03968838830046928e+00 -7.51455508398450656e-01
1.30899693899574704e-01 1.04100928419260885e+00 -7.78976479372856523e-01
1.30899693899574704e-01 1.04500462027115248e+00 -8.06280019752615429e-01
1.30899693899574704e-01 1.05174858026179940e+00 -8.33086625078160115e-01
1.30899693899574704e-01 1.06142384813260482e+00 -8.58999381424233710e-01
1.30899693899574704e-01 1.07425257300541466e+00 -8.83471639712455459e-01
1.30899693899574704e-01 1.09036545000813834e+00 -9.05843337830729678e-01
1.30899693899574704e-01 1.10967501591541673e+00 -9.25453349290504157e-01
1.30899693899574704e-01 1.13182048644463440e+00 -9.41793507777089922e-01
1.30899693899574704e-01 1.15621483043901918e+00 -9.54641022092401204e-01
1.30899693899574704e-01 1.18217256064414311e+00 -9.64109142264341856e-01
1.30899693899574704e-01 1.20905915107827178e+00 -9.70592395349573867e-01
1.30899693899574704e-01 1.23639945811030882e+00 -9.74633097137443172e-01
1.30899693899574704e-01 1.26391098654852141e+00 -9.76771285400705125e-01
1.30899693899574704e-01 1.29146840885921299e+00 -9.77440522152695612e-01
1.30899693899574704e-01 1.31903471406577100e+00 -9.76938810404189617e-01
1.30899693899574704e-01 1.34659871593989777e+00 -9.75459455330796810e-01
1.30899693899574704e-01 1.37414185872334094e+00 -9.73139008475379041e-01
1.30899693899574704e-01 1.40163404403490088e+00 -9.70083446907708424e-01
1.30899693899574704e-01 1.42904335316984410e+00 -9.66362212862135861e-01
1.30899693899574704e-01 1.45634393239100635e+00 -9.61989615697060430e-01
1.30899693899574704e-01 1.48351548395735056e+00 -9.56922691319650687e-01
1.30899693899574704e-01 1.51053749515762648e+00 -9.51088973138553340e-01
1.30899693899574704e-01 1.53738483078212829e+00 -9.44431033754444038e-01
1.30899693899574704e-01 1.56402828045414188e+00 -9.36938870580174776e-01
1.30899693899574704e-01 1.59043858016917961e+00 -9.28648654158355735e-01
1.30899693899574704e-01 1.61659001116901879e+00 -9.19610963180796048e-01
1.30899693899574704e-01 1.64246119467580209e+00 -9.09854032269258872e-01
1.30899693899574704e-01 1.66803386106858875e+00 -8.99370337399574615e-01
1.30899693899574704e-01 1.69329202419785174e+00 -8.88136034177870015e-01
1.30899693899574704e-01 1.71822294932062269e+00 -8.76147069739819595e-01
1.30899693899574704e-01 1.74281899883323343e+00 -8.63443062124627625e-01
1.30899693899574704e-01 1.76707823917401519e+00 -8.50099856384125885e-01
1.30899693899574704e-01 1.79100265718374096e+00 -8.36196061676046987e-01
1.30899693899574704e-01 1.81459492232011099e+00 -8.21778751599918533e-01
1.30899693899574704e-01 1.83785584299215943e+00 -8.06853586977242965e-01
1.30899693899574704e-01 1.86078393051587199e+00 -7.91405220238490470e-01
1.30899693899574704e-01 1.88337656365080375e+00 -7.75430411418061460e-01
1.30899693899574704e-01 1.90563093762219382e+00 -7.58957146634748225e-01
1.30899693899574704e-01 1.92754344578523784e+00 -7.42035049220441834e-01
1.30899693899574704e-01 1.94910788610824071e+00 -7.24705683337974915e-01
1.30899693899574704e-01 1.97031425918807623e+00 -7.06977386996288870e-01
1.30899693899574704e-01 1.99114963726670924e+00 -6.88825422404613197e-01
1.30899693899574704e-01 2.01160085465459737e+00 -6.70217756094189543e-01
1.30899693899574704e-01 2.03165712322143222e+00 -6.51146120860321087e-01
1.30899693899574704e-01 2.05131058536190869e+00 -6.31637684118481868e-01
1.30899693899574704e-01 2.07055440949733649e+00 -6.11738115954018391e-01
1.30899693899574704e-01 2.08937998462247032e+00 -5.91479766971908738e-01
1.30899693899574704e-01 2.10777544953267304e+00 -5.70860683545240666e-01
1.30899693899574704e-01 2.12572665231198199e+00 -5.49851581702465730e-01
1.30899693899574704e-01 2.14321965021526628e+00 -5.28425400654258248e-01
1.30899693899574704e-01 2.16024266024593681e+00 -5.06585612913801997e-01
1.30899693899574704e-01 2.17678585999578145e+00 -4.84370006749206938e-01
1.30899693899574704e-01 2.19283908672316574e+00 -4.61826080344820811e-01
1.30899693899574704e-01 2.20838887269659789e+00 -4.38977204635658702e-01
1.30899693899574704e-01 2.22341634628453999e+00 -4.15806810472277022e-01
1.30899693899574704e-01 2.23789650125265149e+00 -3.92274075721676163e-01
1.30899693899574704e-01 2.25179828854406505e+00 -3.68349387794482452e-01
1.30899693899574704e-01 2.26508481308165388e+00 -3.44041217313499570e-01
1.30899693899574704e-01 2.27771346772603644e+00 -3.19391762921048761e-01
1.30899693899574704e-01 2.28963613940784905e+00 -2.94443203797289221e-01
1.30899693899574704e-01 2.30079902238878198e+00 -2.69200834549846169e-01
1.30899693899574704e-01 2.31114063493731470e+00 -2.43624112290658362e-01
1.30899693899574704e-01 2.32058683434898372e+00 -2.17656719316014102e-01
1.30899693899574704e-01 2.32904390256255578e+00 -1.91276351629507291e-01
1.30899693899574704e-01 2.33639418658591458e+00 -1.64527258388676462e-01
1.30899693899574704e-01 2.34250062726179165e+00 -1.37508151442951643e-01
1.30899693899574704e-01 2.34722423184579121e+00 -1.10319394915367172e-01
1.30899693899574704e-01 2.35045206209833202e+00 -8.30040913405940411e-02
1.30899693899574704e-01 2.35212588725203764e+00 -5.55250022036106738e-02
1.30899693899574704e-01 2.35225821630299325e+00 -2.77967998749994484e-02
1.47262155637021552e-01 2.33222217618212913e+00 2.65508162510064128e-04
1.47262155637021552e-01 2.32938273252465011e+00 2.83275803964985126e-02
1.47262155637021552e-01 2.32524474519089930e+00 5.65737136601414323e-02
1.47262155637021552e-01 2.31991085651832352e+00 8.47911899275516079e-02
1.47262155637021552e-01 2.31344214331554809e+00 1.12772584769025006e-01
1.47262155637021552e-01 2.30585520438918801e+00 1.40382156821030751e-01
1.47262155637021552e-01 2.29713851800057567e+00 1.67571993901159538e-01
1.47262155637021552e-01 2.28727718183982587e+00 1.94347244893780718e-01
1.47262155637021552e-01 2.27627360911769161e+00 2.20712169868357261e-01
1.47262155637021552e-01 2.26415687152495781e+00 2.46636168541061684e-01
1.47262155637021552e-01 2.25098092435419561e+00 2.72059058246288288e-01
1.47262155637021552e-01 2.23681701640246366e+00 2.96924604623981070e-01
1.47262155637021552e-01 2.22174587518316313e+00 3.21213077289297377e-01
1.47262155637021552e-01 2.20585210385198893e+00 3.44948729149593403e-01
1.47262155637021552e-01 2.18921995595483931e+00 3.68179792657126470e-01
1.47262155637021552e-01 2.17192879033244202e+00 3.90948853583266587e-01
1.47262155637021552e-01 2.15404804840063901e+00 4.13275591900391093e-01
1.47262155637021552e-01 2.13563350514133754e+00 4.35161023327357566e-01
1.47262155637021552e-01 2.11672678266899794e+00 4.56604614612232507e-01
1.47262155637021552e-01 2.09735838510642258e+00 4.77617312709016362e-01
1.47262155637021552e-01 2.07755234772340769e+00 4.98219880019114159e-01
1.47262155637021552e-01 2.05732986673802243e+00 5.18430007970732798e-01
1.47262155637021552e-01 2.03671054103282412e+00 5.38251100112134173e-01
1.47262155637021552e-01 2.01571193149968986e+00 5.57673047194635174e-01
1.47262155637021552e-01 1.99434923232277961e+00 5.76684018811720267e-01
1.47262155637021552e-01 1.97263614345498395e+00 5.95282577183923745e-01
1.47262155637021552e-01 1.95058637724469786e+00 6.13479548448557011e-01
1.47262155637021552e-01 1.92821428857308774e+00 6.31288467516416651e-01
1.47262155637021552e-01 1.90553382414641614e+00 6.48713537392959894e-01
1.47262155637021552e-01 1.88255668263602272e+00 6.65746072474803663e-01
1.47262155637021552e-01 1.85929160146198580e+00 6.82372728573486742e-01
1.47262155637021552e-01 1.83574591668531428e+00 6.98588296423327981e-01
1.47262155637021552e-01 1.81192850314111897e+00 7.14401692169261637e-01
1.47262155637021552e-01 1.78785169631442953e+00 7.29829667310866737e-01
1.47262155637021552e-01 1.76353032832875267e+00 7.44883598606680852e-01
1.47262155637021552e-01 1.73897834785021366e+00 7.59561049869348026e-01
1.47262155637021552e-01 1.71420570719759557e+00 7.73849929694633176e-01
1.47262155637021552e-01 1.68921824334622794e+00 7.87742058382751353e-01
1.47262155637021552e-01 1.66402083532666323e+00 8.01244162731951648e-01
1.47262155637021552e-01 1.63862107834739068e+00 8.14375504593579436e-01
1.47262155637021552e-01 1.61302973460170596e+00 8.27151972080872988e-01
1.47262155637021552e-01 1.58725646767857898e+00 8.39567861488713540e-01
1.47262155637021552e-01 1.56130332343064215e+00 8.51589091571860357e-01
1.47262155637021552e-01 1.53516089993018778e+00 8.63162736158751942e-01
1.47262155637021552e-01 1.50881085154230732e+00 8.74234587677313102e-01
1.47262155637021552e-01 1.48223392316942393e+00 8.84759924127063835e-01
1.47262155637021552e-01 1.45541842439281588e+00 8.94698464129651039e-01
1.47262155637021552e-01 1.42836342256450699e+00 9.03998098222278390e-01
1.47262155637021552e-01 1.40107477031152428e+00 9.12581986059191830e-01
1.47262155637021552e-01 1.37355765241385130e+00 9.20351165692150586e-01
1.47262155637021552e-01 1.34581234125493299e+00 9.27201322342960044e-01
1.47262155637021552e-01 1.31783780144808249e+00 9.33038868874485061e-01
1.47262155637021552e-01 1.28964209104398253e+00 9.37779954041578878e-01
1.47262155637021552e-01 1.26125350028123595e+00 9.41329181079850530e-01
1.47262155637021552e-01 1.23272593060425506e+00 9.43553112746303602e-01
1.47262155637021552e-01 1.20413646573542832e+00 9.44272074478412660e-01
1.47262155637021552e-01 1.17557888739610950e+00 9.43283851634743375e-01
1.47262155637021552e-01 1.14715950753454332e+00 9.40410144626617539e-01
1.47262155637021552e-01 1.11899931923058737e+00 9.35537493499631112e-01
1.47262155637021552e-01 1.09124150813993315e+00 9.28624083924653898e-01
1.47262155637021552e-01 1.06406030047812150e+00 9.19664677795038576e-01
1.47262155637021552e-01 1.03766847024360076e+00 9.08634595728456840e-01
1.47262155637021552e-01 1.01232462350906371e+00 8.95450424143935719e-01
1.47262155637021552e-01 9.88342630969649361e-01 8.79977746628670343e-01
1.47262155637021552e-01 9.66100881190558369e-01 8.62088907067234178e-01
1.47262155637021552e-01 9.46040570019483495e-01 8.41744160641228145e-01
1.47262155637021552e-01 9.28637486070732932e-01 8.19056095221110225e-01
1.47262155637021552e-01 9.14338126625560799e-01 7.94306938507313709e-01
1.47262155637021552e-01 9.03469176715147482e-01 7.67913183321519144e-01
1.47262155637021552e-01 8.96150606529510396e-01 7.40355712951974776e-01
1.47262155637021552e-01 8.92252823944016837e-01 7.12103839353037005e-01
1.47262155637021552e-01 8.91427336815153737e-01 6.83556944843338288e-01
1.47262155637021552e-01 8.93210085891364081e-01 6.55015477259047407e-01
1.47262155637021552e-01 8.97161621044745949e-01 6.26682653116786614e-01
1.47262155637021552e-01 9.02988100531623927e-01 5.98692271834909029e-01
1.47262155637021552e-01 9.10594130817538927e-01 5.71153536572042708e-01
1.47262155637021552e-01 9.20049967874549735e-01 5.44197696962673727e-01
1.47262155637021552e-01 9.31494829028356008e-01 5.18006085415616768e-01
1.47262155637021552e-01 9.45024286847384487e-01 4.92801677851828601e-01
1.47262155637021552e-01 9.60610472773778423e-01 4.68801131406836213e-01
1.47262155637021552e-01 9.78081563464012760e-01 4.46146419939018435e-01
1.47262155637021552e-01 9.97156271036178654e-01 4.24850952683396899e-01
1.47262155637021552e-01 1.01750659811921929e+00 4.04791146443318484e-01
1.47262155637021552e-01 1.03881719332535605e+00 3.85749513352371232e-01
1.47262155637021552e-01 1.06082026937557505e+00 3.67483950950093563e-01
1.47262155637021552e-01 1.08330177757955282e+00 3.49781887271017111e-01
1.47262155637021552e-01 1.10608778686943920e+00 3.32470342206594438e-01
1.47262155637021552e-01 1.12902536150204957e+00 3.15386762890080274e-01
1.47262155637021552e-01 1.15197062106620440e+00 2.98346451091041742e-01
1.47262155637021552e-01 1.17479104833300796e+00 2.81146032166082249e-01
1.47262155637021552e-01 1.19738140766588552e+00 2.63613066398930673e-01
1.47262155637021552e-01 1.21968384520097550e+00 2.45669326989294196e-01
1.47262155637021552e-01 1.24169528345270286e+00 2.27352172725505036e-01
1.47262155637021552e-01 1.26344407593151242e+00 2.08756686316918877e-01
1.47262155637021552e-01 1.28492792915752663e+00 1.89913779772353575e-01
1.47262155637021552e-01 1.30602588691914234e+00 1.70672233585747624e-01
1.47262155637021552e-01 1.32641973743775110e+00 1.50666806791166119e-01
1.47262155637021552e-01 1.34557005806316421e+00 1.29414292745648252e-01
1.47262155637021552e-01 1.36277817231518927e+00 1.06505323904841243e-01
1.47262155637021552e-01 1.37732916188358212e+00 8.17974840693204419e-02
1.47262155637021552e-01 1.38866935283971116e+00 5.55059319003211107e-02
1.47262155637021552e-01 1.39654797762711147e+00 2.81399787936617227e-02
1.47262155637021552e-01 1.40106320544980334e+00 3.17500890894011198e-04
1.47262155637021552e-01 1.40259477712800451e+00 -2.74465486752580416e-02
1.47262155637021552e-01 1.40165739835873304e+00 -5.48737067390852318e-02
1.47262155637021552e-01 1.39874246345231623e+00 -8.19247782694115800e-02
1.47262155637021552e-01 1.39421285550134999e+00 -1.08694466625268396e-01
1.47262155637021552e-01 1.38828032212928854e+00 -1.35274311762658722e-01
1.47262155637021552e-01 1.38104978025684177e+00 -1.61663645821350344e-01
1.47262155637021552e-01 1.37258628856937048e+00 -1.87765753418807829e-01
1.47262155637021552e-01 1.36296200061156592e+00 -2.13449945069260655e-01
1.47262155637021552e-01 1.35226567607534554e+00 -2.38625615092427579e-01
1.47262155637021552e-01 1.34058603760119244e+00 -2.63278560569213282e-01
1.47262155637021552e-01 1.32799341866125964e+00 -2.87453317111691919e-01
1.47262155637021552e-01 1.31453663751093219e+00 -3.11202163012078814e-01
1.47262155637021552e-01 1.30025420497020683e+00 -3.34538618254798858e-01
1.47262155637021552e-01 1.28518695673104300e+00 -3.57424266310857497e-01
1.47262155637021552e-01 1.26938191682739476e+00 -3.79793460316552534e-01
1.47262155637021552e-01 1.25289008965277993e+00 -4.01598642084949775e-01
1.47262155637021552e-01 1.23577074166222656e+00 -4.22851530452524105e-01
1.47262155637021552e-01 1.21811135741388088e+00 -4.43642641091883894e-01
1.47262155637021552e-01 1.20005753410643390e+00 -4.64135312216243046e-01
1.47262155637021552e-01 1.18183320546465342e+00 -4.84541574750485371e-01
1.47262155637021552e-01 1.16373199748388023e+00 -5.05091508376864673e-01
1.47262155637021552e-01 1.14607773022588799e+00 -5.26006050405616765e-01
1.47262155637021552e-01 1.12917462807793689e+00 -5.47478590008544819e-01
1.47262155637021552e-01 1.11327820046925252e+00 -5.69665489731772889e-01
1.47262155637021552e-01 1.09860600310024181e+00 -5.92681414325369582e-01
1.47262155637021552e-01 1.08537979218812852e+00 -6.16593604671142104e-01
1.47262155637021552e-01 1.07386614885345533e+00 -6.41411609976425323e-01
1.47262155637021552e-01 1.06438020634202291e+00 -6.67075170153285990e-01
1.47262155637021552e-01 1.05724074298244886e+00 -6.93449079704858362e-01
1.47262155637021552e-01 1.05269980128227592e+00 -7.20334083139711812e-01
1.47262155637021552e-01 1.05089186202231732e+00 -7.47493983734204614e-01
1.47262155637021552e-01 1.05183954357361187e+00 -7.74685160544751339e-01
1.47262155637021552e-01 1.05551782518961934e+00 -8.01666074327894274e-01
1.47262155637021552e-01 1.06193886455781761e+00 -8.28171153134680149e-01
1.47262155637021552e-01 1.07120127079931815e+00 -8.53856292415177465e-01
1.47262155637021552e-01 1.08346468619236447e+00 -8.78249614424001623e-01
1.47262155637021552e-01 1.09885363733875785e+00 -9.00751875058213192e-01
1.47262155637021552e-01 1.11733775710726868e+00 -9.20713398230364910e-01
1.47262155637021552e-01 1.13865229633272391e+00 -9.37573897249033505e-01
1.47262155637021552e-01 1.16230336110285259e+00 -9.51010754580241091e-01
1.47262155637021552e-01 1.18765865163637052e+00 -9.61027040375494579e-01
1.47262155637021552e-01 1.21408243358791879e+00 -9.67935187722956725e-01
1.47262155637021552e-01 1.24105608524576705e+00 -9.72243731643494757e-01
1.47262155637021552e-01 1.26823967540843685e+00 -9.74502538186053813e-01
1.47262155637021552e-01 1.29546396520544804e+00 -9.75177411767588653e-01
1.47262155637021552e-01 1.32267494978442812e+00 -9.74599546120491156e-01
1.47262155637021552e-01 1.34986772468237093e+00 -9.72987085497171389e-01
1.47262155637021552e-01 1.37703946304042346e+00 -9.70497075121316999e-01
1.47262155637021552e-01 1.40417179835495864e+00 -9.67260092968325047e-01
1.47262155637021552e-01 1.43123483230611814e+00 -9.63376584032571093e-01
1.47262155637021552e-01 1.45819769897872331e+00 -9.58890586660150368e-01
1.47262155637021552e-01 1.48503451826305244e+00 -9.53775409363229909e-01
1.47262155637021552e-01 1.51172329982247966e+00 -9.47954508020721009e-01
1.47262155637021552e-01 1.53824171036134572e+00 -9.41350463824444872e-01
1.47262155637021552e-01 1.56456442239682580e+00 -9.33930585810574199e-01
1.47262155637021552e-01 1.59066371326455069e+00 -9.25718512030492491e-01
1.47262155637021552e-01 1.61651187386011341e+00 -9.16766220657651232e-01
1.47262155637021552e-01 1.64208327110175389e+00 -9.07110198677471891e-01
1.47262155637021552e-01 1.66735526300534942e+00 -8.96746298988715385e-01
1.47262155637021552e-01 1.69230862656476866e+00 -8.85642007793544850e-01
1.47262155637021552e-01 1.71692827999543662e+00 -8.73775152240564568e-01
1.47262155637021552e-01 1.74120410137888038e+00 -8.61167709498108058e-01
1.47262155637021552e-01 1.76513089200918638e+00 -8.47887842647528367e-01
1.47262155637021552e-01 1.78870692568444811e+00 -8.34018518286892996e-01
1.47262155637021552e-01 1.81193169262416620e+00 -8.19616960531768135e-01
1.47262155637021552e-01 1.83480418548131485e+00 -8.04695601187925380e-01
1.47262155637021552e-01 1.85732259284500101e+00 -7.89237582101599999e-01
1.47262155637021552e-01 1.87948497117573798e+00 -7.73232603669792407e-01
1.47262155637021552e-01 1.90128957980509372e+00 -7.56703599932059379e-01
1.47262155637021552e-01 1.92273395320726848e+00 -7.39703113911543975e-01
1.47262155637021552e-01 1.94381312927368533e+00 -7.22283173212204366e-01
1.47262155637021552e-01 1.96451851159031321e+00 -7.04463798476722802e-01
1.47262155637021552e-01 1.98483858619993625e+00 -6.86226070979839786e-01
1.47262155637021552e-01 2.00476127542241533e+00 -6.67535593960439710e-01
1.47262155637021552e-01 2.02427631433043054e+00 -6.48377551065719260e-01
1.47262155637021552e-01 2.04337592201744123e+00 -6.28775237487749994e-01
1.47262155637021552e-01 2.06205336807783057e+00 -6.08777356798124059e-01
1.47262155637021552e-01 2.08030071283923768e+00 -5.88424663470174969e-01
1.47262155637021552e-01 2.09810761624168940e+00 -5.67723257830309636e-01
1.47262155637021552e-01 2.11546215174069285e+00 -5.46646448242321781e-01
1.47262155637021552e-01 2.13235285485005299e+00 -5.25163842847349960e-01
1.47262155637021552e-01 2.14877022506572501e+00 -5.03273964404807650e-01
1.47262155637021552e-01 2.16470639395605158e+00 -4.81013410260959784e-01
1.47262155637021552e-01 2.18015316192054076e+00 -4.58434353272312578e-01
1.47262155637021552e-01 2.19509974946067166e+00 -4.35568076963301243e-01
1.47262155637021552e-01 2.20953144901554621e+00 -4.12404246680315278e-01
1.47262155637021552e-01 2.22342918428853542e+00 -3.88903543342637270e-01
1.47262155637021552e-01 2.23676901834064079e+00 -3.65034279749857749e-01
1.47262155637021552e-01 2.24952088869991806e+00 -3.40803296634903663e-01
1.47262155637021552e-01 2.26164703030258218e+00 -3.16254750512280358e-01
1.47262155637021552e-01 2.27310133728520292e+00 -2.91435761280967265e-01
1.47262155637021552e-01 2.28383017718564174e+00 -2.66355700724671962e-01
1.47262155637021552e-01 2.29377325549603350e+00 -2.40973607341588819e-01
1.47262155637021552e-01 2.30286188905210043e+00 -2.15228222674478137e-01
1.47262155637021552e-01 2.31101334789072865e+00 -1.89091627395938822e-01
1.47262155637021552e-01 2.31812375332303278e+00 -1.62606186704864347e-01
1.47262155637021552e-01 2.32406587703623080e+00 -1.35873194458529523e-01
1.47262155637021552e-01 2.32869858703443944e+00 -1.08995676671976252e-01
1.47262155637021552e-01 2.33188988650821605e+00 -8.20129400400001346e-02
1.47262155637021552e-01 2.33354737817728841e+00 -5.48742298662572639e-02
1.47262155637021552e-01 2.33364343608510127e+00 -2.74746593800773535e-02
1.63624617374468373e-01 2.31318282319562440e+00 2.82841928964685000e-04
1.63624617374468373e-01 2.31024292897433181e+00 2.80389433536949624e-02
1.63624617374468373e-01 2.30594159802019538e+00 5.60032199415064699e-02
1.63624617374468373e-01 2.30039843616368644e+00 8.39466223400960887e-02
1.63624617374468373e-01 2.29370113735315595e+00 1.11643136848800284e-01
1.63624617374468373e-01 2.28589186111968390e+00 1.38946677403543856e-01
1.63624617374468373e-01 2.27697652614684909e+00 1.65812148506264079e-01
1.63624617374468373e-01 2.26694841609882403e+00 1.92257297633084079e-01
1.63624617374468373e-01 2.25581220970431406e+00 2.18300083726698901e-01
1.63624617374468373e-01 2.24359751582101197e+00 2.43917004791239095e-01
1.63624617374468373e-01 2.23035908969530716e+00 2.69046576164812923e-01
1.63624617374468373e-01 2.21616841164498757e+00 2.93627159413108962e-01
1.63624617374468373e-01 2.20110394872309323e+00 3.17635730785951587e-01
1.63624617374468373e-01 2.18524488724537624e+00 3.41098482632947564e-01
1.63624617374468373e-01 2.16866854699825451e+00 3.64068893847302011e-01
1.63624617374468373e-01 2.15144881480367367e+00 3.86593422165555201e-01
1.63624617374468373e-01 2.13365336669347583e+00 4.08691131617166747e-01
1.63624617374468373e-01 2.11533991226289331e+00 4.30359067280365937e-01
1.63624617374468373e-01 2.09655359079597536e+00 4.51593659994892871e-01
1.63624617374468373e-01 2.07732734556619247e+00 4.72407404821766186e-01
1.63624617374468373e-01 2.05768509991636028e+00 4.92826961156375865e-01
1.63624617374468373e-01 2.03764574951154209e+00 5.12876175149731273e-01
1.63624617374468373e-01 2.01722587174879697e+00 5.32560181678097377e-01
1.63624617374468373e-01 1.99644051678323464e+00 5.51864700504520411e-01
1.63624617374468373e-01 1.97530303844888611e+00 5.70770744535473384e-01
1.63624617374468373e-01 1.95382528174627335e+00 5.89271670422316318e-01
1.63624617374468373e-01 1.93201848015768896e+00 6.07378024994939314e-01
1.63624617374468373e-01 1.90989407427187929e+00 6.25106681497257566e-01
1.63624617374468373e-01 1.88746354862276733e+00 6.42464431764334210e-01
1.63624617374468373e-01 1.86473740099348895e+00 6.59440744432664760e-01
1.63624617374468373e-01 1.84172443022650989e+00 6.76016150316670950e-01
1.63624617374468373e-01 1.81843245785721774e+00 6.92178988779509119e-01
1.63624617374468373e-01 1.79487027704923641e+00 7.07935916770188967e-01
1.63624617374468373e-01 1.77104923090845823e+00 7.23306928352570266e-01
1.63624617374468373e-01 1.74698278299351428e+00 7.38309051439700048e-01
1.63624617374468373e-01 1.72268403499136813e+00 7.52942840352917586e-01
1.63624617374468373e-01 1.69816308308361208e+00 7.67193613238482675e-01
1.63624617374468373e-01 1.67342656057190431e+00 7.81046721387061105e-01
1.63624617374468373e-01 1.64847999222361441e+00 7.94503630924779825e-01
1.63624617374468373e-01 1.62333093649880555e+00 8.07583998349684418e-01
1.63624617374468373e-01 1.59798963783954973e+00 8.20309961111505115e-01
1.63624617374468373e-01 1.57246547251218227e+00 8.32683596032273043e-01
1.63624617374468373e-01 1.54676094766947259e+00 8.44674612771197819e-01
1.63624617374468373e-01 1.52086765459133200e+00 8.56227469743747749e-01
1.63624617374468373e-01 1.49476794750578690e+00 8.67281468826833768e-01
1.63624617374468373e-01 1.46844225165221443e+00 8.77786898489554046e-01
1.63624617374468373e-01 1.44187757965257402e+00 8.87703825719192374e-01
1.63624617374468373e-01 1.41507155269942153e+00 8.96984961810395998e-01
1.63624617374468373e-01 1.38802935313660636e+00 9.05557789302599336e-01
1.63624617374468373e-01 1.36075648099447211e+00 9.13321988683455932e-01
1.63624617374468373e-01 1.33325380277955929e+00 9.20164887061163617e-01
1.63624617374468373e-01 1.30552018644270174e+00 9.25981063555364692e-01
1.63624617374468373e-01 1.27756268355476554e+00 9.30676810531651189e-01
1.63624617374468373e-01 1.24940873026640475e+00 9.34151747078844075e-01
1.63624617374468373e-01 1.22111343159615782e+00 9.36270239748608790e-01
1.63624617374468373e-01 1.19275876821028382e+00 9.36847838704105706e-01
1.63624617374468373e-01 1.16444752540756968e+00 9.35670961437983673e-01
1.63624617374468373e-01 1.13629818388535253e+00 9.32544746544751169e-01
1.63624617374468373e-01 1.10844538225301514e+00 9.27341130176203121e-01
1.63624617374468373e-01 1.08104561519397069e+00 9.20014812738346843e-01
1.63624617374468373e-01 1.05428411687297596e+00 9.10574146447660437e-01
1.63624617374468373e-01 1.02837968055675932e+00 8.99024719537327321e-01
1.63624617374468373e-01 1.00358830776862673e+00 8.85324000284203771e-01
1.63624617374468373e-01 9.80209086429850385e-01 8.69380763215487962e-01
1.63624617374468373e-01 9.58592198291557840e-01 8.51105647923325326e-01
1.63624617374468373e-01 9.39140395794437199e-01 8.30487378336220439e-01
1.63624617374468373e-01 9.22288667844908039e-01 8.07653748913091163e-01
1.63624617374468373e-01 9.08450481165153034e-01 7.82886275650738872e-01
1.63624617374468373e-01 8.97935441212996177e-01 7.56583955632416427e-01
1.63624617374468373e-01 8.90865053519302785e-01 7.29196597126011037e-01
1.63624617374468373e-01 8.87126244634430350e-01 7.01157279145819157e-01
1.63624617374468373e-01 8.86394536966951585e-01 6.72835425488762517e-01
1.63624617374468373e-01 8.88229988076133736e-01 6.44516946297394311e-01
1.63624617374468373e-01 8.92212918246666153e-01 6.16407545884557817e-01
1.63624617374468373e-01 8.98063586181388818e-01 5.88653291293303238e-01
1.63624617374468373e-01 9.05694946675650536e-01 5.61373562062527420e-01
1.63624617374468373e-01 9.15179253627787626e-01 5.34698613253172805e-01
1.63624617374468373e-01 9.26650489152834322e-01 5.08797014716969032e-01
1.63624617374468373e-01 9.40192665750429035e-01 4.83875065542398841e-01
1.63624617374468373e-01 9.55764491364857416e-01 4.60139344041518294e-01
1.63624617374468373e-01 9.73185965230618177e-01 4.37734075200972184e-01
1.63624617374468373e-01 9.92178732067075853e-01 4.16684435023533251e-01
1.63624617374468373e-01 1.01242902193429241e+00 3.96879266576464051e-01
1.63624617374468373e-01 1.03364015194835956e+00 3.78105989071763071e-01
1.63624617374468373e-01 1.05555714113170818e+00 3.60118191387212905e-01
1.63624617374468373e-01 1.07796587675951616e+00 3.42695163046040085e-01
1.63624617374468373e-01 1.10068103618308788e+00 3.25659623082329541e-01
1.63624617374468373e-01 1.12353661514216085e+00 3.08852278800154756e-01
1.63624617374468373e-01 1.14638525050998008e+00 2.92096372274919802e-01
1.63624617374468373e-01 1.16910516778582174e+00 2.75194633413688605e-01
1.63624617374468373e-01 1.19161032922500487e+00 2.57974836288437148e-01
1.63624617374468373e-01 1.21385844745202065e+00 2.40355601653577916e-01
1.63624617374468373e-01 1.23584958868261863e+00 2.22375370369142511e-01
1.63624617374468373e-01 1.25760543282431780e+00 2.04140892914667332e-01
1.63624617374468373e-01 1.27912100656424266e+00 1.85704075745061148e-01
1.63624617374468373e-01 1.30029198550194414e+00 1.66933924824499147e-01
1.63624617374468373e-01 1.32083976408183656e+00 1.47471167765751726e-01
1.63624617374468373e-01 1.34027254522028816e+00 1.26816114987422596e-01
1.63624617374468373e-01 1.35791943656520364e+00 1.04523493233245293e-01
1.63624617374468373e-01 1.37304915552954987e+00 8.04087647501389030e-02
1.63624617374468373e-01 1.38504401723846637e+00 5.46547127567021188e-02
1.63624617374468373e-01 1.39356518997161660e+00 2.77578583679611093e-02
1.63624617374468373e-01 1.39863919390444802e+00 3.41936545703822774e-04
1.63624617374468373e-01 1.40062618422427687e+00 -2.70632213156283274e-02
1.63624617374468373e-01 1.40008388014387353e+00 -5.41668605950537951e-02
1.63624617374468373e-01 1.39758839095600251e+00 -8.09271033296254383e-02
1.63624617374468373e-01 1.39358835474279874e+00 -1.07445511736643212e-01
1.63624617374468373e-01 1.38834432612463354e+00 -1.33824952569005118e-01
1.63624617374468373e-01 1.38195724130205555e+00 -1.60074588963061148e-01
1.63624617374468373e-01 1.37444692835817328e+00 -1.86102182543313066e-01
1.63624617374468373e-01 1.36582721492684800e+00 -2.11774954097453477e-01
1.63624617374468373e-01 1.35614177221078225e+00 -2.36994135034964054e-01
1.63624617374468373e-01 1.34545809161374619e+00 -2.61732809945508238e-01
1.63624617374468373e-01 1.33384251619799854e+00 -2.86020976327777177e-01
1.63624617374468373e-01 1.32134282371816414e+00 -3.09898450527609393e-01
1.63624617374468373e-01 1.30798964263166884e+00 -3.33371939941282669e-01
1.63624617374468373e-01 1.29380962531140242e+00 -3.56402381691525050e-01
1.63624617374468373e-01 1.27883665334642038e+00 -3.78925323082290155e-01
1.63624617374468373e-01 1.26311529348581630e+00 -4.00888569032197717e-01
1.63624617374468373e-01 1.24670336920127189e+00 -4.22287231303080712e-01
1.63624617374468373e-01 1.22968463006082240e+00 -4.43183899566899520e-01
1.63624617374468373e-01 1.21219316857308579e+00 -4.63711511479963812e-01
1.63624617374468373e-01 1.19443622692981877e+00 -4.84061767879465754e-01
1.63624617374468373e-01 1.17669542391220405e+00 -5.04462718419737777e-01
1.63624617374468373e-01 1.15929655266985465e+00 -5.25149583802747566e-01
1.63624617374468373e-01 1.14255966884480054e+00 -5.46335188536741345e-01
1.63624617374468373e-01 1.12675823329306790e+00 -5.68188111748732738e-01
1.63624617374468373e-01 1.11211394006570607e+00 -5.90823824553528665e-01
1.63624617374468373e-01 1.09883123176311681e+00 -6.14306502725100900e-01
1.63624617374468373e-01 1.08714690781578383e+00 -6.38652322968431663e-01
1.63624617374468373e-01 1.07735641386516923e+00 -6.63825579106659180e-01
1.63624617374468373e-01 1.06979116519459638e+00 -6.89728010165103766e-01
1.63624617374468373e-01 1.06475389684768817e+00 -7.16192156985608896e-01
1.63624617374468373e-01 1.06244983319837272e+00 -7.42990984153412914e-01
1.63624617374468373e-01 1.06295838539756371e+00 -7.69864246180865464e-01
1.63624617374468373e-01 1.06626643898185791e+00 -7.96544783953149871e-01
1.63624617374468373e-01 1.07234427671282395e+00 -8.22760358028270633e-01
1.63624617374468373e-01 1.08121494405257379e+00 -8.48199479546894342e-01
1.63624617374468373e-01 1.09296809845130349e+00 -8.72458432019952657e-01
1.63624617374468373e-01 1.10770129661699590e+00 -8.95011732550176853e-01
1.63624617374468373e-01 1.12541593118464500e+00 -9.15248115873426249e-01
1.63624617374468373e-01 1.14592429306982857e+00 -9.32582248636292466e-01
1.63624617374468373e-01 1.16882073608098591e+00 -9.46605200702312022e-01
1.63624617374468373e-01 1.19353634771879724e+00 -9.57204677050992658e-01
1.63624617374468373e-01 1.21945346786714359e+00 -9.64593004717424596e-01
1.63624617374468373e-01 1.24602867446762833e+00 -9.69226191141946747e-01
1.63624617374468373e-01 1.27287428728900287e+00 -9.71654298029508423e-01
1.63624617374468373e-01 1.29977472996926235e+00 -9.72376322154668959e-01
1.63624617374468373e-01 1.32664753501965471e+00 -9.71761554312970399e-01
1.63624617374468373e-01 1.35348049654154567e+00 -9.70053184870800278e-01
1.63624617374468373e-01 1.38027757443366794e+00 -9.67420669564973523e-01
1.63624617374468373e-01 1.40703104196888518e+00 -9.64007134392551923e-01
1.63624617374468373e-01 1.43371845549237764e+00 -9.59936882847867157e-01
1.63624617374468373e-01 1.46031163017361254e+00 -9.55288014468197000e-01
1.63624617374468373e-01 1.48678472190161526e+00 -9.50065001077841087e-01
1.63624617374468373e-01 1.51311574388412473e+00 -9.44204614275562903e-01
1.63624617374468373e-01 1.53928329308694511e+00 -9.37619693225321349e-01
1.63624617374468373e-01 1.56526315811266170e+00 -9.30253350836232396e-01
1.63624617374468373e-01 1.59102775197680280e+00 -9.22106751035366212e-01
1.63624617374468373e-01 1.61654808005751649e+00 -9.13223388894727539e-01
1.63624617374468373e-01 1.64179624693996917e+00 -9.03645617676886115e-01
1.63624617374468373e-01 1.66674705616006902e+00 -8.93379076941012262e-01
1.63624617374468373e-01 1.69137870259716894e+00 -8.82392558394238691e-01
1.63624617374468373e-01 1.71567325471977972e+00 -8.70651824505988103e-01
1.63624617374468373e-01 1.73961717264597437e+00 -8.58159166888391112e-01
1.63624617374468373e-01 1.76320137916261466e+00 -8.44966793105236813e-01
1.63624617374468373e-01 1.78642038265440606e+00 -8.31153604692646875e-01
1.63624617374468373e-01 1.80927069985096045e+00 -8.16783948665897097e-01
1.63624617374468373e-01 1.83174949932122466e+00 -8.01880443732825188e-01
1.63624617374468373e-01 1.85385419118591122e+00 -7.86430800463265745e-01
1.63624617374468373e-01 1.87558273694992295e+00 -7.70421040582594641e-01
1.63624617374468373e-01 1.89693367731586582e+00 -7.53866922390275307e-01
1.63624617374468373e-01 1.91790510431433048e+00 -7.36817911189765140e-01
1.63624617374468373e-01 1.93849291334674279e+00 -7.19331102800779276e-01
1.63624617374468373e-01 1.95868963898430493e+00 -7.01437141164081401e-01
1.63624617374468373e-01 1.97848501977547286e+00 -6.83126473910081966e-01
1.63624617374468373e-01 1.99786815557903963e+00 -6.64367427031676949e-01
1.63624617374468373e-01 2.01682978140399083e+00 -6.45141483443540720e-01
1.63624617374468373e-01 2.03536299447973290e+00 -6.25467105162268111e-01
1.63624617374468373e-01 2.05346198844589845e+00 -6.05392828517155146e-01
1.63624617374468373e-01 2.07111997940884596e+00 -5.84965490658016285e-01
1.63624617374468373e-01 2.08832814813160272e+00 -5.64199811348099711e-01
1.63624617374468373e-01 2.10507649056518797e+00 -5.43074491980773066e-01
1.63624617374468373e-01 2.12135575828708589e+00 -5.21558251644702819e-01
1.63624617374468373e-01 2.13715868347612847e+00 -4.99644460837896820e-01
1.63624617374468373e-01 2.15247930412465704e+00 -4.77365578741365260e-01
1.63624617374468373e-01 2.16731088017059692e+00 -4.54774857057020032e-01
1.63624617374468373e-01 2.18164408074508298e+00 -4.31909776702952053e-01
1.63624617374468373e-01 2.19546668192384953e+00 -4.08767347694663385e-01
1.63624617374468373e-01 2.20876429097870286e+00 -3.85312424252339081e-01
1.63624617374468373e-01 2.22152023247537711e+00 -3.61513196498269629e-01
1.63624617374468373e-01 2.23371315959658334e+00 -3.37374755200722687e-01
1.63624617374468373e-01 2.24531305684636129e+00 -3.12941628826483187e-01
1.63624617374468373e-01 2.25627824126890486e+00 -2.88264698623665550e-01
1.63624617374468373e-01 2.26655570859941724e+00 -2.63358012796916230e-01
1.63624617374468373e-01 2.27608440212356822e+00 -2.38182158151057366e-01
1.63624617374468373e-01 2.28479779409411687e+00 -2.12672409530433731e-01
1.63624617374468373e-01 2.29262162262791769e+00 -1.86794596857986384e-01
1.63624617374468373e-01 2.29946616480340538e+00 -1.60586691782270946e-01
1.63624617374468373e-01 2.30521819443730847e+00 -1.34150361118544170e-01
1.63624617374468373e-01 2.30974144283703176e+00 -1.07591858470493573e-01
1.63624617374468373e-01 2.31289220919065341e+00 -8.09506898168427108e-02
1.63624617374468373e-01 2.31454873336879441e+00 -5.41679800113677376e-02
1.63624617374468373e-01 2.31464347360022815e+00 -2.71225775137255778e-02
1.79987079111915221e-01 2.29406664608136923e+00 2.96484318592711799e-04
1.79987079111915221e-01 2.29107815936990944e+00 2.77464143572289067e-02
1.79987079111915221e-01 2.28666616708940884e+00 5.54214948703081953e-02
1.79987079111915221e-01 2.28095982595601043e+00 8.30765305363678347e-02
1.79987079111915221e-01 2.27406923205972911e+00 1.10468785580896220e-01
1.79987079111915221e-01 2.26606166729349567e+00 1.37443964434198040e-01
1.79987079111915221e-01 2.25696301428704027e+00 1.63961310925238496e-01
1.79987079111915221e-01 2.24677853935245597e+00 1.90052027452006028e-01
1.79987079111915221e-01 2.23551849995976948e+00 2.15748326117203515e-01
1.79987079111915221e-01 2.22321478877883960e+00 2.41034265556614030e-01
1.79987079111915221e-01 2.20992309056731617e+00 2.65847297482013190e-01
1.79987079111915221e-01 2.19571444078510503e+00 2.90120204088097466e-01
1.79987079111915221e-01 2.18066464238305802e+00 3.13826207330257734e-01
1.79987079111915221e-01 2.16484799426648555e+00 3.36993162930396495e-01
1.79987079111915221e-01 2.14833620106179390e+00 3.59680123883781178e-01
1.79987079111915221e-01 2.13119897612275899e+00 3.81938276023561563e-01
1.79987079111915221e-01 2.11350260456222738e+00 4.03786848558641220e-01
1.79987079111915221e-01 2.09530581329416066e+00 4.25218965243143454e-01
1.79987079111915221e-01 2.07665549175634778e+00 4.46227230110004980e-01
1.79987079111915221e-01 2.05758538618096098e+00 4.66824675973375236e-01
1.79987079111915221e-01 2.03811868663135076e+00 4.87043518470363868e-01
1.79987079111915221e-01 2.01827260347859205e+00 5.06914481026002228e-01
1.79987079111915221e-01 1.99806199537094020e+00 5.26445694584875779e-01
1.79987079111915221e-01 1.97750048820205993e+00 5.45619414081559895e-01
1.79987079111915221e-01 1.95659984566671752e+00 5.64408846032579459e-01
1.79987079111915221e-01 1.93536953831824055e+00 5.82800373786746984e-01
1.79987079111915221e-01 1.91381767101609257e+00 6.00802595426450758e-01
1.79987079111915221e-01 1.89195267214067786e+00 6.18435470038880997e-01
1.79987079111915221e-01 1.86978420137499102e+00 6.35709914513041152e-01
1.79987079111915221e-01 1.84732246889072305e+00 6.52615917645736898e-01
1.79987079111915221e-01 1.82457678178653127e+00 6.69129430079717924e-01
1.79987079111915221e-01 1.80155498909310996e+00 6.85231942057846211e-01
1.79987079111915221e-01 1.77826466957066565e+00 7.00925795107411487e-01
1.79987079111915221e-01 1.75471512245468064e+00 7.16232034909180193e-01
1.79987079111915221e-01 1.73091820404838259e+00 7.31172661405772861e-01
1.79987079111915221e-01 1.70688690266156606e+00 7.45752585515120692e-01
1.79987079111915221e-01 1.68263262078947196e+00 7.59956952150662834e-01
1.79987079111915221e-01 1.65816352322672955e+00 7.73766319277853443e-01
1.79987079111915221e-01 1.63348554426228287e+00 7.87176556772702929e-01
1.79987079111915221e-01 1.60860516087280558e+00 8.00205536919398441e-01
1.79987079111915221e-01 1.58353098777489265e+00 8.12879060375674367e-01
1.79987079111915221e-01 1.55827170026459005e+00 8.25205600074564449e-01
1.79987079111915221e-01 1.53283077769236487e+00 8.37159092090558721e-01
1.79987079111915221e-01 1.50720177518313658e+00 8.48682908268355463e-01
1.79987079111915221e-01 1.48136839149897059e+00 8.59711089944591444e-01
1.79987079111915221e-01 1.45531055213332006e+00 8.70188942035437285e-01
1.79987079111915221e-01 1.42901313809066011e+00 8.80075887339459517e-01
1.79987079111915221e-01 1.40247153816448966e+00 8.89328570310598199e-01
1.79987079111915221e-01 1.37569020940217879e+00 8.97879033615168964e-01
1.79987079111915221e-01 1.34867575802635864e+00 9.05627046867613528e-01
1.79987079111915221e-01 1.32143071191885753e+00 9.12453318654915635e-01
1.79987079111915221e-01 1.29395435413177640e+00 9.18241451969833977e-01
1.79987079111915221e-01 1.26625225027684674e+00 9.22887358306033967e-01
1.79987079111915221e-01 1.23834986864896024e+00 9.26284326341336728e-01
1.79987079111915221e-01 1.21030272711548692e+00 9.28293552462873262e-01
1.79987079111915221e-01 1.18219810483560495e+00 9.28726187181881269e-01
1.79987079111915221e-01 1.15414944598352376e+00 9.27359174989755952e-01
1.79987079111915221e-01 1.12628933223072347e+00 9.23983939522003528e-01
1.79987079111915221e-01 1.09876671167865414e+00 9.18460853862205329e-01
1.79987079111915221e-01 1.07174958516387053e+00 9.10743879063773409e-01
1.79987079111915221e-01 1.04542986877981647e+00 9.00857155213508287e-01
1.79987079111915221e-01 1.02002678014976333e+00 8.88837763669524494e-01
1.79987079111915221e-01 9.95788833866844025e-01 8.74683470816100206e-01
1.79987079111915221e-01 9.72997874306771315e-01 8.58342950025249074e-01
1.79987079111915221e-01 9.51976438267942426e-01 8.39758994492916577e-01
1.79987079111915221e-01 9.33091706085155126e-01 8.18941044392606288e-01
1.79987079111915221e-01 9.16741524200284097e-01 7.96025120012782139e-01
1.79987079111915221e-01 9.03309323418150845e-01 7.71288181489121150e-01
1.79987079111915221e-01 8.93089334811818070e-01 7.45111998829452227e-01
1.79987079111915221e-01 8.86205417309309351e-01 7.17918685830776671e-01
1.79987079111915221e-01 8.82561978993357310e-01 6.90109296505144632e-01
1.79987079111915221e-01 8.81860591342581324e-01 6.62026293427107615e-01
1.79987079111915221e-01 8.83688718816401320e-01 6.33942301727482893e-01
1.79987079111915221e-01 8.87650244182238812e-01 6.06066042184952747e-01
1.79987079111915221e-01 8.93482466109955964e-01 5.78557060596231021e-01
1.79987079111915221e-01 9.01107493722947961e-01 5.51547166464072092e-01
1.79987079111915221e-01 9.10597701639052959e-01 5.25167724433754257e-01
1.79987079111915221e-01 9.22077768231895467e-01 4.99574642289422444e-01
1.79987079111915221e-01 9.35615233501535970e-01 4.74954736051372395e-01
1.79987079111915221e-01 9.51151241379575740e-01 4.51499859241356882e-01
1.79987079111915221e-01 9.68495427002925235e-01 4.29352543347871818e-01
1.79987079111915221e-01 9.87372403116691388e-01 4.08548751665571863e-01
1.79987079111915221e-01 1.00748420949643847e+00 3.88992025275549602e-01
1.79987079111915221e-01 1.02855476785918620e+00 3.70478234864987321e-01
1.79987079111915221e-01 1.05034314026811026e+00 3.52758684031817427e-01
1.79987079111915221e-01 1.07263531747168361e+00 3.35603561182522991e-01
1.79987079111915221e-01 1.09523413237337786e+00 3.18828379847509558e-01
1.79987079111915221e-01 1.11796035251718573e+00 3.02275042575020469e-01
1.79987079111915221e-01 1.14066398998194996e+00 2.85775812143089114e-01
1.79987079111915221e-01 1.16323584748725950e+00 2.69143611988200415e-01
1.79987079111915221e-01 1.18561096097014551e+00 2.52210834709658771e-01
1.79987079111915221e-01 1.20776316492460056e+00 2.34894402505841565e-01
1.79987079111915221e-01 1.22969399231931198e+00 2.17231178447792106e-01
1.79987079111915221e-01 1.25141489431419028e+00 1.99335056871500299e-01
1.79987079111915221e-01 1.27291463700328333e+00 1.81276978300700747e-01
1.79987079111915221e-01 1.29410463542439369e+00 1.62950278333097609e-01
1.79987079111915221e-01 1.31474991958296972e+00 1.44011557222211095e-01
1.79987079111915221e-01 1.33441558434275609e+00 1.23955842218180720e-01
1.79987079111915221e-01 1.35247068604714871e+00 1.02308131153370119e-01
1.79987079111915221e-01 1.36817817862186630e+00 7.88386357005727151e-02
1.79987079111915221e-01 1.38086058576168158e+00 5.36858591347000938e-02
1.79987079111915221e-01 1.39008595840953175e+00 2.73180852990865253e-02
1.79987079111915221e-01 1.39579554371159187e+00 3.52940618942327179e-04
1.79987079111915221e-01 1.39831209976914006e+00 -2.66683868445060542e-02
1.79987079111915221e-01 1.39822070176329882e+00 -5.34374469704634106e-02
1.79987079111915221e-01 1.39617416093886892e+00 -7.98990899705232654e-02
1.79987079111915221e-01 1.39270863308086668e+00 -1.06151451242473369e-01
1.79987079111915221e-01 1.38814290423553621e+00 -1.32303022733228387e-01
1.79987079111915221e-01 1.38258589585536451e+00 -1.58373022158366600e-01
1.79987079111915221e-01 1.37602129489310965e+00 -1.84278366577415809e-01
1.79987079111915221e-01 1.36840779195028373e+00 -2.09890453078172834e-01
1.79987079111915221e-01 1.35974183164523543e+00 -2.35107527359550622e-01
1.79987079111915221e-01 1.35006550698987726e+00 -2.59892523179329593e-01
1.79987079111915221e-01 1.33943868981157821e+00 -2.84260679104005709e-01
1.79987079111915221e-01 1.32790918318481599e+00 -3.08237307985715803e-01
1.79987079111915221e-01 1.31550347684966740e+00 -3.31820111532785955e-01
1.79987079111915221e-01 1.30223779455485000e+00 -3.54968795669208192e-01
1.79987079111915221e-01 1.28813414246365543e+00 -3.77622137108096723e-01
1.79987079111915221e-01 1.27322871342380051e+00 -3.99727456949004800e-01
1.79987079111915221e-01 1.25757403939860524e+00 -4.21267418873321198e-01
1.79987079111915221e-01 1.24124650324907293e+00 -4.42278117868900533e-01
1.79987079111915221e-01 1.22436666878742462e+00 -4.62859180516429825e-01
1.79987079111915221e-01 1.20712454612638087e+00 -4.83175616368439032e-01
1.79987079111915221e-01 1.18978959015582242e+00 -5.03446880907690075e-01
1.79987079111915221e-01 1.17268902004986053e+00 -5.23919380140206670e-01
1.79987079111915221e-01 1.15615821412302933e+00 -5.44827241376773963e-01
1.79987079111915221e-01 1.14048934826952775e+00 -5.66356072251953724e-01
1.79987079111915221e-01 1.12591087702132708e+00 -5.88625520987626771e-01
1.79987079111915221e-01 1.11261306477748256e+00 -6.11695037643596451e-01
1.79987079111915221e-01 1.10080349888439621e+00 -6.35580927481186442e-01
1.79987079111915221e-01 1.09075310960351568e+00 -6.60265106124092949e-01
1.79987079111915221e-01 1.08279574882770890e+00 -6.85684641182307764e-01
1.79987079111915221e-01 1.07727342245946689e+00 -7.11710234870581160e-01
1.79987079111915221e-01 1.07445627598607207e+00 -7.38135160922145150e-01
1.79987079111915221e-01 1.07448595689273430e+00 -7.64690698537543123e-01
1.79987079111915221e-01 1.07737845203336668e+00 -7.91081851553961823e-01
1.79987079111915221e-01 1.08308489617441972e+00 -8.17015714566140083e-01
1.79987079111915221e-01 1.09157053233550161e+00 -8.42194283012853706e-01
1.79987079111915221e-01 1.10285846434545864e+00 -8.66269195033410044e-01
1.79987079111915221e-01 1.11700553713111161e+00 -8.88791590311657997e-01
1.79987079111915221e-01 1.13401975138656019e+00 -9.09208188602317335e-01
1.79987079111915221e-01 1.15376555756096333e+00 -9.26936397902137110e-01
1.79987079111915221e-01 1.17591244992410071e+00 -9.41503677024843943e-01
1.79987079111915221e-01 1.19995884795646179e+00 -9.52689664420021121e-01
1.79987079111915221e-01 1.22532269142204431e+00 -9.60596956239396338e-01
1.79987079111915221e-01 1.25145699540412547e+00 -9.65609913137609577e-01
1.79987079111915221e-01 1.27794070186112441e+00 -9.68261196505100674e-01
1.79987079111915221e-01 1.30451371898406276e+00 -9.69074457372120612e-01
1.79987079111915221e-01 1.33105595977963298e+00 -9.68457634924992372e-01
1.79987079111915221e-01 1.35753469730169285e+00 -9.66682580519362844e-01
1.79987079111915221e-01 1.38395105869408197e+00 -9.63931173259205742e-01
1.79987079111915221e-01 1.41030604304822593e+00 -9.60353425262447491e-01
1.79987079111915221e-01 1.43658944251832077e+00 -9.56089986468473541e-01
1.79987079111915221e-01 1.46278277346655461e+00 -9.51250074279042734e-01
1.79987079111915221e-01 1.48886494803131053e+00 -9.45874765843484511e-01
1.79987079111915221e-01 1.51481450414239216e+00 -9.39926068788989655e-01
1.79987079111915221e-01 1.54060855686345488e+00 -9.33319066153335930e-01
1.79987079111915221e-01 1.56622151590079239e+00 -9.25978336735803320e-01
1.79987079111915221e-01 1.59162552616671649e+00 -9.17879953078934996e-01
1.79987079111915221e-01 1.61679216551535587e+00 -9.09051593233317523e-01
1.79987079111915221e-01 1.64169387653390642e+00 -8.99535625595396127e-01
1.79987079111915221e-01 1.66630446626548778e+00 -8.89347387406876022e-01
1.79987079111915221e-01 1.69059934914617971e+00 -8.78462173166106752e-01
1.79987079111915221e-01 1.71455646322786670e+00 -8.66839767002230865e-01
1.79987079111915221e-01 1.73815779852380636e+00 -8.54465068172071796e-01
1.79987079111915221e-01 1.76139043088326019e+00 -8.41371411112937229e-01
1.79987079111915221e-01 1.78424604208399185e+00 -8.27628164461357341e-01
1.79987079111915221e-01 1.80671909761876615e+00 -8.13303161334618330e-01
1.79987079111915221e-01 1.82880497476388659e+00 -7.98429966078930908e-01
1.79987079111915221e-01 1.85049926265432241e+00 -7.83004830332993063e-01
1.79987079111915221e-01 1.87179823711556148e+00 -7.67013454459082089e-01
1.79987079111915221e-01 1.89269932349243364e+00 -7.50463841770847018e-01
1.79987079111915221e-01 1.91320037975457691e+00 -7.33397727857809656e-01
1.79987079111915221e-01 1.93329789149669518e+00 -7.15871721803318373e-01
1.79987079111915221e-01 1.95298548212659506e+00 -6.97924628783675338e-01
1.79987079111915221e-01 1.97225419107789413e+00 -6.79558605818689543e-01
1.79987079111915221e-01 1.99109457789743516e+00 -6.60749953223239483e-01
1.79987079111915221e-01 2.00949906620321661e+00 -6.41480559393731609e-01
1.79987079111915221e-01 2.02746258289494952e+00 -6.21763876011750871e-01
1.79987079111915221e-01 2.04498092913403440e+00 -6.01643919726601029e-01
1.79987079111915221e-01 2.06204831382525633e+00 -5.81168282747073772e-01
1.79987079111915221e-01 2.07865630883478980e+00 -5.60357840905831739e-01
1.79987079111915221e-01 2.09479530782176937e+00 -5.39198728465423938e-01
1.79987079111915221e-01 2.11045732316490442e+00 -5.17663663145219388e-01
1.79987079111915221e-01 2.12563762050555294e+00 -4.95745037811712419e-01
1.79987079111915221e-01 2.14033355865645936e+00 -4.73471881440815090e-01
1.79987079111915221e-01 2.15454143448439250e+00 -4.50895759220301062e-01
1.79987079111915221e-01 2.16825398358928645e+00 -4.28056609832387081e-01
1.79987079111915221e-01 2.18146064930932893e+00 -4.04956971865284954e-01
1.79987079111915221e-01 2.19415004050087514e+00 -3.81567019997120449e-01
1.79987079111915221e-01 2.20631144803009116e+00 -3.57857447563066478e-01
1.79987079111915221e-01 2.21793236807553118e+00 -3.33833047266284488e-01
1.79987079111915221e-01 2.22899209249091967e+00 -3.09537403558781288e-01
1.79987079111915221e-01 2.23945521266523961e+00 -2.85021856589296685e-01
1.79987079111915221e-01 2.24926993522556495e+00 -2.60302391106872089e-01
1.79987079111915221e-01 2.25837287924969488e+00 -2.35341260577033723e-01
1.79987079111915221e-01 2.26669654103256191e+00 -2.10073450818978352e-01
1.79987079111915221e-01 2.27417232787078705e+00 -1.84462645279263732e-01
1.79987079111915221e-01 2.28072443865481533e+00 -1.58544520949104734e-01
1.79987079111915221e-01 2.28625724606460023e+00 -1.32419618956351681e-01
1.79987079111915221e-01 2.29064623121143951e+00 -1.06193228682998381e-01
1.79987079111915221e-01 2.29374391927494292e+00 -7.99009361269347185e-02
1.79987079111915221e-01 2.29540519178538993e+00 -5.34744238012311995e-02
1.79987079111915221e-01 2.29552431116745659e+00 -2.67786647454049849e-02
1.96349540849362070e-01 2.27519911075909720e+00 3.15345487802621888e-04
1.96349540849362070e-01 2.27220833154748725e+00 2.74686738291044542e-02
1.96349540849362070e-01 2.26773634588295891e+00 5.48602498869083938e-02
1.96349540849362070e-01 2.26191261802301113e+00 8.22266918162645466e-02
1.96349540849362070e-01 2.25486362393806417e+00 1.09308383780689036e-01
1.96349540849362070e-01 2.24668023659256511e+00 1.35943887089896021e-01
1.96349540849362070e-01 2.23741044120304977e+00 1.62098299972726845e-01
1.96349540849362070e-01 2.22707521190831814e+00 1.87817770736271927e-01
1.96349540849362070e-01 2.21569365524650141e+00 2.13150026093577388e-01
1.96349540849362070e-01 2.20330175313448517e+00 2.38087535914457665e-01
1.96349540849362070e-01 2.18995666892973073e+00 2.62566899593575098e-01
1.96349540849362070e-01 2.17572916193006005e+00 2.86514831281442950e-01
1.96349540849362070e-01 2.16069290504212175e+00 3.09899964114717763e-01
1.96349540849362070e-01 2.14491832833946683e+00 3.32751333631616519e-01
1.96349540849362070e-01 2.12847257130800083e+00 3.55134013171209351e-01
1.96349540849362070e-01 2.11142167851697060e+00 3.77105239856156904e-01
1.96349540849362070e-01 2.09383025816969903e+00 3.98685829918138779e-01
1.96349540849362070e-01 2.07575720807480346e+00 4.19865504549024104e-01
1.96349540849362070e-01 2.05725025665321226e+00 4.40632197739173170e-01
1.96349540849362070e-01 2.03834338610065835e+00 4.60997777818557997e-01
1.96349540849362070e-01 2.01905893086254018e+00 4.80998603631801136e-01
1.96349540849362070e-01 1.99941256664024536e+00 5.00672085524381361e-01
1.96349540849362070e-01 1.97941762348689587e+00 5.20030362727655682e-01
1.96349540849362070e-01 1.95908642779005149e+00 5.39053464418514872e-01
1.96349540849362070e-01 1.93842926759164125e+00 5.57707108416142461e-01
1.96349540849362070e-01 1.91745344446826449e+00 5.75969749387046925e-01
1.96349540849362070e-01 1.89616424590494259e+00 5.93846615497281238e-01
1.96349540849362070e-01 1.87456740055886706e+00 6.11360243769728529e-01
1.96349540849362070e-01 1.85267091383696014e+00 6.28526912651180547e-01
1.96349540849362070e-01 1.83048466406841448e+00 6.45339625236605707e-01
1.96349540849362070e-01 1.80801824549824786e+00 6.61771934311393917e-01
1.96349540849362070e-01 1.78527923617693163e+00 6.77798824896200358e-01
1.96349540849362070e-01 1.76227370843054576e+00 6.93416525608257506e-01
1.96349540849362070e-01 1.73900867105931267e+00 7.08644426542613393e-01
1.96349540849362070e-01 1.71549420006266895e+00 7.23507803868268295e-01
1.96349540849362070e-01 1.69174312737626797e+00 7.38016451811665974e-01
1.96349540849362070e-01 1.66776831358851108e+00 7.52157688071316888e-01
1.96349540849362070e-01 1.64357979592279912e+00 7.65909710049311188e-01
1.96349540849362070e-01 1.61918431393561990e+00 7.79263520358022266e-01
1.96349540849362070e-01 1.59458749589908955e+00 7.92233688017757620e-01
1.96349540849362070e-01 1.56979624233892712e+00 8.04846972270503724e-01
1.96349540849362070e-01 1.54481817528565646e+00 8.17116185124001082e-01
1.96349540849362070e-01 1.51965737967058567e+00 8.29019308640745578e-01
1.96349540849362070e-01 1.49430927671963620e+00 8.40500087778329186e-01
1.96349540849362070e-01 1.46875916170489074e+00 8.51488987154420340e-01
1.96349540849362070e-01 1.44298684356823803e+00 8.61926812915165486e-01
1.96349540849362070e-01 1.41697521521312497e+00 8.71771324403583403e-01
1.96349540849362070e-01 1.39071711838206657e+00 8.80981599444270791e-01
1.96349540849362070e-01 1.36421567059553617e+00 8.89493772815840966e-01
1.96349540849362070e-01 1.33747814352371241e+00 8.97209058214382238e-01
1.96349540849362070e-01 1.31050890348921212e+00 9.04004158189400830e-01
1.96349540849362070e-01 1.28330848101431449e+00 9.09754058779475239e-01
1.96349540849362070e-01 1.25588197060382800e+00 9.14345055089644920e-01
1.96349540849362070e-01 1.22825337884820884e+00 9.17663063330470541e-01
1.96349540849362070e-01 1.20047821861839488e+00 9.19564291959606761e-01
1.96349540849362070e-01 1.17264789905537015e+00 9.19854424844146923e-01
1.96349540849362070e-01 1.14488522095636336e+00 9.18301650792459845e-01
1.96349540849362070e-01 1.11733596423007731e+00 9.14686207980266786e-01
1.96349540849362070e-01 1.09016283032070871e+00 9.08860488113530707e-01
1.96349540849362070e-01 1.06354443852700653e+00 9.00781403045535223e-01
1.96349540849362070e-01 1.03767739563254513e+00 8.90491967739115209e-01
1.96349540849362070e-01 1.01277812486164120e+00 8.78062711015756170e-01
1.96349540849362070e-01 9.89084090933186832e-01 8.63531895658614213e-01
1.96349540849362070e-01 9.66857483166446707e-01 8.46885803830451755e-01
1.96349540849362070e-01 9.46393076399560162e-01 8.28094232266385899e-01
1.96349540849362070e-01 9.28024582318568436e-01 8.07179952141878654e-01
1.96349540849362070e-01 9.12115662634325752e-01 7.84279381103075268e-01
1.96349540849362070e-01 8.99021749845721363e-01 7.59658938366841285e-01
1.96349540849362070e-01 8.89021931594902504e-01 7.33680583862702629e-01
1.96349540849362070e-01 8.82241625356846249e-01 7.06739447615996386e-01
1.96349540849362070e-01 8.78602962049884972e-01 6.79206882310404492e-01
1.96349540849362070e-01 8.77836776016319154e-01 6.51400232362436382e-01
1.96349540849362070e-01 8.79564417032407619e-01 6.23579125710891136e-01
1.96349540849362070e-01 8.83421165639974415e-01 5.95954624950228551e-01
1.96349540849362070e-01 8.89167332491495710e-01 5.68699742574826028e-01
1.96349540849362070e-01 8.96735595641640626e-01 5.41960587875300992e-01
1.96349540849362070e-01 9.06194761296261309e-01 5.15873083669694199e-01
1.96349540849362070e-01 9.17653359072869490e-01 4.90583781991165258e-01
1.96349540849362070e-01 9.31155743391005930e-01 4.66261316568186535e-01
1.96349540849362070e-01 9.46621646598624022e-01 4.43081562619495495e-01
1.96349540849362070e-01 9.63850120582773973e-01 4.21182788826114873e-01
1.96349540849362070e-01 9.82570853479884043e-01 4.00609967209276774e-01
1.96349540849362070e-01 1.00250391720830456e+00 3.81281713619579521e-01
1.96349540849362070e-01 1.02339458097725289e+00 3.63004480167091081e-01
1.96349540849362070e-01 1.04501510667680986e+00 3.45529392931618828e-01
1.96349540849362070e-01 1.06715028891388597e+00 3.28617985342743113e-01
1.96349540849362070e-01 1.08959069616852156e+00 3.12077243698918871e-01
1.96349540849362070e-01 1.11214487787254801e+00 2.95748712934225610e-01
1.96349540849362070e-01 1.13466212757279550e+00 2.79473749061975474e-01
1.96349540849362070e-01 1.15704746773118039e+00 2.63077647512503066e-01
1.96349540849362070e-01 1.17925735414006350e+00 2.46400193839788173e-01
1.96349540849362070e-01 1.20128039615751270e+00 2.29357604189027176e-01
1.96349540849362070e-01 1.22311686112659368e+00 2.11983228681230540e-01
1.96349540849362070e-01 1.24476469867985662e+00 1.94394730034951752e-01
1.96349540849362070e-01 1.26620386177653588e+00 1.76680784547449926e-01
1.96349540849362070e-01 1.28736127714894200e+00 1.58762943006224871e-01
1.96349540849362070e-01 1.30804933034233484e+00 1.40322821196894321e-01
1.96349540849362070e-01 1.32789849064494270e+00 1.20860798495733751e-01
1.96349540849362070e-01 1.34632992973195975e+00 9.98785211715811222e-02
1.96349540849362070e-01 1.36261315812521122e+00 7.70988087237295117e-02
1.96349540849362070e-01 1.37601818698034073e+00 5.26052766343605011e-02
1.96349540849362070e-01 1.38601757651891133e+00 2.68235052092273274e-02
1.96349540849362070e-01 1.39245397035058383e+00 3.53286944403918260e-04
1.96349540849362070e-01 1.39559197320201145e+00 -2.62569445241451552e-02
1.96349540849362070e-01 1.39602325028197027e+00 -5.26768976466716193e-02
1.96349540849362070e-01 1.39446451394862803e+00 -7.88291745161132235e-02
1.96349540849362070e-01 1.39153911983186718e+00 -1.04799722947301957e-01
1.96349540849362070e-01 1.38763495411412263e+00 -1.30697840218670924e-01
1.96349540849362070e-01 1.38288468131583819e+00 -1.56552756230311951e-01
1.96349540849362070e-01 1.37724878682606833e+00 -1.82293690895640820e-01
1.96349540849362070e-01 1.37063604802789940e+00 -2.07800240231857253e-01
1.96349540849362070e-01 1.36299339328277158e+00 -2.32971010947990997e-01
1.96349540849362070e-01 1.35433207943516831e+00 -2.57761038864452396e-01
1.96349540849362070e-01 1.34470209851303313e+00 -2.82172112083130200e-01
1.96349540849362070e-01 1.33415246204819615e+00 -3.06215506632228962e-01
1.96349540849362070e-01 1.32270998674335583e+00 -3.29879602448612530e-01
1.96349540849362070e-01 1.31038457394820118e+00 -3.53122251195688186e-01
1.96349540849362070e-01 1.29718710934692272e+00 -3.75885588748052224e-01
1.96349540849362070e-01 1.28314262469278262e+00 -3.98118340302286822e-01
1.96349540849362070e-01 1.26829444388055612e+00 -4.19794230102236543e-01
1.96349540849362070e-01 1.25270933668469375e+00 -4.40926197447541968e-01
1.96349540849362070e-01 1.23649457609439528e+00 -4.61581131762377639e-01
1.96349540849362070e-01 1.21982390023031462e+00 -4.81893644112044106e-01
1.96349540849362070e-01 1.20295363016361900e+00 -5.02067703209032823e-01
1.96349540849362070e-01 1.18620856958076693e+00 -5.22354288617326357e-01
1.96349540849362070e-01 1.16993479912019671e+00 -5.43006128283047396e-01
1.96349540849362070e-01 1.15444168217982157e+00 -5.64228124500232964e-01
1.96349540849362070e-01 1.13996851906767849e+00 -5.86148712504671932e-01
1.96349540849362070e-01 1.12669958580445839e+00 -6.08824933847824101e-01
1.96349540849362070e-01 1.11482007207675426e+00 -6.32270123838295839e-01
1.96349540849362070e-01 1.10457562215798966e+00 -6.56476496397847220e-01
1.96349540849362070e-01 1.09629173186493500e+00 -6.81410106821159323e-01
1.96349540849362070e-01 1.09033283541452941e+00 -7.06980062040412638e-01
1.96349540849362070e-01 1.08702008885962131e+00 -7.33008207753762742e-01
1.96349540849362070e-01 1.08655537931749535e+00 -7.59228869054344391e-01
1.96349540849362070e-01 1.08899702337369542e+00 -7.85325516615460906e-01
1.96349540849362070e-01 1.09430041298640246e+00 -8.10979251301512272e-01
1.96349540849362070e-01 1.10239539286626398e+00 -8.35889443435158364e-01
1.96349540849362070e-01 1.11324863912208771e+00 -8.59745027387721739e-01
1.96349540849362070e-01 1.12686903984148379e+00 -8.82165735208671364e-01
1.96349540849362070e-01 1.14325046373039774e+00 -9.02665802554674324e-01
1.96349540849362070e-01 1.16228581084866001e+00 -9.20690199182657931e-01
1.96349540849362070e-01 1.18370429036635261e+00 -9.35731450718999214e-01
1.96349540849362070e-01 1.20707056058022322e+00 -9.47479592677669347e-01
1.96349540849362070e-01 1.23184967253667321e+00 -9.55927333055748063e-01
1.96349540849362070e-01 1.25750762924054627e+00 -9.61370600958894039e-01
1.96349540849362070e-01 1.28360302363096723e+00 -9.64301814260061785e-01
1.96349540849362070e-01 1.30983581744725264e+00 -9.65252526667688682e-01
1.96349540849362070e-01 1.33604490565674405e+00 -9.64664989143731111e-01
1.96349540849362070e-01 1.36217003275905890e+00 -9.62845287668539274e-01
1.96349540849362070e-01 1.38820370576403085e+00 -9.59994899406368174e-01
1.96349540849362070e-01 1.41415353139161781e+00 -9.56271903015023961e-01
1.96349540849362070e-01 1.44002245732418355e+00 -9.51826890724691177e-01
1.96349540849362070e-01 1.46580334753905794e+00 -9.46791157199235234e-01
1.96349540849362070e-01 1.49148036922490368e+00 -9.41238004949892293e-01
1.96349540849362070e-01 1.51703175565159998e+00 -9.35159033174059240e-01
1.96349540849362070e-01 1.54243221149593612e+00 -9.28482632195687829e-01
1.96349540849362070e-01 1.56765507525133163e+00 -9.21126167072470525e-01
1.96349540849362070e-01 1.59267404219078901e+00 -9.13046044031109671e-01
1.96349540849362070e-01 1.61746364073698201e+00 -9.04251979435416908e-01
1.96349540849362070e-01 1.64199824054133448e+00 -8.94780144888701168e-01
1.96349540849362070e-01 1.66625077293231327e+00 -8.84650974029000059e-01
1.96349540849362070e-01 1.69019297334564111e+00 -8.73846883047670997e-01
1.96349540849362070e-01 1.71379786334523621e+00 -8.62326728057409064e-01
1.96349540849362070e-01 1.73704317267086217e+00 -8.50063399447851475e-01
1.96349540849362070e-01 1.75991330229599208e+00 -8.37073058293265504e-01
1.96349540849362070e-01 1.78239837163207482e+00 -8.23412604001120263e-01
1.96349540849362070e-01 1.80449115764914136e+00 -8.09148298209292460e-01
1.96349540849362070e-01 1.82618435129468759e+00 -7.94321213738442333e-01
1.96349540849362070e-01 1.84747008305573024e+00 -7.78936339506113073e-01
1.96349540849362070e-01 1.86834151853670072e+00 -7.62981808908972492e-01
1.96349540849362070e-01 1.88879442879490456e+00 -7.46460167973803879e-01
1.96349540849362070e-01 1.90882672202717552e+00 -7.29404881615541401e-01
1.96349540849362070e-01 1.92843592604485248e+00 -7.11868830348300730e-01
1.96349540849362070e-01 1.94761670963006206e+00 -6.93895456812161471e-01
1.96349540849362070e-01 1.96636075169092073e+00 -6.75497466337399821e-01
1.96349540849362070e-01 1.98465929310747713e+00 -6.56661052593099259e-01
1.96349540849362070e-01 2.00250624048154480e+00 -6.37371762344995596e-01
1.96349540849362070e-01 2.01989899740905399e+00 -6.17639859926939594e-01
1.96349540849362070e-01 2.03683606055416666e+00 -5.97503672686306553e-01
1.96349540849362070e-01 2.05331332872896732e+00 -5.77008240485069157e-01
1.96349540849362070e-01 2.06932245449345098e+00 -5.56177709401865283e-01
1.96349540849362070e-01 2.08485303029589142e+00 -5.35005417446242304e-01
1.96349540849362070e-01 2.09989708893645011e+00 -5.13470694830375218e-01
1.96349540849362070e-01 2.11445215170880374e+00 -4.91568458269727337e-01
1.96349540849362070e-01 2.12851999452256102e+00 -4.69326150878411286e-01
1.96349540849362070e-01 2.14210185543247045e+00 -4.46792640269854380e-01
1.96349540849362070e-01 2.15519399869161443e+00 -4.24007417128191733e-01
1.96349540849362070e-01 2.16778744017080038e+00 -4.00975984279108522e-01
1.96349540849362070e-01 2.17987196349004231e+00 -3.77673314622470335e-01
1.96349540849362070e-01 2.19144025000200671e+00 -3.54074008457724299e-01
1.96349540849362070e-01 2.20248688296370343e+00 -3.30184186556106929e-01
1.96349540849362070e-01 2.21300064475037761e+00 -3.06046542766087892e-01
1.96349540849362070e-01 2.22295436927611467e+00 -2.81710998244344812e-01
1.96349540849362070e-01 2.23229977679390545e+00 -2.57193077379813839e-01
1.96349540849362070e-01 2.24097192847829030e+00 -2.32455851913440231e-01
1.96349540849362070e-01 2.24890056130355109e+00 -2.07435765048576443e-01
1.96349540849362070e-01 2.25601913279240573e+00 -1.82097799434036783e-01
1.96349540849362070e-01 2.26226259081396952e+00 -1.56478198876457475e-01
1.96349540849362070e-01 2.26755282648232681e+00 -1.30676598673757915e-01
1.96349540849362070e-01 2.27178149356513348e+00 -1.04794544471833256e-01
1.96349540849362070e-01 2.27480539376985114e+00 -7.88595363304672170e-02
1.96349540849362070e-01 2.27646474123718612e+00 -5.27907664034912433e-02
1.96349540849362070e-01 2.27662121651017246e+00 -2.64391884453878331e-02
2.12712002586808890e-01 2.25667228476661430e+00 3.41596388027310099e-04
2.12712002586808890e-01 2.25371597388649736e+00 2.71754274729848304e-02
2.12712002586808890e-01 2.24923297690924562e+00 5.42674797773245940e-02
2.12712002586808890e-01 2.24334197909063748e+00 8.13383368275017726e-02
2.12712002586808890e-01 2.23617653683899542e+00 1.08109170737994462e-01
2.12712002586808890e-01 2.22784645301740225e+00 1.34405747550068094e-01
2.12712002586808890e-01 2.21842208062483692e+00 1.60193221476455788e-01
2.12712002586808890e-01 2.20794352047204567e+00 1.85529965513921841e-01
2.12712002586808890e-01 2.19644290259640051e+00 2.10480806555124356e-01
2.12712002586808890e-01 2.18396354873100851e+00 2.35051038803690437e-01
2.12712002586808890e-01 2.17056597309993693e+00 2.59180577815322666e-01
2.12712002586808890e-01 2.15632154551767696e+00 2.82791475376161450e-01
2.12712002586808890e-01 2.14130222044206642e+00 3.05846095519358596e-01
2.12712002586808890e-01 2.12557466217777558e+00 3.28371745941436866e-01
2.12712002586808890e-01 2.10920111700856472e+00 3.50437842734019789e-01
2.12712002586808890e-01 2.09224314382578580e+00 3.72108370356467433e-01
2.12712002586808890e-01 2.07476261937903939e+00 3.93407837475262256e-01
2.12712002586808890e-01 2.05681778586226605e+00 4.14323891230848840e-01
2.12712002586808890e-01 2.03845697353340727e+00 4.34838768654184249e-01
2.12712002586808890e-01 2.01971477256892529e+00 4.54960147158948780e-01
2.12712002586808890e-01 2.00061336885398156e+00 4.74725582963883785e-01
2.12712002586808890e-01 1.98116763795814954e+00 4.94178536192146356e-01
2.12712002586808890e-01 1.96139001844741157e+00 5.13337487942059689e-01
2.12712002586808890e-01 1.94129211525876033e+00 5.32184113079087640e-01
2.12712002586808890e-01 1.92088325909581425e+00 5.50679574103815739e-01
2.12712002586808890e-01 1.90016885496741428e+00 5.68794683583069061e-01
2.12712002586808890e-01 1.87915112687053298e+00 5.86529182697011930e-01
2.12712002586808890e-01 1.85783226849307792e+00 6.03905550239329680e-01
2.12712002586808890e-01 1.83621754446718488e+00 6.20944290136207777e-01
2.12712002586808890e-01 1.81431578903405089e+00 6.37642434154890414e-01
2.12712002586808890e-01 1.79213703468753138e+00 6.53973226171861821e-01
2.12712002586808890e-01 1.76968954268357459e+00 6.69906498992249744e-01
2.12712002586808890e-01 1.74697898621328340e+00 6.85431925650717533e-01
2.12712002586808890e-01 1.72401053078107469e+00 7.00565475362951995e-01
2.12712002586808890e-01 1.70079188670745873e+00 7.15334118643724315e-01
2.12712002586808890e-01 1.67733449278625146e+00 7.29752367647897859e-01
2.12712002586808890e-01 1.65365166008782283e+00 7.43810918961094636e-01
2.12712002586808890e-01 1.62975524249598380e+00 7.57486977692327090e-01
2.12712002586808890e-01 1.60565368491194893e+00 7.70766936159911098e-01
2.12712002586808890e-01 1.58135289359544995e+00 7.83661000203031421e-01
2.12712002586808890e-01 1.55685850908926970e+00 7.96195565199942501e-01
2.12712002586808890e-01 1.53217652200524257e+00 8.08387588294477433e-01
2.12712002586808890e-01 1.50731048150009261e+00 8.20220495315636455e-01
2.12712002586808890e-01 1.48225689523788340e+00 8.31640409872384301e-01
2.12712002586808890e-01 1.45700286879915919e+00 8.42575119237561121e-01
2.12712002586808890e-01 1.43152911878645117e+00 8.52959698469343719e-01
2.12712002586808890e-01 1.40581752746913269e+00 8.62747509047084082e-01
2.12712002586808890e-01 1.37985849618188272e+00 8.71897786886005721e-01
2.12712002586808890e-01 1.35365295342872316e+00 8.80350800170621728e-01
2.12712002586808890e-01 1.32720779850556236e+00 8.88011861619909082e-01
2.12712002586808890e-01 1.30052902899561396e+00 8.94757351801280021e-01
2.12712002586808890e-01 1.27361946205432353e+00 9.00456001605978384e-01
2.12712002586808890e-01 1.24648540762533000e+00 9.04984146903882847e-01
2.12712002586808890e-01 1.21915052558844428e+00 9.08217915870383585e-01
2.12712002586808890e-01 1.19166994411225891e+00 9.10006249984179116e-01
2.12712002586808890e-01 1.16413740970996593e+00 9.10149430101562240e-01
2.12712002586808890e-01 1.13668287457528949e+00 9.08409971135784811e-01
2.12712002586808890e-01 1.10946378063516704e+00 9.04561811019930828e-01
2.12712002586808890e-01 1.08265596425706145e+00 8.98453931959925622e-01
2.12712002586808890e-01 1.05644816150956200e+00 8.90048917071829648e-01
2.12712002586808890e-01 1.03104014536256772e+00 8.79409369372692984e-01
2.12712002586808890e-01 1.00664261590839499e+00 8.66638784205717494e-01
2.12712002586808890e-01 9.83478594541461359e-01 8.51814893029156361e-01
2.12712002586808890e-01 9.61788494322852849e-01 8.34959711856214870e-01
2.12712002586808890e-01 9.41839714681051432e-01 8.16066368372166728e-01
2.12712002586808890e-01 9.23935050504794186e-01 7.95165023739047405e-01
2.12712002586808890e-01 9.08406848742586481e-01 7.72385230933943401e-01
2.12712002586808890e-01 8.95583691857916642e-01 7.47976468889751778e-01
2.12712002586808890e-01 8.85728363085880432e-01 7.22277452405027054e-01
2.12712002586808890e-01 8.78965936891481836e-01 6.95656396638991370e-01
2.12712002586808890e-01 8.75236444015324633e-01 6.68457067479235834e-01
2.12712002586808890e-01 8.74304303345039724e-01 6.40973443955497824e-01
2.12712002586808890e-01 8.75832823530554472e-01 6.13451986914399838e-01
2.12712002586808890e-01 8.79497531731332161e-01 5.86104454237504791e-01
2.12712002586808890e-01 8.85087476847925325e-01 5.59116242732162871e-01
2.12712002586808890e-01 8.92546066195787802e-01 5.32649174764037059e-01
2.12712002586808890e-01 9.01933620066998842e-01 5.06847787586649390e-01
2.12712002586808890e-01 9.13335526801946740e-01 4.81854033332246967e-01
2.12712002586808890e-01 9.26767430676657900e-01 4.57821137129684697e-01
2.12712002586808890e-01 9.42125551579063525e-01 4.34908360645696435e-01
2.12712002586808890e-01 9.59199203872585282e-01 4.13246580634716643e-01
2.12712002586808890e-01 9.77724901593373996e-01 3.92886732234680347e-01
2.12712002586808890e-01 9.97441554248027273e-01 3.73761856574488960e-01
2.12712002586808890e-01 1.01811523950932825e+00 3.55691108345443985e-01
2.12712002586808890e-01 1.03953048252207125e+00 3.38428643000629192e-01
2.12712002586808890e-01 1.06147065771932003e+00 3.21729376173712112e-01
2.12712002586808890e-01 1.08371469230170270e+00 3.05391673780659512e-01
2.12712002586808890e-01 1.10605944880678275e+00 2.89255540219776064e-01
2.12712002586808890e-01 1.12835290722149972e+00 2.73171156139512594e-01
2.12712002586808890e-01 1.15051258002006151e+00 2.56977888585997571e-01
2.12712002586808890e-01 1.17251467527396414e+00 2.40525542255865199e-01
2.12712002586808890e-01 1.19436235127081369e+00 2.23730744980465579e-01
2.12712002586808890e-01 1.21605602233145071e+00 2.06621241202892575e-01
2.12712002586808890e-01 1.23758179617477770e+00 1.89314062088034085e-01
2.12712002586808890e-01 1.25891089648492716e+00 1.71912394263028623e-01
2.12712002586808890e-01 1.27998398111736167e+00 1.54367817798701512e-01
2.12712002586808890e-01 1.30065949335524289e+00 1.36395138190496340e-01
2.12712002586808890e-01 1.32063639684433110e+00 1.17511884114873233e-01
2.12712002586808890e-01 1.33939812069424757e+00 9.72061404754684805e-02
2.12712002586808890e-01 1.35623629700823178e+00 7.51558251527828930e-02
2.12712002586808890e-01 1.37038308829680733e+00 5.13830923175441837e-02
2.12712002586808890e-01 1.38122107135268202e+00 2.62579892803871118e-02
2.12712002586808890e-01 1.38848523355750220e+00 3.49045635851575199e-04
2.12712002586808890e-01 1.39235968587081294e+00 -2.57968257814446475e-02
2.12712002586808890e-01 1.39341520952251074e+00 -5.18293349137013554e-02
2.12712002586808890e-01 1.39241095140719096e+00 -7.76449650992684648e-02
2.12712002586808890e-01 1.39005031273926161e+00 -1.03311021322632396e-01
2.12712002586808890e-01 1.38679865233026822e+00 -1.28931478407270095e-01
2.12712002586808890e-01 1.38283025729445974e+00 -1.54541278585152958e-01
2.12712002586808890e-01 1.37810043386564929e+00 -1.80079780641149240e-01
2.12712002586808890e-01 1.37247883492839629e+00 -2.05434752391383368e-01
2.12712002586808890e-01 1.36586449468593152e+00 -2.30507399110926853e-01
2.12712002586808890e-01 1.35823353963363913e+00 -2.55249178124105025e-01
2.12712002586808890e-01 1.34962105679113042e+00 -2.79653654482006686e-01
2.12712002586808890e-01 1.34007496489895028e+00 -3.03722129532806362e-01
2.12712002586808890e-01 1.32962295006093911e+00 -3.27434788012737898e-01
2.12712002586808890e-01 1.31826989345564050e+00 -3.50745841270602821e-01
2.12712002586808890e-01 1.30601580891651348e+00 -3.73598298195024658e-01
2.12712002586808890e-01 1.29287383820904433e+00 -3.95942104053208677e-01
2.12712002586808890e-01 1.27887788607221564e+00 -4.17745545621558245e-01
2.12712002586808890e-01 1.26408640416260365e+00 -4.39003807389072132e-01
2.12712002586808890e-01 1.24859515655589659e+00 -4.59754181430541919e-01
2.12712002586808890e-01 1.23256129804712367e+00 -4.80098148628056165e-01
2.12712002586808890e-01 1.21622370817825387e+00 -5.00215538274026761e-01
2.12712002586808890e-01 1.19989748074534996e+00 -5.20351517109203798e-01
2.12712002586808890e-01 1.18393322927737876e+00 -5.40771176167475609e-01
2.12712002586808890e-01 1.16865720819485674e+00 -5.61700021452372189e-01
2.12712002586808890e-01 1.15432689450267900e+00 -5.83282299059336595e-01
2.12712002586808890e-01 1.14113215202891882e+00 -6.05579308901105784e-01
2.12712002586808890e-01 1.12924431458911689e+00 -6.28601762721516466e-01
2.12712002586808890e-01 1.11888232674259247e+00 -6.52345015179222165e-01
2.12712002586808890e-01 1.11035009137063434e+00 -6.76794445091554175e-01
2.12712002586808890e-01 1.10401458555163123e+00 -7.01893280629751315e-01
2.12712002586808890e-01 1.10023136750978967e+00 -7.27497885523988308e-01
2.12712002586808890e-01 1.09925848557111161e+00 -7.53359327089831998e-01
2.12712002586808890e-01 1.10120827253767195e+00 -7.79151977846925581e-01
2.12712002586808890e-01 1.10606302014249325e+00 -8.04532405465890332e-01
2.12712002586808890e-01 1.11374043054958749e+00 -8.29184494897277857e-01
2.12712002586808890e-01 1.12416425636106898e+00 -8.52813593880349718e-01
2.12712002586808890e-01 1.13729406313297110e+00 -8.75091873254208119e-01
2.12712002586808890e-01 1.15309559363055292e+00 -8.95600954295659113e-01
2.12712002586808890e-01 1.17147126784496725e+00 -9.13831624115110430e-01
2.12712002586808890e-01 1.19219484808493603e+00 -9.29269591152567132e-01
2.12712002586808890e-01 1.21489129556317943e+00 -9.41538867551322878e-01
2.12712002586808890e-01 1.23907640394297025e+00 -9.50529799174972934e-01
2.12712002586808890e-01 1.26423861056749387e+00 -9.56439460752996240e-01
2.12712002586808890e-01 1.28992631824775095e+00 -9.59699795804784039e-01
2.12712002586808890e-01 1.31580657957212432e+00 -9.60832499664386219e-01
2.12712002586808890e-01 1.34167981259866553e+00 -9.60307259367027766e-01
2.12712002586808890e-01 1.36745698169778862e+00 -9.58468250818253487e-01
2.12712002586808890e-01 1.39311853658238105e+00 -9.55543840994038662e-01
2.12712002586808890e-01 1.41867456665741631e+00 -9.51702531842088750e-01
2.12712002586808890e-01 1.44413737605387471e+00 -9.47098972524684335e-01
2.12712002586808890e-01 1.46950834982756384e+00 -9.41876125207272041e-01
2.12712002586808890e-01 1.49477550889136457e+00 -9.36132088401204210e-01
2.12712002586808890e-01 1.51991701511112320e+00 -9.29889170683005140e-01
2.12712002586808890e-01 1.54490680395354163e+00 -9.23098415689542540e-01
2.12712002586808890e-01 1.56971947672080914e+00 -9.15681860254216273e-01
2.12712002586808890e-01 1.59433236856129268e+00 -9.07583898132280575e-01
2.12712002586808890e-01 1.61872411668338922e+00 -8.98796575810163700e-01
2.12712002586808890e-01 1.64287116998348992e+00 -8.89345067604044082e-01
2.12712002586808890e-01 1.66674525302207432e+00 -8.79250457658963591e-01
2.12712002586808890e-01 1.69031433852591495e+00 -8.68502532896094803e-01
2.12712002586808890e-01 1.71354713460323693e+00 -8.57064311069746121e-01
2.12712002586808890e-01 1.73641827399405968e+00 -8.44902799679671301e-01
2.12712002586808890e-01 1.75891062975498147e+00 -8.32019525294037998e-01
2.12712002586808890e-01 1.78101326803315652e+00 -8.18455935125857237e-01
2.12712002586808890e-01 1.80271689605239582e+00 -8.04270263359462501e-01
2.12712002586808890e-01 1.82401052292116717e+00 -7.89505496008584884e-01
2.12712002586808890e-01 1.84488183485032087e+00 -7.74174007831793132e-01
2.12712002586808890e-01 1.86532049007012524e+00 -7.58269375693955694e-01
2.12712002586808890e-01 1.88532096713051778e+00 -7.41793112984411862e-01
2.12712002586808890e-01 1.90488199167752859e+00 -7.24772599112309512e-01
2.12712002586808890e-01 1.92400263120075943e+00 -7.07255216410629606e-01
2.12712002586808890e-01 1.94267824398731137e+00 -6.89284567930286252e-01
2.12712002586808890e-01 1.96089984055827560e+00 -6.70879776528329641e-01
2.12712002586808890e-01 1.97865760439231675e+00 -6.52035717969675965e-01
2.12712002586808890e-01 1.99594566011406727e+00 -6.32743714276031377e-01
2.12712002586808890e-01 2.01276387523493216e+00 -6.13014546553874107e-01
2.12712002586808890e-01 2.02911483434541040e+00 -5.92883721773626249e-01
2.12712002586808890e-01 2.04499828558150742e+00 -5.72394341441288645e-01
2.12712002586808890e-01 2.06040778008331982e+00 -5.51572462700469002e-01
2.12712002586808890e-01 2.07533266196963639e+00 -5.30416684329617305e-01
2.12712002586808890e-01 2.08976411808921592e+00 -5.08911700580706228e-01
2.12712002586808890e-01 2.10370035646033182e+00 -4.87054716203422056e-01
2.12712002586808890e-01 2.11714638712278802e+00 -4.64871776583597851e-01
2.12712002586808890e-01 2.13010825911442758e+00 -4.42408884269106129e-01
2.12712002586808890e-01 2.14258640882324292e+00 -4.19704280233596350e-01
2.12712002586808890e-01 2.15457379218261380e+00 -3.96765362894830609e-01
2.12712002586808890e-01 2.16606046114508466e+00 -3.73571190315417190e-01
2.12712002586808890e-01 2.17704026541160056e+00 -3.50100288109863544e-01
2.12712002586808890e-01 2.18751252588885459e+00 -3.26360779119491684e-01
2.12712002586808890e-01 2.19747477099560484e+00 -3.02395426066596695e-01
2.12712002586808890e-01 2.20690993563049798e+00 -2.78253586166680500e-01
2.12712002586808890e-01 2.21577699865880984e+00 -2.53950803479142062e-01
2.12712002586808890e-01 2.22401279294089305e+00 -2.29450908724122798e-01
2.12712002586808890e-01 2.23154467017629043e+00 -2.04691158003740242e-01
2.12712002586808890e-01 2.23830457028555596e+00 -1.79636822652746386e-01
2.12712002586808890e-01 2.24423227451812624e+00 -1.54323956483482544e-01
2.12712002586808890e-01 2.24926253227668305e+00 -1.28851642357892537e-01
2.12712002586808890e-01 2.25330338116283180e+00 -1.03319677218428288e-01
2.12712002586808890e-01 2.25622234352495488e+00 -7.77506760602452301e-02
2.12712002586808890e-01 2.25785564472672151e+00 -5.20541999505584260e-02
2.12712002586808890e-01 2.25804276579294649e+00 -2.60677531654413368e-02
2.29074464324255739e-01 2.23843924009148587e+00 3.65738777897308906e-04
2.29074464324255739e-01 2.23553571615334379e+00 2.68437994894983011e-02
2.29074464324255739e-01 2.23107825223463374e+00 5.36038836042840930e-02
2.29074464324255739e-01 2.22516680290174618e+00 8.03566908854179002e-02
2.29074464324255739e-01 2.21793298890729806e+00 1.06805431525390404e-01
2.29074464324255739e-01 2.20949850093873268e+00 1.32758745048568078e-01
2.29074464324255739e-01 2.19995260148976479e+00 1.58174533174148479e-01
2.29074464324255739e-01 2.18935458248131853e+00 1.83117420437093809e-01
2.29074464324255739e-01 2.17775200996696006e+00 2.07667991541000324e-01
2.29074464324255739e-01 2.16519883272319413e+00 2.31847897043134077e-01
2.29074464324255739e-01 2.15176188891333942e+00 2.55606004427250622e-01
2.29074464324255739e-01 2.13751511158772978e+00 2.78863690084525218e-01
2.29074464324255739e-01 2.12252940529041956e+00 3.01577200333716544e-01
2.29074464324255739e-01 2.10686715571018945e+00 3.23769077379557735e-01
2.29074464324255739e-01 2.09058443796861315e+00 3.45509516608589140e-01
2.29074464324255739e-01 2.07373689825546759e+00 3.66867679334557217e-01
2.29074464324255739e-01 2.05638268479071451e+00 3.87872736166492316e-01
2.29074464324255739e-01 2.03857908728671378e+00 4.08512182268073787e-01
2.29074464324255739e-01 2.02037529110920300e+00 4.28763214357266775e-01
2.29074464324255739e-01 2.00180689483126439e+00 4.48627763608006602e-01
2.29074464324255739e-01 1.98289617312267530e+00 4.68141927131181634e-01
2.29074464324255739e-01 1.96365731083962913e+00 4.87353712171855080e-01
2.29074464324255739e-01 1.94410215503391925e+00 5.06289147912279858e-01
2.29074464324255739e-01 1.92424233909632814e+00 5.24935029106668560e-01
2.29074464324255739e-01 1.90408730256664804e+00 5.43251536452429185e-01
2.29074464324255739e-01 1.88364139815379117e+00 5.61203221759799198e-01
2.29074464324255739e-01 1.86290383929742975e+00 5.78782794962538150e-01
2.29074464324255739e-01 1.84187243064792816e+00 5.96009502542337755e-01
2.29074464324255739e-01 1.82054846259340630e+00 6.12905543456373936e-01
2.29074464324255739e-01 1.79893897270151526e+00 6.29471635324909684e-01
2.29074464324255739e-01 1.77705473597295427e+00 6.45682337565579134e-01
2.29074464324255739e-01 1.75490589362197835e+00 6.61504312982486464e-01
2.29074464324255739e-01 1.73249898668456126e+00 6.76921408815771231e-01
2.29074464324255739e-01 1.70983778609495829e+00 6.91945281715787175e-01
2.29074464324255739e-01 1.68692697504036881e+00 7.06603085913477313e-01
2.29074464324255739e-01 1.66377535018965328e+00 7.20913303783234150e-01
2.29074464324255739e-01 1.64039576530957376e+00 7.34870572342123718e-01
2.29074464324255739e-01 1.61680193506558822e+00 7.48452279917313668e-01
2.29074464324255739e-01 1.59300482802904364e+00 7.61640767709229949e-01
2.29074464324255739e-01 1.56901141462897731e+00 7.74441221105731104e-01
2.29074464324255739e-01 1.54482606017897628e+00 7.86878414756520872e-01
2.29074464324255739e-01 1.52045221231512118e+00 7.98972906815600514e-01
2.29074464324255739e-01 1.49589174679418480e+00 8.10714548610308117e-01
2.29074464324255739e-01 1.47114179360918018e+00 8.22053835514429454e-01
2.29074464324255739e-01 1.44619187579360209e+00 8.32917339967438330e-01
2.29074464324255739e-01 1.42102486255246863e+00 8.43234014295092149e-01
2.29074464324255739e-01 1.39562259108548492e+00 8.52950650713529157e-01
2.29074464324255739e-01 1.36997305224657295e+00 8.62024258491942530e-01
2.29074464324255739e-01 1.34407421407071470e+00 8.70398545340602348e-01
2.29074464324255739e-01 1.31793182870342873e+00 8.77984636085765047e-01
2.29074464324255739e-01 1.29155352755476338e+00 8.84661581752385295e-01
2.29074464324255739e-01 1.26494529232096675e+00 8.90293972806736611e-01
2.29074464324255739e-01 1.23811573369083150e+00 8.94747952822565584e-01
2.29074464324255739e-01 1.21108859936339464e+00 8.97887785434376973e-01
2.29074464324255739e-01 1.18391810659355001e+00 8.99553504445754104e-01
2.29074464324255739e-01 1.15669933034033345e+00 8.99541220572259936e-01
2.29074464324255739e-01 1.12956863942122832e+00 8.97612624170344486e-01
2.29074464324255739e-01 1.10269487187475668e+00 8.93542171519554618e-01
2.29074464324255739e-01 1.07626643502848673e+00 8.87181181223396731e-01
2.29074464324255739e-01 1.05048010590100960e+00 8.78500088635817966e-01
2.29074464324255739e-01 1.02553471092773951e+00 8.67579216594255409e-01
2.29074464324255739e-01 1.00163008710648671e+00 8.54550590131126109e-01
2.29074464324255739e-01 9.78970921712896236e-01 8.39526476069573868e-01
2.29074464324255739e-01 9.57775356295687441e-01 8.22560328947639419e-01
2.29074464324255739e-01 9.38286735687972606e-01 8.03664669510040008e-01
2.29074464324255739e-01 9.20782216675027243e-01 7.82872619209144305e-01
2.29074464324255739e-01 9.05567008621029568e-01 7.60301847772383632e-01
2.29074464324255739e-01 8.92943749040106760e-01 7.36180506097459775e-01
2.29074464324255739e-01 8.83156897337060154e-01 7.10822089362955212e-01
2.29074464324255739e-01 8.76329005084230284e-01 6.84569205027983241e-01
2.29074464324255739e-01 8.72418938186233173e-01 6.57741646966027882e-01
2.29074464324255739e-01 8.71230106924211545e-01 6.30613631714473044e-01
2.29074464324255739e-01 8.72475891571834694e-01 6.03420012134780137e-01
2.29074464324255739e-01 8.75878967335214864e-01 5.76372508084565860e-01
2.29074464324255739e-01 8.81259276045797457e-01 5.49667528888320045e-01
2.29074464324255739e-01 8.88567535772166184e-01 5.23482733342975570e-01
2.29074464324255739e-01 8.97848941340175677e-01 4.97973642642398684e-01
2.29074464324255739e-01 9.09159710706644919e-01 4.73280815283425416e-01
2.29074464324255739e-01 9.22484069414840069e-01 4.49543556925999954e-01
2.29074464324255739e-01 9.37695323287402793e-01 4.26902666825826282e-01
2.29074464324255739e-01 9.54574718435359348e-01 4.05477247006203800e-01
2.29074464324255739e-01 9.72865965951717926e-01 3.85320150381569748e-01
2.29074464324255739e-01 9.92325349372486065e-01 3.66378035476015385e-01
2.29074464324255739e-01 1.01273803223164172e+00 3.48485932057996550e-01
2.29074464324255739e-01 1.03390092977832815e+00 3.31406157315422223e-01
2.29074464324255739e-01 1.05559853147721716e+00 3.14890827404717577e-01
2.29074464324255739e-01 1.07760129266366711e+00 2.98730157908888405e-01
2.29074464324255739e-01 1.09969537121478766e+00 2.82760455689685275e-01
2.29074464324255739e-01 1.12172476224234940e+00 2.66838714903269769e-01
2.29074464324255739e-01 1.14361456520291349e+00 2.50818920633749887e-01
2.29074464324255739e-01 1.16535714768559040e+00 2.34563861770885562e-01
2.29074464324255739e-01 1.18697089636978204e+00 2.17993168993798864e-01
2.29074464324255739e-01 1.20846111612888762e+00 2.01128010953011388e-01
2.29074464324255739e-01 1.22980722947246224e+00 1.84079648056520828e-01
2.29074464324255739e-01 1.25097283236542989e+00 1.66959738986586892e-01
2.29074464324255739e-01 1.27190788579616543e+00 1.49748426773482601e-01
2.29074464324255739e-01 1.29251052835480196e+00 1.32200729090375307e-01
2.29074464324255739e-01 1.31254694693606999e+00 1.13865937151611127e-01
2.29074464324255739e-01 1.33157236442258231e+00 9.42347333388023484e-02
2.29074464324255739e-01 1.34892049407044046e+00 7.29497454027647485e-02
2.29074464324255739e-01 1.36380820373743794e+00 4.99692548478591417e-02
2.29074464324255739e-01 1.37554151107165845e+00 2.55937359296017838e-02
2.29074464324255739e-01 1.38374305098288941e+00 3.40840660703164294e-04
2.29074464324255739e-01 1.38849301844900008e+00 -2.52609443460248377e-02
2.29074464324255739e-01 1.39030795454733269e+00 -5.08493986965852726e-02
2.29074464324255739e-01 1.38995990382940993e+00 -7.62928279588463015e-02
2.29074464324255739e-01 1.38821805681497268e+00 -1.01630945598747482e-01
2.29074464324255739e-01 1.38562972940345874e+00 -1.26951762698107901e-01
2.29074464324255739e-01 1.38242860870626427e+00 -1.52287892099538469e-01
2.29074464324255739e-01 1.37858556449937408e+00 -1.77585289072211355e-01
2.29074464324255739e-01 1.37394570980645003e+00 -2.02740590965914319e-01
2.29074464324255739e-01 1.36836501645184971e+00 -2.27661207487181549e-01
2.29074464324255739e-01 1.36178182633033407e+00 -2.52299978299633021e-01
2.29074464324255739e-01 1.35421124362943401e+00 -2.76647027927966138e-01
2.29074464324255739e-01 1.34569662602491702e+00 -3.00696841099475420e-01
2.29074464324255739e-01 1.33626571098434410e+00 -3.24422025907735889e-01
2.29074464324255739e-01 1.32591895120824566e+00 -3.47771580511333223e-01
2.29074464324255739e-01 1.31464608538442573e+00 -3.70687486190859061e-01
2.29074464324255739e-01 1.30244885162451962e+00 -3.93121145808655148e-01
2.29074464324255739e-01 1.28935293318745292e+00 -4.15039029651769253e-01
2.29074464324255739e-01 1.27541057849920714e+00 -4.36424154373645401e-01
2.29074464324255739e-01 1.26070760734394050e+00 -4.57288020719672672e-01
2.29074464324255739e-01 1.24538316008187966e+00 -4.77697269140425040e-01
2.29074464324255739e-01 1.22965295139584452e+00 -4.97799557201747234e-01
2.29074464324255739e-01 1.21381403542470978e+00 -5.17823268119360636e-01
2.29074464324255739e-01 1.19821506587686621e+00 -5.38037797458170153e-01
2.29074464324255739e-01 1.18319913794299292e+00 -5.58688556212714627e-01
2.29074464324255739e-01 1.16904966812146593e+00 -5.79941957847818879e-01
2.29074464324255739e-01 1.15597406161669713e+00 -6.01871726911819671e-01
2.29074464324255739e-01 1.14413875788144259e+00 -6.24489241894732428e-01
2.29074464324255739e-01 1.13373529496742731e+00 -6.47788219527994369e-01
2.29074464324255739e-01 1.12503370856120855e+00 -6.71763569718740516e-01
2.29074464324255739e-01 1.11838428055944394e+00 -6.96385389940953337e-01
2.29074464324255739e-01 1.11415981393000529e+00 -7.21546516502606261e-01
2.29074464324255739e-01 1.11266817725834311e+00 -7.47026380181718075e-01
2.29074464324255739e-01 1.11408393632746394e+00 -7.72504560123502215e-01
2.29074464324255739e-01 1.11843585024387426e+00 -7.97619831472967555e-01
2.29074464324255739e-01 1.12565200455984082e+00 -8.22033310606102186e-01
2.29074464324255739e-01 1.13562943864873955e+00 -8.45447864094558965e-01
2.29074464324255739e-01 1.14828251124229364e+00 -8.67568222057319982e-01
2.29074464324255739e-01 1.16354079443772118e+00 -8.88035030955577342e-01
2.29074464324255739e-01 1.18130093242056877e+00 -9.06394463128339156e-01
2.29074464324255739e-01 1.20136571951793303e+00 -9.22148932051761294e-01
2.29074464324255739e-01 1.22341055546710886e+00 -9.34881866779867621e-01
2.29074464324255739e-01 1.24700038354513998e+00 -9.44395919514697701e-01
2.29074464324255739e-01 1.27165175280407561e+00 -9.50787435972845762e-01
2.29074464324255739e-01 1.29691232911584464e+00 -9.54413428596082580e-01
2.29074464324255739e-01 1.32242527828015710e+00 -9.55768878814241107e-01
2.29074464324255739e-01 1.34795785496212317e+00 -9.55340965356608951e-01
2.29074464324255739e-01 1.37339249643756922e+00 -9.53511652494776651e-01
2.29074464324255739e-01 1.39869353765835780e+00 -9.50541057975190729e-01
2.29074464324255739e-01 1.42386744992071002e+00 -9.46610801536553748e-01
2.29074464324255739e-01 1.44893044687428141e+00 -9.41875772806859080e-01
2.29074464324255739e-01 1.47388960475898645e+00 -9.36481952022234276e-01
2.29074464324255739e-01 1.49873706607899315e+00 -9.30544762399648562e-01
2.29074464324255739e-01 1.52345329472413682e+00 -9.24116468387927492e-01
2.29074464324255739e-01 1.54801421067135703e+00 -9.17177627306086984e-01
2.29074464324255739e-01 1.57239738960298725e+00 -9.09665157947200820e-01
2.29074464324255739e-01 1.59658408016932363e+00 -9.01518864200650860e-01
2.29074464324255739e-01 1.62055650520491001e+00 -8.92714190690146125e-01
2.29074464324255739e-01 1.64429291723267057e+00 -8.83261309614618684e-01
2.29074464324255739e-01 1.66776445968288289e+00 -8.73177604384146933e-01
2.29074464324255739e-01 1.69093672917108395e+00 -8.62459906018477884e-01
2.29074464324255739e-01 1.71377554954481059e+00 -8.51079872597028442e-01
2.29074464324255739e-01 1.73625323514600050e+00 -8.39004776913057415e-01
2.29074464324255739e-01 1.75835109438164294e+00 -8.26224894964193268e-01
2.29074464324255739e-01 1.78005669484704265e+00 -8.12764527938690806e-01
2.29074464324255739e-01 1.80135840682976256e+00 -7.98668542622597011e-01
2.29074464324255739e-01 1.82224176306227004e+00 -7.83976771958536878e-01
2.29074464324255739e-01 1.84269050907380394e+00 -7.68707573954130807e-01
2.29074464324255739e-01 1.86269116938340651e+00 -7.52862659874288576e-01
2.29074464324255739e-01 1.88223686994725781e+00 -7.36446672245365197e-01
2.29074464324255739e-01 1.90132668553686468e+00 -7.19483007589647561e-01
2.29074464324255739e-01 1.91996058798084923e+00 -7.02011799781268819e-01
2.29074464324255739e-01 1.93813400144767711e+00 -6.84072325932212677e-01
2.29074464324255739e-01 1.95583662406628633e+00 -6.65685908541452265e-01
2.29074464324255739e-01 1.97305680867605271e+00 -6.46854768655168888e-01
2.29074464324255739e-01 1.98978808747843749e+00 -6.27577997195567727e-01
2.29074464324255739e-01 2.00603235029516291e+00 -6.07870453142620892e-01
2.29074464324255739e-01 2.02179668058144690e+00 -5.87767477913260450e-01
2.29074464324255739e-01 2.03708605469885029e+00 -5.67310574762962760e-01
2.29074464324255739e-01 2.05189774298930550e+00 -5.46526134355214688e-01
2.29074464324255739e-01 2.06622213916031017e+00 -5.25416057962841077e-01
2.29074464324255739e-01 2.08004957065665641e+00 -5.03969390985071986e-01
2.29074464324255739e-01 2.09337758091027881e+00 -4.82185757178341168e-01
2.29074464324255739e-01 2.10621253559764909e+00 -4.60090277510921020e-01
2.29074464324255739e-01 2.11856397703031751e+00 -4.37725984666394952e-01
2.29074464324255739e-01 2.13043631262190969e+00 -4.15128952856274325e-01
2.29074464324255739e-01 2.14182494958317182e+00 -3.92307298375239033e-01
2.29074464324255739e-01 2.15272040203222348e+00 -3.69243501017259168e-01
2.29074464324255739e-01 2.16311679778380039e+00 -3.45920213669137888e-01
2.29074464324255739e-01 2.17301647177540946e+00 -3.22348370593936284e-01
2.29074464324255739e-01 2.18242437629964270e+00 -2.98571686508487644e-01
2.29074464324255739e-01 2.19133394258731062e+00 -2.74639549208793354e-01
2.29074464324255739e-01 2.19971376561622467e+00 -2.50567769816997354e-01
2.29074464324255739e-01 2.20750544653158087e+00 -2.26320865647590019e-01
2.29074464324255739e-01 2.21463536695147001e+00 -2.01836413216283123e-01
2.29074464324255739e-01 2.22103217564894218e+00 -1.77078966995921683e-01
2.29074464324255739e-01 2.22663587789618767e+00 -1.52083198007786274e-01
2.29074464324255739e-01 2.23138913048369725e+00 -1.26947205819518655e-01
2.29074464324255739e-01 2.23521443898696948e+00 -1.01770502033046911e-01
2.29074464324255739e-01 2.23799342482357888e+00 -7.65745195095528658e-02
2.29074464324255739e-01 2.23956664077092826e+00 -5.12639180718455142e-02
2.29074464324255739e-01 2.23976161830896547e+00 -2.56659778772027926e-02
2.45436926061702559e-01 2.22060019861465729e+00 3.81100543666038397e-04
2.45436926061702559e-01 2.21774651017274493e+00 2.64952878027700928e-02
2.45436926061702559e-01 2.21332895205830216e+00 5.29052671380064038e-02
2.45436926061702559e-01 2.20742739854756786e+00 7.93157657745521966e-02
2.45436926061702559e-01 2.20016706889055458e+00 1.05418504219523146e-01
2.45436926061702559e-01 2.19167526836185811e+00 1.31009771965722582e-01
2.45436926061702559e-01 2.18205383965126432e+00 1.56040427565427325e-01
2.45436926061702559e-01 2.17137657542264240e+00 1.80577444560660438e-01
2.45436926061702559e-01 2.15970454526496525e+00 2.04712419531070111e-01
2.45436926061702559e-01 2.14710328644550685e+00 2.28481340931245863e-01
2.45436926061702559e-01 2.13364888364231708e+00 2.51844023792683669e-01
2.45436926061702559e-01 2.11942109890180319e+00 2.74725421521173685e-01
2.45436926061702559e-01 2.10449185500836400e+00 2.97078897836733080e-01
2.45436926061702559e-01 2.08891943283157566e+00 3.18922199925462557e-01
2.45436926061702559e-01 2.07275246965876292e+00 3.40323382734228241e-01
2.45436926061702559e-01 2.05603921260687938e+00 3.61353477885745789e-01
2.45436926061702559e-01 2.03883350551337150e+00 3.82045186299995565e-01
2.45436926061702559e-01 2.02119229308896831e+00 4.02387549120241605e-01
2.45436926061702559e-01 2.00316667856760766e+00 4.22355639081132161e-01
2.45436926061702559e-01 1.98479364513799617e+00 4.41947318110064880e-01
2.45436926061702559e-01 1.96609458646887436e+00 4.61196337661452627e-01
2.45436926061702559e-01 1.94708104968014206e+00 4.80152570368225950e-01
2.45436926061702559e-01 1.92776254668031766e+00 4.98847228882845661e-01
2.45436926061702559e-01 1.90815036344601752e+00 5.17271880605608025e-01
2.45436926061702559e-01 1.88825535766569463e+00 5.35387377896376027e-01
2.45436926061702559e-01 1.86808307458866607e+00 5.53154093723104756e-01
2.45436926061702559e-01 1.84763162541789128e+00 5.70558496215688216e-01
2.45436926061702559e-01 1.82689509392190508e+00 5.87615659705509552e-01
2.45436926061702559e-01 1.80587025933042433e+00 6.04347931810114480e-01
2.45436926061702559e-01 1.78456144217832979e+00 6.20759185562353877e-01
2.45436926061702559e-01 1.76297975231925874e+00 6.36826449929574490e-01
2.45436926061702559e-01 1.74113759789433153e+00 6.52515172637275209e-01
2.45436926061702559e-01 1.71904310451794240e+00 6.67804459483292812e-01
2.45436926061702559e-01 1.69669897077524756e+00 6.82700880612912231e-01
2.45436926061702559e-01 1.67410646411612651e+00 6.97229754716542138e-01
2.45436926061702559e-01 1.65127100848114639e+00 7.11412037144025566e-01
2.45436926061702559e-01 1.62820464140203658e+00 7.25246775882634531e-01
2.45436926061702559e-01 1.60492335292819388e+00 7.38713817055286159e-01
2.45436926061702559e-01 1.58144151476316508e+00 7.51793758181184435e-01
2.45436926061702559e-01 1.55776770749847215e+00 7.64487082281083086e-01
2.45436926061702559e-01 1.53390462211077616e+00 7.76814652617752399e-01
2.45436926061702559e-01 1.50985196093273366e+00 7.88797122891425340e-01
2.45436926061702559e-01 1.48560877559199533e+00 8.00428486699043540e-01
2.45436926061702559e-01 1.46117263501820416e+00 8.11664200540578529e-01
2.45436926061702559e-01 1.43653649145809537e+00 8.22432682707296525e-01
2.45436926061702559e-01 1.41168688947258669e+00 8.32660140437429530e-01
2.45436926061702559e-01 1.38660657010089516e+00 8.42288219546561745e-01
2.45436926061702559e-01 1.36128085608135518e+00 8.51270478189155355e-01
2.45436926061702559e-01 1.33570361251019287e+00 8.59551521741487745e-01
2.45436926061702559e-01 1.30987842269685029e+00 8.67046659103909434e-01
2.45436926061702559e-01 1.28381450771259975e+00 8.73638272509223102e-01
2.45436926061702559e-01 1.25752194672200135e+00 8.79189299455464424e-01
2.45436926061702559e-01 1.23101271726709860e+00 8.83558263240777242e-01
2.45436926061702559e-01 1.20431089672403657e+00 8.86598795383057081e-01
2.45436926061702559e-01 1.17746895467580681e+00 8.88142103956877316e-01
2.45436926061702559e-01 1.15058199545175244e+00 8.87980757984891067e-01
2.45436926061702559e-01 1.12379185264906689e+00 8.85878539161042311e-01
2.45436926061702559e-01 1.09727820298373602e+00 8.81615746595619698e-01
2.45436926061702559e-01 1.07124081330360510e+00 8.75051759088394498e-01
2.45436926061702559e-01 1.04588124442380703e+00 8.66167957840053515e-01
2.45436926061702559e-01 1.02139172063334605e+00 8.55060738116845243e-01
2.45436926061702559e-01 9.97954742632760516e-01 8.41884414081357280e-01
2.45436926061702559e-01 9.75752378315793423e-01 8.26777153890449590e-01
2.45436926061702559e-01 9.54981017958745459e-01 8.09815568024977450e-01
2.45436926061702559e-01 9.35865585225854835e-01 7.91025320934326537e-01
2.45436926061702559e-01 9.18665790226502299e-01 7.70438355000951258e-01
2.45436926061702559e-01 9.03666471091997381e-01 7.48157650332189061e-01
2.45436926061702559e-01 8.91146840736994128e-01 7.24388143420398478e-01
2.45436926061702559e-01 8.81331595791683520e-01 6.99417649948082865e-01
2.45436926061702559e-01 8.74338579912616431e-01 6.73564991882005359e-01
2.45436926061702559e-01 8.70146383068684304e-01 6.47130178542220214e-01
2.45436926061702559e-01 8.68602915637594841e-01 6.20372942879214295e-01
2.45436926061702559e-01 8.69479675280591224e-01 5.93520855339989661e-01
2.45436926061702559e-01 8.72552596077465603e-01 5.66787509590365168e-01
2.45436926061702559e-01 8.77672864131440744e-01 5.40379952394740015e-01
2.45436926061702559e-01 8.84792612556049352e-01 5.14490496988253665e-01
2.45436926061702559e-01 8.93933012118981352e-01 4.89285166163349161e-01
2.45436926061702559e-01 9.05113980504919202e-01 4.64903560560622653e-01
2.45436926061702559e-01 9.18286052327785707e-01 4.41471202562647769e-01
2.45436926061702559e-01 9.33301724517812459e-01 4.19108827829453356e-01
2.45436926061702559e-01 9.49937377241924397e-01 3.97920348225363651e-01
2.45436926061702559e-01 9.67944899649303969e-01 3.77957121288795328e-01
2.45436926061702559e-01 9.87095950490630814e-01 3.59178578831036543e-01
2.45436926061702559e-01 1.00719203664345835e+00 3.41438626860364081e-01
2.45436926061702559e-01 1.02804217901472783e+00 3.24513285425274745e-01
2.45436926061702559e-01 1.04943547532147941e+00 3.08156717053672591e-01
2.45436926061702559e-01 1.07113926983486496e+00 2.92152248901382194e-01
2.45436926061702559e-01 1.09293242088348430e+00 2.76329822037267969e-01
2.45436926061702559e-01 1.11465367144304239e+00 2.60549158626282029e-01
2.45436926061702559e-01 1.13623048230217250e+00 2.44676762715660939e-01
2.45436926061702559e-01 1.15766599856162578e+00 2.28589784226775505e-01
2.45436926061702559e-01 1.17899225772288685e+00 2.12213918585813593e-01
2.45436926061702559e-01 1.20022249671786163e+00 1.95564809545269835e-01
2.45436926061702559e-01 1.22133382400104673e+00 1.78744662023705148e-01
2.45436926061702559e-01 1.24228298602542475e+00 1.61867690728977331e-01
2.45436926061702559e-01 1.26302418598896948e+00 1.44939485016400083e-01
2.45436926061702559e-01 1.28348765412933163e+00 1.27760586897864681e-01
2.45436926061702559e-01 1.30350433117274656e+00 1.09927118156464804e-01
2.45436926061702559e-01 1.32271095750667955e+00 9.09520290601768672e-02
2.45436926061702559e-01 1.34050598756321704e+00 7.04573884105032244e-02
2.45436926061702559e-01 1.35611869532387375e+00 4.83388704184998796e-02
2.45436926061702559e-01 1.36879794573424829e+00 2.48129961715758719e-02
2.45436926061702559e-01 1.37805360825237133e+00 3.22403919336432525e-04
2.45436926061702559e-01 1.38383897605446293e+00 -2.46459072059076328e-02
2.45436926061702559e-01 1.38657905475958243e+00 -4.97300360764181965e-02
2.45436926061702559e-01 1.38702241030828177e+00 -7.47680518311227421e-02
2.45436926061702559e-01 1.38598276802311426e+00 -9.97596304258183270e-02
2.45436926061702559e-01 1.38408929542815451e+00 -1.24762168087587777e-01
2.45436926061702559e-01 1.38165178548131595e+00 -1.49796439982762208e-01
2.45436926061702559e-01 1.37867914441938999e+00 -1.74813442840289546e-01
2.45436926061702559e-01 1.37500923120046958e+00 -1.99723023958449541e-01
2.45436926061702559e-01 1.37046179131762447e+00 -2.24444659616612974e-01
2.45436926061702559e-01 1.36493552049249378e+00 -2.48936459348240963e-01
2.45436926061702559e-01 1.35842076603757023e+00 -2.73186068773794588e-01
2.45436926061702559e-01 1.35095382874853187e+00 -2.97180315904758685e-01
2.45436926061702559e-01 1.34256384950804697e+00 -3.20883218107989532e-01
2.45436926061702559e-01 1.33325017587654338e+00 -3.44238350642617152e-01
2.45436926061702559e-01 1.32299474806540540e+00 -3.67187547467191955e-01
2.45436926061702559e-01 1.31178826223415834e+00 -3.89685775679960433e-01
2.45436926061702559e-01 1.29964728558140674e+00 -4.11701159186564858e-01
2.45436926061702559e-01 1.28661726002576926e+00 -4.33208936358757846e-01
2.45436926061702559e-01 1.27277408346273369e+00 -4.54198481089173989e-01
2.45436926061702559e-01 1.25823808890025024e+00 -4.74702064137545787e-01
2.45436926061702559e-01 1.24319833999425344e+00 -4.94830757182912140e-01
2.45436926061702559e-01 1.22792747870590846e+00 -5.14787705524401895e-01
2.45436926061702559e-01 1.21276545961314386e+00 -5.34837774425468204e-01
2.45436926061702559e-01 1.19806916461961599e+00 -5.55241583442499520e-01
2.45436926061702559e-01 1.18415137108955815e+00 -5.76189391035995202e-01
2.45436926061702559e-01 1.17124598992359941e+00 -5.97773349259462572e-01
2.45436926061702559e-01 1.15952420016464353e+00 -6.20010491124734386e-01
2.45436926061702559e-01 1.14915410850838939e+00 -6.42891953251717219e-01
2.45436926061702559e-01 1.14036621220215117e+00 -6.66414731518981673e-01
2.45436926061702559e-01 1.13347987280915241e+00 -6.90566658838935199e-01
2.45436926061702559e-01 1.12886842324571135e+00 -7.15273367486174205e-01
2.45436926061702559e-01 1.12687837305246474e+00 -7.40348584029248302e-01
2.45436926061702559e-01 1.12774665067794011e+00 -7.65490028660478994e-01
2.45436926061702559e-01 1.13156040853349960e+00 -7.90330148255997234e-01
2.45436926061702559e-01 1.13827680979279533e+00 -8.14508402202057891e-01
2.45436926061702559e-01 1.14778367205665832e+00 -8.37713124690760313e-01
2.45436926061702559e-01 1.15995939686451321e+00 -8.59662519261835789e-01
2.45436926061702559e-01 1.17469543069380022e+00 -8.80042040688887472e-01
2.45436926061702559e-01 1.19187156188207743e+00 -8.98454128654314621e-01
2.45436926061702559e-01 1.21130510890257281e+00 -9.14435595995315986e-01
2.45436926061702559e-01 1.23271041542947479e+00 -9.27555460666679821e-01
2.45436926061702559e-01 1.25569742420660257e+00 -9.37549920226220634e-01
2.45436926061702559e-01 1.27981462776893529e+00 -9.44420645182049490e-01
2.45436926061702559e-01 1.30461792442774116e+00 -9.48439525124420868e-01
2.45436926061702559e-01 1.32973607306443142e+00 -9.50056449485028542e-01
2.45436926061702559e-01 1.35490902573997229e+00 -9.49760846904026401e-01
2.45436926061702559e-01 1.37999109422047450e+00 -9.47967523993023864e-01
2.45436926061702559e-01 1.40492642186105599e+00 -9.44972754065534826e-01
2.45436926061702559e-01 1.42971223387349888e+00 -9.40977886518474138e-01
2.45436926061702559e-01 1.45436460816688418e+00 -9.36139451206017048e-01
2.45436926061702559e-01 1.47889554246131971e+00 -9.30600393224153000e-01
2.45436926061702559e-01 1.50330337653446522e+00 -9.24484065145358969e-01
2.45436926061702559e-01 1.52757383136313996e+00 -9.17866834198844406e-01
2.45436926061702559e-01 1.55168655722403548e+00 -9.10760765894830127e-01
2.45436926061702559e-01 1.57562174979938718e+00 -9.03126142505705887e-01
2.45436926061702559e-01 1.59936283532505241e+00 -8.94907397150995543e-01
2.45436926061702559e-01 1.62289414476912941e+00 -8.86067591248700714e-01
2.45436926061702559e-01 1.64619583184075813e+00 -8.76599468224480760e-01
2.45436926061702559e-01 1.66924021393085509e+00 -8.66510888506780041e-01
2.45436926061702559e-01 1.69199280841847499e+00 -8.55801841295695698e-01
2.45436926061702559e-01 1.71441797709496035e+00 -8.44454015402148150e-01
2.45436926061702559e-01 1.73648560642900751e+00 -8.32440725365938938e-01
2.45436926061702559e-01 1.75817433729449357e+00 -8.19747120479776048e-01
2.45436926061702559e-01 1.77946939169327600e+00 -8.06382932449543954e-01
2.45436926061702559e-01 1.80035716729946915e+00 -7.92377776972246428e-01
2.45436926061702559e-01 1.82082121074788095e+00 -7.77764358457015970e-01
2.45436926061702559e-01 1.84084288906163507e+00 -7.62564391342468895e-01
2.45436926061702559e-01 1.86040602288285961e+00 -7.46788182090278196e-01
2.45436926061702559e-01 1.87950125443334493e+00 -7.30445955263825608e-01
2.45436926061702559e-01 1.89812598875064276e+00 -7.13558876402943576e-01
2.45436926061702559e-01 1.91627946177458108e+00 -6.96158995264149594e-01
2.45436926061702559e-01 1.93395682168619021e+00 -6.78278291151367951e-01
2.45436926061702559e-01 1.95114733349337000e+00 -6.59937436999628924e-01
2.45436926061702559e-01 1.96783866388383033e+00 -6.41145314927960452e-01
2.45436926061702559e-01 1.98402409444674510e+00 -6.21910340735167488e-01
2.45436926061702559e-01 1.99970670385035509e+00 -6.02253341425438737e-01
2.45436926061702559e-01 2.01489662292885940e+00 -5.82209519152117605e-01
2.45436926061702559e-01 2.02960298810058637e+00 -5.61816387952402962e-01
2.45436926061702559e-01 2.04382675645065337e+00 -5.41097500023736022e-01
2.45436926061702559e-01 2.05756020809246198e+00 -5.20056623248535188e-01
2.45436926061702559e-01 2.07079373234996389e+00 -4.98688772061511576e-01
2.45436926061702559e-01 2.08352448416357960e+00 -4.76999646276104805e-01
2.45436926061702559e-01 2.09575972287060663e+00 -4.55016542964326642e-01
2.45436926061702559e-01 2.10751184811194303e+00 -4.32779917657492574e-01
2.45436926061702559e-01 2.11878910955235522e+00 -4.10321308466134960e-01
2.45436926061702559e-01 2.12958990410793225e+00 -3.87646409744692777e-01
2.45436926061702559e-01 2.13990585786459508e+00 -3.64739565491345230e-01
2.45436926061702559e-01 2.14973129333897361e+00 -3.41588380109444090e-01
2.45436926061702559e-01 2.15907032474723648e+00 -3.18208483494766936e-01
2.45436926061702559e-01 2.16793337109978346e+00 -2.94645272726559382e-01
2.45436926061702559e-01 2.17632271652468345e+00 -2.70946617400135592e-01
2.45436926061702559e-01 2.18421613576834250e+00 -2.47125782816983219e-01
2.45436926061702559e-01 2.19156082225875304e+00 -2.23146255099753194e-01
2.45436926061702559e-01 2.19828338758219477e+00 -1.98946990805255713e-01
2.45436926061702559e-01 2.20430955761231839e+00 -1.74495106556198737e-01
2.45436926061702559e-01 2.20957847537966279e+00 -1.49826852580413172e-01
2.45436926061702559e-01 2.21403868728691577e+00 -1.25039462565805420e-01
2.45436926061702559e-01 2.21762569287521805e+00 -1.00229080091628509e-01
2.45436926061702559e-01 2.22023587334441297e+00 -7.54120403487953811e-02
2.45436926061702559e-01 2.22171766232960000e+00 -5.04868055079606415e-02
2.45436926061702559e-01 2.22189252538575932e+00 -2.52736267361491004e-02
2.61799387799149408e-01 2.20336380990490044e+00 3.92815750719092765e-04
2.61799387799149408e-01 2.20054359210754580e+00 2.61483766768817912e-02
2.61799387799149408e-01 2.19616374408412618e+00 5.22018828771519255e-02
2.61799387799149408e-01 2.19028576444848211e+00 7.82526420291774355e-02
2.61799387799149408e-01 2.18302703148072874e+00 1.03986705805131752e-01
2.61799387799149408e-01 2.17451618713254247e+00 1.29195159296776108e-01
2.61799387799149408e-01 2.16486167319186951e+00 1.53825843080786701e-01
2.61799387799149408e-01 2.15414585420244364e+00 1.77947050903376452e-01
2.61799387799149408e-01 2.14243924997581470e+00 2.01656960905399196e-01
2.61799387799149408e-01 2.12981792974922701e+00 2.25001780327390266e-01
2.61799387799149408e-01 2.11636899593665762e+00 2.47951382865446462e-01
2.61799387799149408e-01 2.10218121064551866e+00 2.70436760022344846e-01
2.61799387799149408e-01 2.08733016346410816e+00 2.92411778973104775e-01
2.61799387799149408e-01 2.07187084225644069e+00 3.13890874860287217e-01
2.61799387799149408e-01 2.05584345359769127e+00 3.34938563387934152e-01
2.61799387799149408e-01 2.03928727729665926e+00 3.55624954913080160e-01
2.61799387799149408e-01 2.02225117316579128e+00 3.75984665367440185e-01
2.61799387799149408e-01 2.00479254272519869e+00 3.96009314265862666e-01
2.61799387799149408e-01 1.98696596945976789e+00 4.15674710400323888e-01
2.61799387799149408e-01 1.96881067066911619e+00 4.34976924565056322e-01
2.61799387799149408e-01 1.95034622996528917e+00 4.53947026210366589e-01
2.61799387799149408e-01 1.93157907975220655e+00 4.72633768131670795e-01
2.61799387799149408e-01 1.91251382736842857e+00 4.91069878086162537e-01
2.61799387799149408e-01 1.89316042477383562e+00 5.09249753758912682e-01
2.61799387799149408e-01 1.87353243774520895e+00 5.27135732223080633e-01
2.61799387799149408e-01 1.85363938249776505e+00 5.44686580930166642e-01
2.61799387799149408e-01 1.83348083988075472e+00 5.61884810642922727e-01
2.61799387799149408e-01 1.81304814817489568e+00 5.78741924378718964e-01
2.61799387799149408e-01 1.79233280530502070e+00 5.95279615720853972e-01
2.61799387799149408e-01 1.77133496474411167e+00 6.11504203142925196e-01
2.61799387799149408e-01 1.75006529919746923e+00 6.27395813548710768e-01
2.61799387799149408e-01 1.72853897288962410e+00 6.42920467626185932e-01
2.61799387799149408e-01 1.70676687920981385e+00 6.58054013968648599e-01
2.61799387799149408e-01 1.68475138082284337e+00 6.72797699220438750e-01
2.61799387799149408e-01 1.66248992362688663e+00 6.87173038791579760e-01
2.61799387799149408e-01 1.63998336697208535e+00 7.01201337852924378e-01
2.61799387799149408e-01 1.61724205497889129e+00 7.14885699079999326e-01
2.61799387799149408e-01 1.59428457774623200e+00 7.28210439441232871e-01
2.61799387799149408e-01 1.57113011087693155e+00 7.41157392956496075e-01
2.61799387799149408e-01 1.54779023108046188e+00 7.53723839376882032e-01
2.61799387799149408e-01 1.52426615414043098e+00 7.65925177917235356e-01
2.61799387799149408e-01 1.50055259901714999e+00 7.77778229470245885e-01
2.61799387799149408e-01 1.47664406550789318e+00 7.89277414455285653e-01
2.61799387799149408e-01 1.45253777052958144e+00 8.00382284660559606e-01
2.61799387799149408e-01 1.42823098510791469e+00 8.11025784009108741e-01
2.61799387799149408e-01 1.40371590453408590e+00 8.21135794857339563e-01
2.61799387799149408e-01 1.37897772192938484e+00 8.30652007189780384e-01
2.61799387799149408e-01 1.35399898179758127e+00 8.39524579592205944e-01
2.61799387799149408e-01 1.32876775255350155e+00 8.47696483457390015e-01
2.61799387799149408e-01 1.30328354679702563e+00 8.55084626877349319e-01
2.61799387799149408e-01 1.27755666262298373e+00 8.61574608428012034e-01
2.61799387799149408e-01 1.25160265539869120e+00 8.67030678059386273e-01
2.61799387799149408e-01 1.22543905546231313e+00 8.71308135140722140e-01
2.61799387799149408e-01 1.19909135588668692e+00 8.74253343037669106e-01
2.61799387799149408e-01 1.17260896971460205e+00 8.75689779924614942e-01
2.61799387799149408e-01 1.14608360125327002e+00 8.75406264310360616e-01
2.61799387799149408e-01 1.11965853541368054e+00 8.73169418638522266e-01
2.61799387799149408e-01 1.09352116203858007e+00 8.68768591071957474e-01
2.61799387799149408e-01 1.06788054640990637e+00 8.62076051304017765e-01
2.61799387799149408e-01 1.04294086691023602e+00 8.53087646919455933e-01
2.61799387799149408e-01 1.01888421418908104e+00 8.41914945957776384e-01
2.61799387799149408e-01 9.95871053638808679e-01 8.28728147192619335e-01
2.61799387799149408e-01 9.74057080936524877e-01 8.13681182744593223e-01
2.61799387799149408e-01 9.53616923067819089e-01 7.96863446538458975e-01
2.61799387799149408e-01 9.34762136924530807e-01 7.78306159198718150e-01
2.61799387799149408e-01 9.17743562718783212e-01 7.58036193208850406e-01
2.61799387799149408e-01 9.02833973378437293e-01 7.36140499887826150e-01
2.61799387799149408e-01 8.90293584539674443e-01 7.12800297023721940e-01
2.61799387799149408e-01 8.80327022794675007e-01 6.88277351183604114e-01
2.61799387799149408e-01 8.73045010767487306e-01 6.62867180604672535e-01
2.61799387799149408e-01 8.68445623276282608e-01 6.36852472955372728e-01
2.61799387799149408e-01 8.66425917510786348e-01 6.10483035391382267e-01
2.61799387799149408e-01 8.66823913877666219e-01 5.83984359422986321e-01
2.61799387799149408e-01 8.69476456128269848e-01 5.57575605751423953e-01
2.61799387799149408e-01 8.74267984608516069e-01 5.31475339457460949e-01
2.61799387799149408e-01 8.81146637397820287e-01 5.05889095501797614e-01
2.61799387799149408e-01 8.90099470468144083e-01 4.80991472661042030e-01
2.61799387799149408e-01 9.01100835973742798e-01 4.56920325708699671e-01
2.61799387799149408e-01 9.14063707807907466e-01 4.33787915846462591e-01
2.61799387799149408e-01 9.28821951602852636e-01 4.11695518747793254e-01
2.61799387799149408e-01 9.45151939434890620e-01 3.90731240938066493e-01
2.61799387799149408e-01 9.62816691196326624e-01 3.70943168761694642e-01
2.61799387799149408e-01 9.81602033813307018e-01 3.52302207379426746e-01
2.61799387799149408e-01 1.00132211665344562e+00 3.34682232069676788e-01
2.61799387799149408e-01 1.02179589341672306e+00 3.17876861339539574e-01
2.61799387799149408e-01 1.04281933855202480e+00 3.01647182446467210e-01
2.61799387799149408e-01 1.06416259508600142e+00 2.85772558816710043e-01
2.61799387799149408e-01 1.08560264071533874e+00 2.70075679797868229e-01
2.61799387799149408e-01 1.10697359303467957e+00 2.54415046070109396e-01
2.61799387799149408e-01 1.12820013270880337e+00 2.38665528549782874e-01
2.61799387799149408e-01 1.14928861296658136e+00 2.22717002968287059e-01
2.61799387799149408e-01 1.17027990566799356e+00 2.06502442450152868e-01
2.61799387799149408e-01 1.19119598788420755e+00 1.90033669360301083e-01
2.61799387799149408e-01 1.21201612281874116e+00 1.73403101434526918e-01
2.61799387799149408e-01 1.23269290440735002e+00 1.56723844852389049e-01
2.61799387799149408e-01 1.25318139143828855e+00 1.40023635627577331e-01
2.61799387799149408e-01 1.27343569109308041e+00 1.23150937720020073e-01
2.61799387799149408e-01 1.29334589039123604e+00 1.05760137531632561e-01
2.61799387799149408e-01 1.31263645974795096e+00 8.74048007728359250e-02
2.61799387799149408e-01 1.33079271870589633e+00 6.77040100692164609e-02
2.61799387799149408e-01 1.34708869392489805e+00 4.64982691156102801e-02
2.61799387799149408e-01 1.36074449895015226e+00 2.39120676594964353e-02
2.61799387799149408e-01 1.37116625054234986e+00 2.91760201466321339e-04
2.61799387799149408e-01 1.37816224918725982e+00 -2.39424058123036167e-02
2.61799387799149408e-01 1.38202597091336798e+00 -4.84470589423617870e-02
2.61799387799149408e-01 1.38343664163359636e+00 -7.30343725704663826e-02
2.61799387799149408e-01 1.38321936211436647e+00 -9.76552152047458488e-02
2.61799387799149408e-01 1.38207619479674548e+00 -1.22321528344220040e-01
2.61799387799149408e-01 1.38040745603782367e+00 -1.47029913665451317e-01
2.61799387799149408e-01 1.37828659738769876e+00 -1.71731760452205395e-01
2.61799387799149408e-01 1.37556842381150357e+00 -1.96352881157838721e-01
2.61799387799149408e-01 1.37204881596645589e+00 -2.20830799590309185e-01
2.61799387799149408e-01 1.36758661485455923e+00 -2.45133558260806073e-01
2.61799387799149408e-01 1.36214088759380791e+00 -2.69247586492874558e-01
2.61799387799149408e-01 1.35573579515424258e+00 -2.93150761613811761e-01
2.61799387799149408e-01 1.34840236645140821e+00 -3.16796864137373457e-01
2.61799387799149408e-01 1.34014377302729759e+00 -3.40123700316589173e-01
2.61799387799149408e-01 1.33093937130237028e+00 -3.63074245867514134e-01
2.61799387799149408e-01 1.32077088544923837e+00 -3.85609526387403700e-01
2.61799387799149408e-01 1.30964435194914053e+00 -4.07702674048683322e-01
2.61799387799149408e-01 1.29759575810850269e+00 -4.29325196590590152e-01
2.61799387799149408e-01 1.28468955414972585e+00 -4.50448387200834965e-01
2.61799387799149408e-01 1.27102711789402911e+00 -4.71072455095139342e-01
2.61799387799149408e-01 1.25677013066815624e+00 -4.91270331674121319e-01
2.61799387799149408e-01 1.24216329978315265e+00 -5.11213682131543612e-01
2.61799387799149408e-01 1.22753147816113861e+00 -5.31153744307998110e-01
2.61799387799149408e-01 1.21323883642197505e+00 -5.51358429138698258e-01
2.61799387799149408e-01 1.19962496005057351e+00 -5.72038886538060010e-01
2.61799387799149408e-01 1.18695402538156869e+00 -5.93308383964445962e-01
2.61799387799149408e-01 1.17541057990652997e+00 -6.15194568406811526e-01
2.61799387799149408e-01 1.16514783049948734e+00 -6.37687933614499713e-01
2.61799387799149408e-01 1.15635939400190080e+00 -6.60783251191568555e-01
2.61799387799149408e-01 1.14932741001973837e+00 -6.84477305592811613e-01
2.61799387799149408e-01 1.14441218299605074e+00 -7.08721391189925276e-01
2.61799387799149408e-01 1.14198391592793569e+00 -7.33364283397194838e-01
2.61799387799149408e-01 1.14233258875025867e+00 -7.58131851196002460e-01
2.61799387799149408e-01 1.14560459254567415e+00 -7.82664045322370772e-01
2.61799387799149408e-01 1.15179689448367939e+00 -8.06587121315451849e-01
2.61799387799149408e-01 1.16080386857085860e+00 -8.29571283479472177e-01
2.61799387799149408e-01 1.17248191133041479e+00 -8.51333668804979848e-01
2.61799387799149408e-01 1.18669089272888639e+00 -8.71588156500530342e-01
2.61799387799149408e-01 1.20329109387172939e+00 -8.89986853477246487e-01
2.61799387799149408e-01 1.22210497644761196e+00 -9.06110605427286164e-01
2.61799387799149408e-01 1.24287490665516298e+00 -9.19536459146822471e-01
2.61799387799149408e-01 1.26524860584703158e+00 -9.29957808375239559e-01
2.61799387799149408e-01 1.28880586009514775e+00 -9.37293915650763587e-01
2.61799387799149408e-01 1.31311616516397889e+00 -9.41726721267397204e-01
2.61799387799149408e-01 1.33780196557851649e+00 -9.43643592282976340e-01
2.61799387799149408e-01 1.36258266617976287e+00 -9.43517472857383410e-01
2.61799387799149408e-01 1.38728715719233286e+00 -9.41786457820977918e-01
2.61799387799149408e-01 1.41183786766634434e+00 -9.38785691863125993e-01
2.61799387799149408e-01 1.43621908426971290e+00 -9.34745761486235782e-01
2.61799387799149408e-01 1.46044366875124054e+00 -9.29831765440437108e-01
2.61799387799149408e-01 1.48452783575947556e+00 -9.24181616302982678e-01
2.61799387799149408e-01 1.50847761754579723e+00 -9.17916563644670114e-01
2.61799387799149408e-01 1.53228597219149099e+00 -9.11125923208768951e-01
2.61799387799149408e-01 1.55593685840323648e+00 -9.03848549348377439e-01
2.61799387799149408e-01 1.57941157453162928e+00 -8.96072583004691170e-01
2.61799387799149408e-01 1.60269304994710349e+00 -8.87757185627538359e-01
2.61799387799149408e-01 1.62576572055248558e+00 -8.78861782450735984e-01
2.61799387799149408e-01 1.64861168120719981e+00 -8.69363937490431393e-01
2.61799387799149408e-01 1.67120645489254604e+00 -8.59257810005049194e-01
2.61799387799149408e-01 1.69351812306252247e+00 -8.48540595156362265e-01
2.61799387799149408e-01 1.71551118300646066e+00 -8.37201674762278580e-01
2.61799387799149408e-01 1.73715291585487419e+00 -8.25223821347756403e-01
2.61799387799149408e-01 1.75841800715865815e+00 -8.12593899927026575e-01
2.61799387799149408e-01 1.77928839769443381e+00 -7.99312704936544494e-01
2.61799387799149408e-01 1.79974901242019802e+00 -7.85395687364705331e-01
2.61799387799149408e-01 1.81978320342650957e+00 -7.70865182717612840e-01
2.61799387799149408e-01 1.83937179486565561e+00 -7.55741850418138794e-01
2.61799387799149408e-01 1.85849641744445715e+00 -7.40042396320084062e-01
2.61799387799149408e-01 1.87714401487486793e+00 -7.23783741527485702e-01
2.61799387799149408e-01 1.89530826432769817e+00 -7.06987591908191493e-01
2.61799387799149408e-01 1.91298627505779706e+00 -6.89679644669902170e-01
2.61799387799149408e-01 1.93017317847182901e+00 -6.71883809660618114e-01
2.61799387799149408e-01 1.94685941703371279e+00 -6.53617587454278559e-01
2.61799387799149408e-01 1.96303357565888548e+00 -6.34894267850478311e-01
2.61799387799149408e-01 1.97868889133562265e+00 -6.15731011479801471e-01
2.61799387799149408e-01 1.99382805583009826e+00 -5.96155345661526836e-01
2.61799387799149408e-01 2.00846179134255065e+00 -5.76202764943890555e-01
2.61799387799149408e-01 2.02260156286713189e+00 -5.55905684103588538e-01
2.61799387799149408e-01 2.03625181444668035e+00 -5.35282546553267014e-01
2.61799387799149408e-01 2.04940797286720322e+00 -5.14337320994985192e-01
2.61799387799149408e-01 2.06206208885107189e+00 -4.93071548477747978e-01
2.61799387799149408e-01 2.07421171612089239e+00 -4.71499765660722714e-01
2.61799387799149408e-01 2.08586466683922467e+00 -4.49654603972647560e-01
2.61799387799149408e-01 2.09703539327998678e+00 -4.27575277239826412e-01
2.61799387799149408e-01 2.10773570622818518e+00 -4.05287430307827268e-01
2.61799387799149408e-01 2.11796764343606014e+00 -3.82791446950591141e-01
2.61799387799149408e-01 2.12772494918565647e+00 -3.60071318122864803e-01
2.61799387799149408e-01 2.13700236214215078e+00 -3.37119455639641852e-01
2.61799387799149408e-01 2.14580443361481343e+00 -3.13957568427571110e-01
2.61799387799149408e-01 2.15414441887541530e+00 -2.90633690391826738e-01
2.61799387799149408e-01 2.16203076997467392e+00 -2.67193122948648387e-01
2.61799387799149408e-01 2.16944905744448446e+00 -2.43643863495611401e-01
2.61799387799149408e-01 2.17635250000176272e+00 -2.19946117313152667e-01
2.61799387799149408e-01 2.18266949258464660e+00 -1.96040650981082282e-01
2.61799387799149408e-01 2.18832409326579835e+00 -1.71900511097808351e-01
2.61799387799149408e-01 2.19325439954980661e+00 -1.47567589710718372e-01
2.61799387799149408e-01 2.19741317127809044e+00 -1.23139799683208803e-01
2.61799387799149408e-01 2.20074684127236564e+00 -9.87073110389045244e-02
2.61799387799149408e-01 2.20316571539022288e+00 -7.42761188167805064e-02
2.61799387799149408e-01 2.20452768275149547e+00 -4.97344897019352389e-02
2.61799387799149408e-01 2.20465226773570411e+00 -2.48964236255915516e-02
2.78161849536596228e-01 2.18677768014747143e+00 4.05901167757230269e-04
2.78161849536596228e-01 2.18396889637919056e+00 2.57784712050184613e-02
2.78161849536596228e-01 2.17961894079566942e+00 5.14516930279668161e-02
2.78161849536596228e-01 2.17377101610319823e+00 7.71216418889565380e-02
2.78161849536596228e-01 2.16653216901058965e+00 1.02470219815388550e-01
2.78161849536596228e-01 2.15802873456518540e+00 1.27283699057127581e-01
2.78161849536596228e-01 2.14837208081259412e+00 1.51505955017036814e-01
2.78161849536596228e-01 2.13765003763318484e+00 1.75204666954107663e-01
2.78161849536596228e-01 2.12594030920404187e+00 1.98482591785796497e-01
2.78161849536596228e-01 2.11332826622300285e+00 2.21395105386757496e-01
2.78161849536596228e-01 2.09991192414828642e+00 2.43922488376970364e-01
2.78161849536596228e-01 2.08578983155247499e+00 2.66003028456893331e-01
2.78161849536596228e-01 2.07104227305473731e+00 2.87592149191281510e-01
2.78161849536596228e-01 2.05572142270946800e+00 3.08700889927653321e-01
2.78161849536596228e-01 2.03985856110144992e+00 3.29388966206268619e-01
2.78161849536596228e-01 2.02348280481688070e+00 3.49724008454464774e-01
2.78161849536596228e-01 2.00663693951236066e+00 3.69741779916161084e-01
2.78161849536596228e-01 1.98937858163760239e+00 3.89436895370661840e-01
2.78161849536596228e-01 1.97176650595897196e+00 4.08786841457699168e-01
2.78161849536596228e-01 1.95384321742864420e+00 4.27786170008729094e-01
2.78161849536596228e-01 1.93562706653911487e+00 4.46462157538056958e-01
2.78161849536596228e-01 1.91711913203510553e+00 4.64860405302484569e-01
2.78161849536596228e-01 1.89831849651205431e+00 4.83013608788593340e-01
2.78161849536596228e-01 1.87923361525450416e+00 5.00919238303340286e-01
2.78161849536596228e-01 1.85988155160134450e+00 5.18543291471899481e-01
2.78161849536596228e-01 1.84027718656130013e+00 5.35845796839361954e-01
2.78161849536596228e-01 1.82042258432164816e+00 5.52807081308725912e-01
2.78161849536596228e-01 1.80030613977285148e+00 5.69434739881812368e-01
2.78161849536596228e-01 1.77991272529864020e+00 5.85747884937655505e-01
2.78161849536596228e-01 1.75923685602590263e+00 6.01753437448508399e-01
2.78161849536596228e-01 1.73828840327069112e+00 6.17434427914793416e-01
2.78161849536596228e-01 1.71708649272195313e+00 6.32759171393296960e-01
2.78161849536596228e-01 1.69564681352686430e+00 6.47702671858945256e-01
2.78161849536596228e-01 1.67397279455345926e+00 6.62262189031713300e-01
2.78161849536596228e-01 1.65205778943194370e+00 6.76454743294934824e-01
2.78161849536596228e-01 1.62989634580069898e+00 6.90299848537380578e-01
2.78161849536596228e-01 1.60749522293282165e+00 7.03802713274310210e-01
2.78161849536596228e-01 1.58487503148245623e+00 7.16951802129648152e-01
2.78161849536596228e-01 1.56206092427457977e+00 7.29731640062916576e-01
2.78161849536596228e-01 1.53906946525752986e+00 7.42138354881263784e-01
2.78161849536596228e-01 1.51590162153879571e+00 7.54182991890738119e-01
2.78161849536596228e-01 1.49254662028351825e+00 7.65878014273776109e-01
2.78161849536596228e-01 1.46899259596096732e+00 7.77216735496807143e-01
2.78161849536596228e-01 1.44523479413374978e+00 7.88161615064304266e-01
2.78161849536596228e-01 1.42127474179384206e+00 7.98650233470359461e-01
2.78161849536596228e-01 1.39711188591712387e+00 8.08613379721357717e-01
2.78161849536596228e-01 1.37273587726987989e+00 8.17990090258176372e-01
2.78161849536596228e-01 1.34812728365061307e+00 8.26727565941201892e-01
2.78161849536596228e-01 1.32326735718322297e+00 8.34766771323084522e-01
2.78161849536596228e-01 1.29814963508372450e+00 8.42026032024702054e-01
2.78161849536596228e-01 1.27278446666869627e+00 8.48395257057712904e-01
2.78161849536596228e-01 1.24719384740364658e+00 8.53742559025742920e-01
2.78161849536596228e-01 1.22140321598417256e+00 8.57923085082202053e-01
2.78161849536596228e-01 1.19544118491048823e+00 8.60778263167329638e-01
2.78161849536596228e-01 1.16935312181167372e+00 8.62124988998945851e-01
2.78161849536596228e-01 1.14322314799440683e+00 8.61749139612184245e-01
2.78161849536596228e-01 1.11719007759288447e+00 8.59422087838989324e-01
2.78161849536596228e-01 1.09144371487044411e+00 8.54945858626357524e-01
2.78161849536596228e-01 1.06619932245869942e+00 8.48209773294779312e-01
2.78161849536596228e-01 1.04166258719632565e+00 8.39226222835829483e-01
2.78161849536596228e-01 1.01800486775615795e+00 8.28119523365015930e-01
2.78161849536596228e-01 9.95363314520822162e-01 8.15068381774260775e-01
2.78161849536596228e-01 9.73865670683628393e-01 8.00232258077775094e-01
2.78161849536596228e-01 9.53664720813993450e-01 7.83703734935449203e-01
2.78161849536596228e-01 9.34961734845498160e-01 7.65513450666800099e-01
2.78161849536596228e-01 9.18004720581340972e-01 7.45681077576448526e-01
2.78161849536596228e-01 9.03060976604275423e-01 7.24277748290411583e-01
2.78161849536596228e-01 8.90375790065391914e-01 7.01461175769899636e-01
2.78161849536596228e-01 8.80133882537292522e-01 6.77466117426016368e-01
2.78161849536596228e-01 8.72436750211648904e-01 6.52563349325051223e-01
2.78161849536596228e-01 8.67301265415962086e-01 6.27018018861840831e-01
2.78161849536596228e-01 8.64677352104978758e-01 6.01072047184065261e-01
2.78161849536596228e-01 8.64477415530162996e-01 5.74952469875290029e-01
2.78161849536596228e-01 8.66607384668689806e-01 5.48887257669422146e-01
2.78161849536596228e-01 8.70988465476355889e-01 5.23107652228013698e-01
2.78161849536596228e-01 8.77561058467706823e-01 4.97831413665898448e-01
2.78161849536596228e-01 8.86268972068993133e-01 4.73240174376279243e-01
2.78161849536596228e-01 8.97031733689680810e-01 4.49469891528204601e-01
2.78161849536596228e-01 9.09720487832575642e-01 4.26621426739236198e-01
2.78161849536596228e-01 9.24152661122614183e-01 4.04779231818276852e-01
2.78161849536596228e-01 9.40110241667319269e-01 3.84016971022222653e-01
2.78161849536596228e-01 9.57371371458611398e-01 3.64378517667412305e-01
2.78161849536596228e-01 9.75735241376341933e-01 3.45844055651185589e-01
2.78161849536596228e-01 9.95024174243305803e-01 3.28306452839718321e-01
2.78161849536596228e-01 1.01506330609201734e+00 3.11579083621671860e-01
2.78161849536596228e-01 1.03565637943871791e+00 2.95434890909691050e-01
2.78161849536596228e-01 1.05658186174724755e+00 2.79654333171774072e-01
2.78161849536596228e-01 1.07762069628282164e+00 2.64054954516245721e-01
2.78161849536596228e-01 1.09860315149981669e+00 2.48492001978399102e-01
2.78161849536596228e-01 1.11944481872969970e+00 2.32844187771296229e-01
2.78161849536596228e-01 1.14014533423816400e+00 2.17010273165552020e-01
2.78161849536596228e-01 1.16074761636202162e+00 2.00929481442640390e-01
2.78161849536596228e-01 1.18128359781225001e+00 1.84610898399381801e-01
2.78161849536596228e-01 1.20174264584329671e+00 1.68137453290089417e-01
2.78161849536596228e-01 1.22208074664754096e+00 1.51618321993969379e-01
2.78161849536596228e-01 1.24225315126723945e+00 1.35098453780763406e-01
2.78161849536596228e-01 1.26222720335268379e+00 1.18471907625384010e-01
2.78161849536596228e-01 1.28193889735707267e+00 1.01457186346114628e-01
2.78161849536596228e-01 1.30119761373875020e+00 8.36645159414915601e-02
2.78161849536596228e-01 1.31959318821546701e+00 6.47318639368494181e-02
2.78161849536596228e-01 1.33648138818265183e+00 4.44626853214803858e-02
2.78161849536596228e-01 1.35109562839121788e+00 2.28939973998941587e-02
2.78161849536596228e-01 1.36276447395817790e+00 2.62683106656386406e-04
2.78161849536596228e-01 1.37114562280004981e+00 -2.31042490785644990e-02
2.78161849536596228e-01 1.37636233003596820e+00 -4.69106203139720151e-02
2.78161849536596228e-01 1.37896782324793632e+00 -7.09616087165881315e-02
2.78161849536596228e-01 1.37974779823558769e+00 -9.51619006249215388e-02
2.78161849536596228e-01 1.37945234429115371e+00 -1.19466164450628604e-01
2.78161849536596228e-01 1.37857955487941153e+00 -1.43828848210597326e-01
2.78161849536596228e-01 1.37729736482998755e+00 -1.68187149386462759e-01
2.78161849536596228e-01 1.37551190457343719e+00 -1.92477393850475437e-01
2.78161849536596228e-01 1.37301774097510965e+00 -2.16658632042175975e-01
2.78161849536596228e-01 1.36963836178763954e+00 -2.40716662952006555e-01
2.78161849536596228e-01 1.36529291621267035e+00 -2.64643498271646960e-01
2.78161849536596228e-01 1.35998224721565575e+00 -2.88410802697776192e-01
2.78161849536596228e-01 1.35373424639333462e+00 -3.11961048749787306e-01
2.78161849536596228e-01 1.34655910387389310e+00 -3.35223775770545573e-01
2.78161849536596228e-01 1.33844097651095351e+00 -3.58141744180202337e-01
2.78161849536596228e-01 1.32935841673371291e+00 -3.80683214177934548e-01
2.78161849536596228e-01 1.31930810311941205e+00 -4.02829974923125667e-01
2.78161849536596228e-01 1.30831425959812986e+00 -4.24554816185408301e-01
2.78161849536596228e-01 1.29642740361193187e+00 -4.45815644520835164e-01
2.78161849536596228e-01 1.28372938745906140e+00 -4.66583088550745262e-01
2.78161849536596228e-01 1.27035488292609733e+00 -4.86890609722226031e-01
2.78161849536596228e-01 1.25651900023647456e+00 -5.06872769848393356e-01
2.78161849536596228e-01 1.24252575181180402e+00 -5.26758622147678990e-01
2.78161849536596228e-01 1.22873803175820817e+00 -5.46814940880273603e-01
2.78161849536596228e-01 1.21551516400797466e+00 -5.67268821981761318e-01
2.78161849536596228e-01 1.20315061357258402e+00 -5.88254749171933544e-01
2.78161849536596228e-01 1.19184886087805886e+00 -6.09814601804853695e-01
2.78161849536596228e-01 1.18175903488465317e+00 -6.31941464572775113e-01
2.78161849536596228e-01 1.17304643014516219e+00 -6.54627099053846195e-01
2.78161849536596228e-01 1.16595623742596777e+00 -6.77871943203683158e-01
2.78161849536596228e-01 1.16082586506514351e+00 -7.01646685016551919e-01
2.78161849536596228e-01 1.15803284719776589e+00 -7.25833346924555145e-01
2.78161849536596228e-01 1.15790472465264305e+00 -7.50191935341451455e-01
2.78161849536596228e-01 1.16063977408424002e+00 -7.74381825914647215e-01
2.78161849536596228e-01 1.16627903763633722e+00 -7.98027261781675046e-01
2.78161849536596228e-01 1.17473746202259055e+00 -8.20783368479979458e-01
2.78161849536596228e-01 1.18586712824197282e+00 -8.42358191807697221e-01
2.78161849536596228e-01 1.19951052945369740e+00 -8.62479188563822552e-01
2.78161849536596228e-01 1.21551422447088098e+00 -8.80835868978954939e-01
2.78161849536596228e-01 1.23370244777633742e+00 -8.97052172825063665e-01
2.78161849536596228e-01 1.25383632224645636e+00 -9.10725793816038687e-01
2.78161849536596228e-01 1.27559147307623721e+00 -9.21527358985357314e-01
2.78161849536596228e-01 1.29857316408566392e+00 -9.29310262361418338e-01
2.78161849536596228e-01 1.32236475661159858e+00 -9.34170642461787271e-01
2.78161849536596228e-01 1.34658757766307158e+00 -9.36423747133385831e-01
2.78161849536596228e-01 1.37094731424622318e+00 -9.36509451117234271e-01
2.78161849536596228e-01 1.39525240327983968e+00 -9.34875738300698034e-01
2.78161849536596228e-01 1.41940475646616959e+00 -9.31893315090155827e-01
2.78161849536596228e-01 1.44337353266989887e+00 -9.27828269569665576e-01
2.78161849536596228e-01 1.46716485198938140e+00 -9.22863221446176496e-01
2.78161849536596228e-01 1.49079652251345607e+00 -9.17134681632224003e-01
2.78161849536596228e-01 1.51428160584638327e+00 -9.10756601001796007e-01
2.78161849536596228e-01 1.53762103790974258e+00 -9.03820344814194154e-01
2.78161849536596228e-01 1.56080373892856716e+00 -8.96382100361290290e-01
2.78161849536596228e-01 1.58381148660737026e+00 -8.88455820967594900e-01
2.78161849536596228e-01 1.60662482507834037e+00 -8.80021549749330445e-01
2.78161849536596228e-01 1.62922629847523281e+00 -8.71044944665373633e-01
2.78161849536596228e-01 1.65159922778520918e+00 -8.61495769435275727e-01
2.78161849536596228e-01 1.67372347313113656e+00 -8.51355838122583197e-01
2.78161849536596228e-01 1.69557198508233897e+00 -8.40616077897828329e-01
2.78161849536596228e-01 1.71711148277064241e+00 -8.29269656107522568e-01
2.78161849536596228e-01 1.73830742904227353e+00 -8.17308408195072000e-01
2.78161849536596228e-01 1.75913002328623769e+00 -8.04724616024727779e-01
2.78161849536596228e-01 1.77955703609690352e+00 -7.91515067079241907e-01
2.78161849536596228e-01 1.79957179511661791e+00 -7.77683437382990506e-01
2.78161849536596228e-01 1.81915849679572084e+00 -7.63239908950578250e-01
2.78161849536596228e-01 1.83829903635303449e+00 -7.48199801765178307e-01
2.78161849536596228e-01 1.85697400341306662e+00 -7.32582948370775866e-01
2.78161849536596228e-01 1.87516670691776310e+00 -7.16413229771870053e-01
2.78161849536596228e-01 1.89286635984729323e+00 -6.99716302858925721e-01
2.78161849536596228e-01 1.91006730518549750e+00 -6.82515182543327104e-01
2.78161849536596228e-01 1.92676480918759263e+00 -6.64826580753946961e-01
2.78161849536596228e-01 1.94295128691363606e+00 -6.46662041753962802e-01
2.78161849536596228e-01 1.95861678350403889e+00 -6.28034766964262858e-01
2.78161849536596228e-01 1.97375391225897578e+00 -6.08967641825982953e-01
2.78161849536596228e-01 1.98836326574245592e+00 -5.89495347744685261e-01
2.78161849536596228e-01 2.00245431901666526e+00 -5.69656970462804391e-01
2.78161849536596228e-01 2.01604022836375218e+00 -5.49483305776603315e-01
2.78161849536596228e-01 2.02913008556328567e+00 -5.28988717891243909e-01
2.78161849536596228e-01 2.04172472332122767e+00 -5.08175266052410923e-01
2.78161849536596228e-01 2.05381963258789701e+00 -4.87047366453943031e-01
2.78161849536596228e-01 2.06541274158744148e+00 -4.65625719482439027e-01
2.78161849536596228e-01 2.07651052091174204e+00 -4.43948107293918093e-01
2.78161849536596228e-01 2.08712697367675482e+00 -4.22054306876818497e-01
2.78161849536596228e-01 2.09727600946142489e+00 -3.99965949147868649e-01
2.78161849536596228e-01 2.10696365360082316e+00 -3.77678347105928125e-01
2.78161849536596228e-01 2.11618721592688619e+00 -3.55173537278114126e-01
2.78161849536596228e-01 2.12494276243492752e+00 -3.32446634692875831e-01
2.78161849536596228e-01 2.13323439414448135e+00 -3.09524518342938981e-01
2.78161849536596228e-01 2.14107568146408900e+00 -2.86458816988799214e-01
2.78161849536596228e-01 2.14847864118567600e+00 -2.63294235260870035e-01
2.78161849536596228e-01 2.15543573902610941e+00 -2.40034832248847640e-01
2.78161849536596228e-01 2.16190761809275056e+00 -2.16637084367463678e-01
2.78161849536596228e-01 2.16782696915829742e+00 -1.93041602363086318e-01
2.78161849536596228e-01 2.17311757630565738e+00 -1.69225331705892129e-01
2.78161849536596228e-01 2.17771508469648412e+00 -1.45235292978227404e-01
2.78161849536596228e-01 2.18157245251195864e+00 -1.21171708736813585e-01
2.78161849536596228e-01 2.18464257750148771e+00 -9.71218738962575795e-02
2.78161849536596228e-01 2.18684763910565039e+00 -7.30845728128520083e-02
2.78161849536596228e-01 2.18805718105039082e+00 -4.89397610287374690e-02
2.78161849536596228e-01 2.18809492838723818e+00 -2.44953312729416540e-02
2.94524311274043105e-01 2.17071242029588918e+00 4.14051857678015384e-04
2.94524311274043105e-01 2.16788701297955555e+00 2.53597404451094063e-02
2.94524311274043105e-01 2.16355346249514868e+00 5.06120896037502502e-02
2.94524311274043105e-01 2.15773680879830598e+00 7.58686260839360888e-02
2.94524311274043105e-01 2.15053074053169402e+00 1.00808637668605636e-01
2.94524311274043105e-01 2.14205563769584728e+00 1.25212273822796205e-01
2.94524311274043105e-01 2.13242342657549422e+00 1.49016557360676399e-01
2.94524311274043105e-01 2.12172653897778307e+00 1.72285573234233269e-01
2.94524311274043105e-01 2.11004938172922296e+00 1.95124689017956487e-01
2.94524311274043105e-01 2.09748531575206609e+00 2.17597921149082774e-01
2.94524311274043105e-01 2.08414093797066524e+00 2.39696606449353422e-01
2.94524311274043105e-01 2.07012217271290222e+00 2.61367402889038536e-01
2.94524311274043105e-01 2.05551271248712375e+00 2.82567912871960147e-01
2.94524311274043105e-01 2.04036216048353447e+00 3.03305381755344772e-01
2.94524311274043105e-01 2.02469390024246243e+00 3.23633347433952723e-01
2.94524311274043105e-01 2.00852742234334425e+00 3.43615225094015930e-01
2.94524311274043105e-01 1.99189872397731649e+00 3.63286631591325238e-01
2.94524311274043105e-01 1.97486404356315881e+00 3.82644759993160277e-01
2.94524311274043105e-01 1.95748507037030350e+00 4.01669010699809481e-01
2.94524311274043105e-01 1.93980769098703076e+00 4.20352630185768517e-01
2.94524311274043105e-01 1.92185057552431937e+00 4.38718758134581055e-01
2.94524311274043105e-01 1.90361153969138064e+00 4.56809069424787162e-01
2.94524311274043105e-01 1.88508557643512265e+00 4.74655806240292244e-01
2.94524311274043105e-01 1.86627984774170641e+00 4.92260285683816801e-01
2.94524311274043105e-01 1.84721425936381700e+00 5.09594258391176114e-01
2.94524311274043105e-01 1.82790842362262906e+00 5.26621513216061432e-01
2.94524311274043105e-01 1.80836687426306897e+00 5.43321635616551779e-01
2.94524311274043105e-01 1.78857553386930679e+00 5.59697695754531543e-01
2.94524311274043105e-01 1.76851298199054563e+00 5.75763821182204594e-01
2.94524311274043105e-01 1.74816785649830853e+00 5.91524850468809094e-01
2.94524311274043105e-01 1.72754865060544383e+00 6.06965535952008084e-01
2.94524311274043105e-01 1.70667826562580283e+00 6.22057642171101488e-01
2.94524311274043105e-01 1.68557792974402432e+00 6.36778087499961676e-01
2.94524311274043105e-01 1.66425357004687879e+00 6.51122683584929529e-01
2.94524311274043105e-01 1.64269561570014355e+00 6.65104614745448575e-01
2.94524311274043105e-01 1.62089226786429985e+00 6.78740030619111034e-01
2.94524311274043105e-01 1.59884534785689647e+00 6.92033609326864640e-01
2.94524311274043105e-01 1.57657571494117721e+00 7.04976098017033537e-01
2.94524311274043105e-01 1.55411358293633595e+00 7.17554834845398504e-01
2.94524311274043105e-01 1.53148109496401719e+00 7.29766720850242856e-01
2.94524311274043105e-01 1.50868055201959894e+00 7.41620835138553813e-01
2.94524311274043105e-01 1.48569695340381069e+00 7.53126661536123954e-01
2.94524311274043105e-01 1.46251195014988644e+00 7.64276179041692316e-01
2.94524311274043105e-01 1.43911737319383692e+00 7.75033471185955114e-01
2.94524311274043105e-01 1.41551740422768657e+00 7.85339537382463981e-01
2.94524311274043105e-01 1.39171834407266948e+00 7.95127730232602303e-01
2.94524311274043105e-01 1.36771556056611243e+00 8.04336966937206799e-01
2.94524311274043105e-01 1.34348971488483238e+00 8.12912316398494927e-01
2.94524311274043105e-01 1.31901663257452917e+00 8.20793320436168261e-01
2.94524311274043105e-01 1.29428364331128787e+00 8.27900058328437050e-01
2.94524311274043105e-01 1.26929966532854022e+00 8.34127289437240238e-01
2.94524311274043105e-01 1.24409177527441051e+00 8.39348172644592050e-01
2.94524311274043105e-01 1.21869329100030743e+00 8.43419577011634614e-01
2.94524311274043105e-01 1.19313718684057357e+00 8.46180285143663502e-01
2.94524311274043105e-01 1.16746585762857880e+00 8.47443135950973758e-01
2.94524311274043105e-01 1.14175492760447272e+00 8.46994013070541119e-01
2.94524311274043105e-01 1.11613503278004544e+00 8.44612702659623404e-01
2.94524311274043105e-01 1.09079279407532459e+00 8.40118011005839826e-01
2.94524311274043105e-01 1.06594426842093393e+00 8.33419554539878149e-01
2.94524311274043105e-01 1.04179336646503562e+00 8.24546664006950203e-01
2.94524311274043105e-01 1.01850017446390084e+00 8.13632444277045064e-01
2.94524311274043105e-01 9.96179945674645184e-01 8.00856006283336197e-01
2.94524311274043105e-01 9.74934527698023468e-01 7.86372358624031653e-01
2.94524311274043105e-01 9.54896766459921498e-01 7.70268731215035807e-01
2.94524311274043105e-01 9.36259492377018443e-01 7.52570594771050039e-01
2.94524311274043105e-01 9.19270115860355452e-01 7.33290073786420304e-01
2.94524311274043105e-01 9.04193052936791086e-01 7.12484403461926097e-01
2.94524311274043105e-01 8.91260874834205019e-01 6.90289221804056607e-01
2.94524311274043105e-01 8.80639455315909370e-01 6.66911562902356869e-01
2.94524311274043105e-01 8.72421118496031989e-01 6.42595033199663934e-01
2.94524311274043105e-01 8.66641935799896790e-01 6.17584997407083169e-01
2.94524311274043105e-01 8.63307070696084367e-01 5.92115135144065108e-01
2.94524311274043105e-01 8.62408017595894916e-01 5.66415685365356469e-01
2.94524311274043105e-01 8.63925072726062337e-01 5.40725644219150925e-01
2.94524311274043105e-01 8.67818993512056713e-01 5.15289972302745980e-01
2.94524311274043105e-01 8.74020471367219165e-01 4.90338047163246693e-01
2.94524311274043105e-01 8.82423836071278167e-01 4.66057480974280458e-01
2.94524311274043105e-01 8.92886681066828225e-01 4.42582654687707910e-01
2.94524311274043105e-01 9.05234514820725922e-01 4.20005475875633028e-01
2.94524311274043105e-01 9.19269863897181239e-01 3.98396957618891490e-01
2.94524311274043105e-01 9.34785542867235586e-01 3.77818334019341673e-01
2.94524311274043105e-01 9.51579451078070959e-01 3.58308398444786624e-01
2.94524311274043105e-01 9.69464578807874289e-01 3.39853668896231143e-01
2.94524311274043105e-01 9.88267523118970925e-01 3.22363807758612675e-01
2.94524311274043105e-01 1.00781493987797610e+00 3.05673291747169618e-01
2.94524311274043105e-01 1.02791737158269103e+00 2.89572270916946650e-01
2.94524311274043105e-01 1.04836587744920906e+00 2.73849081137017836e-01
2.94524311274043105e-01 1.06895176666226011e+00 2.58320375918836720e-01
2.94524311274043105e-01 1.08950426674829615e+00 2.42837415108463323e-01
2.94524311274043105e-01 1.10992528127061130e+00 2.27277964806944399e-01
2.94524311274043105e-01 1.13019740697899063e+00 2.11544462757797036e-01
2.94524311274043105e-01 1.15035625569336242e+00 1.95580163594300138e-01
2.94524311274043105e-01 1.17044227740488260e+00 1.79392477381455390e-01
2.94524311274043105e-01 1.19046285221328207e+00 1.63055926339358753e-01
2.94524311274043105e-01 1.21038834525702610e+00 1.46672795258511013e-01
2.94524311274043105e-01 1.23017809107765430e+00 1.30297441135917624e-01
2.94524311274043105e-01 1.24980319996293288e+00 1.13861484090567566e-01
2.94524311274043105e-01 1.26922676005992519e+00 9.71473630217148110e-02
2.94524311274043105e-01 1.28832890669266575e+00 7.98358052697490383e-02
2.94524311274043105e-01 1.30681047898085145e+00 6.16104152323272702e-02
2.94524311274043105e-01 1.32414286622818267e+00 4.22674897550943326e-02
2.94524311274043105e-01 1.33962460556317797e+00 2.17754128731450537e-02
2.94524311274043105e-01 1.35255351533383639e+00 2.58560369161331893e-04
2.94524311274043105e-01 1.36245382791208258e+00 -2.20750333049808713e-02
2.94524311274043105e-01 1.36925390748641962e+00 -4.50144433369595726e-02
2.94524311274043105e-01 1.37332272665577748e+00 -6.83919001836405666e-02
2.94524311274043105e-01 1.37533965315477924e+00 -9.20822665366816673e-02
2.94524311274043105e-01 1.37605559872914185e+00 -1.15977499239162160e-01
2.94524311274043105e-01 1.37605586788161616e+00 -1.39969344451302186e-01
2.94524311274043105e-01 1.37562658480781708e+00 -1.63957862487158795e-01
2.94524311274043105e-01 1.37476498774174227e+00 -1.87875816103911214e-01
2.94524311274043105e-01 1.37329799342296477e+00 -2.11702816558240692e-01
2.94524311274043105e-01 1.37102753993095394e+00 -2.35451029730222944e-01
2.94524311274043105e-01 1.36782719651962203e+00 -2.59128645813114344e-01
2.94524311274043105e-01 1.36366039242309900e+00 -2.82707266692843351e-01
2.94524311274043105e-01 1.35854193298173631e+00 -3.06117840219550463e-01
2.94524311274043105e-01 1.35248927755683179e+00 -3.29277566311805547e-01
2.94524311274043105e-01 1.34549924045255143e+00 -3.52125347522276921e-01
2.94524311274043105e-01 1.33755549939560492e+00 -3.74636535979180119e-01
2.94524311274043105e-01 1.32864864532060101e+00 -3.96805331801385996e-01
2.94524311274043105e-01 1.31878921492536949e+00 -4.18611641087005770e-01
2.94524311274043105e-01 1.30801055593202720e+00 -4.40005317355515735e-01
2.94524311274043105e-01 1.29637403338554713e+00 -4.60930138925683297e-01
2.94524311274043105e-01 1.28398842300217808e+00 -4.81379115926710677e-01
2.94524311274043105e-01 1.27103867743372478e+00 -5.01444949645380778e-01
2.94524311274043105e-01 1.25780207626418039e+00 -5.21326977219014331e-01
2.94524311274043105e-01 1.24462935871364433e+00 -5.41282591774303601e-01
2.94524311274043105e-01 1.23188889208139463e+00 -5.61548544529745008e-01
2.94524311274043105e-01 1.21989969700667400e+00 -5.82278325427225241e-01
2.94524311274043105e-01 1.20889278466076067e+00 -6.03530151602634901e-01
2.94524311274043105e-01 1.19902699824902115e+00 -6.25303956527962779e-01
2.94524311274043105e-01 1.19045193405901539e+00 -6.47591446066693388e-01
2.94524311274043105e-01 1.18337871547279994e+00 -6.70395941586741650e-01
2.94524311274043105e-01 1.17811167087407020e+00 -6.93703642019238731e-01
2.94524311274043105e-01 1.17501664339904566e+00 -7.17426455650859940e-01
2.94524311274043105e-01 1.17444031326179044e+00 -7.41359914706284928e-01
2.94524311274043105e-01 1.17662427604884523e+00 -7.65190393192220375e-01
2.94524311274043105e-01 1.18165897798512742e+00 -7.88550675350971231e-01
2.94524311274043105e-01 1.18949627038079342e+00 -8.11087905484457972e-01
2.94524311274043105e-01 1.20000365921945562e+00 -8.32499152551807620e-01
2.94524311274043105e-01 1.21302151547533077e+00 -8.52514148462050980e-01
2.94524311274043105e-01 1.22838903604429572e+00 -8.70844897413220131e-01
2.94524311274043105e-01 1.24593001413199600e+00 -8.87148873644802549e-01
2.94524311274043105e-01 1.26541720680665426e+00 -9.01046706596097535e-01
2.94524311274043105e-01 1.28654653369128735e+00 -9.12200005415175763e-01
2.94524311274043105e-01 1.30894371190187586e+00 -9.20414095327786841e-01
2.94524311274043105e-01 1.33220451586882183e+00 -9.25711199522014638e-01
2.94524311274043105e-01 1.35595061579603793e+00 -9.28334111083828684e-01
2.94524311274043105e-01 1.37987690873418667e+00 -9.28678262581253300e-01
2.94524311274043105e-01 1.40377422229149174e+00 -9.27186720401315889e-01
2.94524311274043105e-01 1.42752545065480030e+00 -9.24256351240127949e-01
2.94524311274043105e-01 1.45108409661302384e+00 -9.20189109194764265e-01
2.94524311274043105e-01 1.47444712201144079e+00 -9.15192741003147070e-01
2.94524311274043105e-01 1.49763061458198155e+00 -9.09410135863348623e-01
2.94524311274043105e-01 1.52065188908885451e+00 -9.02949506541571356e-01
2.94524311274043105e-01 1.54351873706303744e+00 -8.95898236332639430e-01
2.94524311274043105e-01 1.56622570175295173e+00 -8.88320417944731933e-01
2.94524311274043105e-01 1.58875656022808820e+00 -8.80249408094079255e-01
2.94524311274043105e-01 1.61109052356728544e+00 -8.71686755734126573e-01
2.94524311274043105e-01 1.63320804673924247e+00 -8.62611069091483218e-01
2.94524311274043105e-01 1.65509253540697832e+00 -8.52992360234726466e-01
2.94524311274043105e-01 1.67672721536793801e+00 -8.42804585554219887e-01
2.94524311274043105e-01 1.69809013543187337e+00 -8.32031696485601269e-01
2.94524311274043105e-01 1.71915179961596110e+00 -8.20667048657845788e-01
2.94524311274043105e-01 1.73987788411427524e+00 -8.08709050266037566e-01
2.94524311274043105e-01 1.76023542162061042e+00 -7.96156472328487297e-01
2.94524311274043105e-01 1.78019804280313765e+00 -7.83005938322964834e-01
2.94524311274043105e-01 1.79974667138395650e+00 -7.69252894603666193e-01
2.94524311274043105e-01 1.81886579251037084e+00 -7.54895943039127770e-01
2.94524311274043105e-01 1.83753890909097284e+00 -7.39942542031722827e-01
2.94524311274043105e-01 1.85574713506338984e+00 -7.24412434341586198e-01
2.94524311274043105e-01 1.87347184769835629e+00 -7.08335404796885171e-01
2.94524311274043105e-01 1.89069863824447459e+00 -6.91743103599195330e-01
2.94524311274043105e-01 1.90741871977374000e+00 -6.74659270752186235e-01
2.94524311274043105e-01 1.92362642473564316e+00 -6.57095221291457032e-01
2.94524311274043105e-01 1.93931522684523161e+00 -6.39054967199806034e-01
2.94524311274043105e-01 1.95447637166060106e+00 -6.20547583296712335e-01
2.94524311274043105e-01 1.96910204981279868e+00 -6.01598127977088226e-01
2.94524311274043105e-01 1.98319084053941608e+00 -5.82248077402204745e-01
2.94524311274043105e-01 1.99675062076247656e+00 -5.62543284344432237e-01
2.94524311274043105e-01 2.00979574438767106e+00 -5.42517297513637975e-01
2.94524311274043105e-01 2.02233995838511582e+00 -5.22182675707822286e-01
2.94524311274043105e-01 2.03439032885551097e+00 -5.01537938197110456e-01
2.94524311274043105e-01 2.04594696396916431e+00 -4.80585827334609861e-01
2.94524311274043105e-01 2.05700865699795665e+00 -4.59348726175157041e-01
2.94524311274043105e-01 2.06757954666655763e+00 -4.37867901491642009e-01
2.94524311274043105e-01 2.07767090605536886e+00 -4.16185380854417697e-01
2.94524311274043105e-01 2.08729635955702530e+00 -3.94321914324262501e-01
2.94524311274043105e-01 2.09646479468416835e+00 -3.72269567920814226e-01
2.94524311274043105e-01 2.10517769791113585e+00 -3.50007489956409568e-01
2.94524311274043105e-01 2.11343397031261970e+00 -3.27530717383409442e-01
2.94524311274043105e-01 2.12123811398124973e+00 -3.04869124581659934e-01
2.94524311274043105e-01 2.12860317199905769e+00 -2.82078362428486440e-01
2.94524311274043105e-01 2.13554255483513122e+00 -2.59205477697242670e-01
2.94524311274043105e-01 2.14205367499776145e+00 -2.36253862206933174e-01
2.94524311274043105e-01 2.14810437740959603e+00 -2.13177218896583837e-01
2.94524311274043105e-01 2.15363328651213726e+00 -1.89913557630876972e-01
2.94524311274043105e-01 2.15856585580800298e+00 -1.66439292734997302e-01
2.94524311274043105e-01 2.16283533681854578e+00 -1.42803229100765927e-01
2.94524311274043105e-01 2.16639197063772793e+00 -1.19108334921174661e-01
2.94524311274043105e-01 2.16919036462822579e+00 -9.54437531177222132e-02
2.94524311274043105e-01 2.17116091052931415e+00 -7.18079986526082570e-02
2.94524311274043105e-01 2.17218517082720952e+00 -4.80784551039273589e-02
2.94524311274043105e-01 2.17209641260694086e+00 -2.40586444281045940e-02
3.10886773011489925e-01 2.15510522815887073e+00 4.09383822347540792e-04
3.10886773011489925e-01 2.15222868301763226e+00 2.49100943648651631e-02
3.10886773011489925e-01 2.14788770550584074e+00 4.97147136107487161e-02
3.10886773011489925e-01 2.14209350411549959e+00 7.45243286545783229e-02
3.10886773011489925e-01 2.13492629133950951e+00 9.90208707897968221e-02
3.10886773011489925e-01 2.12649778853478155e+00 1.22984643690743245e-01
3.10886773011489925e-01 2.11691778178441226e+00 1.46350108338228757e-01
3.10886773011489925e-01 2.10628184924309503e+00 1.69178002053935655e-01
3.10886773011489925e-01 2.09468011750471605e+00 1.91572749912477219e-01
3.10886773011489925e-01 2.08221180273300854e+00 2.13602074747347853e-01
3.10886773011489925e-01 2.06898816019063547e+00 2.35265048835389901e-01
3.10886773011489925e-01 2.05511802641780905e+00 2.56516583693928213e-01
3.10886773011489925e-01 2.04068578920341626e+00 2.77318776160334179e-01
3.10886773011489925e-01 2.02573898180271206e+00 2.97677427357690483e-01
3.10886773011489925e-01 2.01029612354820353e+00 3.17640117826074320e-01
3.10886773011489925e-01 1.99437020229673401e+00 3.37263802188114248e-01
3.10886773011489925e-01 1.97799126295419891e+00 3.56580886490700855e-01
3.10886773011489925e-01 1.96121220492629234e+00 3.75589537943164020e-01
3.10886773011489925e-01 1.94409455290406918e+00 3.94272055119715525e-01
3.10886773011489925e-01 1.92668582561906754e+00 4.12623085646451282e-01
3.10886773011489925e-01 1.90900580847106527e+00 4.30663917039028177e-01
3.10886773011489925e-01 1.89105143331699366e+00 4.48432422324349378e-01
3.10886773011489925e-01 1.87281530522846906e+00 4.65958345018619324e-01
3.10886773011489925e-01 1.85430272183302969e+00 4.83244300984317920e-01
3.10886773011489925e-01 1.83553406812381925e+00 5.00266740223533013e-01
3.10886773011489925e-01 1.81653175018313906e+00 5.16994422403644349e-01
3.10886773011489925e-01 1.79730337164876341e+00 5.33408661703006937e-01
3.10886773011489925e-01 1.77783568917781998e+00 5.49509812986060164e-01
3.10886773011489925e-01 1.75810493383815669e+00 5.65306875458174929e-01
3.10886773011489925e-01 1.73809570064430763e+00 5.80800833335413436e-01
3.10886773011489925e-01 1.71781358906609261e+00 5.95976372355426220e-01
3.10886773011489925e-01 1.69728172573654668e+00 6.10808458341509763e-01
3.10886773011489925e-01 1.67652418447126461e+00 6.25277468894282928e-01
3.10886773011489925e-01 1.65554975738031596e+00 6.39379900548902480e-01
3.10886773011489925e-01 1.63434914091150674e+00 6.53126192967200869e-01
3.10886773011489925e-01 1.61290771132347088e+00 6.66528472236963432e-01
3.10886773011489925e-01 1.59122343402675459e+00 6.79589233155795669e-01
3.10886773011489925e-01 1.56931522706622384e+00 6.92300391507567614e-01
3.10886773011489925e-01 1.54721466760984905e+00 7.04652497548546752e-01
3.10886773011489925e-01 1.52494720372183190e+00 7.16644701877508838e-01
3.10886773011489925e-01 1.50251735025753885e+00 7.28285188868933564e-01
3.10886773011489925e-01 1.47990905548379792e+00 7.39579891887576224e-01
3.10886773011489925e-01 1.45710024068274402e+00 7.50517394633841262e-01
3.10886773011489925e-01 1.43407932576601760e+00 7.61061410801712190e-01
3.10886773011489925e-01 1.41085041113968179e+00 7.71156198989687902e-01
3.10886773011489925e-01 1.38742354812369162e+00 7.80739858138010612e-01
3.10886773011489925e-01 1.36379913657552021e+00 7.89754418728715213e-01
3.10886773011489925e-01 1.33996051691768381e+00 7.98144890371638938e-01
3.10886773011489925e-01 1.31588205958693583e+00 8.05848855280579146e-01
3.10886773011489925e-01 1.29154707405961466e+00 8.12785489979435227e-01
3.10886773011489925e-01 1.26696158009405835e+00 8.18851808327722308e-01
3.10886773011489925e-01 1.24215365581515380e+00 8.23925840600173154e-01
3.10886773011489925e-01 1.21716102787964209e+00 8.27869338374648378e-01
3.10886773011489925e-01 1.19202098690228264e+00 8.30523877984414627e-01
3.10886773011489925e-01 1.16677633664070135e+00 8.31703838405199569e-01
3.10886773011489925e-01 1.14149794531820015e+00 8.31199227011891306e-01
3.10886773011489925e-01 1.11630844337968060e+00 8.28800652306199703e-01
3.10886773011489925e-01 1.09138612304018823e+00 8.24345197337365110e-01
3.10886773011489925e-01 1.06693931964011068e+00 8.17763909257220201e-01
3.10886773011489925e-01 1.04316270783155662e+00 8.09103193386375263e-01
3.10886773011489925e-01 1.02020253570682939e+00 7.98502528804320377e-01
3.10886773011489925e-01 9.98155129157650589e-01 7.86135402048533716e-01
3.10886773011489925e-01 9.77102179377077995e-01 7.72143502833525730e-01
3.10886773011489925e-01 9.57161181169692288e-01 7.56599706039325248e-01
3.10886773011489925e-01 9.38517784332167038e-01 7.39518355420124007e-01
3.10886773011489925e-01 9.21417612003716080e-01 7.20902733260940676e-01
3.10886773011489925e-01 9.06121335864052524e-01 7.00798526098407981e-01
3.10886773011489925e-01 8.92850426776009676e-01 6.79322348105391827e-01
3.10886773011489925e-01 8.81755768068169132e-01 6.56654452607534300e-01
3.10886773011489925e-01 8.72924386878335512e-01 6.33009296462372362e-01
3.10886773011489925e-01 8.66413310490388722e-01 6.08609061515601679e-01
3.10886773011489925e-01 8.62282410731592841e-01 5.83676791508540127e-01
3.10886773011489925e-01 8.60601273749802997e-01 5.58445941658001987e-01
3.10886773011489925e-01 8.61425079856559139e-01 5.33168371872413172e-01
3.10886773011489925e-01 8.64756282146248778e-01 5.08104589285586217e-01
3.10886773011489925e-01 8.70517553356747742e-01 4.83496033046564855e-01
3.10886773011489925e-01 8.78552517919106823e-01 4.59535653281023360e-01
3.10886773011489925e-01 8.88652303604467675e-01 4.36356145040258714e-01
3.10886773011489925e-01 9.00591514430278406e-01 4.14042219556059132e-01
3.10886773011489925e-01 9.14155579858670020e-01 3.92654690267870699e-01
3.10886773011489925e-01 9.29150955466719997e-01 3.72245047656630079e-01
3.10886773011489925e-01 9.45401283349410648e-01 3.52847131523981283e-01
3.10886773011489925e-01 9.62738003174908985e-01 3.34451314761968987e-01
3.10886773011489925e-01 9.80991671397755449e-01 3.16981363325603005e-01
3.10886773011489925e-01 9.99985620795574293e-01 3.00293164201238028e-01
3.10886773011489925e-01 1.01953236458664187e+00 2.84198790751619357e-01
3.10886773011489925e-01 1.03943585976725417e+00 2.68501669354596406e-01
3.10886773011489925e-01 1.05950443099042713e+00 2.53023041554183870e-01
3.10886773011489925e-01 1.07957483218051031e+00 2.37610376797798117e-01
3.10886773011489925e-01 1.09953860293019989e+00 2.22135322612534103e-01
3.10886773011489925e-01 1.11935516300189297e+00 2.06497084192858532e-01
3.10886773011489925e-01 1.13903997244530841e+00 1.90638930353150882e-01
3.10886773011489925e-01 1.15863090409109026e+00 1.74567315822203584e-01
3.10886773011489925e-01 1.17815189783485752e+00 1.58351067181824234e-01
3.10886773011489925e-01 1.19759643380268299e+00 1.42084888155745298e-01
3.10886773011489925e-01 1.21693838093580831e+00 1.25825075246077195e-01
3.10886773011489925e-01 1.23615298031519338e+00 1.09529181700532371e-01
3.10886773011489925e-01 1.25521527532473476e+00 9.30363269630657130e-02
3.10886773011489925e-01 1.27405309092859698e+00 7.61044170412263077e-02
3.10886773011489925e-01 1.29246549900058239e+00 5.84869921683887142e-02
3.10886773011489925e-01 1.31005471940747520e+00 4.00086885995542471e-02
3.10886773011489925e-01 1.32623150470427142e+00 2.06012156386405389e-02
3.10886773011489925e-01 1.34032595852177772e+00 2.89221602947469880e-04
3.10886773011489925e-01 1.35177839474480388e+00 -2.08523704348357562e-02
3.10886773011489925e-01 1.36033144778603887e+00 -4.27339886198071922e-02
3.10886773011489925e-01 1.36613027901021589e+00 -6.52576163169333312e-02
3.10886773011489925e-01 1.36967574848928009e+00 -8.82999117025527469e-02
3.10886773011489925e-01 1.37164693369981849e+00 -1.11699712878052720e-01
3.10886773011489925e-01 1.37267379695696756e+00 -1.35274232682737222e-01
3.10886773011489925e-01 1.37316115579467968e+00 -1.58863449181288974e-01
3.10886773011489925e-01 1.37323127499327091e+00 -1.82375758818626277e-01
3.10886773011489925e-01 1.37278680443536460e+00 -2.05801607462114317e-01
3.10886773011489925e-01 1.37163804410891710e+00 -2.29181875377004851e-01
3.10886773011489925e-01 1.36961981689188628e+00 -2.52549836850905374e-01
3.10886773011489925e-01 1.36664787753122363e+00 -2.75885145795711217e-01
3.10886773011489925e-01 1.36271059764564595e+00 -2.99109942492068015e-01
3.10886773011489925e-01 1.35782744649536635e+00 -3.22126422970284210e-01
3.10886773011489925e-01 1.35201261068467504e+00 -3.44865004961174226e-01
3.10886773011489925e-01 1.34526358051183226e+00 -3.67305559589140684e-01
3.10886773011489925e-01 1.33757028656809673e+00 -3.89456420094309974e-01
3.10886773011489925e-01 1.32892924297007209e+00 -4.11310293794307447e-01
3.10886773011489925e-01 1.31935355230588125e+00 -4.32816359601155054e-01
3.10886773011489925e-01 1.30888267547074477e+00 -4.53897640238187072e-01
3.10886773011489925e-01 1.29760063005772897e+00 -4.74508940928493161e-01
3.10886773011489925e-01 1.28566215166780973e+00 -4.94698165332596085e-01
3.10886773011489925e-01 1.27331173012010779e+00 -5.14627258847051294e-01
3.10886773011489925e-01 1.26087523337786389e+00 -5.34534174773975024e-01
3.10886773011489925e-01 1.24871629308964982e+00 -5.54656487342785498e-01
3.10886773011489925e-01 1.23717329485829408e+00 -5.75162397170883688e-01
3.10886773011489925e-01 1.22651043775736923e+00 -5.96127873176814038e-01
3.10886773011489925e-01 1.21691288028466249e+00 -6.17564924416399430e-01
3.10886773011489925e-01 1.20853084876582861e+00 -6.39470189998178840e-01
3.10886773011489925e-01 1.20154625412114990e+00 -6.61850960770809071e-01
3.10886773011489925e-01 1.19621907367873526e+00 -6.84705466358480286e-01
3.10886773011489925e-01 1.19288138004186095e+00 -7.07970549416794048e-01
3.10886773011489925e-01 1.19187823808608750e+00 -7.31475735749396172e-01
3.10886773011489925e-01 1.19348650397795319e+00 -7.54939371279375160e-01
3.10886773011489925e-01 1.19785444345172243e+00 -7.78012801544555765e-01
3.10886773011489925e-01 1.20499025165618234e+00 -8.00344553361848843e-01
3.10886773011489925e-01 1.21479688688442811e+00 -8.21622997295175184e-01
3.10886773011489925e-01 1.22712458185566686e+00 -8.41572708871758390e-01
3.10886773011489925e-01 1.24180691302288926e+00 -8.59914580941170681e-01
3.10886773011489925e-01 1.25866272559058756e+00 -8.76327816520651726e-01
3.10886773011489925e-01 1.27747169937832084e+00 -8.90453450868416985e-01
3.10886773011489925e-01 1.29794868856833090e+00 -9.01952862823888091e-01
3.10886773011489925e-01 1.31974122917592140e+00 -9.10598469290835655e-01
3.10886773011489925e-01 1.34245859073459428e+00 -9.16351189553681889e-01
3.10886773011489925e-01 1.36572143778278110e+00 -9.19384161763089347e-01
3.10886773011489925e-01 1.38921067247864372e+00 -9.20040273961719168e-01
3.10886773011489925e-01 1.41269690962932604e+00 -9.18744159026055329e-01
3.10886773011489925e-01 1.43604388561636975e+00 -9.15908128336488603e-01
3.10886773011489925e-01 1.45919124289338198e+00 -9.11867642111206300e-01
3.10886773011489925e-01 1.48212805013403526e+00 -9.06861207837094008e-01
3.10886773011489925e-01 1.50486723548039203e+00 -9.01046337900532679e-01
3.10886773011489925e-01 1.52742637457465080e+00 -8.94530092761145146e-01
3.10886773011489925e-01 1.54981610017059346e+00 -8.87393939389889530e-01
3.10886773011489925e-01 1.57203545290399105e+00 -8.79703480195255350e-01
3.10886773011489925e-01 1.59407286609039245e+00 -8.71505546159635047e-01
3.10886773011489925e-01 1.61591073003994734e+00 -8.62821702593481787e-01
3.10886773011489925e-01 1.63753049463225464e+00 -8.53646764666075031e-01
3.10886773011489925e-01 1.65891521760047023e+00 -8.43955868893876970e-01
3.10886773011489925e-01 1.68004823390203928e+00 -8.33717770091422672e-01
3.10886773011489925e-01 1.70090945549203676e+00 -8.22908303901835447e-01
3.10886773011489925e-01 1.72147265933962768e+00 -8.11517765617330356e-01
3.10886773011489925e-01 1.74170640678246258e+00 -7.99549170018697297e-01
3.10886773011489925e-01 1.76157839483911549e+00 -7.87009436416890029e-01
3.10886773011489925e-01 1.78106032705256934e+00 -7.73899820570519315e-01
3.10886773011489925e-01 1.80013003211014211e+00 -7.60212618700157994e-01
3.10886773011489925e-01 1.81876982937790843e+00 -7.45937212311888920e-01
3.10886773011489925e-01 1.83696310309400546e+00 -7.31071879010757320e-01
3.10886773011489925e-01 1.85469220591407402e+00 -7.15632895639629729e-01
3.10886773011489925e-01 1.87193927236368207e+00 -6.99653328463853974e-01
3.10886773011489925e-01 1.88868875244983525e+00 -6.83170814605411736e-01
3.10886773011489925e-01 1.90492899362303847e+00 -6.66212105223747408e-01
3.10886773011489925e-01 1.92065132283535922e+00 -6.48785680162554890e-01
3.10886773011489925e-01 1.93584773100135155e+00 -6.30888829908704540e-01
3.10886773011489925e-01 1.95050991409192598e+00 -6.12525020409547483e-01
3.10886773011489925e-01 1.96463139627439687e+00 -5.93718855977640736e-01
3.10886773011489925e-01 1.97821151607541990e+00 -5.74516585933480539e-01
3.10886773011489925e-01 1.99125784274569351e+00 -5.54970368773447076e-01
3.10886773011489925e-01 2.00378430754534609e+00 -5.35117177455236570e-01
3.10886773011489925e-01 2.01580566748310241e+00 -5.14968347274919247e-01
3.10886773011489925e-01 2.02733211442000938e+00 -4.94518490856560189e-01
3.10886773011489925e-01 2.03836801478332141e+00 -4.73767585542266279e-01
3.10886773011489925e-01 2.04891550088316299e+00 -4.52738910077082612e-01
3.10886773011489925e-01 2.05897957313992430e+00 -4.31477594178630131e-01
3.10886773011489925e-01 2.06857008043113089e+00 -4.10029349746883653e-01
3.10886773011489925e-01 2.07769877530320768e+00 -3.88415495139863176e-01
3.10886773011489925e-01 2.08637430268935553e+00 -3.66625171400046912e-01
3.10886773011489925e-01 2.09460027146565242e+00 -3.44633497076768713e-01
3.10886773011489925e-01 2.10237899689480168e+00 -3.22433543351371477e-01
3.10886773011489925e-01 2.10971781589491281e+00 -3.00056733886077842e-01
3.10886773011489925e-01 2.11663098436932273e+00 -2.77562489854684513e-01
3.10886773011489925e-01 2.12313215323899129e+00 -2.55000966481516878e-01
3.10886773011489925e-01 2.12921971035435931e+00 -2.32375832061980175e-01
3.10886773011489925e-01 2.13486438463422523e+00 -2.09638361175037091e-01
3.10886773011489925e-01 2.14000907253556782e+00 -1.86723553822400495e-01
3.10886773011489925e-01 2.14458300970734594e+00 -1.63606558659926571e-01
3.10886773011489925e-01 2.14852115307592850e+00 -1.40337424347123957e-01
3.10886773011489925e-01 2.15177368181078110e+00 -1.17021701136055284e-01
3.10886773011489925e-01 2.15429569951213251e+00 -9.37504792878769422e-02
3.10886773011489925e-01 2.15602131178096856e+00 -7.05223638666544334e-02
3.10886773011489925e-01 2.15683968409371873e+00 -4.72131701323441205e-02
3.10886773011489925e-01 2.15659310247076919e+00 -2.36241981421659308e-02
3.27249234748936746e-01 2.14002776667526851e+00 3.95770132827078154e-04
3.27249234748936746e-01 2.13706680955430128e+00 2.44567730782450574e-02
3.27249234748936746e-01 2.13269028547272521e+00 4.88060115366723557e-02
3.27249234748936746e-01 2.12690271756093585e+00 7.31466002285779404e-02
3.27249234748936746e-01 2.11977339258398567e+00 9.71678519472048280e-02
3.27249234748936746e-01 2.11140387153672560e+00 1.20659130983207352e-01
3.27249234748936746e-01 2.10189885974827062e+00 1.43560911324112667e-01
3.27249234748936746e-01 2.09135494192116056e+00 1.65934557693838303e-01
3.27249234748936746e-01 2.07986680231731658e+00 1.87881433713442125e-01
3.27249234748936746e-01 2.06753780335371884e+00 2.09466808572574936e-01
3.27249234748936746e-01 2.05448028877212208e+00 2.30691385758961032e-01
3.27249234748936746e-01 2.04080114622626807e+00 2.51515692968295512e-01
3.27249234748936746e-01 2.02658166445681820e+00 2.71907796694800974e-01
3.27249234748936746e-01 2.01186688951730730e+00 2.91875467663494703e-01
3.27249234748936746e-01 1.99667367478080759e+00 3.11462566300305221e-01
3.27249234748936746e-01 1.98101303524862637e+00 3.30718947423054188e-01
3.27249234748936746e-01 1.96491171588466962e+00 3.49671116154573691e-01
3.27249234748936746e-01 1.94841832313821461e+00 3.68315957629269053e-01
3.27249234748936746e-01 1.93159067684047336e+00 3.86638910023876847e-01
3.27249234748936746e-01 1.91447465844114051e+00 4.04638743473236528e-01
3.27249234748936746e-01 1.89709051269688955e+00 4.22338007026983098e-01
3.27249234748936746e-01 1.87943621101578828e+00 4.39771746593575430e-01
3.27249234748936746e-01 1.86150422248995828e+00 4.56965026844053934e-01
3.27249234748936746e-01 1.84329813365766948e+00 4.73917720812754184e-01
3.27249234748936746e-01 1.82483646158303969e+00 4.90607732967151655e-01
3.27249234748936746e-01 1.80614166174497837e+00 5.07008438625626057e-01
3.27249234748936746e-01 1.78722416203904921e+00 5.23105494242259050e-01
3.27249234748936746e-01 1.76807496487690829e+00 5.38900261470647957e-01
3.27249234748936746e-01 1.74867321764665906e+00 5.54399095641779138e-01
3.27249234748936746e-01 1.72900302050579713e+00 5.69599209823582253e-01
3.27249234748936746e-01 1.70906633707855482e+00 5.84483565549926198e-01
3.27249234748936746e-01 1.68888204111375217e+00 5.99028657850717350e-01
3.27249234748936746e-01 1.66847224395142701e+00 6.13217990851222305e-01
3.27249234748936746e-01 1.64784716189201386e+00 6.27049789700423355e-01
3.27249234748936746e-01 1.62700080403156111e+00 6.40533113603177662e-01
3.27249234748936746e-01 1.60592090089071737e+00 6.53676669128310572e-01
3.27249234748936746e-01 1.58460488395174659e+00 6.66480434254266729e-01
3.27249234748936746e-01 1.56306870132213072e+00 6.78936949958481861e-01
3.27249234748936746e-01 1.54134087070399262e+00 6.91040002096745765e-01
3.27249234748936746e-01 1.51944594078020723e+00 7.02791529389829805e-01
3.27249234748936746e-01 1.49739001281940776e+00 7.14198947254749750e-01
3.27249234748936746e-01 1.47515934907044333e+00 7.25263437264115574e-01
3.27249234748936746e-01 1.45273267381524973e+00 7.35967816968786215e-01
3.27249234748936746e-01 1.43009696670523945e+00 7.46273344368985958e-01
3.27249234748936746e-01 1.40725409046798333e+00 7.56127525138396428e-01
3.27249234748936746e-01 1.38421345557594488e+00 7.65475909335877835e-01
3.27249234748936746e-01 1.36097765658284797e+00 7.74267777218528241e-01
3.27249234748936746e-01 1.33753396013574943e+00 7.82451120486996499e-01
3.27249234748936746e-01 1.31385972762115877e+00 7.89961530991403427e-01
3.27249234748936746e-01 1.28993824809829438e+00 7.96714341505292079e-01
3.27249234748936746e-01 1.26577277696823254e+00 8.02605388641747908e-01
3.27249234748936746e-01 1.24138835268320236e+00 8.07516764547286381e-01
3.27249234748936746e-01 1.21682205467465665e+00 8.11318553221208161e-01
3.27249234748936746e-01 1.19211348508725545e+00 8.13861813151880886e-01
3.27249234748936746e-01 1.16730840818325188e+00 8.14969409326873229e-01
3.27249234748936746e-01 1.14247747911799147e+00 8.14439799783057583e-01
3.27249234748936746e-01 1.11773704064316992e+00 8.12075230830254124e-01
3.27249234748936746e-01 1.09325271654233158e+00 8.07729749288015109e-01
3.27249234748936746e-01 1.06921590013261225e+00 8.01354587002190200e-01
3.27249234748936746e-01 1.04580298807516314e+00 7.93013041750905479e-01
3.27249234748936746e-01 1.02314285658199822e+00 7.82850725850072093e-01
3.27249234748936746e-01 1.00131653495976169e+00 7.71032901689986394e-01
3.27249234748936746e-01 9.80393153657389660e-01 7.57681590008579042e-01
3.27249234748936746e-01 9.60480903981833611e-01 7.42846281608814496e-01
3.27249234748936746e-01 9.41759209265767394e-01 7.26521725402215046e-01
3.27249234748936746e-01 9.24468814719961118e-01 7.08697816456209662e-01
3.27249234748936746e-01 9.08864037501554201e-01 6.89409232740899047e-01
3.27249234748936746e-01 8.95157177910918422e-01 6.68757304339362757e-01
3.27249234748936746e-01 8.83490650142272127e-01 6.46898805939358890e-01
3.27249234748936746e-01 8.73953136741563830e-01 6.24019027688767047e-01
3.27249234748936746e-01 8.66625002863058880e-01 6.00313392661790290e-01
3.27249234748936746e-01 8.61617021359295632e-01 5.75989503162038230e-01
3.27249234748936746e-01 8.59070199823135372e-01 5.51281017219111047e-01
3.27249234748936746e-01 8.59110823297923987e-01 5.26452964887035080e-01
3.27249234748936746e-01 8.61785659865663911e-01 5.01784203113456617e-01
3.27249234748936746e-01 8.67016615991441530e-01 4.77531353801040948e-01
3.27249234748936746e-01 8.74602679017475015e-01 4.53894503094447843e-01
3.27249234748936746e-01 8.84268186956558067e-01 4.31005225405918124e-01
3.27249234748936746e-01 8.95729916248817593e-01 4.08941754238506205e-01
3.27249234748936746e-01 9.08747928582569253e-01 3.87756682104751893e-01
3.27249234748936746e-01 9.23139350243543433e-01 3.67494571489219324e-01
3.27249234748936746e-01 9.38758506215493504e-01 3.48186260473678511e-01
3.27249234748936746e-01 9.55464363707478448e-01 3.29825694866511754e-01
3.27249234748936746e-01 9.73097385240517809e-01 3.12348748173087498e-01
3.27249234748936746e-01 9.91475638990567898e-01 2.95631428276597941e-01
3.27249234748936746e-01 1.01040580022103832e+00 2.79509665341045987e-01
3.27249234748936746e-01 1.02969861087082259e+00 2.63807452448184931e-01
3.27249234748936746e-01 1.04918194457550396e+00 2.48356934483836139e-01
3.27249234748936746e-01 1.06871130766729450e+00 2.33004818843967010e-01
3.27249234748936746e-01 1.08817985169328568e+00 2.17613883923387458e-01
3.27249234748936746e-01 1.10752623758093072e+00 2.02072891722799658e-01
3.27249234748936746e-01 1.12673432938036622e+00 1.86317954299872995e-01
3.27249234748936746e-01 1.14582023402978739e+00 1.70351811961730798e-01
3.27249234748936746e-01 1.16481034489792079e+00 1.54239853037687752e-01
3.27249234748936746e-01 1.18372196288204967e+00 1.38072300633825168e-01
3.27249234748936746e-01 1.20255705193771112e+00 1.21905281316257885e-01
3.27249234748936746e-01 1.22130765497644922e+00 1.05712184592906447e-01
3.27249234748936746e-01 1.23995679635949840e+00 8.93749272325473632e-02
3.27249234748936746e-01 1.25845492727044728e+00 7.27211487134951234e-02
3.27249234748936746e-01 1.27666690603274091e+00 5.55837270768913053e-02
3.27249234748936746e-01 1.29431172836448249e+00 3.78450729049668866e-02
3.27249234748936746e-01 1.31093801274015775e+00 1.94415800856165277e-02
3.27249234748936746e-01 1.32597390868315168e+00 3.34562113367137346e-04
3.27249234748936746e-01 1.33885652322923154e+00 -1.95201041048037628e-02
3.27249234748936746e-01 1.34919945402148866e+00 -4.01707782559130658e-02
3.27249234748936746e-01 1.35692584935387761e+00 -6.16306326498859622e-02
3.27249234748936746e-01 1.36230075582390864e+00 -8.38270856586412066e-02
3.27249234748936746e-01 1.36584080981922096e+00 -1.06582304911936140e-01
3.27249234748936746e-01 1.36813830477730458e+00 -1.29650187199014860e-01
3.27249234748936746e-01 1.36967706551522772e+00 -1.52796871173879634e-01
3.27249234748936746e-01 1.37071684297326324e+00 -1.75879281407900323e-01
3.27249234748936746e-01 1.37128318796427529e+00 -1.98873870612388481e-01
3.27249234748936746e-01 1.37124562269495054e+00 -2.21838787080162719e-01
3.27249234748936746e-01 1.37042935963271018e+00 -2.44836027932955669e-01
3.27249234748936746e-01 1.36870283326866060e+00 -2.67865285596650238e-01
3.27249234748936746e-01 1.36601048277144344e+00 -2.90850465744781350e-01
3.27249234748936746e-01 1.36235634227368352e+00 -3.13681307095482698e-01
3.27249234748936746e-01 1.35776671853132380e+00 -3.36274134657809531e-01
3.27249234748936746e-01 1.35226025062517952e+00 -3.58604983772120189e-01
3.27249234748936746e-01 1.34583802578729106e+00 -3.80692116115735335e-01
3.27249234748936746e-01 1.33849035472927791e+00 -4.02544973021363051e-01
3.27249234748936746e-01 1.33021116010765539e+00 -4.24122982183943953e-01
3.27249234748936746e-01 1.32101526478482212e+00 -4.45340955333391797e-01
3.27249234748936746e-01 1.31095934096621347e+00 -4.66123248424224146e-01
3.27249234748936746e-01 1.30016593522958157e+00 -4.86471983373112093e-01
3.27249234748936746e-01 1.28884222800466008e+00 -5.06502442861215485e-01
3.27249234748936746e-01 1.27727936948312104e+00 -5.26419954277687840e-01
3.27249234748936746e-01 1.26582292119331985e+00 -5.46451623204520121e-01
3.27249234748936746e-01 1.25482051350054524e+00 -5.66775138610605134e-01
3.27249234748936746e-01 1.24456965366440730e+00 -5.87485578911910333e-01
3.27249234748936746e-01 1.23529360614494066e+00 -6.08611877772986531e-01
3.27249234748936746e-01 1.22716011817318837e+00 -6.30159348869667513e-01
3.27249234748936746e-01 1.22033282710524604e+00 -6.52138697210061791e-01
3.27249234748936746e-01 1.21502410034507857e+00 -6.74555587106736576e-01
3.27249234748936746e-01 1.21151520340920515e+00 -6.97366731248710847e-01
3.27249234748936746e-01 1.21012795549611352e+00 -7.20434689773503223e-01
3.27249234748936746e-01 1.21116035033665903e+00 -7.43515363514970717e-01
3.27249234748936746e-01 1.21481919121032411e+00 -7.66289134932573113e-01
3.27249234748936746e-01 1.22118294850930642e+00 -7.88416176175446681e-01
3.27249234748936746e-01 1.23020853812917830e+00 -8.09580651414167018e-01
3.27249234748936746e-01 1.24176976443563980e+00 -8.29498247602339478e-01
3.27249234748936746e-01 1.25569930450264766e+00 -8.47889219157014318e-01
3.27249234748936746e-01 1.27180928998547804e+00 -8.64445184845451187e-01
3.27249234748936746e-01 1.28988393386400646e+00 -8.78824378771578818e-01
3.27249234748936746e-01 1.30965813087944483e+00 -8.90692863948663094e-01
3.27249234748936746e-01 1.33080536008668804e+00 -8.99799974977072869e-01
3.27249234748936746e-01 1.35295169499907231e+00 -9.06053636586420019e-01
3.27249234748936746e-01 1.37571592395239972e+00 -9.09558569910048575e-01
3.27249234748936746e-01 1.39876004220684735e+00 -9.10598108143647611e-01
3.27249234748936746e-01 1.42182895611695881e+00 -9.09567029049411890e-01
3.27249234748936746e-01 1.44476492841698767e+00 -9.06883522104545259e-01
3.27249234748936746e-01 1.46749550895178205e+00 -9.02913526916655718e-01
3.27249234748936746e-01 1.49000511305272609e+00 -8.97930172795051718e-01
3.27249234748936746e-01 1.51230441605384303e+00 -8.92112582534464127e-01
3.27249234748936746e-01 1.53440811173243374e+00 -8.85571755532399529e-01
3.27249234748936746e-01 1.55632434058919333e+00 -8.78383525142003574e-01
3.27249234748936746e-01 1.57805302967743377e+00 -8.70611262895252036e-01
3.27249234748936746e-01 1.59958810880224189e+00 -8.62310897586452629e-01
3.27249234748936746e-01 1.62091970840353183e+00 -8.53522239252883952e-01
3.27249234748936746e-01 1.64203491394803569e+00 -8.44257935918428459e-01
3.27249234748936746e-01 1.66291751335441296e+00 -8.34501364030539539e-01
3.27249234748936746e-01 1.68354771834250627e+00 -8.24217858865339048e-01
3.27249234748936746e-01 1.70390245986282141e+00 -8.13374176609321764e-01
3.27249234748936746e-01 1.72395627811674701e+00 -8.01954918800097172e-01
3.27249234748936746e-01 1.74368249440141132e+00 -7.89966053954744951e-01
3.27249234748936746e-01 1.76305432183528654e+00 -7.77424086513638368e-01
3.27249234748936746e-01 1.78204572229133240e+00 -7.64339331128337185e-01
3.27249234748936746e-01 1.80063201973095266e+00 -7.50706060244623719e-01
3.27249234748936746e-01 1.81879041834814914e+00 -7.36507418403143932e-01
3.27249234748936746e-01 1.83650053319970286e+00 -7.21731946278748593e-01
3.27249234748936746e-01 1.85374480543626596e+00 -7.06389309725817149e-01
3.27249234748936746e-01 1.87050843617165041e+00 -6.90512638080231889e-01
3.27249234748936746e-01 1.88677855145940687e+00 -6.74144535975149894e-01
3.27249234748936746e-01 1.90254284377561222e+00 -6.57316477090023499e-01
3.27249234748936746e-01 1.91778861187652039e+00 -6.40037160935627347e-01
3.27249234748936746e-01 1.93250329833120604e+00 -6.22299376969127516e-01
3.27249234748936746e-01 1.94667686615754043e+00 -6.04100915841293440e-01
3.27249234748936746e-01 1.96030496929786180e+00 -5.85463674729433947e-01
3.27249234748936746e-01 1.97339087784335243e+00 -5.66435575296450833e-01
3.27249234748936746e-01 1.98594451170747299e+00 -5.47072660032615010e-01
3.27249234748936746e-01 1.99797874715371049e+00 -5.27414357179110449e-01
3.27249234748936746e-01 2.00950517959557295e+00 -5.07471060520399031e-01
3.27249234748936746e-01 2.02053210236458725e+00 -4.87234302992938739e-01
3.27249234748936746e-01 2.03106587963323904e+00 -4.66702104127761919e-01
3.27249234748936746e-01 2.04111418656117971e+00 -4.45899298316174586e-01
3.27249234748936746e-01 2.05068794318941983e+00 -4.24875524822731998e-01
3.27249234748936746e-01 2.05979977219442789e+00 -4.03680852290330738e-01
3.27249234748936746e-01 2.06845994499237351e+00 -3.82337651409227652e-01
3.27249234748936746e-01 2.07667351352969742e+00 -3.60832125726243791e-01
3.27249234748936746e-01 2.08444202452255256e+00 -3.39134730768854753e-01
3.27249234748936746e-01 2.09176949458179040e+00 -3.17235490029360079e-01
3.27249234748936746e-01 2.09866783289563674e+00 -2.95166175050474267e-01
3.27249234748936746e-01 2.10515555795197784e+00 -2.72988925825305484e-01
3.27249234748936746e-01 2.11124747390557799e+00 -2.50756248424696404e-01
3.27249234748936746e-01 2.11693990451373981e+00 -2.28471757822123367e-01
3.27249234748936746e-01 2.12220096703522376e+00 -2.06084610493073306e-01
3.27249234748936746e-01 2.12697367362160383e+00 -1.83527882391804398e-01
3.27249234748936746e-01 2.13119135470310139e+00 -1.60777034002931946e-01
3.27249234748936746e-01 2.13479533574140445e+00 -1.37884552905732982e-01
3.27249234748936746e-01 2.13774127479484566e+00 -1.14958278669240077e-01
3.27249234748936746e-01 2.13998690593748231e+00 -9.20889713891629436e-02
3.27249234748936746e-01 2.14146695942110421e+00 -6.92719290468702398e-02
3.27249234748936746e-01 2.14207203643710109e+00 -4.63790477818108657e-02
3.27249234748936746e-01 2.14164884980250392e+00 -2.32104254149879292e-02
3.43611696486383622e-01 2.12548948200800059e+00 3.82205547132087077e-04
3.43611696486383622e-01 2.12242047200029615e+00 2.39889797053805913e-02
3.43611696486383622e-01 2.11798716975919987e+00 4.78682615013566806e-02
3.43611696486383622e-01 2.11219268998288623e+00 7.17257143370316069e-02
3.43611696486383622e-01 2.10509778811781212e+00 9.52575873421178526e-02
3.43611696486383622e-01 2.09679309468852892e+00 1.18262349497839495e-01
3.43611696486383622e-01 2.08737604485990458e+00 1.40688056277552820e-01
3.43611696486383622e-01 2.07694276429078428e+00 1.62599337601951610e-01
3.43611696486383622e-01 2.06559247221231690e+00 1.84096450062107453e-01
3.43611696486383622e-01 2.05343289840451693e+00 2.05241773994930488e-01
3.43611696486383622e-01 2.04057605103649431e+00 2.26034586521417696e-01
3.43611696486383622e-01 2.02712310970779974e+00 2.46436934398254703e-01
3.43611696486383622e-01 2.01314758954939288e+00 2.66420050502129024e-01
3.43611696486383622e-01 1.99868907678433816e+00 2.85993574036579046e-01
3.43611696486383622e-01 1.98376324931469905e+00 3.05199734991183358e-01
3.43611696486383622e-01 1.96838249156361500e+00 3.24083589569364838e-01
3.43611696486383622e-01 1.95257378366458889e+00 3.42666340535668079e-01
3.43611696486383622e-01 1.93638245624473071e+00 3.60942051938062058e-01
3.43611696486383622e-01 1.91986047303876695e+00 3.78896882309689931e-01
3.43611696486383622e-01 1.90304869255765241e+00 3.96532272318523615e-01
3.43611696486383622e-01 1.88596618733048027e+00 4.13872490247593816e-01
3.43611696486383622e-01 1.86861373550515886e+00 4.30951473092130166e-01
3.43611696486383622e-01 1.85098778153741050e+00 4.47790982608299026e-01
3.43611696486383622e-01 1.83309369428043523e+00 4.64388020314479011e-01
3.43611696486383622e-01 1.81494846002730137e+00 4.80720570941720104e-01
3.43611696486383622e-01 1.79657166697133186e+00 4.96765447284318651e-01
3.43611696486383622e-01 1.77797282329885387e+00 5.12513042532975915e-01
3.43611696486383622e-01 1.75914562952789844e+00 5.27967796336276884e-01
3.43611696486383622e-01 1.74007402011013079e+00 5.43135848561869583e-01
3.43611696486383622e-01 1.72074536363449004e+00 5.58011732069741417e-01
3.43611696486383622e-01 1.70116063307422749e+00 5.72575761144166084e-01
3.43611696486383622e-01 1.68133392832519601e+00 5.86803947801319503e-01
3.43611696486383622e-01 1.66128227404409778e+00 6.00681618136426954e-01
3.43611696486383622e-01 1.64101427141275402e+00 6.14209332163426214e-01
3.43611696486383622e-01 1.62052688083177299e+00 6.27396889794516133e-01
3.43611696486383622e-01 1.59981286202672002e+00 6.40251515381063174e-01
3.43611696486383622e-01 1.57887264344425615e+00 6.52770804352181488e-01
3.43611696486383622e-01 1.55772066216653937e+00 6.64946067603602309e-01
3.43611696486383622e-01 1.53638051413164067e+00 6.76771934001493269e-01
3.43611696486383622e-01 1.51487216057388019e+00 6.88252149922098377e-01
3.43611696486383622e-01 1.49320082397913589e+00 6.99394652978184816e-01
3.43611696486383622e-01 1.47135594297732375e+00 7.10198463693401338e-01
3.43611696486383622e-01 1.44932063420081758e+00 7.20642456891990024e-01
3.43611696486383622e-01 1.42708388743961279e+00 7.30684985496047323e-01
3.43611696486383622e-01 1.40464582518843351e+00 7.40274389541568434e-01
3.43611696486383622e-01 1.38201231852746975e+00 7.49361242122457805e-01
3.43611696486383622e-01 1.35918420391176031e+00 7.57901718936600965e-01
3.43611696486383622e-01 1.33615093095025506e+00 7.65849106127332147e-01
3.43611696486383622e-01 1.31289485719271082e+00 7.73140620027505276e-01
3.43611696486383622e-01 1.28940354296198700e+00 7.79690449518477990e-01
3.43611696486383622e-01 1.26568074219198268e+00 7.85393766353259193e-01
3.43611696486383622e-01 1.24174816108209884e+00 7.90135769193590298e-01
3.43611696486383622e-01 1.21763861428646347e+00 7.93794599450574734e-01
3.43611696486383622e-01 1.19338973312590713e+00 7.96233034690506214e-01
3.43611696486383622e-01 1.16904804193399814e+00 7.97287153465954357e-01
3.43611696486383622e-01 1.14468431811673432e+00 7.96769116154366408e-01
3.43611696486383622e-01 1.12040927767979825e+00 7.94496101375736008e-01
3.43611696486383622e-01 1.09637400446463507e+00 7.90339261678916771e-01
3.43611696486383622e-01 1.07274777768712881e+00 7.84267811541926929e-01
3.43611696486383622e-01 1.04968265643609482e+00 7.76359279538068714e-01
3.43611696486383622e-01 1.02728715775746093e+00 7.66763480873514647e-01
3.43611696486383622e-01 1.00562944775359209e+00 7.55635667650465082e-01
3.43611696486383622e-01 9.84772593236940108e-01 7.43074766570340772e-01
3.43611696486383622e-01 9.64821806654856062e-01 7.29100670503436077e-01
3.43611696486383622e-01 9.45952571694624766e-01 7.13680552105757648e-01
3.43611696486383622e-01 9.28398608933227232e-01 6.96784187254414489e-01
3.43611696486383622e-01 9.12404710100100491e-01 6.78432794359934310e-01
3.43611696486383622e-01 8.98174148704898201e-01 6.58714930332425452e-01
3.43611696486383622e-01 8.85845749455123288e-01 6.37768831005986470e-01
3.43611696486383622e-01 8.75516374490168947e-01 6.15753731490142786e-01
3.43611696486383622e-01 8.67292512184600017e-01 5.92836503604206921e-01
3.43611696486383622e-01 8.61331701487552559e-01 5.69202937946188814e-01
3.43611696486383622e-01 8.57837502383921202e-01 5.45079533402866745e-01
3.43611696486383622e-01 8.57000271715537942e-01 5.20740524358468737e-01
3.43611696486383622e-01 8.58912088881274238e-01 4.96484747696329942e-01
3.43611696486383622e-01 8.63503921848155387e-01 4.72589903357267194e-01
3.43611696486383622e-01 8.70542970673615191e-01 4.49269731818885409e-01
3.43611696486383622e-01 8.79694119006103725e-01 4.26658621257962500e-01
3.43611696486383622e-01 8.90613174513310346e-01 4.04829031613736012e-01
3.43611696486383622e-01 9.03023738297273115e-01 3.83824664269032223e-01
3.43611696486383622e-01 9.16742892307209511e-01 3.63683463197963075e-01
3.43611696486383622e-01 9.31653214343733937e-01 3.44435252485035148e-01
3.43611696486383622e-01 9.47648478750210188e-01 3.26079801691436466e-01
3.43611696486383622e-01 9.64589888509148286e-01 3.08565660973897149e-01
3.43611696486383622e-01 9.82295812744608976e-01 2.91787540240355525e-01
3.43611696486383622e-01 1.00056307250626619e+00 2.75603866670525721e-01
3.43611696486383622e-01 1.01919948976652375e+00 2.59860717289677690e-01
3.43611696486383622e-01 1.03804619565408629e+00 2.44406435549047341e-01
3.43611696486383622e-01 1.05698129488448789e+00 2.29093583856684546e-01
3.43611696486383622e-01 1.07591173961532438e+00 2.13779550396842960e-01
3.43611696486383622e-01 1.09476624046312909e+00 1.98339944571765542e-01
3.43611696486383622e-01 1.11349628252249810e+00 1.82695982037772403e-01
3.43611696486383622e-01 1.13208182759606646e+00 1.66838904132475319e-01
3.43611696486383622e-01 1.15053268269865439e+00 1.50827862784700117e-01
3.43611696486383622e-01 1.16887987333633303e+00 1.34751364637352350e-01
3.43611696486383622e-01 1.18715939774028056e+00 1.18668376765927772e-01
3.43611696486383622e-01 1.20539528666820295e+00 1.02563710735717392e-01
3.43611696486383622e-01 1.22358557442536808e+00 8.63468586495939883e-02
3.43611696486383622e-01 1.24168725451908646e+00 6.98950229312037680e-02
3.43611696486383622e-01 1.25959327229615625e+00 5.31092432699797057e-02
3.43611696486383622e-01 1.27710196960949762e+00 3.59417161858642947e-02
3.43611696486383622e-01 1.29389384418256581e+00 1.83730098442048094e-02
3.43611696486383622e-01 1.30954049253707794e+00 3.56783713150845509e-04
3.43611696486383622e-01 1.32356470464510179e+00 -1.82216242590973257e-02
3.43611696486383622e-01 1.33554717644008969e+00 -3.75308952449634053e-02
3.43611696486383622e-01 1.34524578391375660e+00 -5.77193531323518735e-02
3.43611696486383622e-01 1.35267648725512912e+00 -7.88214476658374436e-02
3.43611696486383622e-01 1.35811418235096926e+00 -1.00706271304361134e-01
3.43611696486383622e-01 1.36200552397855557e+00 -1.23107805573227189e-01
3.43611696486383622e-01 1.36482673207598881e+00 -1.45725956775175719e-01
3.43611696486383622e-01 1.36694497914548596e+00 -1.68341578601246045e-01
3.43611696486383622e-01 1.36853793135899449e+00 -1.90879252814973616e-01
3.43611696486383622e-01 1.36959533443869375e+00 -2.13385456105897459e-01
3.43611696486383622e-01 1.36998709615121417e+00 -2.35943827569046027e-01
3.43611696486383622e-01 1.36955555837158061e+00 -2.58586805125240238e-01
3.43611696486383622e-01 1.36818771869351807e+00 -2.81259311271202961e-01
3.43611696486383622e-01 1.36584289549484272e+00 -3.03849927984136015e-01
3.43611696486383622e-01 1.36253825155492381e+00 -3.26257727258509100e-01
3.43611696486383622e-01 1.35831321976932751e+00 -3.48441719108144532e-01
3.43611696486383622e-01 1.35319695869329770e+00 -3.70417888011593255e-01
3.43611696486383622e-01 1.34719384223600902e+00 -3.92210771900431354e-01
3.43611696486383622e-01 1.34028972046524619e+00 -4.13800981359123854e-01
3.43611696486383622e-01 1.33247364313303263e+00 -4.35112401602441967e-01
3.43611696486383622e-01 1.32376731100879308e+00 -4.56052714988747443e-01
3.43611696486383622e-01 1.31425449687390561e+00 -4.76581327702312374e-01
3.43611696486383622e-01 1.30410200295989664e+00 -4.96758571654180303e-01
3.43611696486383622e-01 1.29356304610812600e+00 -5.16742877131903255e-01
3.43611696486383622e-01 1.28295684812343902e+00 -5.36738023102707018e-01
3.43611696486383622e-01 1.27262687899357463e+00 -5.56924662945716964e-01
3.43611696486383622e-01 1.26289183798239169e+00 -5.77416991767796484e-01
3.43611696486383622e-01 1.25401075588434785e+00 -5.98263822341352336e-01
3.43611696486383622e-01 1.24617977556593562e+00 -6.19480687023832854e-01
3.43611696486383622e-01 1.23956276916475683e+00 -6.41079639722008543e-01
3.43611696486383622e-01 1.23433873194597288e+00 -6.63069215241192000e-01
3.43611696486383622e-01 1.23073763390721980e+00 -6.85422337697753958e-01
3.43611696486383622e-01 1.22904114491293059e+00 -7.08035255227502547e-01
3.43611696486383622e-01 1.22954370805929103e+00 -7.30707664591275452e-01
3.43611696486383622e-01 1.23249177694794754e+00 -7.53159122533700653e-01
3.43611696486383622e-01 1.23803104344459980e+00 -7.75071632871653593e-01
3.43611696486383622e-01 1.24618582972669367e+00 -7.96131346988438238e-01
3.43611696486383622e-01 1.25687532711507077e+00 -8.16045119432773691e-01
3.43611696486383622e-01 1.26995054162777210e+00 -8.34527378523531205e-01
3.43611696486383622e-01 1.28522663848239849e+00 -8.51275207744786711e-01
3.43611696486383622e-01 1.30249292425648378e+00 -8.65959494823745124e-01
3.43611696486383622e-01 1.32150108825017565e+00 -8.78251320091867349e-01
3.43611696486383622e-01 1.34194897046670003e+00 -8.87881402517842311e-01
3.43611696486383622e-01 1.36348121231313835e+00 -8.94709647584489787e-01
3.43611696486383622e-01 1.38571753134499853e+00 -8.98773490233563677e-01
3.43611696486383622e-01 1.40830149397467852e+00 -9.00291676328316970e-01
3.43611696486383622e-01 1.43094923531537721e+00 -8.99619298292688829e-01
3.43611696486383622e-01 1.45347677912093798e+00 -8.97170233479229084e-01
3.43611696486383622e-01 1.47579617126234042e+00 -8.93335244846024112e-01
3.43611696486383622e-01 1.49788668647805356e+00 -8.88423305938262242e-01
3.43611696486383622e-01 1.51975806581203887e+00 -8.82641607947874274e-01
3.43611696486383622e-01 1.54142263667525281e+00 -8.76112264697272658e-01
3.43611696486383622e-01 1.56288406762630383e+00 -8.68908919614473474e-01
3.43611696486383622e-01 1.58413940625684369e+00 -8.61090851881606612e-01
3.43611696486383622e-01 1.60518497146441219e+00 -8.52718018650133303e-01
3.43611696486383622e-01 1.62601820703181277e+00 -8.43844273191396876e-01
3.43611696486383622e-01 1.64663393660056867e+00 -8.34499893780873192e-01
3.43611696486383622e-01 1.66701913399555468e+00 -8.24680399296054856e-01
3.43611696486383622e-01 1.68715138112835605e+00 -8.14352966116196120e-01
3.43611696486383622e-01 1.70700269347923927e+00 -8.03478462796418991e-01
3.43611696486383622e-01 1.72654579144085596e+00 -7.92035315060546696e-01
3.43611696486383622e-01 1.74575802062100438e+00 -7.80029507400641808e-01
3.43611696486383622e-01 1.76462028067605647e+00 -7.67484638391246810e-01
3.43611696486383622e-01 1.78311253107421064e+00 -7.54420317697544474e-01
3.43611696486383622e-01 1.80121021895207067e+00 -7.40835734436800064e-01
3.43611696486383622e-01 1.81888512599551300e+00 -7.26711291604380860e-01
3.43611696486383622e-01 1.83611041000973252e+00 -7.12027364723014866e-01
3.43611696486383622e-01 1.85286604136803423e+00 -6.96785801502865842e-01
3.43611696486383622e-01 1.86914028734759441e+00 -6.81017162968196255e-01
3.43611696486383622e-01 1.88492587302963788e+00 -6.64767351574996668e-01
3.43611696486383622e-01 1.90021366494763311e+00 -6.48073323033242388e-01
3.43611696486383622e-01 1.91498887978931909e+00 -6.30946582072600015e-01
3.43611696486383622e-01 1.92923314142159130e+00 -6.13377694180465283e-01
3.43611696486383622e-01 1.94293135670510941e+00 -5.95358839274087392e-01
3.43611696486383622e-01 1.95607862397954024e+00 -5.76906937885308113e-01
3.43611696486383622e-01 1.96868214144468534e+00 -5.58068740469405355e-01
3.43611696486383622e-01 1.98075664854151734e+00 -5.38902976491017038e-01
3.43611696486383622e-01 1.99231668891592295e+00 -5.19452866655042422e-01
3.43611696486383622e-01 2.00337130608700020e+00 -4.99730561822922414e-01
3.43611696486383622e-01 2.01392481602502205e+00 -4.79726261913645757e-01
3.43611696486383622e-01 2.02398246380426494e+00 -4.59435204441505485e-01
3.43611696486383622e-01 2.03355579332744352e+00 -4.38880751962496318e-01
3.43611696486383622e-01 2.04266266390512419e+00 -4.18113903530028697e-01
3.43611696486383622e-01 2.05132117819011395e+00 -3.97187988629131516e-01
3.43611696486383622e-01 2.05954208907484881e+00 -3.76127977255162338e-01
3.43611696486383622e-01 2.06732622032032554e+00 -3.54919902777978025e-01
3.43611696486383622e-01 2.07467006178658986e+00 -3.33531262964456898e-01
3.43611696486383622e-01 2.08157610606131849e+00 -3.11948335395147436e-01
3.43611696486383622e-01 2.08805965618509504e+00 -2.90200760452956230e-01
3.43611696486383622e-01 2.09414494246629301e+00 -2.68351175490020633e-01
3.43611696486383622e-01 2.09985044054290571e+00 -2.46454267656318060e-01
3.43611696486383622e-01 2.10517160563275585e+00 -2.24515593336497149e-01
3.43611696486383622e-01 2.11007255703898444e+00 -2.02484709193748835e-01
3.43611696486383622e-01 2.11449333375990500e+00 -1.80293751236954514e-01
3.43611696486383622e-01 2.11836881835647395e+00 -1.57917136952237358e-01
3.43611696486383622e-01 2.12164643746017312e+00 -1.35407217337585817e-01
3.43611696486383622e-01 2.12428911473909299e+00 -1.12872507170764830e-01
3.43611696486383622e-01 2.12625910808704743e+00 -9.04043265300618626e-02
3.43611696486383622e-01 2.12749179994441917e+00 -6.79977617209325952e-02
3.43611696486383622e-01 2.12787715932351063e+00 -4.55241796448459177e-02
3.43611696486383622e-01 2.12726402429515948e+00 -2.27840916393760237e-02
3.59974158223830443e-01 2.11134546765698383e+00 3.69018221801876382e-04
3.59974158223830443e-01 2.10815372851902838e+00 2.34864298129274819e-02
3.59974158223830443e-01 2.10364972177092069e+00 4.68686037920018825e-02
3.59974158223830443e-01 2.09783830040033425e+00 7.02287235838092438e-02
3.59974158223830443e-01 2.09077458736262800e+00 9.32681262297763852e-02
3.59974158223830443e-01 2.08253932090682214e+00 1.15788303194869366e-01
3.59974158223830443e-01 2.07322157623501946e+00 1.37739491541098658e-01
3.59974158223830443e-01 2.06291506681184966e+00 1.59188461718337865e-01
3.59974158223830443e-01 2.05172235507335632e+00 1.80237376471146488e-01
3.59974158223830443e-01 2.03975560249736709e+00 2.00949526183160671e-01
3.59974158223830443e-01 2.02712670032873188e+00 2.21323639852213011e-01
3.59974158223830443e-01 2.01392981527296167e+00 2.41320086893401481e-01
3.59974158223830443e-01 2.00022726158122444e+00 2.60908140586290693e-01
3.59974158223830443e-01 1.98604891851976029e+00 2.80095840896155801e-01
3.59974158223830443e-01 1.97140660070863505e+00 2.98924124253536705e-01
3.59974158223830443e-01 1.95631450519618966e+00 3.17436472000917902e-01
3.59974158223830443e-01 1.94080280383137938e+00 3.35651758219567498e-01
3.59974158223830443e-01 1.92491657378540415e+00 3.53561141410036195e-01
3.59974158223830443e-01 1.90870266260118915e+00 3.71148075180381343e-01
3.59974158223830443e-01 1.89219508657428270e+00 3.88412300112244424e-01
3.59974158223830443e-01 1.87540950870980017e+00 4.05377642502421198e-01
3.59974158223830443e-01 1.85834972729629744e+00 4.22078483488403378e-01
3.59974158223830443e-01 1.84101996676129165e+00 4.38537384643691075e-01
3.59974158223830443e-01 1.82343296071402849e+00 4.54752358084691943e-01
3.59974158223830443e-01 1.80560787215811791e+00 4.70702931074519770e-01
3.59974158223830443e-01 1.78756047916656824e+00 4.86368284811356022e-01
3.59974158223830443e-01 1.76929411719446117e+00 5.01741660913423537e-01
3.59974158223830443e-01 1.75079903136290183e+00 5.16829747381025717e-01
3.59974158223830443e-01 1.73206096988537395e+00 5.31639175953446452e-01
3.59974158223830443e-01 1.71307255980839779e+00 5.46162946701107543e-01
3.59974158223830443e-01 1.69383895619154656e+00 5.60378890778609917e-01
3.59974158223830443e-01 1.67437391149746584e+00 5.74261438532513435e-01
3.59974158223830443e-01 1.65468996339909258e+00 5.87796570659948947e-01
3.59974158223830443e-01 1.63479089233302433e+00 6.00987480504249549e-01
3.59974158223830443e-01 1.61467250977912569e+00 6.13846766365773511e-01
3.59974158223830443e-01 1.59433096748017333e+00 6.26382488087957268e-01
3.59974158223830443e-01 1.57377163725600244e+00 6.38590258776940534e-01
3.59974158223830443e-01 1.55301107298901631e+00 6.50457733456870302e-01
3.59974158223830443e-01 1.53207002402127457e+00 6.61976601140273124e-01
3.59974158223830443e-01 1.51096255745081076e+00 6.73150283806763561e-01
3.59974158223830443e-01 1.48968942542513072e+00 6.83988993294419534e-01
3.59974158223830443e-01 1.46824045079789633e+00 6.94494687004816313e-01
3.59974158223830443e-01 1.44660360970023172e+00 7.04647463691819964e-01
3.59974158223830443e-01 1.42477335337215161e+00 7.14404247746080578e-01
3.59974158223830443e-01 1.40275165309854599e+00 7.23710635535704694e-01
3.59974158223830443e-01 1.38054149107239943e+00 7.32515880893359617e-01
3.59974158223830443e-01 1.35813896015676216e+00 7.40778432835156098e-01
3.59974158223830443e-01 1.33553145545657448e+00 7.48457439128638935e-01
3.59974158223830443e-01 1.31270445986376982e+00 7.55497380570741339e-01
3.59974158223830443e-01 1.28965220302326400e+00 7.61818371057916388e-01
3.59974158223830443e-01 1.26638412250771504e+00 7.67318953219421229e-01
3.59974158223830443e-01 1.24292270444002928e+00 7.71886495147898533e-01
3.59974158223830443e-01 1.21929622173335583e+00 7.75403300235065318e-01
3.59974158223830443e-01 1.19553541917893558e+00 7.77741398774809967e-01
3.59974158223830443e-01 1.17168096377039777e+00 7.78752413283804179e-01
3.59974158223830443e-01 1.14779921359095693e+00 7.78269068057554025e-01
3.59974158223830443e-01 1.12399452577047776e+00 7.76131113493572444e-01
3.59974158223830443e-01 1.10040512551659186e+00 7.72230731461773678e-01
3.59974158223830443e-01 1.07717928353382275e+00 7.66553291789472402e-01
3.59974158223830443e-01 1.05444346207808692e+00 7.59184608560600216e-01
3.59974158223830443e-01 1.03228324736955068e+00 7.50272333471122543e-01
3.59974158223830443e-01 1.01075302111577914e+00 7.39957672649515508e-01
3.59974158223830443e-01 9.89912672347869393e-01 7.28314616509688872e-01
3.59974158223830443e-01 9.69870334864115780e-01 7.15331431845865007e-01
3.59974158223830443e-01 9.50803088546468000e-01 7.00943469968658750e-01
3.59974158223830443e-01 9.32939514925898550e-01 6.85094498374418825e-01
3.59974158223830443e-01 9.16512676256292180e-01 6.67787819949539396e-01
3.59974158223830443e-01 9.01713326569011042e-01 6.49099265326746777e-01
3.59974158223830443e-01 8.88675495255915271e-01 6.29153242552357828e-01
3.59974158223830443e-01 8.77506338428900579e-01 6.08088771453147547e-01
3.59974158223830443e-01 8.68341166432565537e-01 5.86046143218569182e-01
3.59974158223830443e-01 8.61383279496658494e-01 5.63184705676389563e-01
3.59974158223830443e-01 8.56892319044657569e-01 5.39714453782101145e-01
3.59974158223830443e-01 8.55114033154359077e-01 5.15910297365534509e-01
3.59974158223830443e-01 8.56181601423777305e-01 4.92088751162073068e-01
3.59974158223830443e-01 8.60040441089011010e-01 4.68554003950481357e-01
3.59974158223830443e-01 8.66439898344436799e-01 4.45543133233025856e-01
3.59974158223830443e-01 8.75000284638430048e-01 4.23201480631889282e-01
3.59974158223830443e-01 8.85322934232232406e-01 4.01598296216243267e-01
3.59974158223830443e-01 8.97088778190408220e-01 3.80765734079432927e-01
3.59974158223830443e-01 9.10100222845194096e-01 3.60731152686374068e-01
3.59974158223830443e-01 9.24255263654810255e-01 3.41522096894802285e-01
3.59974158223830443e-01 9.39480288762686300e-01 3.23146511953258719e-01
3.59974158223830443e-01 9.55666588608074408e-01 3.05569035203967609e-01
3.59974158223830443e-01 9.72645963031417482e-01 2.88704163744558373e-01
3.59974158223830443e-01 9.90211839572518460e-01 2.72430710479473537e-01
3.59974158223830443e-01 1.00816397542774805e+00 2.56614254631755911e-01
3.59974158223830443e-01 1.02634461944149979e+00 2.41120366458913243e-01
3.59974158223830443e-01 1.04464594672344790e+00 2.25813755215892503e-01
3.59974158223830443e-01 1.06299178646786752e+00 2.10555144487463403e-01
3.59974158223830443e-01 1.08131405237623768e+00 1.95212524726615627e-01
3.59974158223830443e-01 1.09954461678535043e+00 1.79690496086174212e-01
3.59974158223830443e-01 1.11762837181989894e+00 1.63960847450891872e-01
3.59974158223830443e-01 1.13554521015284937e+00 1.48067887270832838e-01
3.59974158223830443e-01 1.15332098133503647e+00 1.32094671693907040e-01
3.59974158223830443e-01 1.17101494870924849e+00 1.16104399622851226e-01
3.59974158223830443e-01 1.18868735812981630e+00 1.00093541122424759e-01
3.59974158223830443e-01 1.20636312521710032e+00 8.39900657178967169e-02
3.59974158223830443e-01 1.22400771794100094e+00 6.77000186070804283e-02
3.59974158223830443e-01 1.24152033942936058e+00 5.11688990532572982e-02
3.59974158223830443e-01 1.25873723978696672e+00 3.44090007866797998e-02
3.59974158223830443e-01 1.27543472539445402e+00 1.74647446445258883e-02
3.59974158223830443e-01 1.29132984582489252e+00 3.33346496185972670e-04
3.59974158223830443e-01 1.30608946641342882e+00 -1.71037665922057838e-02
3.59974158223830443e-01 1.31936354689276159e+00 -3.50819560377581344e-02
3.59974158223830443e-01 1.33084874971295219e+00 -5.38700760919937072e-02
3.59974158223830443e-01 1.34036784566286626e+00 -7.36427841246843490e-02
3.59974158223830443e-01 1.34793208404704279e+00 -9.43827473796254451e-02
3.59974158223830443e-01 1.35375178414965269e+00 -1.15873933730527595e-01
3.59974158223830443e-01 1.35817963957106502e+00 -1.37793268383828132e-01
3.59974158223830443e-01 1.36160284272533039e+00 -1.59848158572247684e-01
3.59974158223830443e-01 1.36432655852777729e+00 -1.81881134053857918e-01
3.59974158223830443e-01 1.36649689317513956e+00 -2.03886868817540784e-01
3.59974158223830443e-01 1.36809248324251920e+00 -2.25943945208384123e-01
3.59974158223830443e-01 1.36898057719499411e+00 -2.48115171600972684e-01
3.59974158223830443e-01 1.36900424753868588e+00 -2.70382851434729732e-01
3.59974158223830443e-01 1.36805728661245096e+00 -2.92653801383637058e-01
3.59974158223830443e-01 1.36611589196887651e+00 -3.14817918865413438e-01
3.59974158223830443e-01 1.36322229941234130e+00 -3.36809871303341835e-01
3.59974158223830443e-01 1.35943981717307238e+00 -3.58627923582831798e-01
3.59974158223830443e-01 1.35480917799851097e+00 -3.80300448943972302e-01
3.59974158223830443e-01 1.34933000872028530e+00 -4.01830782757085225e-01
3.59974158223830443e-01 1.34297487578580332e+00 -4.23165908139269409e-01
3.59974158223830443e-01 1.33572689788137056e+00 -4.44215146069629141e-01
3.59974158223830443e-01 1.32762289197253525e+00 -4.64907571958463717e-01
3.59974158223830443e-01 1.31878429133750763e+00 -4.85249095028169264e-01
3.59974158223830443e-01 1.30942481273032096e+00 -5.05341078563991686e-01
3.59974158223830443e-01 1.29983284480404526e+00 -5.25349513824021730e-01
3.59974158223830443e-01 1.29033478854692718e+00 -5.45446353413450935e-01
3.59974158223830443e-01 1.28125163332119230e+00 -5.65759750291439101e-01
3.59974158223830443e-01 1.27286375541733321e+00 -5.86358839815921851e-01
3.59974158223830443e-01 1.26539678907441866e+00 -6.07271631690823654e-01
3.59974158223830443e-01 1.25903364787790806e+00 -6.28511985640926252e-01
3.59974158223830443e-01 1.25394618029252292e+00 -6.50088823931104121e-01
3.59974158223830443e-01 1.25032956203266021e+00 -6.71987579081081310e-01
3.59974158223830443e-01 1.24841948120559465e+00 -6.94136446919041528e-01
3.59974158223830443e-01 1.24847963468103584e+00 -7.16381691561674083e-01
3.59974158223830443e-01 1.25076219364952212e+00 -7.38489657066808691e-01
3.59974158223830443e-01 1.25545853549971032e+00 -7.60174418298541377e-01
3.59974158223830443e-01 1.26266283077555452e+00 -7.81133228587629236e-01
3.59974158223830443e-01 1.27236337658729415e+00 -8.01068646357977698e-01
3.59974158223830443e-01 1.28446038183708278e+00 -8.19687855257649756e-01
3.59974158223830443e-01 1.29879442647411136e+00 -8.36687536274998478e-01
3.59974158223830443e-01 1.31516634557769918e+00 -8.51744583518045606e-01
3.59974158223830443e-01 1.33333891809381000e+00 -8.64531464196642396e-01
3.59974158223830443e-01 1.35302671604118596e+00 -8.74761291808102359e-01
3.59974158223830443e-01 1.37389163962520700e+00 -8.82249900933039788e-01
3.59974158223830443e-01 1.39556007373507618e+00 -8.86970202845655198e-01
3.59974158223830443e-01 1.41766401899437766e+00 -8.89074014689035241e-01
3.59974158223830443e-01 1.43989201392249688e+00 -8.88868362503935083e-01
3.59974158223830443e-01 1.46202731970172195e+00 -8.86751470062709712e-01
3.59974158223830443e-01 1.48395633763840773e+00 -8.83130104706618124e-01
3.59974158223830443e-01 1.50564597318717719e+00 -8.78347282087229231e-01
3.59974158223830443e-01 1.52710443788925887e+00 -8.72644005844553150e-01
3.59974158223830443e-01 1.54834603491027578e+00 -8.66162874043396869e-01
3.59974158223830443e-01 1.56937398016576246e+00 -8.58982430947969222e-01
3.59974158223830443e-01 1.59018180546711374e+00 -8.51158613552413623e-01
3.59974158223830443e-01 1.61076289903685765e+00 -8.42750190131677734e-01
3.59974158223830443e-01 1.63111597230317917e+00 -8.33818246196890156e-01
3.59974158223830443e-01 1.65124127540114940e+00 -8.24407516572964738e-01
3.59974158223830443e-01 1.67113171388250947e+00 -8.14528587049640818e-01
3.59974158223830443e-01 1.69076735977092962e+00 -8.04157619813256064e-01
3.59974158223830443e-01 1.71011853178606676e+00 -7.93256268502050443e-01
3.59974158223830443e-01 1.72915512808431004e+00 -7.81798897644717883e-01
3.59974158223830443e-01 1.74785467383825255e+00 -7.69788386209255493e-01
3.59974158223830443e-01 1.76620277400799019e+00 -7.57250015929259335e-01
3.59974158223830443e-01 1.78418609994932909e+00 -7.44209189260443216e-01
3.59974158223830443e-01 1.80178427064002400e+00 -7.30670786827527063e-01
3.59974158223830443e-01 1.81896790111574558e+00 -7.16616562172542437e-01
3.59974158223830443e-01 1.83570497049915615e+00 -7.02022911059812960e-01
3.59974158223830443e-01 1.85197070453768098e+00 -6.86885283674566582e-01
3.59974158223830443e-01 1.86775305633915467e+00 -6.71229925871519084e-01
3.59974158223830443e-01 1.88304919894234102e+00 -6.55103179693406035e-01
3.59974158223830443e-01 1.89785562547751918e+00 -6.38546120044106047e-01
3.59974158223830443e-01 1.91215975534165272e+00 -6.21574187567110581e-01
3.59974158223830443e-01 1.92594005233818266e+00 -6.04178081575857506e-01
3.59974158223830443e-01 1.93917513945064801e+00 -5.86345712907337391e-01
3.59974158223830443e-01 1.95185530960238141e+00 -5.68088185777725019e-01
3.59974158223830443e-01 1.96398778299197208e+00 -5.49449016939545842e-01
3.59974158223830443e-01 1.97559174691528661e+00 -5.30488564659152284e-01
3.59974158223830443e-01 1.98668702372275918e+00 -5.11255257398963825e-01
3.59974158223830443e-01 1.99728501466835873e+00 -4.91766143673229350e-01
3.59974158223830443e-01 2.00738853878248102e+00 -4.72012395528585205e-01
3.59974158223830443e-01 2.01699989412137048e+00 -4.51985588365759194e-01
3.59974158223830443e-01 2.02612972368098587e+00 -4.31703426626028564e-01
3.59974158223830443e-01 2.03479856252432612e+00 -4.11213206211179239e-01
3.59974158223830443e-01 2.04302902299528499e+00 -3.90568825967295086e-01
3.59974158223830443e-01 2.05083467663119734e+00 -3.69799132962509991e-01
3.59974158223830443e-01 2.05821516774093372e+00 -3.48893943771887205e-01
3.59974158223830443e-01 2.06516271037721921e+00 -3.27821258258027437e-01
3.59974158223830443e-01 2.07167586758505839e+00 -3.06564032074334525e-01
3.59974158223830443e-01 2.07776958236914533e+00 -2.85147243924241900e-01
3.59974158223830443e-01 2.08347172961828031e+00 -2.63631115013968520e-01
3.59974158223830443e-01 2.08880580069551813e+00 -2.42072089043300048e-01
3.59974158223830443e-01 2.09377013161443015e+00 -2.20480416384993910e-01
3.59974158223830443e-01 2.09832803797122525e+00 -1.98809771619309905e-01
3.59974158223830443e-01 2.10241662029555521e+00 -1.76992659081126741e-01
3.59974158223830443e-01 2.10596892287455661e+00 -1.54999695254830400e-01
3.59974158223830443e-01 2.10893385472454842e+00 -1.32878024719011195e-01
3.59974158223830443e-01 2.11127867288003435e+00 -1.10733622507134144e-01
3.59974158223830443e-01 2.11297039171876833e+00 -8.86604776192997379e-02
3.59974158223830443e-01 2.11394761277148824e+00 -6.66607654616947071e-02
3.59974158223830443e-01 2.11410241454068126e+00 -4.46136948918225487e-02
3.59974158223830443e-01 2.11328707881592992e+00 -2.23241355383819937e-02
3.76336619961277263e-01 2.09745269973730686e+00 3.51932225148248519e-04
3.76336619961277263e-01 2.09412851000751177e+00 2.29688570127388192e-02
3.76336619961277263e-01 2.08954154388796187e+00 4.58409037231683608e-02
3.76336619961277263e-01 2.08370216197080360e+00 6.86926999848997272e-02
3.76336619961277263e-01 2.07666567955071812e+00 9.12333292816517039e-02
3.76336619961277263e-01 2.06850738272867263e+00 1.13267785536232568e-01
3.76336619961277263e-01 2.05930826151509372e+00 1.34747428868157521e-01
3.76336619961277263e-01 2.04915566864710375e+00 1.55739975974480027e-01
3.76336619961277263e-01 2.03814996171150087e+00 1.76349075896930108e-01
3.76336619961277263e-01 2.02640382041108325e+00 1.96639022767517130e-01
3.76336619961277263e-01 2.01402817542934764e+00 2.16607579397006811e-01
3.76336619961277263e-01 2.00111121337831976e+00 2.36211797282818825e-01
3.76336619961277263e-01 1.98770446772136911e+00 2.55416520876920683e-01
3.76336619961277263e-01 1.97382643242727229e+00 2.74226194263957945e-01
3.76336619961277263e-01 1.95948210932489730e+00 2.92680107018973568e-01
3.76336619961277263e-01 1.94468566546276334e+00 3.10821485850057366e-01
3.76336619961277263e-01 1.92947150703502235e+00 3.28668645050552710e-01
3.76336619961277263e-01 1.91388788904430451e+00 3.46210497317169796e-01
3.76336619961277263e-01 1.89797986057091350e+00 3.63426691208001140e-01
3.76336619961277263e-01 1.88177533088078697e+00 3.80313218448457613e-01
3.76336619961277263e-01 1.86528438105744843e+00 3.96892137451726523e-01
3.76336619961277263e-01 1.84851093907702868e+00 4.13198898440242823e-01
3.76336619961277263e-01 1.83146634243131046e+00 4.29259242846297129e-01
3.76336619961277263e-01 1.81417344577223227e+00 4.45074830509387509e-01
3.76336619961277263e-01 1.79665807530988753e+00 4.60627953963132664e-01
3.76336619961277263e-01 1.77893505375612726e+00 4.75899372085021255e-01
3.76336619961277263e-01 1.76100042395128997e+00 4.90883235059176248e-01
3.76336619961277263e-01 1.74283654795481224e+00 5.05586975801891492e-01
3.76336619961277263e-01 1.72442655537047984e+00 5.20017707401761342e-01
3.76336619961277263e-01 1.70576731150150529e+00 5.34168156568962105e-01
3.76336619961277263e-01 1.68687138065906872e+00 5.48015017648995850e-01
3.76336619961277263e-01 1.66775719632691244e+00 5.61531499321737737e-01
3.76336619961277263e-01 1.64843580962436231e+00 5.74703544555979828e-01
3.76336619961277263e-01 1.62890495131344659e+00 5.87536152933373912e-01
3.76336619961277263e-01 1.60915497473697333e+00 6.00044766768766613e-01
3.76336619961277263e-01 1.58918157994116638e+00 6.12239332595321040e-01
3.76336619961277263e-01 1.56899477797163533e+00 6.24114623216774578e-01
3.76336619961277263e-01 1.54861660655898303e+00 6.35654706496341815e-01
3.76336619961277263e-01 1.52806912249840332e+00 6.46847006359802967e-01
3.76336619961277263e-01 1.50736192349528286e+00 6.57692839746591096e-01
3.76336619961277263e-01 1.48648873768827139e+00 6.68203963330698869e-01
3.76336619961277263e-01 1.46543530068187322e+00 6.78386389917135735e-01
3.76336619961277263e-01 1.44419174834824138e+00 6.88223706104060584e-01
3.76336619961277263e-01 1.42275934215995203e+00 6.97673051659852494e-01
3.76336619961277263e-01 1.40114625682393790e+00 7.06676872991409022e-01
3.76336619961277263e-01 1.37935640159795203e+00 7.15180800813109974e-01
3.76336619961277263e-01 1.35738126209420429e+00 7.23143113949870076e-01
3.76336619961277263e-01 1.33520252052786459e+00 7.30528278160081479e-01
3.76336619961277263e-01 1.31280440373616880e+00 7.37290054788749760e-01
3.76336619961277263e-01 1.29018647933024710e+00 7.43357714367596123e-01
3.76336619961277263e-01 1.26736692625441383e+00 7.48635296058078881e-01
3.76336619961277263e-01 1.24437415152569675e+00 7.53012014328715895e-01
3.76336619961277263e-01 1.22123491610208390e+00 7.56372519764877183e-01
3.76336619961277263e-01 1.19797126168165646e+00 7.58597552297016420e-01
3.76336619961277263e-01 1.17461229154351199e+00 7.59557479175648420e-01
3.76336619961277263e-01 1.15121427747032223e+00 7.59112552960355402e-01
3.76336619961277263e-01 1.12787337901218487e+00 7.57132895645959536e-01
3.76336619961277263e-01 1.10471762114298167e+00 7.53536193717015745e-01
3.76336619961277263e-01 1.08187856499057822e+00 7.48322508957700361e-01
3.76336619961277263e-01 1.05945913872542152e+00 7.41579273000657291e-01
3.76336619961277263e-01 1.03752026563011812e+00 7.33443636218799599e-01
3.76336619961277263e-01 1.01609914655069500e+00 7.24036571901965131e-01
3.76336619961277263e-01 9.95251461066815390e-01 7.13404618510031785e-01
3.76336619961277263e-01 9.75092021185208657e-01 7.01504094450692506e-01
3.76336619961277263e-01 9.55806585888812732e-01 6.88237604467256125e-01
3.76336619961277263e-01 9.37624586906288915e-01 6.73519923692716183e-01
3.76336619961277263e-01 9.20768338051845991e-01 6.57332715772122156e-01
3.76336619961277263e-01 9.05411777293542164e-01 6.39737677977572083e-01
3.76336619961277263e-01 8.91678075688292604e-01 6.20848346013932906e-01
3.76336619961277263e-01 8.79681073291936899e-01 6.00789659565918455e-01
3.76336619961277263e-01 8.69584961123060940e-01 5.79680504681067355e-01
3.76336619961277263e-01 8.61639655074518562e-01 5.57653726336806321e-01
3.76336619961277263e-01 8.56158269605874489e-01 5.34896450286902692e-01
3.76336619961277263e-01 8.53434600721504566e-01 5.11674972922549154e-01
3.76336619961277263e-01 8.53634775080968966e-01 4.88317087143846751e-01
3.76336619961277263e-01 8.56716516887628621e-01 4.65154219302113925e-01
3.76336619961277263e-01 8.62419425403178397e-01 4.42454327508870537e-01
3.76336619961277263e-01 8.70334888224708725e-01 4.20383263441254262e-01
3.76336619961277263e-01 8.80023972978028035e-01 3.99012793741244376e-01
3.76336619961277263e-01 8.91128351729816082e-01 3.78362600034567287e-01
3.76336619961277263e-01 9.03425673199971246e-01 3.58443844318381943e-01
3.76336619961277263e-01 9.16812395416352732e-01 3.39276417436451483e-01
3.76336619961277263e-01 9.31235384930352184e-01 3.20875233793527559e-01
3.76336619961277263e-01 9.46617058781750176e-01 3.03223973643765687e-01
3.76336619961277263e-01 9.62815562964506322e-01 2.86260456544141006e-01
3.76336619961277263e-01 9.79635607268564024e-01 2.69884173737705568e-01
3.76336619961277263e-01 9.96874100463119528e-01 2.53976750891610203e-01
3.76336619961277263e-01 1.01436668987168432e+00 2.38417360770683401e-01
3.76336619961277263e-01 1.03200622447327195e+00 2.23083910978955469e-01
3.76336619961277263e-01 1.04972674598347360e+00 2.07848047523943619e-01
3.76336619961277263e-01 1.06747085992629853e+00 1.92580966914532553e-01
3.76336619961277263e-01 1.08516818212637278e+00 1.77178195645892933e-01
3.76336619961277263e-01 1.10274223411065919e+00 1.61591385780576191e-01
3.76336619961277263e-01 1.12014064082528431e+00 1.45841650921537530e-01
3.76336619961277263e-01 1.13736480260647732e+00 1.29996318742056444e-01
3.76336619961277263e-01 1.15447351905899898e+00 1.14116815954573056e-01
3.76336619961277263e-01 1.17155164494161834e+00 9.82106190732945639e-02
3.76336619961277263e-01 1.18865832623162238e+00 8.22231275386878652e-02
3.76336619961277263e-01 1.20578337272463298e+00 6.60795779067971795e-02
3.76336619961277263e-01 1.22283499284146702e+00 4.97489068345036700e-02
3.76336619961277263e-01 1.23966106515456231e+00 3.32793034601044299e-02
3.76336619961277263e-01 1.25608419467183641e+00 1.67687871927359178e-02
3.76336619961277263e-01 1.27192379201079842e+00 2.78074786605644018e-04
3.76336619961277263e-01 1.28699174951395956e+00 -1.62618060316025263e-02
3.76336619961277263e-01 1.30107267738490107e+00 -3.30813591258744613e-02
3.76336619961277263e-01 1.31391708369610005e+00 -5.05096803768172176e-02
3.76336619961277263e-01 1.32527215503982965e+00 -6.88409584446667555e-02
3.76336619961277263e-01 1.33495012213512987e+00 -8.82019099728196670e-02
3.76336619961277263e-01 1.34290409335468941e+00 -1.08495390910704190e-01
3.76336619961277263e-01 1.34926670013846750e+00 -1.29451728045058473e-01
3.76336619961277263e-01 1.35432011720358436e+00 -1.50755928212280399e-01
3.76336619961277263e-01 1.35840139528686898e+00 -1.72176610693980825e-01
3.76336619961277263e-01 1.36178386154365971e+00 -1.93627476329541914e-01
3.76336619961277263e-01 1.36459074460761554e+00 -2.15138818012974353e-01
3.76336619961277263e-01 1.36678095529942478e+00 -2.36772541026329914e-01
3.76336619961277263e-01 1.36820831331524473e+00 -2.58542992987510101e-01
3.76336619961277263e-01 1.36871733321144839e+00 -2.80391763009788186e-01
3.76336619961277263e-01 1.36822305435773517e+00 -3.02221382772648817e-01
3.76336619961277263e-01 1.36673700579988600e+00 -3.23952491729665448e-01
3.76336619961277263e-01 1.36433552572153349e+00 -3.45558358035734203e-01
3.76336619961277263e-01 1.36109892806504229e+00 -3.67053554706790519e-01
3.76336619961277263e-01 1.35706221050468900e+00 -3.88450419711623363e-01
3.76336619961277263e-01 1.35220574460522669e+00 -4.09720274294081865e-01
3.76336619961277263e-01 1.34648813720401939e+00 -4.30790897220894808e-01
3.76336619961277263e-01 1.33990021302688489e+00 -4.51583813023302749e-01
3.76336619961277263e-01 1.33251121399125561e+00 -4.72066165561014994e-01
3.76336619961277263e-01 1.32448700885578030e+00 -4.92282614460170853e-01
3.76336619961277263e-01 1.31607688401227207e+00 -5.12347675605368424e-01
3.76336619961277263e-01 1.30757949671450846e+00 -5.32405713986693563e-01
3.76336619961277263e-01 1.29930371204700479e+00 -5.52584939790548124e-01
3.76336619961277263e-01 1.29153718807582973e+00 -5.72971130369452575e-01
3.76336619961277263e-01 1.28452953345041432e+00 -5.93609241716810065e-01
3.76336619961277263e-01 1.27849159577755178e+00 -6.14520744763258020e-01
3.76336619961277263e-01 1.27360862210466186e+00 -6.35715766498448298e-01
3.76336619961277263e-01 1.27006139933557738e+00 -6.57186482029887054e-01
3.76336619961277263e-01 1.26804585464741360e+00 -6.78884480754287978e-01
3.76336619961277263e-01 1.26778023142634955e+00 -7.00697492951902645e-01
3.76336619961277263e-01 1.26949269032763090e+00 -7.22441392211773725e-01
3.76336619961277263e-01 1.27339105004696052e+00 -7.43872647152963973e-01
3.76336619961277263e-01 1.27962607031174058e+00 -7.64712907021491750e-01
3.76336619961277263e-01 1.28826384094809088e+00 -7.84670693181618750e-01
3.76336619961277263e-01 1.29927786618094676e+00 -8.03449325059650610e-01
3.76336619961277263e-01 1.31255989872933609e+00 -8.20741868390027163e-01
3.76336619961277263e-01 1.32793817374801693e+00 -8.36225166367256745e-01
3.76336619961277263e-01 1.34518989437037328e+00 -8.49568709742466788e-01
3.76336619961277263e-01 1.36404313187159731e+00 -8.60467754242094429e-01
3.76336619961277263e-01 1.38417561880449003e+00 -8.68696850244303320e-01
3.76336619961277263e-01 1.40522465159307552e+00 -8.74166572073423187e-01
3.76336619961277263e-01 1.42681753404303202e+00 -8.76959733353778415e-01
3.76336619961277263e-01 1.44861815906529134e+00 -8.77327815256974008e-01
3.76336619961277263e-01 1.47037199206040547e+00 -8.75642835981191636e-01
3.76336619961277263e-01 1.49192876170745281e+00 -8.72318510671371228e-01
3.76336619961277263e-01 1.51323250859199843e+00 -8.67728470569423704e-01
3.76336619961277263e-01 1.53428589698408491e+00 -8.62150963601962306e-01
3.76336619961277263e-01 1.55510855700112804e+00 -8.55756943568567463e-01
3.76336619961277263e-01 1.57570948725208204e+00 -8.48637557891071648e-01
3.76336619961277263e-01 1.59608182977159818e+00 -8.40848883668889435e-01
3.76336619961277263e-01 1.61621334221258239e+00 -8.32446589018161154e-01
3.76336619961277263e-01 1.63609791596156517e+00 -8.23493843301119299e-01
3.76336619961277263e-01 1.65573698996462570e+00 -8.14045301727075121e-01
3.76336619961277263e-01 1.67513057071268801e+00 -8.04125643864839645e-01
3.76336619961277263e-01 1.69426677132128489e+00 -7.93722846601902177e-01
3.76336619961277263e-01 1.71311949570689936e+00 -7.82803631331136507e-01
3.76336619961277263e-01 1.73165645686298286e+00 -7.71340973581909117e-01
3.76336619961277263e-01 1.74985084204598085e+00 -7.59334162262281342e-01
3.76336619961277263e-01 1.76768702456546833e+00 -7.46807503486497160e-01
3.76336619961277263e-01 1.78515594309264958e+00 -7.33789993953263830e-01
3.76336619961277263e-01 1.80224455556679408e+00 -7.20292700486454662e-01
3.76336619961277263e-01 1.81892875219106109e+00 -7.06302059542499805e-01
3.76336619961277263e-01 1.83517618166664032e+00 -6.91794626930365752e-01
3.76336619961277263e-01 1.85095707815822075e+00 -6.76761738695889403e-01
3.76336619961277263e-01 1.86625432498526256e+00 -6.61224442966081627e-01
3.76336619961277263e-01 1.88106436849903469e+00 -6.45226461851950761e-01
3.76336619961277263e-01 1.89538799232495969e+00 -6.28810255830218545e-01
3.76336619961277263e-01 1.90921838632877705e+00 -6.11994916870468475e-01
3.76336619961277263e-01 1.92253647603074751e+00 -5.94773622181147377e-01
3.76336619961277263e-01 1.93531790965923101e+00 -5.77133150961879893e-01
3.76336619961277263e-01 1.94754679514639362e+00 -5.59080308918518898e-01
3.76336619961277263e-01 1.95922571063775308e+00 -5.40654112564363243e-01
3.76336619961277263e-01 1.97037423681723345e+00 -5.21913411942764749e-01
3.76336619961277263e-01 1.98101718660930759e+00 -5.02909068601000819e-01
3.76336619961277263e-01 1.99117170763026596e+00 -4.83662447281953678e-01
3.76336619961277263e-01 2.00084305294450271e+00 -4.64167390579087291e-01
3.76336619961277263e-01 2.01003153055725603e+00 -4.44414175626159813e-01
3.76336619961277263e-01 2.01874386645892434e+00 -4.24415901987402533e-01
3.76336619961277263e-01 2.02699858149828760e+00 -4.04215117334341123e-01
3.76336619961277263e-01 2.03482011096219306e+00 -3.83864095631423374e-01
3.76336619961277263e-01 2.04222620860878878e+00 -3.63394059504727696e-01
3.76336619961277263e-01 2.04921953014493985e+00 -3.42799011816266708e-01
3.76336619961277263e-01 2.05579156224528958e+00 -3.22049373380734361e-01
3.76336619961277263e-01 2.06193693421863111e+00 -3.01126567968234393e-01
3.76336619961277263e-01 2.06766661420479236e+00 -2.80051032711662651e-01
3.76336619961277263e-01 2.07300764364049206e+00 -2.58878848703503306e-01
3.76336619961277263e-01 2.07798645947919747e+00 -2.37665986720462130e-01
3.76336619961277263e-01 2.08260579527062450e+00 -2.16426419892312094e-01
3.76336619961277263e-01 2.08683151877023976e+00 -1.95118976204684408e-01
3.76336619961277263e-01 2.09059987192299745e+00 -1.73678678714956791e-01
3.76336619961277263e-01 2.09384098934512108e+00 -1.52073784453533145e-01
3.76336619961277263e-01 2.09650190006169446e+00 -1.30345697721888892e-01
3.76336619961277263e-01 2.09855133086592316e+00 -1.08595715717630492e-01
3.76336619961277263e-01 2.09996102885879354e+00 -8.69185525650498919e-02
3.76336619961277263e-01 2.10067558382134001e+00 -6.53235784127975255e-02
3.76336619961277263e-01 2.10059242108722311e+00 -4.37004307165526212e-02
3.76336619961277263e-01 2.09956841226251445e+00 -2.18619759847252029e-02
3.92699081698724139e-01 2.08377777800386532e+00 3.34145999524040730e-04
3.92699081698724139e-01 2.08031880134910452e+00 2.24720622160307533e-02
3.92699081698724139e-01 2.07564279522067707e+00 4.48454315400306086e-02
3.92699081698724139e-01 2.06976839456903017e+00 6.71891464227574314e-02
3.92699081698724139e-01 2.06275703586507886e+00 8.92248139833646953e-02
3.92699081698724139e-01 2.05468464225602654e+00 1.10768518154124196e-01
3.92699081698724139e-01 2.04562655279606087e+00 1.31778691084815852e-01
3.92699081698724139e-01 2.03566058511007819e+00 1.52325356424301311e-01
3.92699081698724139e-01 2.02487753730349906e+00 1.72510527046901146e-01
3.92699081698724139e-01 2.01338302517361756e+00 1.92394493222950491e-01
3.92699081698724139e-01 2.00128301816534959e+00 2.11970209708389840e-01
3.92699081698724139e-01 1.98866045446647943e+00 2.31190274276039193e-01
3.92699081698724139e-01 1.97555953788881999e+00 2.50016106441771635e-01
3.92699081698724139e-01 1.96199018003288361e+00 2.68449956927702904e-01
3.92699081698724139e-01 1.94795065573662129e+00 2.86529885244206806e-01
3.92699081698724139e-01 1.93345312184573404e+00 3.04298199245167489e-01
3.92699081698724139e-01 1.91853468864014043e+00 3.21771875172076338e-01
3.92699081698724139e-01 1.90324775043483951e+00 3.38937722233109806e-01
3.92699081698724139e-01 1.88763871870828703e+00 3.55772886130606536e-01
3.92699081698724139e-01 1.87173228472773356e+00 3.72271425234272424e-01
3.92699081698724139e-01 1.85553295628734927e+00 3.88455035096677781e-01
3.92699081698724139e-01 1.83904142010964367e+00 4.04360723092389851e-01
3.92699081698724139e-01 1.82227157592413125e+00 4.20017103647516266e-01
3.92699081698724139e-01 1.80525397206045746e+00 4.35428802226449529e-01
3.92699081698724139e-01 1.78802266522549558e+00 4.50580086874251107e-01
3.92699081698724139e-01 1.77059606536173342e+00 4.65452400426834667e-01
3.92699081698724139e-01 1.75296731633198855e+00 4.80039825907380813e-01
3.92699081698724139e-01 1.73511231781515196e+00 4.94349825340931526e-01
3.92699081698724139e-01 1.71700961834572685e+00 5.08390105693964478e-01
3.92699081698724139e-01 1.69865714296386683e+00 5.22154350033861681e-01
3.92699081698724139e-01 1.68007335030040239e+00 5.35620001919237532e-01
3.92699081698724139e-01 1.66128274973699441e+00 5.48760471320233756e-01
3.92699081698724139e-01 1.64229789890688238e+00 5.61561586863203011e-01
3.92699081698724139e-01 1.62311241034182996e+00 5.74028499462234554e-01
3.92699081698724139e-01 1.60371034120291456e+00 5.86177399613203365e-01
3.92699081698724139e-01 1.58408403949677368e+00 5.98019231973430210e-01
3.92699081698724139e-01 1.56424572225712910e+00 6.09549161169393172e-01
3.92699081698724139e-01 1.54422314399937810e+00 6.20750354208574939e-01
3.92699081698724139e-01 1.52404252802598017e+00 6.31608157230341472e-01
3.92699081698724139e-01 1.50371216228935989e+00 6.42121569601642128e-01
3.92699081698724139e-01 1.48321949848881407e+00 6.52300885486176818e-01
3.92699081698724139e-01 1.46254371690632867e+00 6.62151945790439012e-01
3.92699081698724139e-01 1.44167331125790521e+00 6.71658969840568831e-01
3.92699081698724139e-01 1.42061434033977463e+00 6.80779688523710735e-01
3.92699081698724139e-01 1.39938278354421475e+00 6.89456821250652552e-01
3.92699081698724139e-01 1.37798765287419056e+00 6.97636702197403369e-01
3.92699081698724139e-01 1.35641939877742690e+00 7.05279990259920830e-01
3.92699081698724139e-01 1.33465413754599016e+00 7.12355783133623688e-01
3.92699081698724139e-01 1.31267137480965101e+00 7.18823836622496048e-01
3.92699081698724139e-01 1.29047159665208122e+00 7.24618889549777379e-01
3.92699081698724139e-01 1.26807978855041514e+00 7.29648691354054413e-01
3.92699081698724139e-01 1.24553234284391601e+00 7.33805529402107859e-01
3.92699081698724139e-01 1.22285898191970066e+00 7.36980231275009001e-01
3.92699081698724139e-01 1.20007652497233042e+00 7.39067391686354713e-01
3.92699081698724139e-01 1.17720250664457082e+00 7.39961322557079915e-01
3.92699081698724139e-01 1.15427998581694391e+00 7.39554255958347229e-01
3.92699081698724139e-01 1.13139350734549815e+00 7.37749834467839039e-01
3.92699081698724139e-01 1.10866011064787817e+00 7.34492421896335235e-01
3.92699081698724139e-01 1.08619712008684877e+00 7.29795230081213830e-01
3.92699081698724139e-01 1.06408756756090606e+00 7.23742831435978728e-01
3.92699081698724139e-01 1.04236958033322491e+00 7.16455344840801756e-01
3.92699081698724139e-01 1.02106208250785135e+00 7.08026818590343776e-01
3.92699081698724139e-01 1.00021413229006861e+00 6.98471459927421323e-01
3.92699081698724139e-01 9.79946610563556031e-01 6.87711476144733491e-01
3.92699081698724139e-01 9.60457014283082722e-01 6.75616655925951548e-01
3.92699081698724139e-01 9.41981168586885964e-01 6.62073344890228732e-01
3.92699081698724139e-01 9.24735126439590438e-01 6.47041797296277088e-01
3.92699081698724139e-01 9.08876222931151889e-01 6.30569861857850689e-01
3.92699081698724139e-01 8.94512275803246104e-01 6.12761849538607906e-01
3.92699081698724139e-01 8.81757145725067026e-01 5.93732385752686831e-01
3.92699081698724139e-01 8.70798342798292713e-01 5.73583761801018888e-01
3.92699081698724139e-01 8.61929207459540381e-01 5.52425445484691413e-01
3.92699081698724139e-01 8.55513980681303132e-01 5.30420543854028259e-01
3.92699081698724139e-01 8.51890617555168483e-01 5.07821050300812593e-01
3.92699081698724139e-01 8.51252511922689692e-01 4.84958663859740680e-01
3.92699081698724139e-01 8.53565363730446780e-01 4.62187467663443652e-01
3.92699081698724139e-01 8.58560537689013081e-01 4.39807622625533579e-01
3.92699081698724139e-01 8.65809674741550905e-01 4.18012132497114774e-01
3.92699081698724139e-01 8.74846869208521172e-01 3.96883121635725533e-01
3.92699081698724139e-01 8.85284368697893953e-01 3.76431910221878663e-01
3.92699081698724139e-01 8.96874858882649395e-01 3.56651512351793487e-01
3.92699081698724139e-01 9.09502573749657817e-01 3.37547970805364694e-01
3.92699081698724139e-01 9.23120494912911815e-01 3.19137194446929229e-01
3.92699081698724139e-01 9.37673842752726694e-01 3.01419801663331044e-01
3.92699081698724139e-01 9.53050518232562816e-01 2.84358823964696805e-01
3.92699081698724139e-01 9.69078986650337537e-01 2.67877109006540270e-01
3.92699081698724139e-01 9.85565681394024007e-01 2.51872252841045696e-01
3.92699081698724139e-01 1.00234325835229132e+00 2.36233685597269039e-01
3.92699081698724139e-01 1.01929880528854078e+00 2.20849275018943692e-01
3.92699081698724139e-01 1.03636740264011595e+00 2.05603124683395116e-01
3.92699081698724139e-01 1.05350049880083185e+00 1.90377743664157467e-01
3.92699081698724139e-01 1.07063515455721370e+00 1.75070902328890859e-01
3.92699081698724139e-01 1.08768872318403509e+00 1.59621917574766570e-01
3.92699081698724139e-01 1.10458479717985303e+00 1.44027779164219855e-01
3.92699081698724139e-01 1.12129253224966918e+00 1.28330957177168553e-01
3.92699081698724139e-01 1.13784900263202138e+00 1.12579974595590285e-01
3.92699081698724139e-01 1.15434259126462302e+00 9.67871433047119006e-02
3.92699081698724139e-01 1.17086036046210795e+00 8.09155918125922385e-02
3.92699081698724139e-01 1.18742772097269644e+00 6.49102329801986705e-02
3.92699081698724139e-01 1.20397670288075131e+00 4.87544005401522734e-02
3.92699081698724139e-01 1.22036265666917432e+00 3.25092958458125594e-02
3.92699081698724139e-01 1.23641787424405214e+00 1.62977632768305236e-02
3.92699081698724139e-01 1.25200531906602430e+00 2.28346542205263203e-04
3.92699081698724139e-01 1.26703472258344463e+00 -1.57012962495345805e-02
3.92699081698724139e-01 1.28142927552865182e+00 -3.16607888740001175e-02
3.92699081698724139e-01 1.29506767480576879e+00 -4.79596048907243722e-02
3.92699081698724139e-01 1.30774823460610357e+00 -6.49399567698526192e-02
3.92699081698724139e-01 1.31921224693643668e+00 -8.28427483256529013e-02
3.92699081698724139e-01 1.32922660349931054e+00 -1.01717205110694875e-01
3.92699081698724139e-01 1.33768415944903296e+00 -1.21420058494565317e-01
3.92699081698724139e-01 1.34466233483120701e+00 -1.41698605910855813e-01
3.92699081698724139e-01 1.35039971644507117e+00 -1.62306298217120698e-01
3.92699081698724139e-01 1.35519653618157987e+00 -1.83087371266238225e-01
3.92699081698724139e-01 1.35928946291584940e+00 -2.03993247409909900e-01
3.92699081698724139e-01 1.36276612987334156e+00 -2.25038185957082221e-01
3.92699081698724139e-01 1.36556092045543198e+00 -2.46235243504938361e-01
3.92699081698724139e-01 1.36752611121466283e+00 -2.67556580455849125e-01
3.92699081698724139e-01 1.36853119797146272e+00 -2.88937051979184900e-01
3.92699081698724139e-01 1.36853265579182271e+00 -3.10307311906308780e-01
3.92699081698724139e-01 1.36758055440579285e+00 -3.31625086166394079e-01
3.92699081698724139e-01 1.36576963604427815e+00 -3.52880368570911818e-01
3.92699081698724139e-01 1.36317404102504236e+00 -3.74073558321636912e-01
3.92699081698724139e-01 1.35980895510572752e+00 -3.95186515721833442e-01
3.92699081698724139e-01 1.35564027896448125e+00 -4.16170641645727035e-01
3.92699081698724139e-01 1.35063224186884412e+00 -4.36962369824605623e-01
3.92699081698724139e-01 1.34480287844307367e+00 -4.57516427507813017e-01
3.92699081698724139e-01 1.33825829869157964e+00 -4.77835419262037098e-01
3.92699081698724139e-01 1.33119368556245954e+00 -4.97977870960157554e-01
3.92699081698724139e-01 1.32386811486390266e+00 -5.18041622363343390e-01
3.92699081698724139e-01 1.31656982069378525e+00 -5.38134190661237466e-01
3.92699081698724139e-01 1.30958602443005323e+00 -5.58346853069211502e-01
3.92699081698724139e-01 1.30318311491560701e+00 -5.78742955730827457e-01
3.92699081698724139e-01 1.29759678071508189e+00 -5.99359387699005430e-01
3.92699081698724139e-01 1.29303075998519779e+00 -6.20211795345785188e-01
3.92699081698724139e-01 1.28966422196526143e+00 -6.41293882277098493e-01
3.92699081698724139e-01 1.28766670014424367e+00 -6.62567731842271690e-01
3.92699081698724139e-01 1.28721483549678650e+00 -6.83949920267451272e-01
3.92699081698724139e-01 1.28850087529356827e+00 -7.05301794629688894e-01
3.92699081698724139e-01 1.29172419200074784e+00 -7.26429809896884771e-01
3.92699081698724139e-01 1.29706532247970596e+00 -7.47095559099423157e-01
3.92699081698724139e-01 1.30465237453294725e+00 -7.67029517476617295e-01
3.92699081698724139e-01 1.31453454831098893e+00 -7.85941230139187819e-01
3.92699081698724139e-01 1.32667285534543122e+00 -8.03522643064991882e-01
3.92699081698724139e-01 1.34094703326630471e+00 -8.19448340267772468e-01
3.92699081698724139e-01 1.35716854742722637e+00 -8.33382396039256568e-01
3.92699081698724139e-01 1.37508954449634668e+00 -8.45002130016836106e-01
3.92699081698724139e-01 1.39440659034688874e+00 -8.54042288550351691e-01
3.92699081698724139e-01 1.41476838677461925e+00 -8.60351089196728092e-01
3.92699081698724139e-01 1.43579913514472368e+00 -8.63938125285945713e-01
3.92699081698724139e-01 1.45714037864452761e+00 -8.64990689367093224e-01
3.92699081698724139e-01 1.47849969083282673e+00 -8.63844018663413316e-01
3.92699081698724139e-01 1.49968538910148208e+00 -8.60909982704234022e-01
3.92699081698724139e-01 1.52061040986974838e+00 -8.56588663434269537e-01
3.92699081698724139e-01 1.54126413128102624e+00 -8.51196654787256035e-01
3.92699081698724139e-01 1.56166811611274059e+00 -8.44938077349316030e-01
3.92699081698724139e-01 1.58183889045781378e+00 -8.37922520050731534e-01
3.92699081698724139e-01 1.60177342861289707e+00 -8.30210599508458102e-01
3.92699081698724139e-01 1.62145673210433783e+00 -8.21856513754156692e-01
3.92699081698724139e-01 1.64087741779165364e+00 -8.12924417062233950e-01
3.92699081698724139e-01 1.66003545860137924e+00 -8.03476136430296140e-01
3.92699081698724139e-01 1.67893597469897071e+00 -7.93547542487554436e-01
3.92699081698724139e-01 1.69757571383488060e+00 -7.83136630233346676e-01
3.92699081698724139e-01 1.71593461944104320e+00 -7.72215056016891666e-01
3.92699081698724139e-01 1.73397990254236811e+00 -7.60755673690913570e-01
3.92699081698724139e-01 1.75167921203019783e+00 -7.48756049422849235e-01
3.92699081698724139e-01 1.76901202133188695e+00 -7.36241188055835716e-01
3.92699081698724139e-01 1.78597017507508005e+00 -7.23244848456061629e-01
3.92699081698724139e-01 1.80254779607124438e+00 -7.09785189309650288e-01
3.92699081698724139e-01 1.81872957860173790e+00 -6.95854401063294548e-01
3.92699081698724139e-01 1.83448762097532225e+00 -6.81430523726688442e-01
3.92699081698724139e-01 1.84978961217723592e+00 -6.66501892748836311e-01
3.92699081698724139e-01 1.86461160021152406e+00 -6.51084586282281275e-01
3.92699081698724139e-01 1.87894471507407879e+00 -6.35218820875525614e-01
3.92699081698724139e-01 1.89279026609638246e+00 -6.18947071484989508e-01
3.92699081698724139e-01 1.90614737411766866e+00 -6.02291415615551440e-01
3.92699081698724139e-01 1.91900365159673902e+00 -5.85248407288464056e-01
3.92699081698724139e-01 1.93133711514573059e+00 -5.67805849541253016e-01
3.92699081698724139e-01 1.94312835989199328e+00 -5.49968149281354513e-01
3.92699081698724139e-01 1.95437353619655263e+00 -5.31769710807517559e-01
3.92699081698724139e-01 1.96508783283063515e+00 -5.13265106736086718e-01
3.92699081698724139e-01 1.97529671693063169e+00 -4.94503392127314478e-01
3.92699081698724139e-01 1.98502195030627715e+00 -4.75506980898620535e-01
3.92699081698724139e-01 1.99427337812411931e+00 -4.56272191856319620e-01
3.92699081698724139e-01 2.00305240157294273e+00 -4.36791124659754559e-01
3.92699081698724139e-01 2.01136312804313500e+00 -4.17076810966015454e-01
3.92699081698724139e-01 2.01922073615263598e+00 -3.97170208823015125e-01
3.92699081698724139e-01 2.02664909927142478e+00 -3.77121986114161756e-01
3.92699081698724139e-01 2.03366921093351394e+00 -3.56963094318611451e-01
3.92699081698724139e-01 2.04028845967185246e+00 -3.36688681929748712e-01
3.92699081698724139e-01 2.04650084187562431e+00 -3.16270452619303921e-01
3.92699081698724139e-01 2.05229918670750688e+00 -2.95689618638112217e-01
3.92699081698724139e-01 2.05768954492769440e+00 -2.74964280616752432e-01
3.92699081698724139e-01 2.06269437260293476e+00 -2.54147083841531618e-01
3.92699081698724139e-01 2.06733879244694263e+00 -2.33291551213108239e-01
3.92699081698724139e-01 2.07162771816888736e+00 -2.12411869771074929e-01
3.92699081698724139e-01 2.07553030707537589e+00 -1.91469704778846561e-01
3.92699081698724139e-01 2.07898441940323764e+00 -1.70403656449543001e-01
3.92699081698724139e-01 2.08191935746907397e+00 -1.49183792422888872e-01
3.92699081698724139e-01 2.08428068396889898e+00 -1.27850216797166627e-01
3.92699081698724139e-01 2.08603782201842236e+00 -1.06500733862325767e-01
3.92699081698724139e-01 2.08716678147929180e+00 -8.52271362196361376e-02
3.92699081698724139e-01 2.08761889790633415e+00 -6.40393086259827549e-02
3.92699081698724139e-01 2.08729832306703367e+00 -4.28318388192430524e-02
3.92699081698724139e-01 2.08606695016808752e+00 -2.14252174932880977e-02
4.09061543436170960e-01 2.07029015724801235e+00 3.20759575532682435e-04
4.09061543436170960e-01 2.06670470480430257e+00 2.19948623801816991e-02
4.09061543436170960e-01 2.06194879656533825e+00 4.38842882612584528e-02
4.09061543436170960e-01 2.05604695111621139e+00 6.57316780139769463e-02
4.09061543436170960e-01 2.04906682605990964e+00 8.72717750362146799e-02
4.09061543436170960e-01 2.04108818945352954e+00 1.08334917805184727e-01
4.09061543436170960e-01 2.03218484681240863e+00 1.28889947032166330e-01
4.09061543436170960e-01 2.02242661210562913e+00 1.49010232451186303e-01
4.09061543436170960e-01 2.01189162020347823e+00 1.68794063134412142e-01
4.09061543436170960e-01 2.00067187819073800e+00 1.88293817955793308e-01
4.09061543436170960e-01 1.98886219190213565e+00 2.07494316465766299e-01
4.09061543436170960e-01 1.97653806543550048e+00 2.26342701469619462e-01
4.09061543436170960e-01 1.96373907625596456e+00 2.44798238295790227e-01
4.09061543436170960e-01 1.95047162382616901e+00 2.62862922578568803e-01
4.09061543436170960e-01 1.93673075782467907e+00 2.80574388956882470e-01
4.09061543436170960e-01 1.92252621994474526e+00 2.97973075074857430e-01
4.09061543436170960e-01 1.90789445917475065e+00 3.15072836716101035e-01
4.09061543436170960e-01 1.89288898208880751e+00 3.31857417696294288e-01
4.09061543436170960e-01 1.87755775716805973e+00 3.48302395933622888e-01
4.09061543436170960e-01 1.86192577428605333e+00 3.64402462032844432e-01
4.09061543436170960e-01 1.84599605293272617e+00 3.80181815872467355e-01
4.09061543436170960e-01 1.82976735012463854e+00 3.95680803075933840e-01
4.09061543436170960e-01 1.81325349605911779e+00 4.10931057323903115e-01
4.09061543436170960e-01 1.79648817529925520e+00 4.25939125004254793e-01
4.09061543436170960e-01 1.77951083654007025e+00 4.40689886138404263e-01
4.09061543436170960e-01 1.76234473821657445e+00 4.55164383952540663e-01
4.09061543436170960e-01 1.74498470251328652e+00 4.69355903604256386e-01
4.09061543436170960e-01 1.72740472655009758e+00 4.83271399125308199e-01
4.09061543436170960e-01 1.70958007082289343e+00 4.96918861745539120e-01
4.09061543436170960e-01 1.69150711944019405e+00 5.10293141760923219e-01
4.09061543436170960e-01 1.67320614290274738e+00 5.23373337207382328e-01
4.09061543436170960e-01 1.65470560195326821e+00 5.36134298212056604e-01
4.09061543436170960e-01 1.63602107430604127e+00 5.48562469491804983e-01
4.09061543436170960e-01 1.61714582409783159e+00 5.60662666488787043e-01
4.09061543436170960e-01 1.59806041113516972e+00 5.72450245774151378e-01
4.09061543436170960e-01 1.57875329623351068e+00 5.83935537869255561e-01
4.09061543436170960e-01 1.55923549790206950e+00 5.95113746400195431e-01
4.09061543436170960e-01 1.53953710630757490e+00 6.05968486510608750e-01
4.09061543436170960e-01 1.51968804677766034e+00 6.16485132361957899e-01
4.09061543436170960e-01 1.49969820230717277e+00 6.26661451067691666e-01
4.09061543436170960e-01 1.47955261832540663e+00 6.36505082978247261e-01
4.09061543436170960e-01 1.45922547868093333e+00 6.46018626883235303e-01
4.09061543436170960e-01 1.43870149512107059e+00 6.55183978490925578e-01
4.09061543436170960e-01 1.41798742600185945e+00 6.63958848555447734e-01
4.09061543436170960e-01 1.39710450430522881e+00 6.72288717646378764e-01
4.09061543436170960e-01 1.37606820754654136e+00 6.80124739525194921e-01
4.09061543436170960e-01 1.35487239867749953e+00 6.87432898951482296e-01
4.09061543436170960e-01 1.33349167165206817e+00 6.94186567250366537e-01
4.09061543436170960e-01 1.31190108598781152e+00 7.00348006021913050e-01
4.09061543436170960e-01 1.29009812336452501e+00 7.05853322265492578e-01
4.09061543436170960e-01 1.26810947342302804e+00 7.10612465029310747e-01
4.09061543436170960e-01 1.24597740063408180e+00 7.14523569920754831e-01
4.09061543436170960e-01 1.22373745070352302e+00 7.17489766268259666e-01
4.09061543436170960e-01 1.20140717499164551e+00 7.19426125005124262e-01
4.09061543436170960e-01 1.17899722540639895e+00 7.20255218351813165e-01
4.09061543436170960e-01 1.15653745963275267e+00 7.19902228190706150e-01
4.09061543436170960e-01 1.13409646134149789e+00 7.18302892918633362e-01
4.09061543436170960e-01 1.11177546441056130e+00 7.15426099904930557e-01
4.09061543436170960e-01 1.08967669578965043e+00 7.11296104890469683e-01
4.09061543436170960e-01 1.06786784257849243e+00 7.05991887160721809e-01
4.09061543436170960e-01 1.04637145332598402e+00 6.99611971491372553e-01
4.09061543436170960e-01 1.02519321823720588e+00 6.92216935692330892e-01
4.09061543436170960e-01 1.00437530360322302e+00 6.83781813858296506e-01
4.09061543436170960e-01 9.84040111689228891e-01 6.74190303200916441e-01
4.09061543436170960e-01 9.64392424382399915e-01 6.63279367106571427e-01
4.09061543436170960e-01 9.45674287072200692e-01 6.50911010921750521e-01
4.09061543436170960e-01 9.28100173357708447e-01 6.37029895241052135e-01
4.09061543436170960e-01 9.11816702568424509e-01 6.21674798781942428e-01
4.09061543436170960e-01 8.96918247213687070e-01 6.04943284385930480e-01
4.09061543436170960e-01 8.83513768889935602e-01 5.86940643838963050e-01
4.09061543436170960e-01 8.71803876314222848e-01 5.67753747617385174e-01
4.09061543436170960e-01 8.62114427810295347e-01 5.47470726087115223e-01
4.09061543436170960e-01 8.54853468702542196e-01 5.26232315097218128e-01
4.09061543436170960e-01 8.50400558791466032e-01 5.04275259569504142e-01
4.09061543436170960e-01 8.48976724141606742e-01 4.81930654809850811e-01
4.09061543436170960e-01 8.50556557912690692e-01 4.59568922359450238e-01
4.09061543436170960e-01 8.54864303065424158e-01 4.37518118384673638e-01
4.09061543436170960e-01 8.61454971626991584e-01 4.15999365600520754e-01
4.09061543436170960e-01 8.69842372409904474e-01 3.95111428091814376e-01
4.09061543436170960e-01 8.79618186292436488e-01 3.74865149589867941e-01
4.09061543436170960e-01 8.90516560721590800e-01 3.55239708584069169e-01
4.09061543436170960e-01 9.02408726382099458e-01 3.36224991388997585e-01
4.09061543436170960e-01 9.15244986336202437e-01 3.17830273614270686e-01
4.09061543436170960e-01 9.28981382527390598e-01 3.00064898836808813e-01
4.09061543436170960e-01 9.43528150751602568e-01 2.82913023369764371e-01
4.09061543436170960e-01 9.58739816318763149e-01 2.66322197818903650e-01
4.09061543436170960e-01 9.74442827731574090e-01 2.50210004820231147e-01
4.09061543436170960e-01 9.90478104530535308e-01 2.34478565061778443e-01
4.09061543436170960e-01 1.00673126652390832e+00 2.19024571614114982e-01
4.09061543436170960e-01 1.02313392814178017e+00 2.03741979564814407e-01
4.09061543436170960e-01 1.03963888373163793e+00 1.88524953553618618e-01
4.09061543436170960e-01 1.05618905090470649e+00 1.73279513716226158e-01
4.09061543436170960e-01 1.07270430842375242e+00 1.57942352337720221e-01
4.09061543436170960e-01 1.08909847102889112e+00 1.42493927059683279e-01
4.09061543436170960e-01 1.10531716915241995e+00 1.26951934639194935e-01
4.09061543436170960e-01 1.12137003960268333e+00 1.11344083279096354e-01
4.09061543436170960e-01 1.13733003144193190e+00 9.56767873010011816e-02
4.09061543436170960e-01 1.15329151183370793e+00 7.99240706803597545e-02
4.09061543436170960e-01 1.16930661035450534e+00 6.40497691023184795e-02
4.09061543436170960e-01 1.18533746568428544e+00 4.80516148211223293e-02
4.09061543436170960e-01 1.20125652951821338e+00 3.19952300746108170e-02
4.09061543436170960e-01 1.21689854767556493e+00 1.60061224481894519e-02
4.09061543436170960e-01 1.23213335803124058e+00 2.11620736985410399e-04
4.09061543436170960e-01 1.24691155599825598e+00 -1.53417595691651993e-02
4.09061543436170960e-01 1.26124917738227915e+00 -3.07491900600612919e-02
4.09061543436170960e-01 1.27515635438040564e+00 -4.62474689470045094e-02
4.09061543436170960e-01 1.28855419726295395e+00 -6.21471566614639967e-02
4.09061543436170960e-01 1.30123723855845075e+00 -7.87278970509337483e-02
4.09061543436170960e-01 1.31291467071944434e+00 -9.61479453067925482e-02
4.09061543436170960e-01 1.32331565088514580e+00 -1.14409367195675779e-01
4.09061543436170960e-01 1.33230216768628318e+00 -1.33388348851733285e-01
4.09061543436170960e-01 1.33992469943377612e+00 -1.52906035758043291e-01
4.09061543436170960e-01 1.34638749700517013e+00 -1.72799204771190956e-01
4.09061543436170960e-01 1.35194253086355021e+00 -1.92958733095345308e-01
4.09061543436170960e-01 1.35677144975644448e+00 -2.13328262647104444e-01
4.09061543436170960e-01 1.36091874794493628e+00 -2.33878521965956931e-01
4.09061543436170960e-01 1.36430579439765221e+00 -2.54581159757993669e-01
4.09061543436170960e-01 1.36680694220027088e+00 -2.75397981650545132e-01
4.09061543436170960e-01 1.36833605730457486e+00 -2.96286079477423137e-01
4.09061543436170960e-01 1.36889299658822194e+00 -3.17208209433413990e-01
4.09061543436170960e-01 1.36855053407795735e+00 -3.38137176638567460e-01
4.09061543436170960e-01 1.36740063608575224e+00 -3.59050718680747005e-01
4.09061543436170960e-01 1.36550046719845075e+00 -3.79922088334925134e-01
4.09061543436170960e-01 1.36285242523098638e+00 -4.00714835217514720e-01
4.09061543436170960e-01 1.35942691335596821e+00 -4.21386925622268871e-01
4.09061543436170960e-01 1.35521036779139248e+00 -4.41902875026329856e-01
4.09061543436170960e-01 1.35025016713109314e+00 -4.62247794976489101e-01
4.09061543436170960e-01 1.34467564167955644e+00 -4.82436688796435587e-01
4.09061543436170960e-01 1.33869139004700366e+00 -5.02515211381796334e-01
4.09061543436170960e-01 1.33255278044122560e+00 -5.22551953924577095e-01
4.09061543436170960e-01 1.32653691703946430e+00 -5.42625090897188356e-01
4.09061543436170960e-01 1.32091758612009280e+00 -5.62807326506636341e-01
4.09061543436170960e-01 1.31594680775525519e+00 -5.83152820225339541e-01
4.09061543436170960e-01 1.31184364459922520e+00 -6.03688519843247118e-01
4.09061543436170960e-01 1.30879213724880872e+00 -6.24410316562901579e-01
4.09061543436170960e-01 1.30695021192849148e+00 -6.45282250244162636e-01
4.09061543436170960e-01 1.30646726794020429e+00 -6.66235798067985052e-01
4.09061543436170960e-01 1.30750197821618408e+00 -6.87167087812296629e-01
4.09061543436170960e-01 1.31022907285299106e+00 -7.07932397564245530e-01
4.09061543436170960e-01 1.31482826850939705e+00 -7.28344678310590354e-01
4.09061543436170960e-01 1.32145818062087117e+00 -7.48173958527344585e-01
4.09061543436170960e-01 1.33022641325806101e+00 -7.67152041981164268e-01
4.09061543436170960e-01 1.34116794743896173e+00 -7.84979172680945636e-01
4.09061543436170960e-01 1.35423698338780807e+00 -8.01330562174160099e-01
4.09061543436170960e-01 1.36930838173400704e+00 -8.15864924092136956e-01
4.09061543436170960e-01 1.38618127094327992e+00 -8.28242382836432034e-01
4.09061543436170960e-01 1.40458207237112798e+00 -8.38159660332128187e-01
4.09061543436170960e-01 1.42417268262833452e+00 -8.45402604790823187e-01
4.09061543436170960e-01 1.44457353000798450e+00 -8.49902414087938540e-01
4.09061543436170960e-01 1.46540546036210451e+00 -8.51771014074794053e-01
4.09061543436170960e-01 1.48634162251347424e+00 -8.51292507334809101e-01
4.09061543436170960e-01 1.50714996525091416e+00 -8.48864348707223382e-01
4.09061543436170960e-01 1.52770750857251536e+00 -8.44906418575561480e-01
4.09061543436170960e-01 1.54798057861124216e+00 -8.39773968146787508e-01
4.09061543436170960e-01 1.56798286609965598e+00 -8.33709372547220107e-01
4.09061543436170960e-01 1.58773380628142280e+00 -8.26846863623104000e-01
4.09061543436170960e-01 1.60723635937245146e+00 -8.19256004121511117e-01
4.09061543436170960e-01 1.62647860868740235e+00 -8.10991207062424113e-01
4.09061543436170960e-01 1.64544822740366414e+00 -8.02117356998525710e-01
4.09061543436170960e-01 1.66414323944731946e+00 -7.92702591187767425e-01
4.09061543436170960e-01 1.68256939766906477e+00 -7.82793383118623787e-01
4.09061543436170960e-01 1.70072743097309442e+00 -7.72397619079477793e-01
4.09061543436170960e-01 1.71860199798572699e+00 -7.61492091213140654e-01
4.09061543436170960e-01 1.73616223323674435e+00 -7.50050004837078621e-01
4.09061543436170960e-01 1.75337372406868330e+00 -7.38068000550990311e-01
4.09061543436170960e-01 1.77021225956248895e+00 -7.25572813952935269e-01
4.09061543436170960e-01 1.78666845372790051e+00 -7.12603872153111051e-01
4.09061543436170960e-01 1.80274005617763855e+00 -6.99186797228650958e-01
4.09061543436170960e-01 1.81841884798779208e+00 -6.85319314921394196e-01
4.09061543436170960e-01 1.83368319621474107e+00 -6.70980597874199280e-01
4.09061543436170960e-01 1.84850236940822210e+00 -6.56156154503353295e-01
4.09061543436170960e-01 1.86284889021334576e+00 -6.40858080752296555e-01
4.09061543436170960e-01 1.87670867000055241e+00 -6.25124483999223934e-01
4.09061543436170960e-01 1.89008072151543116e+00 -6.08998813273262884e-01
4.09061543436170960e-01 1.90296704117665261e+00 -5.92506044382521968e-01
4.09061543436170960e-01 1.91536144976986789e+00 -5.75645138870751638e-01
4.09061543436170960e-01 1.92724702335713571e+00 -5.58403930486694677e-01
4.09061543436170960e-01 1.93860460340816920e+00 -5.40784282642667313e-01
4.09061543436170960e-01 1.94942569567062862e+00 -5.22816844993729046e-01
4.09061543436170960e-01 1.95971942979257507e+00 -5.04553047529210041e-01
4.09061543436170960e-01 1.96950810678945154e+00 -4.86040527271145273e-01
4.09061543436170960e-01 1.97881512399962545e+00 -4.67301931206329679e-01
4.09061543436170960e-01 1.98765503362358364e+00 -4.48334565863992451e-01
4.09061543436170960e-01 1.99603325181586921e+00 -4.29131318140776041e-01
4.09061543436170960e-01 2.00395446972105917e+00 -4.09705368302534345e-01
4.09061543436170960e-01 2.01143134964680081e+00 -3.90097337484338946e-01
4.09061543436170960e-01 2.01848502558804865e+00 -3.70357485161335764e-01
4.09061543436170960e-01 2.02513639893936848e+00 -3.50516551305641799e-01
4.09061543436170960e-01 2.03139583111286548e+00 -3.30569591557002218e-01
4.09061543436170960e-01 2.03726095672124341e+00 -3.10487992336783536e-01
4.09061543436170960e-01 2.04272565223661084e+00 -2.90252078718329865e-01
4.09061543436170960e-01 2.04779297163784513e+00 -2.69878421920635492e-01
4.09061543436170960e-01 2.05247989287848975e+00 -2.49417841983841843e-01
4.09061543436170960e-01 2.05680698642262749e+00 -2.28922431599713677e-01
4.09061543436170960e-01 2.06077821830292995e+00 -2.08406069344802658e-01
4.09061543436170960e-01 2.06436544219477813e+00 -1.87831555983454440e-01
4.09061543436170960e-01 2.06751047972290403e+00 -1.67139653530930077e-01
4.09061543436170960e-01 2.07014514247587744e+00 -1.46302508876790943e-01
4.09061543436170960e-01 2.07221520316797037e+00 -1.25360975405993808e-01
4.09061543436170960e-01 2.07368959997215985e+00 -1.04411729232942646e-01
4.09061543436170960e-01 2.07454579939944495e+00 -8.35443084017630372e-02
4.09061543436170960e-01 2.07474003206812840e+00 -6.27670971426238233e-02
4.09061543436170960e-01 2.07418400843790574e+00 -4.19758944866409703e-02
4.09061543436170960e-01 2.07274756388508496e+00 -2.09957253696829889e-02
4.25424005173617781e-01 2.05687924246527709e+00 3.06193427543130199e-04
4.25424005173617781e-01 2.05318004219830197e+00 2.15170349333893215e-02
4.25424005173617781e-01 2.04836265024312469e+00 4.29333223606699343e-02
4.25424005173617781e-01 2.04245214821379717e+00 6.43054570387196905e-02
4.25424005173617781e-01 2.03551747202095212e+00 8.53785187711955107e-02
4.25424005173617781e-01 2.02764095794256249e+00 1.05993347259570020e-01
4.25424005173617781e-01 2.01889763892986185e+00 1.26126197891106406e-01
4.25424005173617781e-01 2.00935333188682774e+00 1.45852147923074632e-01
4.25424005173617781e-01 1.99907503663644981e+00 1.65265014841386004e-01
4.25424005173617781e-01 1.98813851377841710e+00 1.84408696654218163e-01
4.25424005173617781e-01 1.97662230832568708e+00 2.03259278256867459e-01
4.25424005173617781e-01 1.96459068937390735e+00 2.21758172835175793e-01
4.25424005173617781e-01 1.95207891209466511e+00 2.39862882668170407e-01
4.25424005173617781e-01 1.93909386780570125e+00 2.57575953095201315e-01
4.25424005173617781e-01 1.92563175482191684e+00 2.74934994667213106e-01
4.25424005173617781e-01 1.91170103671769365e+00 2.91977856081388987e-01
4.25424005173617781e-01 1.89733444239887539e+00 3.08713552306246142e-01
4.25424005173617781e-01 1.88258188898299816e+00 3.25121104218935419e-01
4.25424005173617781e-01 1.86749069891734409e+00 3.41174249951146258e-01
4.25424005173617781e-01 1.85208894994016426e+00 3.56870016910139642e-01
4.25424005173617781e-01 1.83638477925651822e+00 3.72238143843243607e-01
4.25424005173617781e-01 1.82038138009724659e+00 3.87325197312623049e-01
4.25424005173617781e-01 1.80409469826471303e+00 4.02167259453261872e-01
4.25424005173617781e-01 1.78755862213257433e+00 4.16772498351316023e-01
4.25424005173617781e-01 1.77081257440010509e+00 4.31125171433547227e-01
4.25424005173617781e-01 1.75388082505241827e+00 4.45204868562529110e-01
4.25424005173617781e-01 1.73676001376274813e+00 4.59003754319109336e-01
4.25424005173617781e-01 1.71942543069015663e+00 4.72528357808298882e-01
4.25424005173617781e-01 1.70185209619566691e+00 4.85786719882646711e-01
4.25424005173617781e-01 1.68403502886886147e+00 4.98773982538188387e-01
4.25424005173617781e-01 1.66599357901983569e+00 5.11469850393129755e-01
4.25424005173617781e-01 1.64775706391296950e+00 5.23850275209071459e-01
4.25424005173617781e-01 1.62934348401582052e+00 5.35903153927195119e-01
4.25424005173617781e-01 1.61074834118737664e+00 5.47634479838049471e-01
4.25424005173617781e-01 1.59195234954655374e+00 5.59059766152352089e-01
4.25424005173617781e-01 1.57294163597937153e+00 5.70188211423748870e-01
4.25424005173617781e-01 1.55372394793749979e+00 5.81013108496417074e-01
4.25424005173617781e-01 1.53432748595271229e+00 5.91516342902031256e-01
4.25424005173617781e-01 1.51478284882822112e+00 6.01682420065318246e-01
4.25424005173617781e-01 1.49510218278045515e+00 6.11508971970458948e-01
4.25424005173617781e-01 1.47527204747384122e+00 6.21003460614200531e-01
4.25424005173617781e-01 1.45526570185956894e+00 6.30167596669521490e-01
4.25424005173617781e-01 1.43506502381187451e+00 6.38981867199234554e-01
4.25424005173617781e-01 1.41467452538684513e+00 6.47403169292180003e-01
4.25424005173617781e-01 1.39411625829252750e+00 6.55378060222181702e-01
4.25424005173617781e-01 1.37340990112898931e+00 6.62861112502462380e-01
4.25424005173617781e-01 1.35255457196941964e+00 6.69823207502696083e-01
4.25424005173617781e-01 1.33152790255535503e+00 6.76242456155644822e-01
4.25424005173617781e-01 1.31030417658286025e+00 6.82084568640568434e-01
4.25424005173617781e-01 1.28887776968021939e+00 6.87288309045621104e-01
4.25424005173617781e-01 1.26727341597739884e+00 6.91767803843181928e-01
4.25424005173617781e-01 1.24553516882519610e+00 6.95430052700427237e-01
4.25424005173617781e-01 1.22370333028585665e+00 6.98194214091846788e-01
4.25424005173617781e-01 1.20179897221626630e+00 6.99999074369792251e-01
4.25424005173617781e-01 1.17983000093389645e+00 7.00796742123073968e-01
4.25424005173617781e-01 1.15781483624541814e+00 7.00543898279664790e-01
4.25424005173617781e-01 1.13580386184391569e+00 6.99204698845558137e-01
4.25424005173617781e-01 1.11387844184978535e+00 6.96768004833908772e-01
4.25424005173617781e-01 1.09212432087062461e+00 6.93264824551976133e-01
4.25424005173617781e-01 1.07059830548781720e+00 6.88764577357331764e-01
4.25424005173617781e-01 1.04931657271525047e+00 6.83339745574007784e-01
4.25424005173617781e-01 1.02828044418215048e+00 6.77011980605619512e-01
4.25424005173617781e-01 1.00752822272300713e+00 6.69711573918963743e-01
4.25424005173617781e-01 9.87179325676816655e-01 6.61280357296702537e-01
4.25424005173617781e-01 9.67437408103243635e-01 6.51523697946984393e-01
4.25424005173617781e-01 9.48544852220329582e-01 6.40285616663194279e-01
4.25424005173617781e-01 9.30715614483532128e-01 6.27504522279918708e-01
4.25424005173617781e-01 9.14092519304877560e-01 6.13218659169182279e-01
4.25424005173617781e-01 8.98763254597350181e-01 5.97523475559418205e-01
4.25424005173617781e-01 8.84831840143146198e-01 5.80515234082185971e-01
4.25424005173617781e-01 8.72502728022453544e-01 5.62263653164506438e-01
4.25424005173617781e-01 8.62119443663263318e-01 5.42834779707819126e-01
4.25424005173617781e-01 8.54120486399474688e-01 5.22348442686688008e-01
4.25424005173617781e-01 8.48920881789756443e-01 5.01028223642253301e-01
4.25424005173617781e-01 8.46771199506791250e-01 4.79204324169149432e-01
4.25424005173617781e-01 8.47661204792426348e-01 4.57259237864845791e-01
4.25424005173617781e-01 8.51314001811298793e-01 4.35542368074662289e-01
4.25424005173617781e-01 8.57271641394669603e-01 4.14298370452063691e-01
4.25424005173617781e-01 8.65030377767476932e-01 3.93643721193662199e-01
4.25424005173617781e-01 8.74165412824630561e-01 3.73595515166555703e-01
4.25424005173617781e-01 8.84397760601038363e-01 3.54127160699803767e-01
4.25424005173617781e-01 8.95589129385848892e-01 3.35215883394078429e-01
4.25424005173617781e-01 9.07684820183815133e-01 3.16860009005586585e-01
4.25424005173617781e-01 9.20642953951126497e-01 2.99067495715247489e-01
4.25424005173617781e-01 9.34385283453855187e-01 2.81833799907207971e-01
4.25424005173617781e-01 9.48786324836784378e-01 2.65127476565570619e-01
4.25424005173617781e-01 9.63695428016168809e-01 2.48889887997573028e-01
4.25424005173617781e-01 9.78971563280731649e-01 2.33043135765526294e-01
4.25424005173617781e-01 9.94508383583887268e-01 2.17497436461884130e-01
4.25424005173617781e-01 1.01023645035209042e+00 2.02155471170548190e-01
4.25424005173617781e-01 1.02610453775827137e+00 1.86918442085954900e-01
4.25424005173617781e-01 1.04205479351746533e+00 1.71698539443311204e-01
4.25424005173617781e-01 1.05801045981614261e+00 1.56434867179102682e-01
4.25424005173617781e-01 1.07388722048435503e+00 1.41102263617015194e-01
4.25424005173617781e-01 1.08962355703932023e+00 1.25703552380791894e-01
4.25424005173617781e-01 1.10521069371569602e+00 1.10246968826727340e-01
4.25424005173617781e-01 1.12069879132226857e+00 9.47237265316904775e-02
4.25424005173617781e-01 1.13616771408893058e+00 7.91043780043716310e-02
4.25424005173617781e-01 1.15167289702237263e+00 6.33614773393905290e-02
4.25424005173617781e-01 1.16719617792309571e+00 4.75063409455641766e-02
4.25424005173617781e-01 1.18263391807991458e+00 3.16135603678680890e-02
4.25424005173617781e-01 1.19783554768358402e+00 1.58099817039499199e-02
4.25424005173617781e-01 1.21267436540685880e+00 2.25077212215241623e-04
4.25424005173617781e-01 1.22710847786387167e+00 -1.50755460637947963e-02
4.25424005173617781e-01 1.24119046404757061e+00 -3.01388695376143996e-02
4.25424005173617781e-01 1.25501245184155308e+00 -4.51287345403533838e-02
4.25424005173617781e-01 1.26861336619410614e+00 -6.02827880095062815e-02
4.25424005173617781e-01 1.28190211312164659e+00 -7.58437096545433592e-02
4.25424005173617781e-01 1.29464578427773125e+00 -9.19967269209522875e-02
4.25424005173617781e-01 1.30653634500860427e+00 -1.08837188653854125e-01
4.25424005173617781e-01 1.31730349592996343e+00 -1.26372758183301070e-01
4.25424005173617781e-01 1.32681360280476168e+00 -1.44547914305184572e-01
4.25424005173617781e-01 1.33510218949633974e+00 -1.63273210152989123e-01
4.25424005173617781e-01 1.34232581755029168e+00 -1.82447873349249140e-01
4.25424005173617781e-01 1.34866449111126441e+00 -2.01974091450573157e-01
4.25424005173617781e-01 1.35423060640351411e+00 -2.21766630320381297e-01
4.25424005173617781e-01 1.35903125212986065e+00 -2.41759990968486910e-01
4.25424005173617781e-01 1.36299540825909760e+00 -2.61911172922599356e-01
4.25424005173617781e-01 1.36603964652058885e+00 -2.82194965155878774e-01
4.25424005173617781e-01 1.36812818573008421e+00 -3.02592425599828463e-01
4.25424005173617781e-01 1.36929373263454379e+00 -3.23078465257336744e-01
4.25424005173617781e-01 1.36961429187695227e+00 -3.43615996761613807e-01
4.25424005173617781e-01 1.36916813883980670e+00 -3.64159861359106718e-01
4.25424005173617781e-01 1.36799849662270101e+00 -3.84666851571558333e-01
4.25424005173617781e-01 1.36610860384225807e+00 -4.05104288292853776e-01
4.25424005173617781e-01 1.36348704936417220e+00 -4.25452013963727671e-01
4.25424005173617781e-01 1.36014676636415910e+00 -4.45699157203911289e-01
4.25424005173617781e-01 1.35615743699014701e+00 -4.65841823555560419e-01
4.25424005173617781e-01 1.35165890707780378e+00 -4.85886582630740860e-01
4.25424005173617781e-01 1.34685464672629851e+00 -5.05858186194183101e-01
4.25424005173617781e-01 1.34199181897917130e+00 -5.25804000128336946e-01
4.25424005173617781e-01 1.33733591578921862e+00 -5.45787746808430896e-01
4.25424005173617781e-01 1.33314595037415673e+00 -5.65871955608659438e-01
4.25424005173617781e-01 1.32965456472239318e+00 -5.86096853764412229e-01
4.25424005173617781e-01 1.32705710718785230e+00 -6.06466480900871074e-01
4.25424005173617781e-01 1.32551281416890476e+00 -6.26947796369984323e-01
4.25424005173617781e-01 1.32515768630452579e+00 -6.47479204609502035e-01
4.25424005173617781e-01 1.32612325615709037e+00 -6.67978573378276153e-01
4.25424005173617781e-01 1.32855170798231237e+00 -6.88342375696400000e-01
4.25424005173617781e-01 1.33259900155846278e+00 -7.08435493340894062e-01
4.25424005173617781e-01 1.33842364059454311e+00 -7.28078816929391137e-01
4.25424005173617781e-01 1.34616562463794986e+00 -7.47043011253549438e-01
4.25424005173617781e-01 1.35592328414339836e+00 -7.65051456125721119e-01
4.25424005173617781e-01 1.36773357860459055e+00 -7.81789163427924039e-01
4.25424005173617781e-01 1.38155693158817372e+00 -7.96913860986904199e-01
4.25424005173617781e-01 1.39726558336177997e+00 -8.10071349879085134e-01
4.25424005173617781e-01 1.41463708909438246e+00 -8.20923484273765380e-01
4.25424005173617781e-01 1.43335939481050834e+00 -8.29195347860345655e-01
4.25424005173617781e-01 1.45305523288522842e+00 -8.34735760703813168e-01
4.25424005173617781e-01 1.47332757552797977e+00 -8.37569210781253792e-01
4.25424005173617781e-01 1.49381655298730731e+00 -8.37910480721386741e-01
4.25424005173617781e-01 1.51424885749699589e+00 -8.36124452443871014e-01
4.25424005173617781e-01 1.53446070003905666e+00 -8.32639495117366457e-01
4.25424005173617781e-01 1.55438662684092432e+00 -8.27848395094214484e-01
4.25424005173617781e-01 1.57402289575999288e+00 -8.22038838126020743e-01
4.25424005173617781e-01 1.59338555354668254e+00 -8.15379232574200197e-01
4.25424005173617781e-01 1.61248271021979828e+00 -8.07954551566135049e-01
4.25424005173617781e-01 1.63130874845331464e+00 -7.99820684886778710e-01
4.25424005173617781e-01 1.64985371771012601e+00 -7.91041143797790114e-01
4.25424005173617781e-01 1.66811366190083699e+00 -7.81688556456164751e-01
4.25424005173617781e-01 1.68609123496872737e+00 -7.71820940969379032e-01
4.25424005173617781e-01 1.70378657803215328e+00 -7.61459486872227864e-01
4.25424005173617781e-01 1.72118730176424028e+00 -7.50589648266142384e-01
4.25424005173617781e-01 1.73826693926919584e+00 -7.39186312482950858e-01
4.25424005173617781e-01 1.75499379798063226e+00 -7.27243799045712458e-01
4.25424005173617781e-01 1.77134334422827000e+00 -7.14787829248758277e-01
4.25424005173617781e-01 1.78730437067526449e+00 -7.01861383730784993e-01
4.25424005173617781e-01 1.80287437424220975e+00 -6.88497147727608283e-01
4.25424005173617781e-01 1.81804835357652439e+00 -6.74699369717622344e-01
4.25424005173617781e-01 1.83281038951504316e+00 -6.60449662962304451e-01
4.25424005173617781e-01 1.84713481547529956e+00 -6.45731596246583495e-01
4.25424005173617781e-01 1.86099579215983857e+00 -6.30553814666251267e-01
4.25424005173617781e-01 1.87437730150681459e+00 -6.14952945097598236e-01
4.25424005173617781e-01 1.88727547358324421e+00 -5.98974221838045384e-01
4.25424005173617781e-01 1.89969168936283372e+00 -5.82645967512097074e-01
4.25424005173617781e-01 1.91162258641181970e+00 -5.65969002325831139e-01
4.25424005173617781e-01 1.92305561264570368e+00 -5.48929752310344021e-01
4.25424005173617781e-01 1.93397413634501425e+00 -5.31526319735110442e-01
4.25424005173617781e-01 1.94436823091935573e+00 -5.13786001593413366e-01
4.25424005173617781e-01 1.95424262019115957e+00 -4.95759591377149589e-01
4.25424005173617781e-01 1.96361563058545130e+00 -4.77496813655213626e-01
4.25424005173617781e-01 1.97251027817028324e+00 -4.59022900666392730e-01
4.25424005173617781e-01 1.98094473017007155e+00 -4.40335623432346557e-01
4.25424005173617781e-01 1.98892931549233376e+00 -4.21425288220892424e-01
4.25424005173617781e-01 1.99647125745112208e+00 -4.02300898107233129e-01
4.25424005173617781e-01 2.00358160535440977e+00 -3.82999924780438150e-01
4.25424005173617781e-01 2.01027723059241614e+00 -3.63572252111491523e-01
4.25424005173617781e-01 2.01657560052240825e+00 -3.44050608350247533e-01
4.25424005173617781e-01 2.02248706849038173e+00 -3.24432277124170776e-01
4.25424005173617781e-01 2.02801227674456674e+00 -3.04688998508347741e-01
4.25424005173617781e-01 2.03314805103618523e+00 -2.84799082716042706e-01
4.25424005173617781e-01 2.03789715179141240e+00 -2.64776118259358983e-01
4.25424005173617781e-01 2.04227242751412019e+00 -2.44669092121935355e-01
4.25424005173617781e-01 2.04628912348893799e+00 -2.24530612392065343e-01
4.25424005173617781e-01 2.04994857142090403e+00 -2.04376873386587304e-01
4.25424005173617781e-01 2.05322475318051945e+00 -1.84173026905891962e-01
4.25424005173617781e-01 2.05606495648823717e+00 -1.63860611847965770e-01
4.25424005173617781e-01 2.05840596707463108e+00 -1.43410651189907673e-01
4.25424005173617781e-01 2.06019486328157209e+00 -1.22862030564394528e-01
4.25424005173617781e-01 2.06139832889691244e+00 -1.02310199565602736e-01
4.25424005173617781e-01 2.06199151382135559e+00 -8.18452582201456558e-02
4.25424005173617781e-01 2.06193259489722180e+00 -6.14779255189510793e-02
4.25424005173617781e-01 2.06114136726937680e+00 -4.11072332843983243e-02
4.25424005173617781e-01 2.05949984457581081e+00 -2.05611435024785211e-02
4.41786466911064601e-01 2.04346366979177985e+00 2.85034959912144870e-04
4.41786466911064601e-01 2.03965950629322013e+00 2.10541916867691727e-02
4.41786466911064601e-01 2.03479248935691936e+00 4.20252617894751462e-02
4.41786466911064601e-01 2.02888734621587075e+00 6.29558092611400416e-02
4.41786466911064601e-01 2.02201202761502818e+00 8.35996946345366199e-02
4.41786466911064601e-01 2.01424909511580452e+00 1.03806254214493937e-01
4.41786466911064601e-01 2.00567349872032130e+00 1.23557263786268801e-01
4.41786466911064601e-01 1.99634688456064446e+00 1.42927979263662269e-01
4.41786466911064601e-01 1.98632521754775859e+00 1.62006528774703451e-01
4.41786466911064601e-01 1.97566744194305022e+00 1.80827348869005228e-01
4.41786466911064601e-01 1.96443452650011818e+00 1.99357196380616053e-01
4.41786466911064601e-01 1.95267839348871908e+00 2.17531829654901698e-01
4.41786466911064601e-01 1.94043021984832986e+00 2.35307771274243543e-01
4.41786466911064601e-01 1.92769922501574675e+00 2.52689136419238569e-01
4.41786466911064601e-01 1.91448509069458561e+00 2.69713966185206155e-01
4.41786466911064601e-01 1.90079616842123178e+00 2.86416875996450881e-01
4.41786466911064601e-01 1.88666062654250566e+00 3.02800586433680519e-01
4.41786466911064601e-01 1.87212283504641097e+00 3.18838225829783162e-01
4.41786466911064601e-01 1.85722855642558238e+00 3.34501991537975385e-01
4.41786466911064601e-01 1.84201091201272171e+00 3.49793355812666906e-01
4.41786466911064601e-01 1.82648790022156282e+00 3.64750589278864779e-01
4.41786466911064601e-01 1.81067243231676445e+00 3.79428681382362798e-01
4.41786466911064601e-01 1.79458536753131104e+00 3.93868298303481523e-01
4.41786466911064601e-01 1.77825942570539941e+00 4.08077378230190857e-01
4.41786466911064601e-01 1.76172937439184163e+00 4.22037149539039369e-01
4.41786466911064601e-01 1.74501554910018553e+00 4.35724557448193051e-01
4.41786466911064601e-01 1.72811407391453975e+00 4.49131480036201736e-01
4.41786466911064601e-01 1.71100272263795117e+00 4.62266139143430288e-01
4.41786466911064601e-01 1.69365938669370619e+00 4.75138320229249844e-01
4.41786466911064601e-01 1.67607999315075817e+00 4.87743391017653238e-01
4.41786466911064601e-01 1.65828263704950385e+00 5.00059912607864310e-01
4.41786466911064601e-01 1.64029503176197022e+00 5.12062929773609565e-01
4.41786466911064601e-01 1.62213520679242529e+00 5.23741155828861826e-01
4.41786466911064601e-01 1.60380060219975196e+00 5.35103009947073160e-01
4.41786466911064601e-01 1.58527407233997697e+00 5.46166236399394101e-01
4.41786466911064601e-01 1.56654190716429276e+00 5.56939990180052913e-01
4.41786466911064601e-01 1.54760935014670498e+00 5.67414649476786881e-01
4.41786466911064601e-01 1.52850093538979692e+00 5.77567832150607696e-01
4.41786466911064601e-01 1.50924495806573078e+00 5.87380995905209535e-01
4.41786466911064601e-01 1.48985409902936450e+00 5.96851640559751484e-01
4.41786466911064601e-01 1.47031750290190688e+00 6.05989567831532461e-01
4.41786466911064601e-01 1.45061069753790162e+00 6.14799141434905105e-01
4.41786466911064601e-01 1.43071559513376689e+00 6.23261715049504561e-01
4.41786466911064601e-01 1.41063470219304321e+00 6.31332929148477162e-01
4.41786466911064601e-01 1.39038821512936273e+00 6.38957668137602353e-01
4.41786466911064601e-01 1.36999645736947251e+00 6.46090827422551306e-01
4.41786466911064601e-01 1.34946217312931149e+00 6.52706879554918129e-01
4.41786466911064601e-01 1.32876771636767943e+00 6.58790094707252472e-01
4.41786466911064601e-01 1.30789043239955882e+00 6.64313105283876548e-01
4.41786466911064601e-01 1.28682472642748236e+00 6.69221322438087740e-01
4.41786466911064601e-01 1.26559342737568881e+00 6.73436319454984500e-01
4.41786466911064601e-01 1.24423921134150750e+00 6.76876204165210882e-01
4.41786466911064601e-01 1.22280289319914370e+00 6.79477686628325750e-01
4.41786466911064601e-01 1.20130644904792883e+00 6.81204132513133831e-01
4.41786466911064601e-01 1.17975530715886801e+00 6.82036704109986402e-01
4.41786466911064601e-01 1.15815870855102654e+00 6.81960668353983501e-01
4.41786466911064601e-01 1.13655115983145616e+00 6.80962728551318452e-01
4.41786466911064601e-01 1.11499547672538379e+00 6.79043641321275371e-01
4.41786466911064601e-01 1.09356202811517123e+00 6.76232727169747361e-01
4.41786466911064601e-01 1.07229943613820700e+00 6.72582990262403757e-01
4.41786466911064601e-01 1.05122263446848274e+00 6.68136624585576211e-01
4.41786466911064601e-01 1.03033465584331885e+00 6.62874572752970681e-01
4.41786466911064601e-01 1.00967379256327838e+00 6.56682412276834659e-01
4.41786466911064601e-01 9.89355586293383049e-01 6.49361695977001219e-01
4.41786466911064601e-01 9.69577352899959832e-01 6.40689750864957164e-01
4.41786466911064601e-01 9.50575853978664065e-01 6.30498549998840918e-01
4.41786466911064601e-01 9.32562217534803395e-01 6.18727992814506078e-01
4.41786466911064601e-01 9.15678674595515218e-01 6.05423482763662202e-01
4.41786466911064601e-01 9.00012481575815704e-01 5.90683764087520546e-01
4.41786466911064601e-01 8.85666534758477342e-01 5.74598113727565418e-01
4.41786466911064601e-01 8.72845704677829071e-01 5.57218733985080372e-01
4.41786466911064601e-01 8.61899905188899806e-01 5.38589164906537743e-01
4.41786466911064601e-01 8.53283302739895388e-01 5.18809690094936271e-01
4.41786466911064601e-01 8.47434768643637981e-01 4.98093535616632055e-01
4.41786466911064601e-01 8.44630796792262384e-01 4.76771764397201925e-01
4.41786466911064601e-01 8.44880925219859025e-01 4.55236943743193401e-01
4.41786466911064601e-01 8.47916013139303537e-01 4.33853673482720359e-01
4.41786466911064601e-01 8.53273370044309365e-01 4.12882722832339677e-01
4.41786466911064601e-01 8.60436484131747559e-01 3.92454134067336313e-01
4.41786466911064601e-01 8.68965893720488380e-01 3.72593286600328144e-01
4.41786466911064601e-01 8.78570328068694950e-01 3.53274777506552617e-01
4.41786466911064601e-01 8.89102831266259441e-01 3.34470018685678327e-01
4.41786466911064601e-01 9.00503421455068898e-01 3.16167634670276920e-01
4.41786466911064601e-01 9.12728964562561695e-01 2.98367920134268827e-01
4.41786466911064601e-01 9.25706181447000453e-01 2.81067102473845754e-01
4.41786466911064601e-01 9.39322628334236187e-01 2.64246284058110181e-01
4.41786466911064601e-01 9.53447467354804457e-01 2.47869055930270588e-01
4.41786466911064601e-01 9.67960897277290733e-01 2.31882665780385855e-01
4.41786466911064601e-01 9.82772252779348099e-01 2.16217786002844831e-01
4.41786466911064601e-01 9.97818059713486916e-01 2.00788828345529607e-01
4.41786466911064601e-01 1.01304490150829096e+00 1.85501380746073974e-01
4.41786466911064601e-01 1.02839067081814228e+00 1.70269332788137384e-01
4.41786466911064601e-01 1.04377803422164916e+00 1.55034266668299114e-01
4.41786466911064601e-01 1.05912627038123919e+00 1.39773349463637897e-01
4.41786466911064601e-01 1.07437605378930057e+00 1.24487096146838838e-01
4.41786466911064601e-01 1.08951223589963941e+00 1.09173171335567129e-01
4.41786466911064601e-01 1.10456791766399109e+00 9.38056284094453130e-02
4.41786466911064601e-01 1.11960157112139913e+00 7.83386897740953742e-02
4.41786466911064601e-01 1.13465455137452986e+00 6.27379906318540487e-02
4.41786466911064601e-01 1.14971069707179430e+00 4.70206392896109007e-02
4.41786466911064601e-01 1.16468325522224947e+00 3.12747367441812349e-02
4.41786466911064601e-01 1.17944238893362630e+00 1.56387143941681336e-02
4.41786466911064601e-01 1.19387362915235729e+00 2.45818642585892832e-04
4.41786466911064601e-01 1.20793660161586569e+00 -1.48376438025260224e-02
4.41786466911064601e-01 1.22168808543734397e+00 -2.96465935195572364e-02
4.41786466911064601e-01 1.23524974045256219e+00 -4.43071743294044390e-02
4.41786466911064601e-01 1.24873129897586366e+00 -5.89925970319530660e-02
4.41786466911064601e-01 1.26214729615847765e+00 -7.38732232745569067e-02
4.41786466911064601e-01 1.27537247156172340e+00 -8.90870010688883385e-02
4.41786466911064601e-01 1.28816214191967116e+00 -1.04737120229740910e-01
4.41786466911064601e-01 1.30022917869470445e+00 -1.20903186213199204e-01
4.41786466911064601e-01 1.31133882728768802e+00 -1.37645712211839882e-01
4.41786466911064601e-01 1.32137424903489697e+00 -1.54994810934559440e-01
4.41786466911064601e-01 1.33034371913835647e+00 -1.72932176119648062e-01
4.41786466911064601e-01 1.33833333404455779e+00 -1.91385183173362616e-01
4.41786466911064601e-01 1.34543704652282736e+00 -2.10245004193814172e-01
4.41786466911064601e-01 1.35170329936748312e+00 -2.29402559694486918e-01
4.41786466911064601e-01 1.35712236715212997e+00 -2.48781515861442648e-01
4.41786466911064601e-01 1.36165220578200019e+00 -2.68348273850411212e-01
4.41786466911064601e-01 1.36525981773053307e+00 -2.88094736797159245e-01
4.41786466911064601e-01 1.36795099075927462e+00 -3.08008495771172786e-01
4.41786466911064601e-01 1.36977334501281756e+00 -3.28052655648587099e-01
4.41786466911064601e-01 1.37079599372070571e+00 -3.48168513578431205e-01
4.41786466911064601e-01 1.37108198472143239e+00 -3.68296280622775418e-01
4.41786466911064601e-01 1.37067087990011904e+00 -3.88396177668534015e-01
4.41786466911064601e-01 1.36958035839550218e+00 -4.08454042088640223e-01
4.41786466911064601e-01 1.36782463940235832e+00 -4.28469633867239741e-01
4.41786466911064601e-01 1.36544031111010100e+00 -4.48440186135717400e-01
4.41786466911064601e-01 1.36250904727470501e+00 -4.68354796420640762e-01
4.41786466911064601e-01 1.35916981644466550e+00 -4.88204990967950392e-01
4.41786466911064601e-01 1.35561743481765151e+00 -5.08002094660757297e-01
4.41786466911064601e-01 1.35208797009706094e+00 -5.27785173635083038e-01
4.41786466911064601e-01 1.34883461698751450e+00 -5.47609913516581170e-01
4.41786466911064601e-01 1.34610051780761220e+00 -5.67523415607481652e-01
4.41786466911064601e-01 1.34409672791179768e+00 -5.87540667878786449e-01
4.41786466911064601e-01 1.34299246376636994e+00 -6.07636814070130371e-01
4.41786466911064601e-01 1.34292024951294486e+00 -6.27756879829852177e-01
4.41786466911064601e-01 1.34399227809316679e+00 -6.47831489328759558e-01
4.41786466911064601e-01 1.34631962112005477e+00 -6.67783609053462124e-01
4.41786466911064601e-01 1.35002556626912695e+00 -6.87519593301099352e-01
4.41786466911064601e-01 1.35524817531629482e+00 -7.06910379625367291e-01
4.41786466911064601e-01 1.36213215443414670e+00 -7.25775270112399506e-01
4.41786466911064601e-01 1.37081291430693764e+00 -7.43876886888129918e-01
4.41786466911064601e-01 1.38139530273260358e+00 -7.60926545337705207e-01
4.41786466911064601e-01 1.39392814280772837e+00 -7.76594010942684654e-01
4.41786466911064601e-01 1.40837667607833139e+00 -7.90519656385538561e-01
4.41786466911064601e-01 1.42459924104149427e+00 -8.02336093583025711e-01
4.41786466911064601e-01 1.44233902574731898e+00 -8.11709823175370770e-01
4.41786466911064601e-01 1.46124147460395970e+00 -8.18403996373583631e-01
4.41786466911064601e-01 1.48090004036205736e+00 -8.22344768977712914e-01
4.41786466911064601e-01 1.50092002196667029e+00 -8.23659685190739510e-01
4.41786466911064601e-01 1.52097953502927230e+00 -8.22660699839467990e-01
4.41786466911064601e-01 1.54086562308982788e+00 -8.19768789514658813e-01
4.41786466911064601e-01 1.56047415610456541e+00 -8.15408304081149504e-01
4.41786466911064601e-01 1.57977902106542878e+00 -8.09916877452358075e-01
4.41786466911064601e-01 1.59878941185783940e+00 -8.03507934461478390e-01
4.41786466911064601e-01 1.61751610886580188e+00 -7.96292227545173370e-01
4.41786466911064601e-01 1.63595811276559622e+00 -7.88332152276029485e-01
4.41786466911064601e-01 1.65410686440836230e+00 -7.79688997052302213e-01
4.41786466911064601e-01 1.67195591402396238e+00 -7.70436376208937457e-01
4.41786466911064601e-01 1.68950453186732252e+00 -7.60641736868393870e-01
4.41786466911064601e-01 1.70675221117546849e+00 -7.50340709757457924e-01
4.41786466911064601e-01 1.72368994025515909e+00 -7.39530542203167607e-01
4.41786466911064601e-01 1.74029675551194041e+00 -7.28190058318939903e-01
4.41786466911064601e-01 1.75654519534772136e+00 -7.16310691748642481e-01
4.41786466911064601e-01 1.77241156237030606e+00 -7.03914268101779150e-01
4.41786466911064601e-01 1.78788289371544229e+00 -6.91044517645639234e-01
4.41786466911064601e-01 1.80295533825009402e+00 -6.77740745774663367e-01
4.41786466911064601e-01 1.81762568037588457e+00 -6.64016045410929179e-01
4.41786466911064601e-01 1.83188315526631218e+00 -6.49857896863409668e-01
4.41786466911064601e-01 1.84570815231878593e+00 -6.35250150538040015e-01
4.41786466911064601e-01 1.85907856080841460e+00 -6.20197846285577614e-01
4.41786466911064601e-01 1.87197829528048287e+00 -6.04734324560844416e-01
4.41786466911064601e-01 1.88440100806409250e+00 -5.88904999126331874e-01
4.41786466911064601e-01 1.89634624572749355e+00 -5.72741559541435574e-01
4.41786466911064601e-01 1.90781168939726653e+00 -5.56248274389695041e-01
4.41786466911064601e-01 1.91878834655542985e+00 -5.39412002594216289e-01
4.41786466911064601e-01 1.92926305664614794e+00 -5.22227794407101653e-01
4.41786466911064601e-01 1.93922660829634586e+00 -5.04718853675700685e-01
4.41786466911064601e-01 1.94868117794060969e+00 -4.86934045609547395e-01
4.41786466911064601e-01 1.95764139329216924e+00 -4.68924586408082766e-01
4.41786466911064601e-01 1.96612846372892403e+00 -4.50718893600901782e-01
4.41786466911064601e-01 1.97416215422598218e+00 -4.32316355255275231e-01
4.41786466911064601e-01 1.98175654001793222e+00 -4.13705215239934143e-01
4.41786466911064601e-01 1.98892171758333025e+00 -3.94889505484627978e-01
4.41786466911064601e-01 1.99566838612776309e+00 -3.75901879349380852e-01
4.41786466911064601e-01 2.00201005847939539e+00 -3.56790515174900014e-01
4.41786466911064601e-01 2.00796041545230652e+00 -3.37590142578325259e-01
4.41786466911064601e-01 2.01352840203528638e+00 -3.18301610764401499e-01
4.41786466911064601e-01 2.01871632808761392e+00 -2.98898654268888897e-01
4.41786466911064601e-01 2.02352375509154969e+00 -2.79358306565233638e-01
4.41786466911064601e-01 2.02795420520807612e+00 -2.59690558467407517e-01
4.41786466911064601e-01 2.03201784508267247e+00 -2.39941211972409391e-01
4.41786466911064601e-01 2.03572529469994379e+00 -2.20162446068371487e-01
4.41786466911064601e-01 2.03907476132472665e+00 -2.00372981621677465e-01
4.41786466911064601e-01 2.04204128799589801e+00 -1.80541473525423768e-01
4.41786466911064601e-01 2.04457710967218276e+00 -1.60611369254331754e-01
4.41786466911064601e-01 2.04662467044358110e+00 -1.40552744468824320e-01
4.41786466911064601e-01 2.04813383943844096e+00 -1.20401519714448943e-01
4.41786466911064601e-01 2.04907018730923207e+00 -1.00250318704494717e-01
4.41786466911064601e-01 2.04940642092801273e+00 -8.01884269331583355e-02
4.41786466911064601e-01 2.04910137334992504e+00 -6.02281623601257157e-02
4.41786466911064601e-01 2.04808156184203405e+00 -4.02714678123749156e-02
4.41786466911064601e-01 2.04624094102016274e+00 -2.01487985125680773e-02
4.58148928648511478e-01 2.03008907885674583e+00 2.73217409498793242e-04
4.58148928648511478e-01 2.02618886125371223e+00 2.06428742711415071e-02
4.58148928648511478e-01 2.02127719830119501e+00 4.12149809359616051e-02
4.58148928648511478e-01 2.01538284336975471e+00 6.17495195092014268e-02
4.58148928648511478e-01 2.00857616271026584e+00 8.20065624723986947e-02
4.58148928648511478e-01 2.00093974508922745e+00 1.01843670528900518e-01
4.58148928648511478e-01 1.99254446911254557e+00 1.21249154799563219e-01
4.58148928648511478e-01 1.98344227074028989e+00 1.40299417683799527e-01
4.58148928648511478e-01 1.97367404568723925e+00 1.59076954274009391e-01
4.58148928648511478e-01 1.96328124744655641e+00 1.77605845252116590e-01
4.58148928648511478e-01 1.95230959081147826e+00 1.95842274778820685e-01
4.58148928648511478e-01 1.94080196049157827e+00 2.13715482676032048e-01
4.58148928648511478e-01 1.92878767703127751e+00 2.31180915608683285e-01
4.58148928648511478e-01 1.91627865966506428e+00 2.48244808164706926e-01
4.58148928648511478e-01 1.90327739505692239e+00 2.64946398317498888e-01
4.58148928648511478e-01 1.88979188267833043e+00 2.81317701352490734e-01
4.58148928648511478e-01 1.87584690413096045e+00 2.97355656232430765e-01
4.58148928648511478e-01 1.86148370750827841e+00 3.13028235019346734e-01
4.58148928648511478e-01 1.84674915578995580e+00 3.28307388661138899e-01
4.58148928648511478e-01 1.83168324284370709e+00 3.43200802697338714e-01
4.58148928648511478e-01 1.81631434286732452e+00 3.57756867517059540e-01
4.58148928648511478e-01 1.80066445053173929e+00 3.72039467423458614e-01
4.58148928648511478e-01 1.78475800403623341e+00 3.86092603345318475e-01
4.58148928648511478e-01 1.76862491067530292e+00 3.99921278404715475e-01
4.58148928648511478e-01 1.75229363116320269e+00 4.13500720803357258e-01
4.58148928648511478e-01 1.73577929252953500e+00 4.26803538171757424e-01
4.58148928648511478e-01 1.71907710080582699e+00 4.39821901730248099e-01
4.58148928648511478e-01 1.70216808296110811e+00 4.52568355836782399e-01
4.58148928648511478e-01 1.68503464418981497e+00 4.65057717680495919e-01
4.58148928648511478e-01 1.66767517673950483e+00 4.77287754871156322e-01
4.58148928648511478e-01 1.65010688602668965e+00 4.89235861778265391e-01
4.58148928648511478e-01 1.63235461222850087e+00 5.00874203436810106e-01
4.58148928648511478e-01 1.61443418777027148e+00 5.12189765684168297e-01
4.58148928648511478e-01 1.59634325453677328e+00 5.23191873221662607e-01
4.58148928648511478e-01 1.57806676248397793e+00 5.33900805579322846e-01
4.58148928648511478e-01 1.55959283573974883e+00 5.44327376966658338e-01
4.58148928648511478e-01 1.54092635861601823e+00 5.54460898185804130e-01
4.58148928648511478e-01 1.52208921448491785e+00 5.64275533760105419e-01
4.58148928648511478e-01 1.50310656128961728e+00 5.73749129749021702e-01
4.58148928648511478e-01 1.48398969178150053e+00 5.82877703739897890e-01
4.58148928648511478e-01 1.46472899278945090e+00 5.91672247444151589e-01
4.58148928648511478e-01 1.44530273846927781e+00 6.00139482080910391e-01
4.58148928648511478e-01 1.42569493620587262e+00 6.08262143071323647e-01
4.58148928648511478e-01 1.40590813907282097e+00 6.15995409711448283e-01
4.58148928648511478e-01 1.38596103839414475e+00 6.23283089691371028e-01
4.58148928648511478e-01 1.36587286861479540e+00 6.30080765077332239e-01
4.58148928648511478e-01 1.34564751576946717e+00 6.36367004134689607e-01
4.58148928648511478e-01 1.32527086460171395e+00 6.42133285100182194e-01
4.58148928648511478e-01 1.30472449958721071e+00 6.47360846480041441e-01
4.58148928648511478e-01 1.28400550421922066e+00 6.52003821300069952e-01
4.58148928648511478e-01 1.26313659653797683e+00 6.55993366410496437e-01
4.58148928648511478e-01 1.24215803474395448e+00 6.59260681772388724e-01
4.58148928648511478e-01 1.22110729491258230e+00 6.61761639999035145e-01
4.58148928648511478e-01 1.20000284060630436e+00 6.63484843840378424e-01
4.58148928648511478e-01 1.17884562807281190e+00 6.64439097879139462e-01
4.58148928648511478e-01 1.15763776923485229e+00 6.64633509145391432e-01
4.58148928648511478e-01 1.13640309192600553e+00 6.64068729684111236e-01
4.58148928648511478e-01 1.11519148579647753e+00 6.62746026758689655e-01
4.58148928648511478e-01 1.09406141881333330e+00 6.60681574220567835e-01
4.58148928648511478e-01 1.07305397855904494e+00 6.57903784712704831e-01
4.58148928648511478e-01 1.05218207553566989e+00 6.54422062206428734e-01
4.58148928648511478e-01 1.03145027595203143e+00 6.50180000731207741e-01
4.58148928648511478e-01 1.01089815435308394e+00 6.45025621492163137e-01
4.58148928648511478e-01 9.90639201063514441e-01 6.38728052050969164e-01
4.58148928648511478e-01 9.70865042097395881e-01 6.31042691730215766e-01
4.58148928648511478e-01 9.51805609391545793e-01 6.21793167797713875e-01
4.58148928648511478e-01 9.33667383741056178e-01 6.10923140328158865e-01
4.58148928648511478e-01 9.16591832153878849e-01 5.98487544294543539e-01
4.58148928648511478e-01 9.00668383679253504e-01 5.84591806117806478e-01
4.58148928648511478e-01 8.86002609209160741e-01 5.69322456895601015e-01
4.58148928648511478e-01 8.72801016936366691e-01 5.52718469539859036e-01
4.58148928648511478e-01 8.61415135245548469e-01 5.34804495635180843e-01
4.58148928648511478e-01 8.52303796398985125e-01 5.15663938039913505e-01
4.58148928648511478e-01 8.45916321337323640e-01 4.95501237770116509e-01
4.58148928648511478e-01 8.42545272504131471e-01 4.74648340848467298e-01
4.58148928648511478e-01 8.42218061694039788e-01 4.53505631379315488e-01
4.58148928648511478e-01 8.44679491049250553e-01 4.32448102392283484e-01
4.58148928648511478e-01 8.49472309338331510e-01 4.11746346195614898e-01
4.58148928648511478e-01 8.56075910101255055e-01 3.91538637942387802e-01
4.58148928648511478e-01 8.64039909849268484e-01 3.71856901234866422e-01
4.58148928648511478e-01 8.73059882768581041e-01 3.52679755390424843e-01
4.58148928648511478e-01 8.82977590401656132e-01 3.33978399335240206e-01
4.58148928648511478e-01 8.93725987005029032e-01 3.15736214746471344e-01
4.58148928648511478e-01 9.05259999068028898e-01 2.97945492822653979e-01
4.58148928648511478e-01 9.17510019236869256e-01 2.80597214774535697e-01
4.58148928648511478e-01 9.30373340258986770e-01 2.63676059282668906e-01
4.58148928648511478e-01 9.43734577338295022e-01 2.47160582455695832e-01
4.58148928648511478e-01 9.57492832174279829e-01 2.31021102062094252e-01
4.58148928648511478e-01 9.71575553265845659e-01 2.15211822527466817e-01
4.58148928648511478e-01 9.85932054982585848e-01 1.99663811368625932e-01
4.58148928648511478e-01 1.00051406943618115e+00 1.84289976848014181e-01
4.58148928648511478e-01 1.01525835809703069e+00 1.69005626731096009e-01
4.58148928648511478e-01 1.03008420334466155e+00 1.53753743670412446e-01
4.58148928648511478e-01 1.04490891311207523e+00 1.38515925456712707e-01
4.58148928648511478e-01 1.05967305791325472e+00 1.23297485824607964e-01
4.58148928648511478e-01 1.07436016291377001e+00 1.08094983994353647e-01
4.58148928648511478e-01 1.08899689475831463e+00 9.28712746811212464e-02
4.58148928648511478e-01 1.10362936623948871e+00 7.75619393855615236e-02
4.58148928648511478e-01 1.11828471754825176e+00 6.21156148872258201e-02
4.58148928648511478e-01 1.13293754663722579e+00 4.65436150132652951e-02
4.58148928648511478e-01 1.14750151771652553e+00 3.09421934287986734e-02
4.58148928648511478e-01 1.16185545552373859e+00 1.54650729273439307e-02
4.58148928648511478e-01 1.17589492512975879e+00 2.56370719592904862e-04
4.58148928648511478e-01 1.18958435480488478e+00 -1.46178880784092607e-02
4.58148928648511478e-01 1.20298092193909412e+00 -2.91986625471128067e-02
4.58148928648511478e-01 1.21621345601766406e+00 -4.36077133168050329e-02
4.58148928648511478e-01 1.22942217945821919e+00 -5.79870945713794675e-02
4.58148928648511478e-01 1.24268609671830665e+00 -7.24462195173476431e-02
4.58148928648511478e-01 1.25597227338192141e+00 -8.70495249602224325e-02
4.58148928648511478e-01 1.26913059169799536e+00 -1.01845887294458509e-01
4.58148928648511478e-01 1.28193472705093847e+00 -1.16909825340226634e-01
4.58148928648511478e-01 1.29414790489869058e+00 -1.32356940935339673e-01
4.58148928648511478e-01 1.30558245852907651e+00 -1.48316932519003630e-01
4.58148928648511478e-01 1.31612937028675026e+00 -1.64880622619660633e-01
4.58148928648511478e-01 1.32575211195168330e+00 -1.82057856399664791e-01
4.58148928648511478e-01 1.33445697210536718e+00 -1.99776011032670425e-01
4.58148928648511478e-01 1.34226018928701585e+00 -2.17920179854566326e-01
4.58148928648511478e-01 1.34916819401061150e+00 -2.36387552343105739e-01
4.58148928648511478e-01 1.35517599159024349e+00 -2.55120831322679542e-01
4.58148928648511478e-01 1.36027806054218958e+00 -2.74103136861437113e-01
4.58148928648511478e-01 1.36448160493183734e+00 -2.93325345886302047e-01
4.58148928648511478e-01 1.36781404640368853e+00 -3.12754690429148219e-01
4.58148928648511478e-01 1.37032190316362401e+00 -3.32328511569770280e-01
4.58148928648511478e-01 1.37206284937258527e+00 -3.51975047922968687e-01
4.58148928648511478e-01 1.37309507810799403e+00 -3.71642130098804369e-01
4.58148928648511478e-01 1.37346861521106889e+00 -3.91310555210246380e-01
4.58148928648511478e-01 1.37322291154363740e+00 -4.10983392418145854e-01
4.58148928648511478e-01 1.37239379608306256e+00 -4.30662629387745466e-01
4.58148928648511478e-01 1.37102987080472438e+00 -4.50333969488438679e-01
4.58148928648511478e-01 1.36921374389520989e+00 -4.69972388575895461e-01
4.58148928648511478e-01 1.36707923734702308e+00 -4.89562875056092695e-01
4.58148928648511478e-01 1.36481509843875104e+00 -5.09117836870913276e-01
4.58148928648511478e-01 1.36265058492925206e+00 -5.28675244150871415e-01
4.58148928648511478e-01 1.36082684912090901e+00 -5.48277006737528549e-01
4.58148928648511478e-01 1.35956550948582122e+00 -5.67942462210657806e-01
4.58148928648511478e-01 1.35904737979926793e+00 -5.87654882136608880e-01
4.58148928648511478e-01 1.35940879276755378e+00 -6.07367768783407591e-01
4.58148928648511478e-01 1.36075378964359395e+00 -6.27022018080843346e-01
4.58148928648511478e-01 1.36317347418819423e+00 -6.46557457854223361e-01
4.58148928648511478e-01 1.36676297810004210e+00 -6.65908147978902631e-01
4.58148928648511478e-01 1.37163096470991097e+00 -6.84984200003513455e-01
4.58148928648511478e-01 1.37790178887178172e+00 -7.03652182119133052e-01
4.58148928648511478e-01 1.38571186831101745e+00 -7.21724397682964813e-01
4.58148928648511478e-01 1.39519906573749553e+00 -7.38957829864035909e-01
4.58148928648511478e-01 1.40648100687696131e+00 -7.55056654828657581e-01
4.58148928648511478e-01 1.41962033152235634e+00 -7.69675481943313478e-01
4.58148928648511478e-01 1.43458311518681292e+00 -7.82431137250752751e-01
4.58148928648511478e-01 1.45120639206850988e+00 -7.92937438137897521e-01
4.58148928648511478e-01 1.46919397495340953e+00 -8.00869819048200537e-01
4.58148928648511478e-01 1.48815152032035170e+00 -8.06045997568016315e-01
4.58148928648511478e-01 1.50765443455399506e+00 -8.08488931616311302e-01
4.58148928648511478e-01 1.52732519522894172e+00 -8.08436028161200859e-01
4.58148928648511478e-01 1.54689060289368085e+00 -8.06280328980129912e-01
4.58148928648511478e-01 1.56619891226505725e+00 -8.02464316100386155e-01
4.58148928648511478e-01 1.58519663776936071e+00 -7.97373014279283976e-01
4.58148928648511478e-01 1.60388342510280157e+00 -7.91272416616823238e-01
4.58148928648511478e-01 1.62227009609422068e+00 -7.84311600447544888e-01
4.58148928648511478e-01 1.64035710518710354e+00 -7.76570304277445667e-01
4.58148928648511478e-01 1.65813478554696059e+00 -7.68112103902503951e-01
4.58148928648511478e-01 1.67559381789355966e+00 -7.59009472443606503e-01
4.58148928648511478e-01 1.69273193583434844e+00 -7.49333943878762065e-01
4.58148928648511478e-01 1.70955053067207863e+00 -7.39131411473241906e-01
4.58148928648511478e-01 1.72604526209817921e+00 -7.28410300793690513e-01
4.58148928648511478e-01 1.74219986884410227e+00 -7.17155633561206263e-01
4.58148928648511478e-01 1.75798906081729056e+00 -7.05358540272610579e-01
4.58148928648511478e-01 1.77338837402802230e+00 -6.93037780875004783e-01
4.58148928648511478e-01 1.78838311186942600e+00 -6.80236892535692528e-01
4.58148928648511478e-01 1.80296948116957756e+00 -6.67000815456676444e-01
4.58148928648511478e-01 1.81714753170137477e+00 -6.53352204589359165e-01
4.58148928648511478e-01 1.83091197947402939e+00 -6.39286964917346823e-01
4.58148928648511478e-01 1.84424826766571015e+00 -6.24791991746773356e-01
4.58148928648511478e-01 1.85713658523444214e+00 -6.09869674137447304e-01
4.58148928648511478e-01 1.86956007201033980e+00 -5.94548573721892293e-01
4.58148928648511478e-01 1.88151039292821287e+00 -5.78871726301369849e-01
4.58148928648511478e-01 1.89298650222365783e+00 -5.62872931345485883e-01
4.58148928648511478e-01 1.90398828160359268e+00 -5.46561382441966503e-01
4.58148928648511478e-01 1.91451089227517768e+00 -5.29927817733073847e-01
4.58148928648511478e-01 1.92454483678917665e+00 -5.12967122904601003e-01
4.58148928648511478e-01 1.93408182125524353e+00 -4.95698303912113336e-01
4.58148928648511478e-01 1.94312174330923182e+00 -4.78164756546083758e-01
4.58148928648511478e-01 1.95167538263135398e+00 -4.60414233185785227e-01
4.58148928648511478e-01 1.95976102395326923e+00 -4.42475118342891827e-01
4.58148928648511478e-01 1.96739803887238041e+00 -4.24349027504733411e-01
4.58148928648511478e-01 1.97460237022239737e+00 -4.06026167680761552e-01
4.58148928648511478e-01 1.98138652530224268e+00 -3.87510458985064699e-01
4.58148928648511478e-01 1.98776241801635489e+00 -3.68832520944186504e-01
4.58148928648511478e-01 1.99374309150922713e+00 -3.50038281467179579e-01
4.58148928648511478e-01 1.99934099647089369e+00 -3.31161699757426764e-01
4.58148928648511478e-01 2.00456443435131026e+00 -3.12204638973215487e-01
4.58148928648511478e-01 2.00941616168407888e+00 -2.93142386460842785e-01
4.58148928648511478e-01 2.01389645660904426e+00 -2.73952344190477204e-01
4.58148928648511478e-01 2.01800838862661491e+00 -2.54642860918584457e-01
4.58148928648511478e-01 2.02175975624037152e+00 -2.35256777394908329e-01
4.58148928648511478e-01 2.02515767787132361e+00 -2.15843682818310789e-01
4.58148928648511478e-01 2.02819767737103085e+00 -1.96421592957708502e-01
4.58148928648511478e-01 2.03085473395608096e+00 -1.76960717983789928e-01
4.58148928648511478e-01 2.03308401688419593e+00 -1.57407404180298638e-01
4.58148928648511478e-01 2.03483262179533098e+00 -1.37734366077413767e-01
4.58148928648511478e-01 2.03605483463222692e+00 -1.17978480690767246e-01
4.58148928648511478e-01 2.03671923565631063e+00 -9.82310284248111565e-02
4.58148928648511478e-01 2.03680054269424060e+00 -7.85780163325059122e-02
4.58148928648511478e-01 2.03626015652843284e+00 -5.90276958751706909e-02
4.58148928648511478e-01 2.03502913905852978e+00 -3.94786391229678887e-02
4.58148928648511478e-01 2.03300815082626629e+00 -1.97598318277412248e-02
4.74511390385958298e-01 2.01684012138083402e+00 2.94847155858634095e-04
4.74511390385958298e-01 2.01286253172866703e+00 2.02790970023605036e-02
4.74511390385958298e-01 2.00791953718793303e+00 4.04838157718143826e-02
4.74511390385958298e-01 2.00204605483740883e+00 6.06663423894526904e-02
4.74511390385958298e-01 1.99531759148992149e+00 8.05843251223497675e-02
4.74511390385958298e-01 1.98781729960635811e+00 1.00095214465057494e-01
4.74511390385958298e-01 1.97960929534435115e+00 1.19189288638091875e-01
4.74511390385958298e-01 1.97073138216093113e+00 1.37944576607237690e-01
4.74511390385958298e-01 1.96120617008769038e+00 1.56442022081805243e-01
4.74511390385958298e-01 1.95105782252089921e+00 1.74699864451173331e-01
4.74511390385958298e-01 1.94032028811104529e+00 1.92665731111189092e-01
4.74511390385958298e-01 1.92903185283717193e+00 2.10260880950462026e-01
4.74511390385958298e-01 1.91722258890558850e+00 2.27436138302058388e-01
4.74511390385958298e-01 1.90490670911086468e+00 2.44196906322709517e-01
4.74511390385958298e-01 1.89208729549295218e+00 2.60583394195974316e-01
4.74511390385958298e-01 1.87877057066578779e+00 2.76627748923884753e-01
4.74511390385958298e-01 1.86497922870411137e+00 2.92325157188426943e-01
4.74511390385958298e-01 1.85075521301341817e+00 3.07641474619702759e-01
4.74511390385958298e-01 1.83615060480967363e+00 3.22549111772401198e-01
4.74511390385958298e-01 1.82121407807835367e+00 3.37060695439831248e-01
4.74511390385958298e-01 1.80598274111775492e+00 3.51233017781962753e-01
4.74511390385958298e-01 1.79048366084602750e+00 3.65138090646610125e-01
4.74511390385958298e-01 1.77474092677608608e+00 3.78823644523251291e-01
4.74511390385958298e-01 1.75877988980469002e+00 3.92292334617766691e-01
4.74511390385958298e-01 1.74262358165741249e+00 4.05513008438957878e-01
4.74511390385958298e-01 1.72628418249788051e+00 4.18452364047901704e-01
4.74511390385958298e-01 1.70975784456088409e+00 4.31101126983132965e-01
4.74511390385958298e-01 1.69302929945296299e+00 4.43475744557683571e-01
4.74511390385958298e-01 1.67608476293567255e+00 4.55597644412898239e-01
4.74511390385958298e-01 1.65892423023378099e+00 4.67469731793057841e-01
4.74511390385958298e-01 1.64156374295302743e+00 4.79070251337610664e-01
4.74511390385958298e-01 1.62402550920477595e+00 4.90368230629528556e-01
4.74511390385958298e-01 1.60632328333985996e+00 5.01346392978384459e-01
4.74511390385958298e-01 1.58845445062141666e+00 5.12011819128496248e-01
4.74511390385958298e-01 1.57040525769865091e+00 5.22385744971911592e-01
4.74511390385958298e-01 1.55216526087941675e+00 5.32481761217853844e-01
4.74511390385958298e-01 1.53373951536757391e+00 5.42291150177058201e-01
4.74511390385958298e-01 1.51514849162529064e+00 5.51787451463999656e-01
4.74511390385958298e-01 1.49641528789537648e+00 5.60945564078123682e-01
4.74511390385958298e-01 1.47754992965131948e+00 5.69758146039875291e-01
4.74511390385958298e-01 1.45854318461512644e+00 5.78234392440332590e-01
4.74511390385958298e-01 1.43937503545027079e+00 5.86381458410385026e-01
4.74511390385958298e-01 1.42003134725930091e+00 5.94183958060701789e-01
4.74511390385958298e-01 1.40051559741778942e+00 6.01599182654844800e-01
4.74511390385958298e-01 1.38084632682813102e+00 6.08572855098524657e-01
4.74511390385958298e-01 1.36104243761322707e+00 6.15062984670075918e-01
4.74511390385958298e-01 1.34110850251277003e+00 6.21052237642826022e-01
4.74511390385958298e-01 1.32103262924687992e+00 6.26538482970136035e-01
4.74511390385958298e-01 1.30079948722925431e+00 6.31511418249456113e-01
4.74511390385958298e-01 1.28040859775280236e+00 6.35935297667673760e-01
4.74511390385958298e-01 1.25988307564681756e+00 6.39753424297821449e-01
4.74511390385958298e-01 1.23926108788482248e+00 6.42912455388438331e-01
4.74511390385958298e-01 1.21857613851627944e+00 6.45388108591251508e-01
4.74511390385958298e-01 1.19784184659482174e+00 6.47192327459021000e-01
4.74511390385958298e-01 1.17705400462106691e+00 6.48356907774609525e-01
4.74511390385958298e-01 1.15620899067879090e+00 6.48907643938640200e-01
4.74511390385958298e-01 1.13532372500026568e+00 6.48849977475606687e-01
4.74511390385958298e-01 1.11443993522051610e+00 6.48175490599246507e-01
4.74511390385958298e-01 1.09360765025357831e+00 6.46877814665587358e-01
4.74511390385958298e-01 1.07286092898579888e+00 6.44954783960813516e-01
4.74511390385958298e-01 1.05220838375584003e+00 6.42382846830200749e-01
4.74511390385958298e-01 1.03165295102645449e+00 6.39074643519761731e-01
4.74511390385958298e-01 1.01123369205817681e+00 6.34851698465671244e-01
4.74511390385958298e-01 9.91062674329150295e-01 6.29462391518901265e-01
4.74511390385958298e-01 9.71328172137696622e-01 6.22648247160868085e-01
4.74511390385958298e-01 9.52255667377603698e-01 6.14226876991320947e-01
4.74511390385958298e-01 9.34048257457464448e-01 6.04143547071887665e-01
4.74511390385958298e-01 9.16846986944930276e-01 5.92459814713862665e-01
4.74511390385958298e-01 9.00743902563839960e-01 5.79287942512700105e-01
4.74511390385958298e-01 8.85848238423362799e-01 5.64716444086610814e-01
4.74511390385958298e-01 8.72368525615923263e-01 5.48778766110509242e-01
4.74511390385958298e-01 8.60655441038745472e-01 5.31487883358896740e-01
4.74511390385958298e-01 8.51165641404061479e-01 5.12914023944926578e-01
4.74511390385958298e-01 8.44348663568753932e-01 4.93252217412651683e-01
4.74511390385958298e-01 8.40503173621288457e-01 4.72831740264996359e-01
4.74511390385958298e-01 8.39669203248698981e-01 4.52056532805316935e-01
4.74511390385958298e-01 8.41607376455801415e-01 4.31308435248057731e-01
4.74511390385958298e-01 8.45873594967435749e-01 4.10865121274249623e-01
4.74511390385958298e-01 8.51952420618372508e-01 3.90870679272657617e-01
4.74511390385958298e-01 8.59388819490621625e-01 3.71361564381309406e-01
4.74511390385958298e-01 8.67866481269718437e-01 3.52319769192908916e-01
4.74511390385958298e-01 8.77213514460665200e-01 3.33717892523059667e-01
4.74511390385958298e-01 8.87352900989733073e-01 3.15537440926558999e-01
4.74511390385958298e-01 8.98236330246024561e-01 2.97765516245232453e-01
4.74511390385958298e-01 9.09797803823200746e-01 2.80387248642468612e-01
4.74511390385958298e-01 9.21943417664717435e-01 2.63385609990642533e-01
4.74511390385958298e-01 9.34570012151783813e-01 2.46745890189402406e-01
4.74511390385958298e-01 9.47591198205545937e-01 2.30454298103979022e-01
4.74511390385958298e-01 9.60950217743251955e-01 2.14486138853747260e-01
4.74511390385958298e-01 9.74611677757150741e-01 1.98792224943160484e-01
4.74511390385958298e-01 9.88539397093531003e-01 1.83298648975001865e-01
4.74511390385958298e-01 1.00267652738784041e+00 1.67926575764981184e-01
4.74511390385958298e-01 1.01694241384298012e+00 1.52621020222622694e-01
4.74511390385958298e-01 1.03125005898623123e+00 1.37366192442897384e-01
4.74511390385958298e-01 1.04553484786750661e+00 1.22171927107101147e-01
4.74511390385958298e-01 1.05977694482226448e+00 1.07038104146127147e-01
4.74511390385958298e-01 1.07400152211177735e+00 9.19247174901150210e-02
4.74511390385958298e-01 1.08825254449134423e+00 7.67561117492646383e-02
4.74511390385958298e-01 1.10255144486505174e+00 6.14648997608347666e-02
4.74511390385958298e-01 1.11686291825206863e+00 4.60495002997204084e-02
4.74511390385958298e-01 1.13108915968082102e+00 3.06032949956340228e-02
4.74511390385958298e-01 1.14510025195759901e+00 1.52876380824387720e-02
4.74511390385958298e-01 1.15878868984930183e+00 2.57841743836244633e-04
4.74511390385958298e-01 1.17212123298940796e+00 -1.44147566063534474e-02
4.74511390385958298e-01 1.18516049297640769e+00 -2.87757573596240553e-02
4.74511390385958298e-01 1.19804320479960325e+00 -4.29551033679531277e-02
4.74511390385958298e-01 1.21092421405772277e+00 -5.70918436976400184e-02
4.74511390385958298e-01 1.22391232302456943e+00 -7.12673315488645959e-02
4.74511390385958298e-01 1.23702670275581439e+00 -8.54906484088550356e-02
4.74511390385958298e-01 1.25018988271789189e+00 -9.97425055047680004e-02
4.74511390385958298e-01 1.26325375667679962e+00 -1.14042876619121769e-01
4.74511390385958298e-01 1.27604040941579266e+00 -1.28492089650905250e-01
4.74511390385958298e-01 1.28837745041574991e+00 -1.43255216661085427e-01
4.74511390385958298e-01 1.30011684986915865e+00 -1.58499889348345357e-01
4.74511390385958298e-01 1.31113894675531228e+00 -1.74328958180529625e-01
4.74511390385958298e-01 1.32135056723697919e+00 -1.90750326262667580e-01
4.74511390385958298e-01 1.33068467761900089e+00 -2.07698212725939385e-01
4.74511390385958298e-01 1.33910228943662002e+00 -2.25084921454417053e-01
4.74511390385958298e-01 1.34659226028492451e+00 -2.42845206804782943e-01
4.74511390385958298e-01 1.35316547229145279e+00 -2.60946687964703716e-01
4.74511390385958298e-01 1.35884515452586041e+00 -2.79368241092441461e-01
4.74511390385958298e-01 1.36365938417232946e+00 -2.98071279075376172e-01
4.74511390385958298e-01 1.36764061533448422e+00 -3.16990026246305012e-01
4.74511390385958298e-01 1.37083103735828105e+00 -3.36047973856732907e-01
4.74511390385958298e-01 1.37328690593680935e+00 -3.55185431812571506e-01
4.74511390385958298e-01 1.37507514517113671e+00 -3.74375205982468540e-01
4.74511390385958298e-01 1.37626222552151845e+00 -3.93614821671373682e-01
4.74511390385958298e-01 1.37690352571199970e+00 -4.12903634893504956e-01
4.74511390385958298e-01 1.37704402698168993e+00 -4.32224891800495004e-01
4.74511390385958298e-01 1.37673499811950251e+00 -4.51547331890076675e-01
4.74511390385958298e-01 1.37605994258881226e+00 -4.70843752670166538e-01
4.74511390385958298e-01 1.37515472996102717e+00 -4.90109720314394204e-01
4.74511390385958298e-01 1.37420819796151839e+00 -5.09365804922834897e-01
4.74511390385958298e-01 1.37344040727832550e+00 -5.28640495961895995e-01
4.74511390385958298e-01 1.37306892445908191e+00 -5.47946444676110644e-01
4.74511390385958298e-01 1.37327995302441108e+00 -5.67267208554230740e-01
4.74511390385958298e-01 1.37421670659471440e+00 -5.86562155488556836e-01
4.74511390385958298e-01 1.37598593297179272e+00 -6.05782185856955757e-01
4.74511390385958298e-01 1.37867361189849147e+00 -6.24881000291851341e-01
4.74511390385958298e-01 1.38235926551793553e+00 -6.43811670235625910e-01
4.74511390385958298e-01 1.38712464735369179e+00 -6.62510879054361124e-01
4.74511390385958298e-01 1.39305995136660754e+00 -6.80881917068899889e-01
4.74511390385958298e-01 1.40027172018114743e+00 -6.98785092974216648e-01
4.74511390385958298e-01 1.40888991218991233e+00 -7.16034132450517391e-01
4.74511390385958298e-01 1.41906333302323184e+00 -7.32390410051547702e-01
4.74511390385958298e-01 1.43093190240909318e+00 -7.47551882002415624e-01
4.74511390385958298e-01 1.44457516400829222e+00 -7.61147578053950169e-01
4.74511390385958298e-01 1.45995379797630576e+00 -7.72758542344251453e-01
4.74511390385958298e-01 1.47687270605156029e+00 -7.81979590913711275e-01
4.74511390385958298e-01 1.49499027225584191e+00 -7.88512612846275163e-01
4.74511390385958298e-01 1.51387820993973388e+00 -7.92255757306280173e-01
4.74511390385958298e-01 1.53311082317604663e+00 -7.93343689709303357e-01
4.74511390385958298e-01 1.55234701757771720e+00 -7.92112554071252695e-01
4.74511390385958298e-01 1.57137277243490514e+00 -7.89000834797136341e-01
4.74511390385958298e-01 1.59009337426025055e+00 -7.84430966644252381e-01
4.74511390385958298e-01 1.60849013411515607e+00 -7.78724466340667165e-01
4.74511390385958298e-01 1.62657045880947115e+00 -7.72080499454273483e-01
4.74511390385958298e-01 1.64433607410986005e+00 -7.64609706538307621e-01
4.74511390385958298e-01 1.66177705046613666e+00 -7.56386946792080184e-01
4.74511390385958298e-01 1.67888181481337662e+00 -7.47485337388146487e-01
4.74511390385958298e-01 1.69564664550328992e+00 -7.37976916812811412e-01
4.74511390385958298e-01 1.71207442393122156e+00 -7.27913348297034579e-01
4.74511390385958298e-01 1.72816459806176570e+00 -7.17312706308335768e-01
4.74511390385958298e-01 1.74390431964297821e+00 -7.06168551841019787e-01
4.74511390385958298e-01 1.75926911909364403e+00 -6.94475770584847885e-01
4.74511390385958298e-01 1.77423290407735146e+00 -6.82252626141511498e-01
4.74511390385958298e-01 1.78877922788849952e+00 -6.69541791838444533e-01
4.74511390385958298e-01 1.80290498840023328e+00 -6.56390812131190327e-01
4.74511390385958298e-01 1.81661411941103346e+00 -6.42829146217366421e-01
4.74511390385958298e-01 1.82990681536873168e+00 -6.28860909021915937e-01
4.74511390385958298e-01 1.84277293115310203e+00 -6.14478590413562342e-01
4.74511390385958298e-01 1.85519429360846644e+00 -5.99685385376441671e-01
4.74511390385958298e-01 1.86715333187833066e+00 -5.84507042981989300e-01
4.74511390385958298e-01 1.87864072874360977e+00 -5.68983606743827086e-01
4.74511390385958298e-01 1.88965625115184310e+00 -5.53148747338746749e-01
4.74511390385958298e-01 1.90020290856636809e+00 -5.37014853383477875e-01
4.74511390385958298e-01 1.91027997485595891e+00 -5.20576900559013733e-01
4.74511390385958298e-01 1.91988090667933720e+00 -5.03831858599556592e-01
4.74511390385958298e-01 1.92899776268384904e+00 -4.86796903007556847e-01
4.74511390385958298e-01 1.93762833126387357e+00 -4.69510529319399461e-01
4.74511390385958298e-01 1.94578026916156888e+00 -4.52015254973851088e-01
4.74511390385958298e-01 1.95346940855129758e+00 -4.34336599384438860e-01
4.74511390385958298e-01 1.96071424934457195e+00 -4.16476662933863984e-01
4.74511390385958298e-01 1.96753129755304590e+00 -3.98428375180234218e-01
4.74511390385958298e-01 1.97393431733413682e+00 -3.80198423316927325e-01
4.74511390385958298e-01 1.97993651729706777e+00 -3.61818482936451691e-01
4.74511390385958298e-01 1.98555203539877301e+00 -3.43333472493612235e-01
4.74511390385958298e-01 1.99079422614469514e+00 -3.24775224963285591e-01
4.74511390385958298e-01 1.99567199008598140e+00 -3.06143731793130647e-01
4.74511390385958298e-01 2.00018800640773797e+00 -2.87413510929707239e-01
4.74511390385958298e-01 2.00434142398520798e+00 -2.68562205531799103e-01
4.74511390385958298e-01 2.00813315756956312e+00 -2.49598628605650935e-01
4.74511390385958298e-01 2.01156841942081899e+00 -2.30565441825402090e-01
4.74511390385958298e-01 2.01465221833924879e+00 -2.11511044915584950e-01
4.74511390385958298e-01 2.01737918844084430e+00 -1.92451643101903797e-01
4.74511390385958298e-01 2.01972490016097206e+00 -1.73356014942187220e-01
4.74511390385958298e-01 2.02164644863925957e+00 -1.54170580164111115e-01
4.74511390385958298e-01 2.02309397280039960e+00 -1.34870227089720907e-01
4.74511390385958298e-01 2.02402586450924193e+00 -1.15495617389679894e-01
4.74511390385958298e-01 2.02441586118362782e+00 -9.61417470563468018e-02
4.74511390385958298e-01 2.02424456998972291e+00 -7.68959786158057157e-02
4.74511390385958298e-01 2.02347921149521159e+00 -5.77638010821171569e-02
4.74511390385958298e-01 2.02205563355939422e+00 -3.86368238009589457e-02
4.74511390385958298e-01 2.01987781727217941e+00 -1.93348417783017826e-02
4.90873852123405119e-01 2.00374337640910127e+00 3.42361915997092749e-04
4.90873852123405119e-01 1.99971149388157765e+00 1.99258016916575610e-02
4.90873852123405119e-01 1.99475999121423064e+00 3.97705459961150698e-02
4.90873852123405119e-01 1.98892617464134336e+00 5.96312688106572231e-02
4.90873852123405119e-01 1.98228757517758702e+00 7.92541086763742103e-02
4.90873852123405119e-01 1.97492620439677102e+00 9.84832721150760287e-02
4.90873852123405119e-01 1.96689928112398027e+00 1.17300646787604365e-01
4.90873852123405119e-01 1.95823164295008034e+00 1.35782977194334992e-01
4.90873852123405119e-01 1.94892965195079837e+00 1.54014201942077628e-01
4.90873852123405119e-01 1.93900262460684680e+00 1.72014524211531378e-01
4.90873852123405119e-01 1.92847506733469864e+00 1.89728651304740037e-01
4.90873852123405119e-01 1.91738229251542425e+00 2.07070150636322975e-01
4.90873852123405119e-01 1.90575560566305180e+00 2.23980955695845391e-01
4.90873852123405119e-01 1.89361085098806980e+00 2.40460555062260772e-01
4.90873852123405119e-01 1.88095050055919000e+00 2.56548073515376729e-01
4.90873852123405119e-01 1.86777821381362985e+00 2.72278068076904745e-01
4.90873852123405119e-01 1.85411496817775667e+00 2.87648707548813609e-01
4.90873852123405119e-01 1.84000489084731589e+00 3.02627475211001751e-01
4.90873852123405119e-01 1.82550699636591696e+00 3.17187551288369340e-01
4.90873852123405119e-01 1.81067939070018236e+00 3.31343586137871016e-01
4.90873852123405119e-01 1.79556706329616511e+00 3.45157115734794184e-01
4.90873852123405119e-01 1.78020013266916211e+00 3.58706682910574781e-01
4.90873852123405119e-01 1.76460044341027333e+00 3.72045291808357825e-01
4.90873852123405119e-01 1.74878828834537026e+00 3.85176652842161016e-01
4.90873852123405119e-01 1.73278249190574196e+00 3.98065962909060211e-01
4.90873852123405119e-01 1.71659434536731603e+00 4.10674201065173550e-01
4.90873852123405119e-01 1.70022234732506217e+00 4.22988361949491298e-01
4.90873852123405119e-01 1.68365464877371163e+00 4.35025778315242750e-01
4.90873852123405119e-01 1.66687949611650676e+00 4.46812720074559189e-01
4.90873852123405119e-01 1.64989648433585012e+00 4.58357478334928903e-01
4.90873852123405119e-01 1.63271967999059853e+00 4.69640585728094750e-01
4.90873852123405119e-01 1.61536955797368975e+00 4.80629007085359383e-01
4.90873852123405119e-01 1.59785965903705174e+00 4.91300954714726845e-01
4.90873852123405119e-01 1.58018851685160810e+00 5.01660015245926183e-01
4.90873852123405119e-01 1.56234359678554591e+00 5.11727302466525646e-01
4.90873852123405119e-01 1.54431446147645257e+00 5.21519202928850345e-01
4.90873852123405119e-01 1.52610471914549595e+00 5.31029968651500317e-01
4.90873852123405119e-01 1.50773288243256953e+00 5.40233499736688438e-01
4.90873852123405119e-01 1.48922092099737680e+00 5.49101818593102586e-01
4.90873852123405119e-01 1.47057925989965321e+00 5.57623458012568851e-01
4.90873852123405119e-01 1.45180017767369396e+00 5.65805289497453456e-01
4.90873852123405119e-01 1.43286516189738955e+00 5.73655764429488735e-01
4.90873852123405119e-01 1.41376068664014309e+00 5.81163757126288316e-01
4.90873852123405119e-01 1.39448997055427637e+00 5.88291368243614721e-01
4.90873852123405119e-01 1.37507130790766174e+00 5.94987538006272132e-01
4.90873852123405119e-01 1.35552436050619440e+00 6.01211764534599347e-01
4.90873852123405119e-01 1.33585576268927508e+00 6.06948477527776142e-01
4.90873852123405119e-01 1.31605631364847753e+00 6.12200275181738807e-01
4.90873852123405119e-01 1.29611281461998096e+00 6.16966115229612311e-01
4.90873852123405119e-01 1.27602544552827002e+00 6.21223690007674190e-01
4.90873852123405119e-01 1.25581639486743746e+00 6.24932306245147284e-01
4.90873852123405119e-01 1.23552189511426391e+00 6.28055617085601314e-01
4.90873852123405119e-01 1.21517315684786475e+00 6.30586451362535216e-01
4.90873852123405119e-01 1.19478126375772531e+00 6.32553205910435068e-01
4.90873852123405119e-01 1.17433870890011405e+00 6.34001584339552227e-01
4.90873852123405119e-01 1.15383712207928846e+00 6.34965239999783937e-01
4.90873852123405119e-01 1.13328706776292165e+00 6.35447406805072168e-01
4.90873852123405119e-01 1.11272303228434977e+00 6.35425136772354904e-01
4.90873852123405119e-01 1.09218823039440704e+00 6.34866618449369535e-01
4.90873852123405119e-01 1.07171146605244627e+00 6.33738427013594396e-01
4.90873852123405119e-01 1.05129788746601682e+00 6.31986586686569818e-01
4.90873852123405119e-01 1.03094795292735331e+00 6.29499346510442370e-01
4.90873852123405119e-01 1.01069798948668432e+00 6.26081659523089251e-01
4.90873852123405119e-01 9.90656365610258050e-01 6.21471789264674168e-01
4.90873852123405119e-01 9.71007191753496368e-01 6.15405116254564510e-01
4.90873852123405119e-01 9.51972875375639571e-01 6.07695612269407381e-01
4.90873852123405119e-01 9.33756132295147201e-01 5.98287587531315834e-01
4.90873852123405119e-01 9.16500689515281297e-01 5.87244988781865263e-01
4.90873852123405119e-01 9.00302786209566941e-01 5.74685167639634953e-01
4.90873852123405119e-01 8.85274393073247845e-01 5.60701737772283160e-01
4.90873852123405119e-01 8.71622578594635877e-01 5.45329649812659745e-01
4.90873852123405119e-01 8.59691737686423485e-01 5.28577523703815166e-01
4.90873852123405119e-01 8.49929897976560600e-01 5.10506160576415069e-01
4.90873852123405119e-01 8.42780407098048912e-01 4.91299727543083820e-01
4.90873852123405119e-01 8.38542919954227362e-01 4.71279639312523091e-01
4.90873852123405119e-01 8.37267568349061686e-01 4.50847714443811387e-01
4.90873852123405119e-01 8.38731782110143209e-01 4.30389188513044418e-01
4.90873852123405119e-01 8.42508984575251474e-01 4.10188121138946926e-01
4.90873852123405119e-01 8.48095223171566159e-01 3.90395002579017825e-01
4.90873852123405119e-01 8.55036796025174017e-01 3.71050864679760672e-01
4.90873852123405119e-01 8.63009130663908608e-01 3.52140044136390495e-01
4.90873852123405119e-01 8.71827230370414874e-01 3.33635488275636216e-01
4.90873852123405119e-01 8.81402403778386745e-01 3.15517142181361565e-01
4.90873852123405119e-01 8.91680711791961400e-01 2.97768688355097511e-01
4.90873852123405119e-01 9.02597725797910089e-01 2.80370917998766955e-01
4.90873852123405119e-01 9.14066492773779271e-01 2.63304023659008235e-01
4.90873852123405119e-01 9.25993501872684477e-01 2.46555446608164891e-01
4.90873852123405119e-01 9.38303180025773731e-01 2.30120822833554228e-01
4.90873852123405119e-01 9.50950846740288847e-01 2.13991576699221503e-01
4.90873852123405119e-01 9.63914937050281972e-01 1.98137524736367726e-01
4.90873852123405119e-01 9.77174028496710201e-01 1.82501488147980478e-01
4.90873852123405119e-01 9.90684274567954382e-01 1.67015504341762516e-01
4.90873852123405119e-01 1.00437297918807356e+00 1.51629527148912618e-01
4.90873852123405119e-01 1.01815440736179785e+00 1.36329643980486886e-01
4.90873852123405119e-01 1.03195988845120712e+00 1.21127662013049212e-01
4.90873852123405119e-01 1.04576388158999922e+00 1.06026240048728751e-01
4.90873852123405119e-01 1.05958760643304384e+00 9.09866335153199091e-02
4.90873852123405119e-01 1.07347343883586710e+00 7.59297185386194201e-02
4.90873852123405119e-01 1.08744093442594902e+00 6.07790637329621991e-02
4.90873852123405119e-01 1.10144885412491900e+00 4.55216484881763861e-02
4.90873852123405119e-01 1.11538779856498493e+00 3.02426226966585020e-02
4.90873852123405119e-01 1.12911304405267554e+00 1.51023284635248781e-02
4.90873852123405119e-01 1.14250443551643199e+00 2.61267955421591266e-04
4.90873852123405119e-01 1.15552306975271213e+00 -1.42037642346962926e-02
4.90873852123405119e-01 1.16823405740090647e+00 -2.83392388414118769e-02
4.90873852123405119e-01 1.18078219767427273e+00 -4.22837320629843028e-02
4.90873852123405119e-01 1.19333290945451864e+00 -5.61858109500244021e-02
4.90873852123405119e-01 1.20600882094817075e+00 -7.01244817820778354e-02
4.90873852123405119e-01 1.21885215375823552e+00 -8.40833805940168072e-02
4.90873852123405119e-01 1.23182535112743619e+00 -9.79931018154816674e-02
4.90873852123405119e-01 1.24483937153662327e+00 -1.11810615638965521e-01
4.90873852123405119e-01 1.25778569837673526e+00 -1.25581891662582379e-01
4.90873852123405119e-01 1.27055210621975556e+00 -1.39448114551154800e-01
4.90873852123405119e-01 1.28301898809949111e+00 -1.53595340431321226e-01
4.90873852123405119e-01 1.29504947684842797e+00 -1.68183475753514583e-01
4.90873852123405119e-01 1.30649077324535123e+00 -1.83298924828983939e-01
4.90873852123405119e-01 1.31719384624565405e+00 -1.98953274292479110e-01
4.90873852123405119e-01 1.32704269829364052e+00 -2.15116707980145955e-01
4.90873852123405119e-01 1.33597534116307237e+00 -2.31754497537252635e-01
4.90873852123405119e-01 1.34398342818469274e+00 -2.48840478667440912e-01
4.90873852123405119e-01 1.35109224148022267e+00 -2.66345063193027864e-01
4.90873852123405119e-01 1.35733597465830291e+00 -2.84216704887394200e-01
4.90873852123405119e-01 1.36274492400374259e+00 -3.02378613262987650e-01
4.90873852123405119e-01 1.36735038530446662e+00 -3.20746841555866247e-01
4.90873852123405119e-01 1.37119852865655645e+00 -3.39256306061688273e-01
4.90873852123405119e-01 1.37435779800291202e+00 -3.57874316423126337e-01
4.90873852123405119e-01 1.37691066226122572e+00 -3.76591803474081832e-01
4.90873852123405119e-01 1.37893468231628558e+00 -3.95400865420833914e-01
4.90873852123405119e-01 1.38048841498151997e+00 -4.14277838322146208e-01
4.90873852123405119e-01 1.38161592001270517e+00 -4.33185382071171854e-01
4.90873852123405119e-01 1.38237044397717845e+00 -4.52090437779288590e-01
4.90873852123405119e-01 1.38284311754806866e+00 -4.70981556235580079e-01
4.90873852123405119e-01 1.38317750531339989e+00 -4.89869981436026225e-01
4.90873852123405119e-01 1.38355954400460845e+00 -5.08772765782195435e-01
4.90873852123405119e-01 1.38418839263482996e+00 -5.27691089604988117e-01
4.90873852123405119e-01 1.38524523836511704e+00 -5.46600399005521154e-01
4.90873852123405119e-01 1.38687613310318492e+00 -5.65458471111379812e-01
4.90873852123405119e-01 1.38919323850244902e+00 -5.84222364817533091e-01
4.90873852123405119e-01 1.39228626000199096e+00 -6.02858360415177041e-01
4.90873852123405119e-01 1.39623219365959939e+00 -6.21335899824213445e-01
4.90873852123405119e-01 1.40109869472199833e+00 -6.39610588137929925e-01
4.90873852123405119e-01 1.40694692532135401e+00 -6.57609660353478342e-01
4.90873852123405119e-01 1.41384310149098424e+00 -6.75228294837937559e-01
4.90873852123405119e-01 1.42187959905100869e+00 -6.92331456268265755e-01
4.90873852123405119e-01 1.43119235248552523e+00 -7.08747076486515026e-01
4.90873852123405119e-01 1.44195380915695948e+00 -7.24242910440406007e-01
4.90873852123405119e-01 1.45432896369923581e+00 -7.38498762681751075e-01
4.90873852123405119e-01 1.46840368948536359e+00 -7.51102559132939884e-01
4.90873852123405119e-01 1.48411625358644361e+00 -7.61596280818491178e-01
4.90873852123405119e-01 1.50122889076364219e+00 -7.69572323429794980e-01
4.90873852123405119e-01 1.51936014117229035e+00 -7.74786739578378958e-01
4.90873852123405119e-01 1.53806845532638592e+00 -7.77236660904471743e-01
4.90873852123405119e-01 1.55695129661104925e+00 -7.77160814530974742e-01
4.90873852123405119e-01 1.57571756213280878e+00 -7.74959967070870892e-01
4.90873852123405119e-01 1.59420790867849660e+00 -7.71075408379288563e-01
4.90873852123405119e-01 1.61236627921440157e+00 -7.65882290218265260e-01
4.90873852123405119e-01 1.63018873122478758e+00 -7.59639830522184423e-01
4.90873852123405119e-01 1.64768008192808435e+00 -7.52503496498537872e-01
4.90873852123405119e-01 1.66483535189714926e+00 -7.44570429244693965e-01
4.90873852123405119e-01 1.68164315925400532e+00 -7.35919421305190502e-01
4.90873852123405119e-01 1.69809584374691802e+00 -7.26623241194870872e-01
4.90873852123405119e-01 1.71419253568672758e+00 -7.16738192049994671e-01
4.90873852123405119e-01 1.72993236794625638e+00 -7.06292489503500986e-01
4.90873852123405119e-01 1.74530535229213601e+00 -6.95290967086268585e-01
4.90873852123405119e-01 1.76029025236987358e+00 -6.83735483974717173e-01
4.90873852123405119e-01 1.77486205725442647e+00 -6.71644986101101460e-01
4.90873852123405119e-01 1.78900310147229535e+00 -6.59059124723698209e-01
4.90873852123405119e-01 1.80270885038561213e+00 -6.46023505308470192e-01
4.90873852123405119e-01 1.81598398531173055e+00 -6.32570085657624404e-01
4.90873852123405119e-01 1.82883237575783131e+00 -6.18709697517071389e-01
4.90873852123405119e-01 1.84124912474032776e+00 -6.04442596519210285e-01
4.90873852123405119e-01 1.85322062624198280e+00 -5.89777217470355386e-01
4.90873852123405119e-01 1.86473176790232609e+00 -5.74740467668809374e-01
4.90873852123405119e-01 1.87577384857440244e+00 -5.59370606166934792e-01
4.90873852123405119e-01 1.88634684132326336e+00 -5.43699176442551058e-01
4.90873852123405119e-01 1.89645483397278203e+00 -5.27738187435594530e-01
4.90873852123405119e-01 1.90609920203712413e+00 -5.11484313521060052e-01
4.90873852123405119e-01 1.91527560297413446e+00 -4.94937032000110355e-01
4.90873852123405119e-01 1.92397728219024367e+00 -4.78115130707783165e-01
4.90873852123405119e-01 1.93220179317008833e+00 -4.61056869304869721e-01
4.90873852123405119e-01 1.93995563897344336e+00 -4.43802918240267408e-01
4.90873852123405119e-01 1.94725347025224127e+00 -4.26376374983952866e-01
4.90873852123405119e-01 1.95411315773845806e+00 -4.08777426944193167e-01
4.90873852123405119e-01 1.96055112069618342e+00 -3.90998162869884924e-01
4.90873852123405119e-01 1.96658125224923785e+00 -3.73045397521768352e-01
4.90873852123405119e-01 1.97221691317974490e+00 -3.54951319830399070e-01
4.90873852123405119e-01 1.97747251045950212e+00 -3.36761015871242186e-01
4.90873852123405119e-01 1.98236189650984174e+00 -3.18505614026806771e-01
4.90873852123405119e-01 1.98689447109348549e+00 -3.00183519150768519e-01
4.90873852123405119e-01 1.99107283831056892e+00 -2.81767423552082896e-01
4.90873852123405119e-01 1.99489502080990921e+00 -2.63233969976268356e-01
4.90873852123405119e-01 1.99835991620902487e+00 -2.44592639745106227e-01
4.90873852123405119e-01 2.00147073587445368e+00 -2.25888313952958247e-01
4.90873852123405119e-01 2.00423164833155409e+00 -2.07171832414754786e-01
4.90873852123405119e-01 2.00663821664392028e+00 -1.88460184171212491e-01
4.90873852123405119e-01 2.00866838141142656e+00 -1.69720226997045281e-01
4.90873852123405119e-01 2.01028212532983730e+00 -1.50894706511815802e-01
4.90873852123405119e-01 2.01143230553791907e+00 -1.31955942031341172e-01
4.90873852123405119e-01 2.01208003804403557e+00 -1.12946200398174518e-01
4.90873852123405119e-01 2.01220267390542462e+00 -9.39671090338107667e-02
4.90873852123405119e-01 2.01178605532142996e+00 -7.51148596208752461e-02
4.90873852123405119e-01 2.01080398121089932e+00 -5.64003246997578436e-02
4.90873852123405119e-01 2.00919885576461255e+00 -3.77116934120569000e-02
4.90873852123405119e-01 2.00687961794251635e+00 -1.88550374654741087e-02
5.07236313860851995e-01 1.99084302865654794e+00 3.75651490256324156e-04
5.07236313860851995e-01 1.98676655445844652e+00 1.95806369624425235e-02
5.07236313860851995e-01 1.98181831368375794e+00 3.90862213569311209e-02
5.07236313860851995e-01 1.97603456881860984e+00 5.86471177078565289e-02
5.07236313860851995e-01 1.96949009519104834e+00 7.79998907632585281e-02
5.07236313860851995e-01 1.96226233472570999e+00 9.69751220248318280e-02
5.07236313860851995e-01 1.95440151023689457e+00 1.15543705440837627e-01
5.07236313860851995e-01 1.94592269076385005e+00 1.33777967164448092e-01
5.07236313860851995e-01 1.93682054990656050e+00 1.51763289268978280e-01
5.07236313860851995e-01 1.92709302654554571e+00 1.69522931343379923e-01
5.07236313860851995e-01 1.91675620176483119e+00 1.87001701134335507e-01
5.07236313860851995e-01 1.90584140537233959e+00 2.04108459653967317e-01
5.07236313860851995e-01 1.89437974706025170e+00 2.20777381800127320e-01
5.07236313860851995e-01 1.88238829787533879e+00 2.37000898717406427e-01
5.07236313860851995e-01 1.86986980234627387e+00 2.52814823417862489e-01
5.07236313860851995e-01 1.85682660810513744e+00 2.68254673682677913e-01
5.07236313860851995e-01 1.84327839024831541e+00 2.83322075440065713e-01
5.07236313860851995e-01 1.82927054243378850e+00 2.97988150514381711e-01
5.07236313860851995e-01 1.81486731248926025e+00 3.12228804346825650e-01
5.07236313860851995e-01 1.80013483976356836e+00 3.26061028151324150e-01
5.07236313860851995e-01 1.78512566310430731e+00 3.39549393184950921e-01
5.07236313860851995e-01 1.76987363662788399e+00 3.52776344007433740e-01
5.07236313860851995e-01 1.75439938352747382e+00 3.65798413254496524e-01
5.07236313860851995e-01 1.73871882349952589e+00 3.78620717984119282e-01
5.07236313860851995e-01 1.72284672708945408e+00 3.91207015771361188e-01
5.07236313860851995e-01 1.70679338835275174e+00 4.03515126488530773e-01
5.07236313860851995e-01 1.69055959678803425e+00 4.15529489159319587e-01
5.07236313860851995e-01 1.67413691617135685e+00 4.27267326237272649e-01
5.07236313860851995e-01 1.65751538676365073e+00 4.38757221299986455e-01
5.07236313860851995e-01 1.64069356826431600e+00 4.50010356317835925e-01
5.07236313860851995e-01 1.62368278102789065e+00 4.61008514421462623e-01
5.07236313860851995e-01 1.60650144346717516e+00 4.71717410599444664e-01
5.07236313860851995e-01 1.58916341769741098e+00 4.82112631808829961e-01
5.07236313860851995e-01 1.57166956484592180e+00 4.92195901072630893e-01
5.07236313860851995e-01 1.55400959463164501e+00 5.01988597994375674e-01
5.07236313860851995e-01 1.53617314512423841e+00 5.11508964170612868e-01
5.07236313860851995e-01 1.51816135539956432e+00 5.20752699676884090e-01
5.07236313860851995e-01 1.49998939245053942e+00 5.29692997610289873e-01
5.07236313860851995e-01 1.48167742161733185e+00 5.38299101368123423e-01
5.07236313860851995e-01 1.46323688871256063e+00 5.46556751159429033e-01
5.07236313860851995e-01 1.44466308977980851e+00 5.54472561190217261e-01
5.07236313860851995e-01 1.42594028026853215e+00 5.62058312445694819e-01
5.07236313860851995e-01 1.40705558981425449e+00 5.69308441308124968e-01
5.07236313860851995e-01 1.38801077303714204e+00 5.76190041191220748e-01
5.07236313860851995e-01 1.36882236362399645e+00 5.82654398016620112e-01
5.07236313860851995e-01 1.34951012649940516e+00 5.88661111938490911e-01
5.07236313860851995e-01 1.33008339410343424e+00 5.94195340126411065e-01
5.07236313860851995e-01 1.31053692901559860e+00 5.99264538035534700e-01
5.07236313860851995e-01 1.29086037160230527e+00 6.03878455987526097e-01
5.07236313860851995e-01 1.27105399630569349e+00 6.08030446368389987e-01
5.07236313860851995e-01 1.25113768112999169e+00 6.11697141433698466e-01
5.07236313860851995e-01 1.23114484045155481e+00 6.14857809508076891e-01
5.07236313860851995e-01 1.21110514566041605e+00 6.17517267615408705e-01
5.07236313860851995e-01 1.19102951826255898e+00 6.19711959956278813e-01
5.07236313860851995e-01 1.17090989799895318e+00 6.21491766652723432e-01
5.07236313860851995e-01 1.15073475811231041e+00 6.22889785466296808e-01
5.07236313860851995e-01 1.13050816816868105e+00 6.23902091753895771e-01
5.07236313860851995e-01 1.11025638432095675e+00 6.24490519379168663e-01
5.07236313860851995e-01 1.09001561841069661e+00 6.24600787854278861e-01
5.07236313860851995e-01 1.06981106098845102e+00 6.24173513737589558e-01
5.07236313860851995e-01 1.04964730163798081e+00 6.23130688511113973e-01
5.07236313860851995e-01 1.02952461336917001e+00 6.21342914520384815e-01
5.07236313860851995e-01 1.00947650599810945e+00 6.18605210237874070e-01
5.07236313860851995e-01 9.89605035743890693e-01 6.14651584984827748e-01
5.07236313860851995e-01 9.70086819218015872e-01 6.09215331867166365e-01
5.07236313860851995e-01 9.51139750063748401e-01 6.02108109504776001e-01
5.07236313860851995e-01 9.32968088595545475e-01 5.93271862937165495e-01
5.07236313860851995e-01 9.15722611261039932e-01 5.82770153406872882e-01
5.07236313860851995e-01 8.99507615721536702e-01 5.70723580373854733e-01
5.07236313860851995e-01 8.84438049455602338e-01 5.57231915966160285e-01
5.07236313860851995e-01 8.70714852072760226e-01 5.42335897929227873e-01
5.07236313860851995e-01 8.58667948516570800e-01 5.26045572312947907e-01
5.07236313860851995e-01 8.48728176102527598e-01 5.08416706905280957e-01
5.07236313860851995e-01 8.41326756931207509e-01 4.89623282594618681e-01
5.07236313860851995e-01 8.36762306370633646e-01 4.69975465497460165e-01
5.07236313860851995e-01 8.35096270278853359e-01 4.49867326131294210e-01
5.07236313860851995e-01 8.36125744415292638e-01 4.29682434377500477e-01
5.07236313860851995e-01 8.39444952252162424e-01 4.09708783117694098e-01
5.07236313860851995e-01 8.44564819217777485e-01 3.90103591390272342e-01
5.07236313860851995e-01 8.51036641321678555e-01 3.70914103172414078e-01
5.07236313860851995e-01 8.58531291933940399e-01 3.52128127344388420e-01
5.07236313860851995e-01 8.66853446170041342e-01 3.33718758988680642e-01
5.07236313860851995e-01 8.75903398745492612e-01 3.15663409635378756e-01
5.07236313860851995e-01 8.85619667165398528e-01 2.97941751497294460e-01
5.07236313860851995e-01 8.95935665477162746e-01 2.80530535505665646e-01
5.07236313860851995e-01 9.06767380046793137e-01 2.63407601658039559e-01
5.07236313860851995e-01 9.18027903068243889e-01 2.46561618593907045e-01
5.07236313860851995e-01 9.29650635631370403e-01 2.29994503848376969e-01
5.07236313860851995e-01 9.41601780574860547e-01 2.13709185817578223e-01
5.07236313860851995e-01 9.53872662398791094e-01 1.97690569805521965e-01
5.07236313860851995e-01 9.66456477089174482e-01 1.81897172430945858e-01
5.07236313860851995e-01 9.79324265275754113e-01 1.66274342184747237e-01
5.07236313860851995e-01 9.92415906269806136e-01 1.50781326393843618e-01
5.07236313860851995e-01 1.00565331611475517e+00 1.35409685436459482e-01
5.07236313860851995e-01 1.01896938085893063e+00 1.20174174459465710e-01
5.07236313860851995e-01 1.03233509962505665e+00 1.05078948899326036e-01
5.07236313860851995e-01 1.04576595746447798e+00 9.00853316658458553e-02
5.07236313860851995e-01 1.05929898931312794e+00 7.51121405436454698e-02
5.07236313860851995e-01 1.07294965357292726e+00 6.00785209816715460e-02
5.07236313860851995e-01 1.08667243942728842e+00 4.49658072330723080e-02
5.07236313860851995e-01 1.10035111524340845e+00 2.98544907887646309e-02
5.07236313860851995e-01 1.11383040715611381e+00 1.49029588264442577e-02
5.07236313860851995e-01 1.12697740952777337e+00 2.72016257125744557e-04
5.07236313860851995e-01 1.13974194246614724e+00 -1.39618888174771333e-02
5.07236313860851995e-01 1.15218291521081917e+00 -2.78498396662552640e-02
5.07236313860851995e-01 1.16444528292709792e+00 -4.15406231268826628e-02
5.07236313860851995e-01 1.17669959525460732e+00 -5.51953463131243313e-02
5.07236313860851995e-01 1.18907664967313975e+00 -6.89001915013455341e-02
5.07236313860851995e-01 1.20163043837026495e+00 -8.26316007106002032e-02
5.07236313860851995e-01 1.21434314562026424e+00 -9.62929838445614056e-02
5.07236313860851995e-01 1.22715934667651694e+00 -1.09795748231548876e-01
5.07236313860851995e-01 1.24002034486397661e+00 -1.23131629300379228e-01
5.07236313860851995e-01 1.25287399979496739e+00 -1.36393939913214302e-01
5.07236313860851995e-01 1.26565636954300564e+00 -1.49742329954254350e-01
5.07236313860851995e-01 1.27826364413346250e+00 -1.63341450343231470e-01
5.07236313860851995e-01 1.29054049766501944e+00 -1.77314382146248478e-01
5.07236313860851995e-01 1.30229921181231467e+00 -1.91732969512488943e-01
5.07236313860851995e-01 1.31336181007075781e+00 -2.06636690330510020e-01
5.07236313860851995e-01 1.32360119380086627e+00 -2.22053310339345195e-01
5.07236313860851995e-01 1.33295832463637698e+00 -2.38000290960394878e-01
5.07236313860851995e-01 1.34142938828939928e+00 -2.54467939108235897e-01
5.07236313860851995e-01 1.34903674420477659e+00 -2.71403838282045229e-01
5.07236313860851995e-01 1.35580589700537013e+00 -2.88718008803311832e-01
5.07236313860851995e-01 1.36176242704266026e+00 -3.06310675560957035e-01
5.07236313860851995e-01 1.36694517751546951e+00 -3.24105005816486491e-01
5.07236313860851995e-01 1.37141902952835504e+00 -3.42062230448634264e-01
5.07236313860851995e-01 1.37527208014379321e+00 -3.60170129611447398e-01
5.07236313860851995e-01 1.37859618101582448e+00 -3.78416531614269913e-01
5.07236313860851995e-01 1.38146494963315436e+00 -3.96770257412616068e-01
5.07236313860851995e-01 1.38392728298798939e+00 -4.15184335458216980e-01
5.07236313860851995e-01 1.38602378169765506e+00 -4.33617037306222919e-01
5.07236313860851995e-01 1.38781644753216793e+00 -4.52051443043831103e-01
5.07236313860851995e-01 1.38941167230599216e+00 -4.70495906470974445e-01
5.07236313860851995e-01 1.39096080207983719e+00 -4.88964152466221713e-01
5.07236313860851995e-01 1.39263808015183166e+00 -5.07450872372259276e-01
5.07236313860851995e-01 1.39461068502942442e+00 -5.25922254272216727e-01
5.07236313860851995e-01 1.39701885883014243e+00 -5.44328087437112806e-01
5.07236313860851995e-01 1.39997412041756286e+00 -5.62623880510226826e-01
5.07236313860851995e-01 1.40356906309762897e+00 -5.80783287292521266e-01
5.07236313860851995e-01 1.40788524067656273e+00 -5.98789900511407569e-01
5.07236313860851995e-01 1.41299157846684631e+00 -6.16615473196840291e-01
5.07236313860851995e-01 1.41893896651071061e+00 -6.34202978199007394e-01
5.07236313860851995e-01 1.42576494667641263e+00 -6.51467096081313479e-01
5.07236313860851995e-01 1.43351689291822759e+00 -6.68306092336491187e-01
5.07236313860851995e-01 1.44228522001394688e+00 -6.84604072796891172e-01
5.07236313860851995e-01 1.45222267988266229e+00 -7.00206448714604246e-01
5.07236313860851995e-01 1.46352547092050789e+00 -7.14874534149651741e-01
5.07236313860851995e-01 1.47637056935788080e+00 -7.28251048900395936e-01
5.07236313860851995e-01 1.49083125447420151e+00 -7.39875174569041949e-01
5.07236313860851995e-01 1.50681124689786206e+00 -7.49263824295934078e-01
5.07236313860851995e-01 1.52403371266248855e+00 -7.56036128416320952e-01
5.07236313860851995e-01 1.54209534653660696e+00 -7.60026650136205073e-01
5.07236313860851995e-01 1.56056287689779349e+00 -7.61332011524508467e-01
5.07236313860851995e-01 1.57906918556691278e+00 -7.60268099963737898e-01
5.07236313860851995e-01 1.59737009361951676e+00 -7.57261116542917168e-01
5.07236313860851995e-01 1.61534680354209703e+00 -7.52726737618286679e-01
5.07236313860851995e-01 1.63296728896109244e+00 -7.46989630842796903e-01
5.07236313860851995e-01 1.65023597616927420e+00 -7.40264927497701786e-01
5.07236313860851995e-01 1.66715790991920354e+00 -7.32686362476281827e-01
5.07236313860851995e-01 1.68372706308124509e+00 -7.24346298992754933e-01
5.07236313860851995e-01 1.69993149774811325e+00 -7.15319520569383194e-01
5.07236313860851995e-01 1.71576122795586539e+00 -7.05665256606946567e-01
5.07236313860851995e-01 1.73120945327382292e+00 -6.95421046015362365e-01
5.07236313860851995e-01 1.74626765256713656e+00 -6.84604571036907750e-01
5.07236313860851995e-01 1.76092123548827373e+00 -6.73227363151944536e-01
5.07236313860851995e-01 1.77515110018024092e+00 -6.61310479721495592e-01
5.07236313860851995e-01 1.78894029812311950e+00 -6.48889327717116826e-01
5.07236313860851995e-01 1.80228017177482314e+00 -6.36004367281131744e-01
5.07236313860851995e-01 1.81517086487617041e+00 -6.22686965218866795e-01
5.07236313860851995e-01 1.82761602299843862e+00 -6.08953636475574100e-01
5.07236313860851995e-01 1.83961623290793774e+00 -5.94813884173805651e-01
5.07236313860851995e-01 1.85116633544493459e+00 -5.80284207098461957e-01
5.07236313860851995e-01 1.86225807226942419e+00 -5.65395003692741649e-01
5.07236313860851995e-01 1.87288504678657319e+00 -5.50183379173759923e-01
5.07236313860851995e-01 1.88304550599983878e+00 -5.34677774613556700e-01
5.07236313860851995e-01 1.89274092478962119e+00 -5.18888363023389809e-01
5.07236313860851995e-01 1.90197231862535143e+00 -5.02812836313802691e-01
5.07236313860851995e-01 1.91073810515108100e+00 -4.86453848208901807e-01
5.07236313860851995e-01 1.91903570338178464e+00 -4.69833494819497044e-01
5.07236313860851995e-01 1.92686558998867596e+00 -4.52991686118707937e-01
5.07236313860851995e-01 1.93423439952959497e+00 -4.35968556956205400e-01
5.07236313860851995e-01 1.94115464966196161e+00 -4.18785184812630051e-01
5.07236313860851995e-01 1.94764169719474944e+00 -4.01439419836361722e-01
5.07236313860851995e-01 1.95371072873420104e+00 -3.83921544519970903e-01
5.07236313860851995e-01 1.95937600376045373e+00 -3.66237315528922747e-01
5.07236313860851995e-01 1.96465191583370724e+00 -3.48418364457676211e-01
5.07236313860851995e-01 1.96955340013125957e+00 -3.30509350794789158e-01
5.07236313860851995e-01 1.97409388940193642e+00 -3.12540864704819177e-01
5.07236313860851995e-01 1.97828186185272936e+00 -2.94510648875316861e-01
5.07236313860851995e-01 1.98211922150273101e+00 -2.76390842970942130e-01
5.07236313860851995e-01 1.98560380621895427e+00 -2.58158058824628889e-01
5.07236313860851995e-01 1.98873456530388193e+00 -2.39822638662222032e-01
5.07236313860851995e-01 1.99151463047836130e+00 -2.21431187702713028e-01
5.07236313860851995e-01 1.99394808033809201e+00 -2.03036453238616965e-01
5.07236313860851995e-01 1.99603106123696450e+00 -1.84656375195674072e-01
5.07236313860851995e-01 1.99774348208870123e+00 -1.66256937641161895e-01
5.07236313860851995e-01 1.99904875968076556e+00 -1.47778465143504206e-01
5.07236313860851995e-01 1.99990394003168204e+00 -1.29191005802870990e-01
5.07236313860851995e-01 2.00027410903518810e+00 -1.10536981228305894e-01
5.07236313860851995e-01 2.00013991961033932e+00 -9.19217651011084713e-02
5.07236313860851995e-01 1.99949028278819463e+00 -7.34474909228209766e-02
5.07236313860851995e-01 1.99830274332880120e+00 -5.51292399825683913e-02
5.07236313860851995e-01 1.99652465373355104e+00 -3.68531465566180327e-02
5.07236313860851995e-01 1.99407065029319508e+00 -1.84147356554134299e-02
5.23598775598298816e-01 1.97829466435556656e+00 3.75807093320990992e-04
5.23598775598298816e-01 1.97416623617476072e+00 1.92799632459960124e-02
5.23598775598298816e-01 1.96921098022287433e+00 3.84985322628342910e-02
5.23598775598298816e-01 1.96346645223307048e+00 5.77856121232203368e-02
5.23598775598298816e-01 1.95700450329831988e+00 7.68783733229746469e-02
5.23598775598298816e-01 1.94989609266094099e+00 9.56077006351562647e-02
5.23598775598298816e-01 1.94218291787983710e+00 1.13943037757570934e-01
5.23598775598298816e-01 1.93387081838427299e+00 1.31953288807401398e-01
5.23598775598298816e-01 1.92494530125805730e+00 1.49719534741385746e-01
5.23598775598298816e-01 1.91539575107728099e+00 1.67261318264393194e-01
5.23598775598298816e-01 1.90523111854197125e+00 1.84521013133463280e-01
5.23598775598298816e-01 1.89447803598438402e+00 2.01405831840302446e-01
5.23598775598298816e-01 1.88316588979558586e+00 2.17847958668847652e-01
5.23598775598298816e-01 1.87131245000800339e+00 2.33836810838868869e-01
5.23598775598298816e-01 1.85892208020534744e+00 2.49404664379258983e-01
5.23598775598298816e-01 1.84599821175337997e+00 2.64584487914813093e-01
5.23598775598298816e-01 1.83256077347775204e+00 2.79377908877084136e-01
5.23598775598298816e-01 1.81865569738803834e+00 2.93759146728479859e-01
5.23598775598298816e-01 1.80434960796342470e+00 3.07709377485849145e-01
5.23598775598298816e-01 1.78971334169258656e+00 3.21251091548614864e-01
5.23598775598298816e-01 1.77480505713599079e+00 3.34452653890280893e-01
5.23598775598298816e-01 1.75966256162437329e+00 3.47397638904522688e-01
5.23598775598298816e-01 1.74430679345730955e+00 3.60141420260946754e-01
5.23598775598298816e-01 1.72875057181927128e+00 3.72687003495136504e-01
5.23598775598298816e-01 1.71300461773183454e+00 3.84996578547595669e-01
5.23598775598298816e-01 1.69707728633764776e+00 3.97027849432389057e-01
5.23598775598298816e-01 1.68097100550368483e+00 4.08766579416460718e-01
5.23598775598298816e-01 1.66468136236659459e+00 4.20231997439072469e-01
5.23598775598298816e-01 1.64820186213153308e+00 4.31454377286188295e-01
5.23598775598298816e-01 1.63153150446993100e+00 4.42445579106173770e-01
5.23598775598298816e-01 1.61467888847651109e+00 4.53186976479131254e-01
5.23598775598298816e-01 1.59765879381063747e+00 4.63643292883044456e-01
5.23598775598298816e-01 1.58048336013905599e+00 4.73789279967809285e-01
5.23598775598298816e-01 1.56315484071713917e+00 4.83626491435561967e-01
5.23598775598298816e-01 1.54566610389444126e+00 4.93176777873554517e-01
5.23598775598298816e-01 1.52800893728331966e+00 5.02458972133665194e-01
5.23598775598298816e-01 1.51018367174485513e+00 5.11468855618523288e-01
5.23598775598298816e-01 1.49220217637023045e+00 5.20178945554623184e-01
5.23598775598298816e-01 1.47408136426560277e+00 5.28557450801056761e-01
5.23598775598298816e-01 1.45583206234468454e+00 5.36589578261054245e-01
5.23598775598298816e-01 1.43745215294401918e+00 5.44282684579761589e-01
5.23598775598298816e-01 1.41892978240900014e+00 5.51650718182752908e-01
5.23598775598298816e-01 1.40025443484695433e+00 5.58691112909227017e-01
5.23598775598298816e-01 1.38142719651883783e+00 5.65373900140652919e-01
5.23598775598298816e-01 1.36246198260261253e+00 5.71652810840025505e-01
5.23598775598298816e-01 1.34337674634911819e+00 5.77489939058921764e-01
5.23598775598298816e-01 1.32418199007720139e+00 5.82874363992530675e-01
5.23598775598298816e-01 1.30487638912949944e+00 5.87820323138971590e-01
5.23598775598298816e-01 1.28545368993596321e+00 5.92347735383290552e-01
5.23598775598298816e-01 1.26591558659024805e+00 5.96462620872240112e-01
5.23598775598298816e-01 1.24627975014717296e+00 6.00154748664884830e-01
5.23598775598298816e-01 1.22657546628852931e+00 6.03414669773383872e-01
5.23598775598298816e-01 1.20682924348916787e+00 6.06254865472547810e-01
5.23598775598298816e-01 1.18705141737932762e+00 6.08714957661482980e-01
5.23598775598298816e-01 1.16723482828523051e+00 6.10843296318499540e-01
5.23598775598298816e-01 1.14736738950343220e+00 6.12666729855615544e-01
5.23598775598298816e-01 1.12744885192461641e+00 6.14170452351320839e-01
5.23598775598298816e-01 1.10749787553730350e+00 6.15301352299167492e-01
5.23598775598298816e-01 1.08754297718116910e+00 6.15987704374730494e-01
5.23598775598298816e-01 1.06760503304158849e+00 6.16152777923318240e-01
5.23598775598298816e-01 1.04768859936644043e+00 6.15704161144986495e-01
5.23598775598298816e-01 1.02779554084920299e+00 6.14502799268578315e-01
5.23598775598298816e-01 1.00795831380134326e+00 6.12338588630438774e-01
5.23598775598298816e-01 9.88272954562147476e-01 6.08942862311853683e-01
5.23598775598298816e-01 9.68907143320828723e-01 6.04046057605314712e-01
5.23598775598298816e-01 9.50072482480831315e-01 5.97455417465097227e-01
5.23598775598298816e-01 9.31974755344678107e-01 5.89107811813160631e-01
5.23598775598298816e-01 9.14774545264511851e-01 5.79063741140995680e-01
5.23598775598298816e-01 8.98588538576185369e-01 5.67445355850843436e-01
5.23598775598298816e-01 8.83537589624258768e-01 5.54359064186356387e-01
5.23598775598298816e-01 8.69815203882770449e-01 5.39854803243767112e-01
5.23598775598298816e-01 8.57730620351313311e-01 5.23949854989353980e-01
5.23598775598298816e-01 8.47688496151545290e-01 5.06701091709176765e-01
5.23598775598298816e-01 8.40099880364359008e-01 4.88276007815931501e-01
5.23598775598298816e-01 8.35258287204737604e-01 4.68972862831269210e-01
5.23598775598298816e-01 8.33237094064461226e-01 4.49173138952202788e-01
5.23598775598298816e-01 8.33856715738949261e-01 4.29252020368262655e-01
5.23598775598298816e-01 8.36736406054373383e-01 4.09495955743759743e-01
5.23598775598298816e-01 8.41405252201723131e-01 3.90066781734637436e-01
5.23598775598298816e-01 8.47421944703511953e-01 3.71019218695727904e-01
5.23598775598298816e-01 8.54455163655765904e-01 3.52347385901058185e-01
5.23598775598298816e-01 8.62301859826779982e-01 3.34026750914582560e-01
5.23598775598298816e-01 8.70853218603036883e-01 3.16032690782081405e-01
5.23598775598298816e-01 8.80039934748303887e-01 2.98340057007340453e-01
5.23598775598298816e-01 8.89790191571296574e-01 2.80920606188736155e-01
5.23598775598298816e-01 9.00018185693647443e-01 2.63749373187491198e-01
5.23598775598298816e-01 9.10639574110149841e-01 2.46815762077321144e-01
5.23598775598298816e-01 9.21595306645381251e-01 2.30126225986658356e-01
5.23598775598298816e-01 9.32863725398076049e-01 2.13691579761467881e-01
5.23598775598298816e-01 9.44451184252810605e-01 1.97507251645014897e-01
5.23598775598298816e-01 9.56366350424121103e-01 1.81544137396044442e-01
5.23598775598298816e-01 9.68593999194103494e-01 1.65760882881102772e-01
5.23598775598298816e-01 9.81084816167897444e-01 1.50129669063753496e-01
5.23598775598298816e-01 9.93768363100749008e-01 1.34653002013122303e-01
5.23598775598298816e-01 1.00658218763379925e+00 1.19352987770057026e-01
5.23598775598298816e-01 1.01949908227372465e+00 1.04236584835988882e-01
5.23598775598298816e-01 1.03253351665516591e+00 8.92636569867064633e-02
5.23598775598298816e-01 1.04571901642561538e+00 7.43489465673806138e-02
5.23598775598298816e-01 1.05906573022988937e+00 5.94073370245152485e-02
5.23598775598298816e-01 1.07252177137551996e+00 4.44178046414358194e-02
5.23598775598298816e-01 1.08596372802505314e+00 2.94610079341861147e-02
5.23598775598298816e-01 1.09922803370082600e+00 1.46967034096963274e-02
5.23598775598298816e-01 1.11217209831445829e+00 2.85566804658151101e-04
5.23598775598298816e-01 1.12473528531510492e+00 -1.37002445982882387e-02
5.23598775598298816e-01 1.13696708979754502e+00 -2.73213373585027737e-02
5.23598775598298816e-01 1.14900634411332292e+00 -4.07398662532522798e-02
5.23598775598298816e-01 1.16102210613564871e+00 -5.41305581423530829e-02
5.23598775598298816e-01 1.17314801921081635e+00 -6.75888237995192348e-02
5.23598775598298816e-01 1.18544414571088441e+00 -8.10916378006820981e-02
5.23598775598298816e-01 1.19790202424225845e+00 -9.45313024068177438e-02
5.23598775598298816e-01 1.21048160694398743e+00 -1.07795436525410418e-01
5.23598775598298816e-01 1.22315023012361812e+00 -1.20840572834686230e-01
5.23598775598298816e-01 1.23589556783637389e+00 -1.33717542378651105e-01
5.23598775598298816e-01 1.24870472819956535e+00 -1.46543688789242288e-01
5.23598775598298816e-01 1.26152613647285072e+00 -1.59451777026425323e-01
5.23598775598298816e-01 1.27424297151241572e+00 -1.72554132249166436e-01
5.23598775598298816e-01 1.28667896649470048e+00 -1.85940193433939110e-01
5.23598775598298816e-01 1.29863562228908558e+00 -1.99695117026720159e-01
5.23598775598298816e-01 1.30993978278554435e+00 -2.13911018815263226e-01
5.23598775598298816e-01 1.32047564275432028e+00 -2.28672209472695842e-01
5.23598775598298816e-01 1.33018783989312528e+00 -2.44021445943635229e-01
5.23598775598298816e-01 1.33906223092864618e+00 -2.59933692470099453e-01
5.23598775598298816e-01 1.34710369940042196e+00 -2.76321010550209689e-01
5.23598775598298816e-01 1.35432759129103730e+00 -2.93069421577469458e-01
5.23598775598298816e-01 1.36076677422438719e+00 -3.10084404945051129e-01
5.23598775598298816e-01 1.36648207568239344e+00 -3.27315444303499625e-01
5.23598775598298816e-01 1.37156111708536765e+00 -3.44746445282216651e-01
5.23598775598298816e-01 1.37610095506313823e+00 -3.62364610652272989e-01
5.23598775598298816e-01 1.38018467662401245e+00 -3.80135119950255784e-01
5.23598775598298816e-01 1.38386907123841807e+00 -3.98001647960839589e-01
5.23598775598298816e-01 1.38719383538166929e+00 -4.15910122044279407e-01
5.23598775598298816e-01 1.39020734664663936e+00 -4.33833864346641729e-01
5.23598775598298816e-01 1.39299168998857481e+00 -4.51777759440050330e-01
5.23598775598298816e-01 1.39566985458835924e+00 -4.69757101572638336e-01
5.23598775598298816e-01 1.39839069073216904e+00 -4.87768034374645276e-01
5.23598775598298816e-01 1.40130263319433301e+00 -5.05773392700046287e-01
5.23598775598298816e-01 1.40453369500561376e+00 -5.23714773720333593e-01
5.23598775598298816e-01 1.40818825194310926e+00 -5.41539776623622182e-01
5.23598775598298816e-01 1.41235674550050283e+00 -5.59220874999171280e-01
5.23598775598298816e-01 1.41712451972263631e+00 -5.76749782503777730e-01
5.23598775598298816e-01 1.42256881151758408e+00 -5.94112237771242557e-01
5.23598775598298816e-01 1.42874626576202357e+00 -6.11264917222651305e-01
5.23598775598298816e-01 1.43568602124476685e+00 -6.28133810694199823e-01
5.23598775598298816e-01 1.44340378058712138e+00 -6.44632822494615176e-01
5.23598775598298816e-01 1.45193775092373079e+00 -6.60679477188165443e-01
5.23598775598298816e-01 1.46138730777525594e+00 -6.76181088627304860e-01
5.23598775598298816e-01 1.47192486869900963e+00 -6.90985795156656479e-01
5.23598775598298816e-01 1.48376068196739408e+00 -7.04824840000680575e-01
5.23598775598298816e-01 1.49706580458557625e+00 -7.17291041442371768e-01
5.23598775598298816e-01 1.51188529500856750e+00 -7.27886692125837009e-01
5.23598775598298816e-01 1.52808425413419124e+00 -7.36136302794874964e-01
5.23598775598298816e-01 1.54535597269080194e+00 -7.41719172097890733e-01
5.23598775598298816e-01 1.56329116325234851e+00 -7.44560547687983854e-01
5.23598775598298816e-01 1.58147759128729803e+00 -7.44839487184780102e-01
5.23598775598298816e-01 1.59958710939066129e+00 -7.42914417555897044e-01
5.23598775598298816e-01 1.61741778529581071e+00 -7.39207049677864658e-01
5.23598775598298816e-01 1.63488435518089292e+00 -7.34098663798482320e-01
5.23598775598298816e-01 1.65197486789440595e+00 -7.27875368318343874e-01
5.23598775598298816e-01 1.66870204204488726e+00 -7.20725940007721722e-01
5.23598775598298816e-01 1.68507158300217053e+00 -7.12769733042068587e-01
5.23598775598298816e-01 1.70107380231834027e+00 -7.04086732852200803e-01
5.23598775598298816e-01 1.71669064710483754e+00 -6.94734587078964960e-01
5.23598775598298816e-01 1.73190530749697214e+00 -6.84754348614907471e-01
5.23598775598298816e-01 1.74670598682223455e+00 -6.74174505900414833e-01
5.23598775598298816e-01 1.76108343464815542e+00 -6.63018790919627010e-01
5.23598775598298816e-01 1.77502703866330180e+00 -6.51314685737069854e-01
5.23598775598298816e-01 1.78852398562049619e+00 -6.39096049895229612e-01
5.23598775598298816e-01 1.80156215710905698e+00 -6.26397921199320473e-01
5.23598775598298816e-01 1.81413397322593517e+00 -6.13249011567776003e-01
5.23598775598298816e-01 1.82623793604784357e+00 -5.99669850089779577e-01
5.23598775598298816e-01 1.83787682747784875e+00 -5.85679125244611520e-01
5.23598775598298816e-01 1.84905410190781638e+00 -5.71302461510676429e-01
5.23598775598298816e-01 1.85977096049748347e+00 -5.56574635348128899e-01
5.23598775598298816e-01 1.87002561259892608e+00 -5.41531645345155299e-01
5.23598775598298816e-01 1.87981453772163309e+00 -5.26198627164116917e-01
5.23598775598298816e-01 1.88913453390201780e+00 -5.10584577014472130e-01
5.23598775598298816e-01 1.89798440542632951e+00 -4.94690033830736675e-01
5.23598775598298816e-01 1.90636577633763693e+00 -4.78522720020705561e-01
5.23598775598298816e-01 1.91428302896660485e+00 -4.62108249185271436e-01
5.23598775598298816e-01 1.92174258317509628e+00 -4.45485900115582367e-01
5.23598775598298816e-01 1.92875191077240782e+00 -4.28691626547219984e-01
5.23598775598298816e-01 1.93531893945421007e+00 -4.11741970341225172e-01
5.23598775598298816e-01 1.94145250898925825e+00 -3.94633094863327316e-01
5.23598775598298816e-01 1.94716389013281233e+00 -3.77357210302916357e-01
5.23598775598298816e-01 1.95246825329403806e+00 -3.59923534955140234e-01
5.23598775598298816e-01 1.95738432284595865e+00 -3.42365600783360979e-01
5.23598775598298816e-01 1.96193122859776814e+00 -3.24726814426606891e-01
5.23598775598298816e-01 1.96612365731209882e+00 -3.07034462627386373e-01
5.23598775598298816e-01 1.96996831739782219e+00 -2.89283714913681655e-01
5.23598775598298816e-01 1.97346458831124005e+00 -2.71446994395902474e-01
5.23598775598298816e-01 1.97660949113339734e+00 -2.53503776753726151e-01
5.23598775598298816e-01 1.97940348447771797e+00 -2.35467394760068949e-01
5.23598775598298816e-01 1.98185204057423814e+00 -2.17384938431385649e-01
5.23598775598298816e-01 1.98396038330878488e+00 -1.99306495800754269e-01
5.23598775598298816e-01 1.98572403448676926e+00 -1.81246175786974911e-01
5.23598775598298816e-01 1.98712205664019259e+00 -1.63168086503764020e-01
5.23598775598298816e-01 1.98811926462665656e+00 -1.45014471461087618e-01
5.23598775598298816e-01 1.98867766198524443e+00 -1.26760068602948195e-01
5.23598775598298816e-01 1.98876979432583534e+00 -1.08451368713987098e-01
5.23598775598298816e-01 1.98838348418427002e+00 -9.01936751657630154e-02
5.23598775598298816e-01 1.98751199756625430e+00 -7.20836500187249651e-02
5.23598775598298816e-01 1.98613396289762290e+00 -5.41273499058338020e-02
5.23598775598298816e-01 1.98419637450742981e+00 -3.62020661494745002e-02
5.23598775598298816e-01 1.98161469859739903e+00 -1.80979161224898884e-02
5.39961237335745636e-01 1.96628489560855968e+00 3.74353327156995842e-04
5.39961237335745636e-01 1.96209695498802961e+00 1.90279512036363729e-02
5.39961237335745636e-01 1.95711864619860454e+00 3.80002176403519062e-02
5.39961237335745636e-01 1.95139249664401460e+00 5.70407223682592376e-02
5.39961237335745636e-01 1.94499067903506040e+00 7.58890613548038051e-02
5.39961237335745636e-01 1.93797881862840282e+00 9.43823271203394487e-02
5.39961237335745636e-01 1.93038951911841927e+00 1.12494812678653411e-01
5.39961237335745636e-01 1.92221887481545362e+00 1.30295419153640346e-01
5.39961237335745636e-01 1.91344424320523077e+00 1.47860532047851767e-01
5.39961237335745636e-01 1.90404891949792421e+00 1.65203368889648039e-01
5.39961237335745636e-01 1.89403713654537587e+00 1.82261709171310460e-01
5.39961237335745636e-01 1.88343163212429876e+00 1.98941194487832346e-01
5.39961237335745636e-01 1.87225901651045712e+00 2.15174215271289770e-01
5.39961237335745636e-01 1.86053612343891706e+00 2.30949887566241768e-01
5.39961237335745636e-01 1.84826839433818213e+00 2.46298445895921203e-01
5.39961237335745636e-01 1.83546149329249131e+00 2.61249909022518267e-01
5.39961237335745636e-01 1.82213737305210621e+00 2.75804199853128096e-01
5.39961237335745636e-01 1.80834299280802036e+00 2.89936767893346714e-01
5.39961237335745636e-01 1.79414540873501527e+00 3.03632793416800550e-01
5.39961237335745636e-01 1.77961640996664250e+00 3.16919579822999620e-01
5.39961237335745636e-01 1.76481627478087533e+00 3.29868701411810183e-01
5.39961237335745636e-01 1.74978545177761169e+00 3.42564079724662296e-01
5.39961237335745636e-01 1.73454647052158228e+00 3.55059162608557133e-01
5.39961237335745636e-01 1.71911154018940771e+00 3.67354595505292647e-01
5.39961237335745636e-01 1.70348903485018544e+00 3.79411541432200128e-01
5.39961237335745636e-01 1.68768523234454970e+00 3.91188657343993329e-01
5.39961237335745636e-01 1.67170285262090612e+00 4.02674034673146886e-01
5.39961237335745636e-01 1.65554060061776132e+00 4.13889431875680724e-01
5.39961237335745636e-01 1.63919616006130608e+00 4.24866954682426579e-01
5.39961237335745636e-01 1.62267096255548537e+00 4.35619364432737965e-01
5.39961237335745636e-01 1.60597256091157337e+00 4.46128245956071146e-01
5.39961237335745636e-01 1.58911196142252087e+00 4.56358134205303467e-01
5.39961237335745636e-01 1.57209756261426525e+00 4.66283314142208583e-01
5.39961237335745636e-01 1.55493061207300620e+00 4.75904671013781144e-01
5.39961237335745636e-01 1.53760628459545101e+00 4.85243442583389695e-01
5.39961237335745636e-01 1.52012000119510882e+00 4.94318340443082094e-01
5.39961237335745636e-01 1.50247408218257927e+00 5.03125820739834029e-01
5.39961237335745636e-01 1.48467914611893481e+00 5.11639693228950976e-01
5.39961237335745636e-01 1.46674866359699707e+00 5.19829395504791791e-01
5.39961237335745636e-01 1.44869067274406671e+00 5.27680547455677607e-01
5.39961237335745636e-01 1.43050327165883684e+00 5.35199893690603723e-01
5.39961237335745636e-01 1.41217778890803891e+00 5.42400398576693976e-01
5.39961237335745636e-01 1.39370747366413861e+00 5.49279391782489523e-01
5.39961237335745636e-01 1.37509498769782290e+00 5.55808830250936303e-01
5.39961237335745636e-01 1.35635275198293948e+00 5.61946794161165553e-01
5.39961237335745636e-01 1.33749589685168591e+00 5.67661636580680584e-01
5.39961237335745636e-01 1.31853368440554375e+00 5.72949611401025849e-01
5.39961237335745636e-01 1.29946674546085195e+00 5.77832227997747583e-01
5.39961237335745636e-01 1.28029283552139783e+00 5.82336515732033266e-01
5.39961237335745636e-01 1.26101661162692680e+00 5.86475590951064052e-01
5.39961237335745636e-01 1.24165506212159293e+00 5.90246317710017454e-01
5.39961237335745636e-01 1.22223317525090680e+00 5.93645729197306071e-01
5.39961237335745636e-01 1.20277223545848777e+00 5.96690880578503724e-01
5.39961237335745636e-01 1.18327961072960552e+00 5.99422519247469143e-01
5.39961237335745636e-01 1.16374848587335644e+00 6.01885568040422148e-01
5.39961237335745636e-01 1.14416844532572548e+00 6.04098780141058556e-01
5.39961237335745636e-01 1.12453882241445102e+00 6.06035640976390066e-01
5.39961237335745636e-01 1.10487379564450139e+00 6.07629718158592791e-01
5.39961237335745636e-01 1.08519455436573931e+00 6.08796772691908128e-01
5.39961237335745636e-01 1.06551530975267084e+00 6.09450498774263938e-01
5.39961237335745636e-01 1.04583749812390292e+00 6.09492949544748863e-01
5.39961237335745636e-01 1.02616314455834212e+00 6.08783100670928778e-01
5.39961237335745636e-01 1.00652485607950304e+00 6.07110369697447250e-01
5.39961237335745636e-01 9.87015417154694208e-01 6.04204179943500952e-01
5.39961237335745636e-01 9.67795816018941712e-01 5.99789290886291404e-01
5.39961237335745636e-01 9.49071820516363962e-01 5.93663254578368771e-01
5.39961237335745636e-01 9.31050058486728171e-01 5.85751764007567455e-01
5.39961237335745636e-01 9.13901071594644177e-01 5.76107143564595803e-01
5.39961237335745636e-01 8.97756338412309729e-01 5.64850632436868061e-01
5.39961237335745636e-01 8.82746577002673005e-01 5.52096519624970750e-01
5.39961237335745636e-01 8.69060633869771837e-01 5.37908822585386082e-01
5.39961237335745636e-01 8.56985731844110421e-01 5.22319143491383864e-01
5.39961237335745636e-01 8.46894077008704449e-01 5.05392300995840871e-01
5.39961237335745636e-01 8.39167535630901296e-01 4.87293392398901348e-01
5.39961237335745636e-01 8.34086822241443926e-01 4.68308666033243004e-01
5.39961237335745636e-01 8.31734232887534564e-01 4.48803035464446443e-01
5.39961237335745636e-01 8.31955828368358796e-01 4.29137340127529188e-01
5.39961237335745636e-01 8.34401371530483993e-01 4.09591047407305175e-01
5.39961237335745636e-01 8.38623486160501308e-01 3.90327590557085657e-01
5.39961237335745636e-01 8.44191445078202540e-01 3.71409082286170422e-01
5.39961237335745636e-01 8.50772844462784561e-01 3.52837995740705290e-01
5.39961237335745636e-01 8.58157423684202114e-01 3.34594898478327296e-01
5.39961237335745636e-01 8.66228255676202985e-01 3.16655298457389323e-01
5.39961237335745636e-01 8.74909235459657264e-01 2.98990246059708920e-01
5.39961237335745636e-01 8.84122835741324331e-01 2.81566392757158501e-01
5.39961237335745636e-01 8.93778490188120722e-01 2.64354968789307032e-01
5.39961237335745636e-01 9.03789776721475868e-01 2.47344382501340138e-01
5.39961237335745636e-01 9.14101232773294914e-01 2.30543209753293316e-01
5.39961237335745636e-01 9.24702214822496815e-01 2.13967208783395146e-01
5.39961237335745636e-01 9.35615996856051790e-01 1.97619304676781626e-01
5.39961237335745636e-01 9.46869562073194282e-01 1.81480375659210297e-01
5.39961237335745636e-01 9.58462524306288755e-01 1.65521307136771961e-01
5.39961237335745636e-01 9.70354680503034195e-01 1.49727865695040291e-01
5.39961237335745636e-01 9.82480386194810373e-01 1.34115704682040399e-01
5.39961237335745636e-01 9.94781041117285825e-01 1.18717392546546993e-01
5.39961237335745636e-01 1.00723464250054007e+00 1.03545842801467058e-01
5.39961237335745636e-01 1.01986143678718122e+00 8.85618703538080393e-02
5.39961237335745636e-01 1.03269802563734503e+00 7.36773764667465053e-02
5.39961237335745636e-01 1.04575178594633988e+00 5.88030826647019667e-02
5.39961237335745636e-01 1.05896173483722555e+00 4.39150515056985352e-02
5.39961237335745636e-01 1.07219173991767414e+00 2.90936059266962699e-02
5.39961237335745636e-01 1.08526594692866296e+00 1.45000439816006573e-02
5.39961237335745636e-01 1.09803270017194987e+00 2.95992373556830889e-04
5.39961237335745636e-01 1.11042563333203281e+00 -1.34489793869731304e-02
5.39961237335745636e-01 1.12248999112535564e+00 -2.68033635663572044e-02
5.39961237335745636e-01 1.13435998968695051e+00 -3.99419383317783094e-02
5.39961237335745636e-01 1.14619940652680730e+00 -5.30539665219324358e-02
5.39961237335745636e-01 1.15813719381190716e+00 -6.62473831958403370e-02
5.39961237335745636e-01 1.17023100104398314e+00 -7.95061504741069736e-02
5.39961237335745636e-01 1.18247349979699790e+00 -9.27217807873937233e-02
5.39961237335745636e-01 1.19483050259764600e+00 -1.05772245284972047e-01
5.39961237335745636e-01 1.20728204805556660e+00 -1.18595019279033473e-01
5.39961237335745636e-01 1.21983853081898763e+00 -1.31212338164422265e-01
5.39961237335745636e-01 1.23252215979913360e+00 -1.43704781375536161e-01
5.39961237335745636e-01 1.24532719886691323e+00 -1.56164815188264694e-01
5.39961237335745636e-01 1.25818563442463294e+00 -1.68669715263532194e-01
5.39961237335745636e-01 1.27096037761333758e+00 -1.81290459900676770e-01
5.39961237335745636e-01 1.28347002910987085e+00 -1.94119929680568737e-01
5.39961237335745636e-01 1.29553031008995134e+00 -2.07286813335329223e-01
5.39961237335745636e-01 1.30698973142568620e+00 -2.20933589759287952e-01
5.39961237335745636e-01 1.31774452988612523e+00 -2.35167257037298905e-01
5.39961237335745636e-01 1.32773352175226544e+00 -2.50015494784396886e-01
5.39961237335745636e-01 1.33692562597141906e+00 -2.65419613841148372e-01
5.39961237335745636e-01 1.34531344983582524e+00 -2.81270101355050595e-01
5.39961237335745636e-01 1.35291668122988695e+00 -2.97460700316823867e-01
5.39961237335745636e-01 1.35978780374295449e+00 -3.13925515210339678e-01
5.39961237335745636e-01 1.36600906837991021e+00 -3.30638581972483303e-01
5.39961237335745636e-01 1.37167640274697966e+00 -3.47584226509526140e-01
5.39961237335745636e-01 1.37687734594858435e+00 -3.64726806003155157e-01
5.39961237335745636e-01 1.38167676563686737e+00 -3.82005216133020742e-01
5.39961237335745636e-01 1.38612031316901985e+00 -3.99354870022923969e-01
5.39961237335745636e-01 1.39025373257804508e+00 -4.16736685309130495e-01
5.39961237335745636e-01 1.39414502557001296e+00 -4.34147403267408416e-01
5.39961237335745636e-01 1.39789448936680105e+00 -4.51601692699217072e-01
5.39961237335745636e-01 1.40162637138927737e+00 -4.69100115037765997e-01
5.39961237335745636e-01 1.40546882284550212e+00 -4.86608660340088539e-01
5.39961237335745636e-01 1.40953630013375864e+00 -5.04065894660644664e-01
5.39961237335745636e-01 1.41392507477572194e+00 -5.21410986589469494e-01
5.39961237335745636e-01 1.41872102661733401e+00 -5.38608834301652295e-01
5.39961237335745636e-01 1.42400863366998731e+00 -5.55651238831610828e-01
5.39961237335745636e-01 1.42986947431316969e+00 -5.72533329451266448e-01
5.39961237335745636e-01 1.43636862578768953e+00 -5.89225422354788364e-01
5.39961237335745636e-01 1.44354046644931500e+00 -6.05664366065453708e-01
5.39961237335745636e-01 1.45139073722601597e+00 -6.21771043911906074e-01
5.39961237335745636e-01 1.45992340690509725e+00 -6.37475545903945950e-01
5.39961237335745636e-01 1.46918295218804618e+00 -6.52719561814158244e-01
5.39961237335745636e-01 1.47928701606707080e+00 -6.67418700621560057e-01
5.39961237335745636e-01 1.49042291307631447e+00 -6.81398468798102619e-01
5.39961237335745636e-01 1.50279752471747985e+00 -6.94344533337208136e-01
5.39961237335745636e-01 1.51655571052527738e+00 -7.05809747040183955e-01
5.39961237335745636e-01 1.53170250389627016e+00 -7.15292988107295358e-01
5.39961237335745636e-01 1.54806654057634852e+00 -7.22364290485461025e-01
5.39961237335745636e-01 1.56532420522228222e+00 -7.26782605035743545e-01
5.39961237335745636e-01 1.58307548856049274e+00 -7.28554421873243707e-01
5.39961237335745636e-01 1.60093906369955885e+00 -7.27911512187629728e-01
5.39961237335745636e-01 1.61862781336743566e+00 -7.25225111925506649e-01
5.39961237335745636e-01 1.63597899968199556e+00 -7.20899232265689860e-01
5.39961237335745636e-01 1.65293692287118366e+00 -7.15285744971849713e-01
5.39961237335745636e-01 1.66950691766958714e+00 -7.08643490746328375e-01
5.39961237335745636e-01 1.68570767850019387e+00 -7.01138636589298314e-01
5.39961237335745636e-01 1.70154234326451426e+00 -6.92868354335866798e-01
5.39961237335745636e-01 1.71699380049390493e+00 -6.83889122653681847e-01
5.39961237335745636e-01 1.73203595045373171e+00 -6.74239041982660270e-01
5.39961237335745636e-01 1.74664717435389538e+00 -6.63951752897714242e-01
5.39961237335745636e-01 1.76081601012110700e+00 -6.53063089479842263e-01
5.39961237335745636e-01 1.77453752816070853e+00 -6.41611682880672607e-01
5.39961237335745636e-01 1.78780590186328392e+00 -6.29635019649507743e-01
5.39961237335745636e-01 1.80061018235547254e+00 -6.17164350574215148e-01
5.39961237335745636e-01 1.81293653657258136e+00 -6.04223153805204860e-01
5.39961237335745636e-01 1.82477471910939859e+00 -5.90831748129655332e-01
5.39961237335745636e-01 1.83612338800407748e+00 -5.77015473711620763e-01
5.39961237335745636e-01 1.84698997536613585e+00 -5.62809723006910123e-01
5.39961237335745636e-01 1.85738501060520278e+00 -5.48256340706373080e-01
5.39961237335745636e-01 1.86731489113900984e+00 -5.33392585778273531e-01
5.39961237335745636e-01 1.87677820628190140e+00 -5.18240810122876594e-01
5.39961237335745636e-01 1.88576815282912547e+00 -5.02807879312773598e-01
5.39961237335745636e-01 1.89427922221557332e+00 -4.87096316585497013e-01
5.39961237335745636e-01 1.90231330036432333e+00 -4.71119287129006248e-01
5.39961237335745636e-01 1.90988077895763220e+00 -4.54907212676728956e-01
5.39961237335745636e-01 1.91699594430924214e+00 -4.38499560734988525e-01
5.39961237335745636e-01 1.92367018745170792e+00 -4.21927403741232498e-01
5.39961237335745636e-01 1.92990833524030525e+00 -4.05200927283778878e-01
5.39961237335745636e-01 1.93571121737878338e+00 -3.88313318237582084e-01
5.39961237335745636e-01 1.94108288303865772e+00 -3.71259490782983148e-01
5.39961237335745636e-01 1.94603706004002586e+00 -3.54055008186535292e-01
5.39961237335745636e-01 1.95059748442065861e+00 -3.36738649406880142e-01
5.39961237335745636e-01 1.95479090215949602e+00 -3.19354261849212950e-01
5.39961237335745636e-01 1.95863701218937503e+00 -3.01924935463900312e-01
5.39961237335745636e-01 1.96214229885171609e+00 -2.84440777637950892e-01
5.39961237335745636e-01 1.96530228389654926e+00 -2.66872527406115612e-01
5.39961237335745636e-01 1.96811061578692215e+00 -2.49202605220676388e-01
5.39961237335745636e-01 1.97056799787635328e+00 -2.31449159998735027e-01
5.39961237335745636e-01 1.97268351760635574e+00 -2.13661465199147055e-01
5.39961237335745636e-01 1.97446632102973663e+00 -1.95886663320548882e-01
5.39961237335745636e-01 1.97591317800484312e+00 -1.78132540676683743e-01
5.39961237335745636e-01 1.97700157527400688e+00 -1.60358362317034764e-01
5.39961237335745636e-01 1.97769491377781415e+00 -1.42507201716252557e-01
5.39961237335745636e-01 1.97795766503494974e+00 -1.24560291815182897e-01
5.39961237335745636e-01 1.97777001726811141e+00 -1.06571551895470171e-01
5.39961237335745636e-01 1.97713011595422250e+00 -8.86482657267781832e-02
5.39961237335745636e-01 1.97603952543594374e+00 -7.08801456028650828e-02
5.39961237335745636e-01 1.97447957004664643e+00 -5.32595279694037319e-02
5.39961237335745636e-01 1.97239444555031129e+00 -3.56499133126026782e-02
5.39961237335745636e-01 1.96969497530115656e+00 -1.78345546842829800e-02
5.56323699073192457e-01 1.95491228214282842e+00 4.03435802391359142e-04
5.56323699073192457e-01 1.95066679445315083e+00 1.87799327024314143e-02
5.56323699073192457e-01 1.94565950994974002e+00 3.75011682284561443e-02
5.56323699073192457e-01 1.93993664129905041e+00 5.63101257220495130e-02
5.56323699073192457e-01 1.93357221501011911e+00 7.49382122785286486e-02
5.56323699073192457e-01 1.92662939672483113e+00 9.32166900887435035e-02
5.56323699073192457e-01 1.91913446531866527e+00 1.11118118971157642e-01
5.56323699073192457e-01 1.91107599951688512e+00 1.28712856248181629e-01
5.56323699073192457e-01 1.90242532776876860e+00 1.46079465918298346e-01
5.56323699073192457e-01 1.89316203358593804e+00 1.63231752874191560e-01
5.56323699073192457e-01 1.88328784921219339e+00 1.80105606729471374e-01
5.56323699073192457e-01 1.87282267042366013e+00 1.96603059896507365e-01
5.56323699073192457e-01 1.86178954697500276e+00 2.12652819199380505e-01
5.56323699073192457e-01 1.85020216714185848e+00 2.28241646977892343e-01
5.56323699073192457e-01 1.83806473904586110e+00 2.43399122370276000e-01
5.56323699073192457e-01 1.82538395207164950e+00 2.58155585079932137e-01
5.56323699073192457e-01 1.81218375887819527e+00 2.72511069193662081e-01
5.56323699073192457e-01 1.79851218846798688e+00 2.86440141655883662e-01
5.56323699073192457e-01 1.78443553568279500e+00 2.99926282098162245e-01
5.56323699073192457e-01 1.77002390556115641e+00 3.12995316448448524e-01
5.56323699073192457e-01 1.75533693360361776e+00 3.25718785613794415e-01
5.56323699073192457e-01 1.74041677916350168e+00 3.38182578718666194e-01
5.56323699073192457e-01 1.72528948534001159e+00 3.50443557046594800e-01
5.56323699073192457e-01 1.70997051041145531e+00 3.62505827752181986e-01
5.56323699073192457e-01 1.69446928692684007e+00 3.74332670370722709e-01
5.56323699073192457e-01 1.67879077165220281e+00 3.85883004113764250e-01
5.56323699073192457e-01 1.66293571182767308e+00 3.97144016943538680e-01
5.56323699073192457e-01 1.64690240662795784e+00 4.08136790076332023e-01
5.56323699073192457e-01 1.63069054059469543e+00 4.18894088704069356e-01
5.56323699073192457e-01 1.61430466365511549e+00 4.29430705555954084e-01
5.56323699073192457e-01 1.59775417450840473e+00 4.39730560184804220e-01
5.56323699073192457e-01 1.58104914830502019e+00 4.49759430701374363e-01
5.56323699073192457e-01 1.56419495974702616e+00 4.59491068408536318e-01
5.56323699073192457e-01 1.54719012677248635e+00 4.68924610506525175e-01
5.56323699073192457e-01 1.53002956350634411e+00 4.78079771378807028e-01
5.56323699073192457e-01 1.51271107842381958e+00 4.86975251593234959e-01
5.56323699073192457e-01 1.49524004019100087e+00 4.95609207059839352e-01
5.56323699073192457e-01 1.47762823635892171e+00 5.03957816137460490e-01
5.56323699073192457e-01 1.45988742652034009e+00 5.11992032988246137e-01
5.56323699073192457e-01 1.44202244568397342e+00 5.19697269931690409e-01
5.56323699073192457e-01 1.42402935972483702e+00 5.27078793343288776e-01
5.56323699073192457e-01 1.40590039626523922e+00 5.34148340362730512e-01
5.56323699073192457e-01 1.38763204285885600e+00 5.40903864943502177e-01
5.56323699073192457e-01 1.36923008302918725e+00 5.47320480128007603e-01
5.56323699073192457e-01 1.35070766021701205e+00 5.53361398691413320e-01
5.56323699073192457e-01 1.33207801589805874e+00 5.59000816295568859e-01
5.56323699073192457e-01 1.31334792970880754e+00 5.64240462581687918e-01
5.56323699073192457e-01 1.29451746002284063e+00 5.69106651392534246e-01
5.56323699073192457e-01 1.27558648208088288e+00 5.73630891870557935e-01
5.56323699073192457e-01 1.25656272584314976e+00 5.77830815464068004e-01
5.56323699073192457e-01 1.23746428932075903e+00 5.81707619542167875e-01
5.56323699073192457e-01 1.21831364241911588e+00 5.85261615516696088e-01
5.56323699073192457e-01 1.19912700461870836e+00 5.88510998246398742e-01
5.56323699073192457e-01 1.17990720809400340e+00 5.91494803880077469e-01
5.56323699073192457e-01 1.16064603436095726e+00 5.94253347844441726e-01
5.56323699073192457e-01 1.14133474467453966e+00 5.96798416765393802e-01
5.56323699073192457e-01 1.12197466126416234e+00 5.99095072264556161e-01
5.56323699073192457e-01 1.10257896862867200e+00 6.01068195289254037e-01
5.56323699073192457e-01 1.08316373181745140e+00 6.02626124414753161e-01
5.56323699073192457e-01 1.06373583533719995e+00 6.03678057555838143e-01
5.56323699073192457e-01 1.04429054934862275e+00 6.04125548893985065e-01
5.56323699073192457e-01 1.02482684432149296e+00 6.03830514694966181e-01
5.56323699073192457e-01 1.00537635508119538e+00 6.02585988921411020e-01
5.56323699073192457e-01 9.86030183562918938e-01 6.00121425071072689e-01
5.56323699073192457e-01 9.66945481031906029e-01 5.96154375448132878e-01
5.56323699073192457e-01 9.48324191091739266e-01 5.90467443417665439e-01
5.56323699073192457e-01 9.30373933507964712e-01 5.82967590117192680e-01
5.56323699073192457e-01 9.13274421287478377e-01 5.73691894251185830e-01
5.56323699073192457e-01 8.97172170557906656e-01 5.62756964303647411e-01
5.56323699073192457e-01 8.82210114049149841e-01 5.50286056862942519e-01
5.56323699073192457e-01 8.68575761074155794e-01 5.36362420322977096e-01
5.56323699073192457e-01 8.56535792161476572e-01 5.21038672158283478e-01
5.56323699073192457e-01 8.46427202888273555e-01 5.04392899192163235e-01
5.56323699073192457e-01 8.38595838504412661e-01 4.86589914182696481e-01
5.56323699073192457e-01 8.33301759379818652e-01 4.67902814630095309e-01
5.56323699073192457e-01 8.30631453338518622e-01 4.48676927894709809e-01
5.56323699073192457e-01 8.30457485194222467e-01 4.29255582441706640e-01
5.56323699073192457e-01 8.32465677401252768e-01 4.09909061637349248e-01
5.56323699073192457e-01 8.36238895853104403e-01 3.90801349755365179e-01
5.56323699073192457e-01 8.41361220046639047e-01 3.72001718828060268e-01
5.56323699073192457e-01 8.47499631561612565e-01 3.53521275375516364e-01
5.56323699073192457e-01 8.54434992419951245e-01 3.35346479064321912e-01
5.56323699073192457e-01 8.62041257454705057e-01 3.17454348291858091e-01
5.56323699073192457e-01 8.70236623955126132e-01 2.99813848292406926e-01
5.56323699073192457e-01 8.78939887988224200e-01 2.82387882945625501e-01
5.56323699073192457e-01 8.88055888959588979e-01 2.65144088243520981e-01
5.56323699073192457e-01 8.97492466173726244e-01 2.48068614271679755e-01
5.56323699073192457e-01 9.07191024823929548e-01 2.31169838024746610e-01
5.56323699073192457e-01 9.17145407386418254e-01 2.14465951001500454e-01
5.56323699073192457e-01 9.27392946024713893e-01 1.97965360441278160e-01
5.56323699073192457e-01 9.37980927122033403e-01 1.81657440568579714e-01
5.56323699073192457e-01 9.48928744359775145e-01 1.65523878906672445e-01
5.56323699073192457e-01 9.60209787583289454e-01 1.49562309055861764e-01
5.56323699073192457e-01 9.71764938385860644e-01 1.33799960102985421e-01
5.56323699073192457e-01 9.83538870743861371e-01 1.18279573352244524e-01
5.56323699073192457e-01 9.95514366573802878e-01 1.03022033500846072e-01
5.56323699073192457e-01 1.00771930939826260e+00 8.79933293044190545e-02
5.56323699073192457e-01 1.02019726621333007e+00 7.31073801043441163e-02
5.56323699073192457e-01 1.03295620505196695e+00 5.82739681116254335e-02
5.56323699073192457e-01 1.04592620146943283e+00 4.34663376311220304e-02
5.56323699073192457e-01 1.05895503217385989e+00 2.87618897480074499e-02
5.56323699073192457e-01 1.07185035431278930e+00 1.43204594864348184e-02
5.56323699073192457e-01 1.08445020299941097e+00 3.03826363571843788e-04
5.56323699073192457e-01 1.09668600249838821e+00 -1.32184737236399202e-02
5.56323699073192457e-01 1.10860510895330067e+00 -2.63181367854163489e-02
5.56323699073192457e-01 1.12034180590662680e+00 -3.91785882628468834e-02
5.56323699073192457e-01 1.13205376863848484e+00 -5.20029036789953769e-02
5.56323699073192457e-01 1.14385869572275345e+00 -6.49147172195552319e-02
5.56323699073192457e-01 1.15580299836898059e+00 -7.79107075668617616e-02
5.56323699073192457e-01 1.16787366771835632e+00 -9.08880470828800774e-02
5.56323699073192457e-01 1.18003893420405714e+00 -1.03721723370445509e-01
5.56323699073192457e-01 1.19228847725351983e+00 -1.16338319233603493e-01
5.56323699073192457e-01 1.20464771261340164e+00 -1.28742636431755431e-01
5.56323699073192457e-01 1.21715916841810512e+00 -1.40991745755929765e-01
5.56323699073192457e-01 1.22984461532953104e+00 -1.53148392853489274e-01
5.56323699073192457e-01 1.24267174728098428e+00 -1.65255473231617767e-01
5.56323699073192457e-01 1.25554392533160009e+00 -1.77350650749463046e-01
5.56323699073192457e-01 1.26831602335609817e+00 -1.89504547235339327e-01
5.56323699073192457e-01 1.28082469591175374e+00 -2.01845320950614276e-01
5.56323699073192457e-01 1.29291640541967090e+00 -2.14542161944416526e-01
5.56323699073192457e-01 1.30446270319631141e+00 -2.27751855849142731e-01
5.56323699073192457e-01 1.31536341252535194e+00 -2.41561327173351992e-01
5.56323699073192457e-01 1.32554593798524945e+00 -2.55963178977926198e-01
5.56323699073192457e-01 1.33496816067422452e+00 -2.70878230804156461e-01
5.56323699073192457e-01 1.34362525495717988e+00 -2.86206871470902124e-01
5.56323699073192457e-01 1.35155385751823864e+00 -3.01873691442432257e-01
5.56323699073192457e-01 1.35882622012059318e+00 -3.17839082858991262e-01
5.56323699073192457e-01 1.36553307562275950e+00 -3.34078565787686299e-01
5.56323699073192457e-01 1.37176225964829124e+00 -3.50554011309357261e-01
5.56323699073192457e-01 1.37758419805733778e+00 -3.67203422840893523e-01
5.56323699073192457e-01 1.38305184554077010e+00 -3.83957397978591131e-01
5.56323699073192457e-01 1.38821377669863200e+00 -4.00766953369765255e-01
5.56323699073192457e-01 1.39313103538930272e+00 -4.17618009713506932e-01
5.56323699073192457e-01 1.39788662581764922e+00 -4.34519312566282290e-01
5.56323699073192457e-01 1.40258221055333854e+00 -4.51472759482240360e-01
5.56323699073192457e-01 1.40732548186243367e+00 -4.68449630158649766e-01
5.56323699073192457e-01 1.41221745798162646e+00 -4.85391383920628972e-01
5.56323699073192457e-01 1.41734767954000751e+00 -5.02233687678856455e-01
5.56323699073192457e-01 1.42279816964827832e+00 -5.18933562830194761e-01
5.56323699073192457e-01 1.42864956106669605e+00 -5.35477248376202475e-01
5.56323699073192457e-01 1.43498079416499769e+00 -5.51862416814084211e-01
5.56323699073192457e-01 1.44185916786369850e+00 -5.68069704190801605e-01
5.56323699073192457e-01 1.44932674441479370e+00 -5.84047588783561222e-01
5.56323699073192457e-01 1.45739538084720244e+00 -5.99723473546868946e-01
5.56323699073192457e-01 1.46606052434959278e+00 -6.15030560922362524e-01
5.56323699073192457e-01 1.47533318373351219e+00 -6.29923110402535569e-01
5.56323699073192457e-01 1.48527596232542614e+00 -6.44356471881735393e-01
5.56323699073192457e-01 1.49602128966459746e+00 -6.58232248741440040e-01
5.56323699073192457e-01 1.50775416558134534e+00 -6.71337145078496733e-01
5.56323699073192457e-01 1.52065741368976659e+00 -6.83316490329935022e-01
5.56323699073192457e-01 1.53483722093553809e+00 -6.93710202089618089e-01
5.56323699073192457e-01 1.55025994913758725e+00 -7.02047127199655230e-01
5.56323699073192457e-01 1.56672985158013667e+00 -7.07962379740776138e-01
5.56323699073192457e-01 1.58392086223467232e+00 -7.11289741583682411e-01
5.56323699073192457e-01 1.60145171350160354e+00 -7.12093453062974779e-01
5.56323699073192457e-01 1.61897430505786688e+00 -7.10632112206681210e-01
5.56323699073192457e-01 1.63624039331079629e+00 -7.07275512561633790e-01
5.56323699073192457e-01 1.65312359096404538e+00 -7.02409606886470139e-01
5.56323699073192457e-01 1.66959573432126174e+00 -6.96361732038358050e-01
5.56323699073192457e-01 1.68567707128241495e+00 -6.89363484163839524e-01
5.56323699073192457e-01 1.70138809874987240e+00 -6.81551554504595036e-01
5.56323699073192457e-01 1.71672409688315075e+00 -6.72994527916984331e-01
5.56323699073192457e-01 1.73165695420682231e+00 -6.63728635304714043e-01
5.56323699073192457e-01 1.74615315389427384e+00 -6.53786968645227007e-01
5.56323699073192457e-01 1.76019064051204954e+00 -6.43212843645719956e-01
5.56323699073192457e-01 1.77376280787171114e+00 -6.32056649149022487e-01
5.56323699073192457e-01 1.78686970731846384e+00 -6.20363659571848136e-01
5.56323699073192457e-01 1.79950606616675146e+00 -6.08164195463273494e-01
5.56323699073192457e-01 1.81165672915473697e+00 -5.95474663108899849e-01
5.56323699073192457e-01 1.82330304913823604e+00 -5.82309544784473609e-01
5.56323699073192457e-01 1.83443459269156284e+00 -5.68695660030388295e-01
5.56323699073192457e-01 1.84505633726991025e+00 -5.54677387292823898e-01
5.56323699073192457e-01 1.85518523725696816e+00 -5.40307646006855657e-01
5.56323699073192457e-01 1.86483848318351675e+00 -5.25630342848048326e-01
5.56323699073192457e-01 1.87402233490694314e+00 -5.10667399929602528e-01
5.56323699073192457e-01 1.88273002908522158e+00 -4.95421016797475244e-01
5.56323699073192457e-01 1.89095028172366275e+00 -4.79890480969633160e-01
5.56323699073192457e-01 1.89867973738834750e+00 -4.64091048403626250e-01
5.56323699073192457e-01 1.90592967957628634e+00 -4.48059800115216622e-01
5.56323699073192457e-01 1.91272179200698833e+00 -4.31842920405805408e-01
5.56323699073192457e-01 1.91907633015701351e+00 -4.15473726969756096e-01
5.56323699073192457e-01 1.92500209232417974e+00 -3.98959154157619289e-01
5.56323699073192457e-01 1.93049631345525818e+00 -3.82286739057331848e-01
5.56323699073192457e-01 1.93555488752532678e+00 -3.65447975582885443e-01
5.56323699073192457e-01 1.94018505865083846e+00 -3.48459759900826449e-01
5.56323699073192457e-01 1.94441039039307650e+00 -3.31365554798097484e-01
5.56323699073192457e-01 1.94826344883540470e+00 -3.14213228022331481e-01
5.56323699073192457e-01 1.95177106945253875e+00 -2.97025898759460505e-01
5.56323699073192457e-01 1.95494304575915501e+00 -2.79789721381306311e-01
5.56323699073192457e-01 1.95777275860395128e+00 -2.62470801186035274e-01
5.56323699073192457e-01 1.96024915536834832e+00 -2.45050191010098950e-01
5.56323699073192457e-01 1.96237048274517711e+00 -2.27549371476460399e-01
5.56323699073192457e-01 1.96414839926175322e+00 -2.10023346677472272e-01
5.56323699073192457e-01 1.96559832675994639e+00 -1.92523017917971828e-01
5.56323699073192457e-01 1.96672292047826658e+00 -1.75054817116045897e-01
5.56323699073192457e-01 1.96750182515378147e+00 -1.57572093666428409e-01
5.56323699073192457e-01 1.96789708616021208e+00 -1.40011466853840832e-01
5.56323699073192457e-01 1.96787187721718460e+00 -1.22351878647048662e-01
5.56323699073192457e-01 1.96740910133092561e+00 -1.04651111319647785e-01
5.56323699073192457e-01 1.96651464140614851e+00 -8.70241444982764040e-02
5.56323699073192457e-01 1.96519987031256727e+00 -6.95668953812501600e-02
5.56323699073192457e-01 1.96345316648584056e+00 -5.22714252590870954e-02
5.56323699073192457e-01 1.96121986296221351e+00 -3.49929782962439470e-02
5.56323699073192457e-01 1.95840674779952217e+00 -1.75015167101504436e-02
5.72686160810639278e-01 1.94423829391430636e+00 4.39787242599372526e-04
5.72686160810639278e-01 1.93993323694550268e+00 1.85142127925354387e-02
5.72686160810639278e-01 1.93489156313794108e+00 3.69722033912011777e-02
5.72686160810639278e-01 1.92915907409151166e+00 5.55511034673891388e-02
5.72686160810639278e-01 1.92281086445773552e+00 7.39686198148912788e-02
5.72686160810639278e-01 1.91591033227834195e+00 9.20425268698079752e-02
5.72686160810639278e-01 1.90848185911882018e+00 1.09738682103323520e-01
5.72686160810639278e-01 1.90051048736242745e+00 1.27128947652178609e-01
5.72686160810639278e-01 1.89196384390731120e+00 1.44297952783012107e-01
5.72686160810639278e-01 1.88281864956710887e+00 1.61264546200590830e-01
5.72686160810639278e-01 1.87307438038372598e+00 1.77964954420071264e-01
5.72686160810639278e-01 1.86274832104065369e+00 1.94297054063247016e-01
5.72686160810639278e-01 1.85186004221197331e+00 2.10184143127163076e-01
5.72686160810639278e-01 1.84041949102297941e+00 2.25609796019240444e-01
5.72686160810639278e-01 1.82842810497051933e+00 2.40603755068919706e-01
5.72686160810639278e-01 1.81589143432886324e+00 2.55198059108890873e-01
5.72686160810639278e-01 1.80283326127434296e+00 2.69392833832799328e-01
5.72686160810639278e-01 1.78930091274322223e+00 2.83159182786095642e-01
5.72686160810639278e-01 1.77535851490016761e+00 2.96474398175474330e-01
5.72686160810639278e-01 1.76107326939699438e+00 3.09358561645437125e-01
5.72686160810639278e-01 1.74650330041482382e+00 3.21881322735308284e-01
5.72686160810639278e-01 1.73169256887253131e+00 3.34131926316995953e-01
5.72686160810639278e-01 1.71667223785340162e+00 3.46174318459757047e-01
5.72686160810639278e-01 1.70146391587359691e+00 3.58019988824934188e-01
5.72686160810639278e-01 1.68608104118478730e+00 3.69636693185291965e-01
5.72686160810639278e-01 1.67052858637764667e+00 3.80983771874695398e-01
5.72686160810639278e-01 1.65480414465710024e+00 3.92046062638442716e-01
5.72686160810639278e-01 1.63890256495713160e+00 4.02842077444449165e-01
5.72686160810639278e-01 1.62282258349227737e+00 4.13403833758749450e-01
5.72686160810639278e-01 1.60657099969487627e+00 4.23747559994505085e-01
5.72686160810639278e-01 1.59016087265108430e+00 4.33859601454367805e-01
5.72686160810639278e-01 1.57360459449871182e+00 4.43707540171283221e-01
5.72686160810639278e-01 1.55690697152466906e+00 4.53265493074006320e-01
5.72686160810639278e-01 1.54006385968106874e+00 4.62531928638913958e-01
5.72686160810639278e-01 1.52306776845494141e+00 4.71525932244034829e-01
5.72686160810639278e-01 1.50591629237787927e+00 4.80266390126710796e-01
5.72686160810639278e-01 1.48861674919433984e+00 4.88752355755977308e-01
5.72686160810639278e-01 1.47118317525549958e+00 4.96960871010188765e-01
5.72686160810639278e-01 1.45362781712477918e+00 5.04863114738790530e-01
5.72686160810639278e-01 1.43595373274745253e+00 5.12444257689999350e-01
5.72686160810639278e-01 1.41815442022688831e+00 5.19709747983739256e-01
5.72686160810639278e-01 1.40022094674966913e+00 5.26672823247279265e-01
5.72686160810639278e-01 1.38215111647430566e+00 5.33334392253828282e-01
5.72686160810639278e-01 1.36395354857073925e+00 5.39673186582097175e-01
5.72686160810639278e-01 1.34564355671832669e+00 5.45655585161887169e-01
5.72686160810639278e-01 1.32723429674742932e+00 5.51257951726881634e-01
5.72686160810639278e-01 1.30873051559588172e+00 5.56483659331468594e-01
5.72686160810639278e-01 1.29013019225787207e+00 5.61361226680448855e-01
5.72686160810639278e-01 1.27143290963208067e+00 5.65925646305774799e-01
5.72686160810639278e-01 1.25264805686641911e+00 5.70198874757699592e-01
5.72686160810639278e-01 1.23379565772187783e+00 5.74185754621342803e-01
5.72686160810639278e-01 1.21489825077317670e+00 5.77887881497197831e-01
5.72686160810639278e-01 1.19596952171048532e+00 5.81321632865288485e-01
5.72686160810639278e-01 1.17700847526007490e+00 5.84521765276447058e-01
5.72686160810639278e-01 1.15800407286977025e+00 5.87523335676609970e-01
5.72686160810639278e-01 1.13894713245160206e+00 5.90333186553049005e-01
5.72686160810639278e-01 1.11984018255208850e+00 5.92912205012549154e-01
5.72686160810639278e-01 1.10069702259011382e+00 5.95181761060093018e-01
5.72686160810639278e-01 1.08153181245399765e+00 5.97047565478250997e-01
5.72686160810639278e-01 1.06234689003507432e+00 5.98418151440745505e-01
5.72686160810639278e-01 1.04313190857416171e+00 5.99197699826533148e-01
5.72686160810639278e-01 1.02388085899702430e+00 5.99254035508212657e-01
5.72686160810639278e-01 1.00462139234112491e+00 5.98386692888350114e-01
5.72686160810639278e-01 9.85440727576333164e-01 5.96327183945882688e-01
5.72686160810639278e-01 9.66491815620124428e-01 5.92785770670585022e-01
5.72686160810639278e-01 9.47973845731785891e-01 5.87527072621272572e-01
5.72686160810639278e-01 9.30096715840373123e-01 5.80433729641625318e-01
5.72686160810639278e-01 9.13049939711262359e-01 5.71521193738758093e-01
5.72686160810639278e-01 8.96995170184907709e-01 5.60896640733089202e-01
5.72686160810639278e-01 8.82087860554410352e-01 5.48690812702726682e-01
5.72686160810639278e-01 8.68515026112520516e-01 5.35008176374481614e-01
5.72686160810639278e-01 8.56523471950498050e-01 5.19926314210928164e-01
5.72686160810639278e-01 8.46414154448248301e-01 5.03540223781196450e-01
5.72686160810639278e-01 8.38493892948209196e-01 4.86016042767593137e-01
5.72686160810639278e-01 8.32997851976253534e-01 4.67613015318133485e-01
5.72686160810639278e-01 8.30013534118468566e-01 4.48654994466270107e-01
5.72686160810639278e-01 8.29440059202260382e-01 4.29466350789720397e-01
5.72686160810639278e-01 8.31002951899394882e-01 4.10308181669711614e-01
5.72686160810639278e-01 8.34320646370746433e-01 3.91346263891244661e-01
5.72686160810639278e-01 8.38996085070357056e-01 3.72658420062705775e-01
5.72686160810639278e-01 8.44696514620291161e-01 3.54264867961376129e-01
5.72686160810639278e-01 8.51192123271868550e-01 3.36157318507498082e-01
5.72686160810639278e-01 8.58345697178290457e-01 3.18313316110524158e-01
5.72686160810639278e-01 8.66069744090592009e-01 3.00699515443523802e-01
5.72686160810639278e-01 8.74281641654222397e-01 2.83276117802644833e-01
5.72686160810639278e-01 8.82883853490721293e-01 2.66008922930827341e-01
5.72686160810639278e-01 8.91777581625650684e-01 2.48883001437197188e-01
5.72686160810639278e-01 9.00895740621093566e-01 2.31906005237303314e-01
5.72686160810639278e-01 9.10228627941062296e-01 2.15096162391147622e-01
5.72686160810639278e-01 9.19820937624676871e-01 1.98463986482116161e-01
5.72686160810639278e-01 9.29738473049000147e-01 1.82004286963752121e-01
5.72686160810639278e-01 9.40024208031850161e-01 1.65707622415874778e-01
5.72686160810639278e-01 9.50671849388428081e-01 1.49582604490941240e-01
5.72686160810639278e-01 9.61634375743733005e-01 1.33667545176496039e-01
5.72686160810639278e-01 9.72861510580382283e-01 1.18014845435492011e-01
5.72686160810639278e-01 9.84339243783417084e-01 1.02653174711819173e-01
5.72686160810639278e-01 9.96100982457990725e-01 8.75547256111189609e-02
5.72686160810639278e-01 1.00819737817045030e+00 7.26382674767585002e-02
5.72686160810639278e-01 1.02063989385433307e+00 5.78167798336813518e-02
5.72686160810639278e-01 1.03335343842243432e+00 4.30645555558641854e-02
5.72686160810639278e-01 1.04617173524836304e+00 2.84579422518544782e-02
5.72686160810639278e-01 1.05888520567503375e+00 1.41545209804246515e-02
5.72686160810639278e-01 1.07131941289196320e+00 3.13764604592332429e-04
5.72686160810639278e-01 1.08340253935733677e+00 -1.29968877001047575e-02
5.72686160810639278e-01 1.09518560298106693e+00 -2.58522586514606106e-02
5.72686160810639278e-01 1.10680608838987293e+00 -3.84419962430300605e-02
5.72686160810639278e-01 1.11841758023069016e+00 -5.09796807918127329e-02
5.72686160810639278e-01 1.13012526150592874e+00 -6.36025632055163270e-02
5.72686160810639278e-01 1.14196001569799366e+00 -7.63205664120530231e-02
5.72686160810639278e-01 1.15389823640302969e+00 -8.90396970226549900e-02
5.72686160810639278e-01 1.16590730316128011e+00 -1.01637033693087978e-01
5.72686160810639278e-01 1.17798462783618607e+00 -1.14034855244346908e-01
5.72686160810639278e-01 1.19016688343667654e+00 -1.26229123381487035e-01
5.72686160810639278e-01 1.20250758600231356e+00 -1.38264505646235797e-01
5.72686160810639278e-01 1.21504054455853350e+00 -1.50186410346772881e-01
5.72686160810639278e-01 1.22775211833781817e+00 -1.62012932662508324e-01
5.72686160810639278e-01 1.24057559548236873e+00 -1.73749267661797019e-01
5.72686160810639278e-01 1.25340515699562993e+00 -1.85431273985747630e-01
5.72686160810639278e-01 1.26611633943260538e+00 -1.97161017274694095e-01
5.72686160810639278e-01 1.27858067789192864e+00 -2.09102446671638686e-01
5.72686160810639278e-01 1.29067142850760286e+00 -2.21434608857215331e-01
5.72686160810639278e-01 1.30226646364221188e+00 -2.34290380907586138e-01
5.72686160810639278e-01 1.31325640815264677e+00 -2.47718226117130541e-01
5.72686160810639278e-01 1.32356008263911451e+00 -2.61687227816644052e-01
5.72686160810639278e-01 1.33314089611005215e+00 -2.76125772248821955e-01
5.72686160810639278e-01 1.34201407403661976e+00 -2.90964043953152562e-01
5.72686160810639278e-01 1.35023864643771607e+00 -3.06153455653786322e-01
5.72686160810639278e-01 1.35789702848226379e+00 -3.21657622592673331e-01
5.72686160810639278e-01 1.36507236614054484e+00 -3.37431619103199687e-01
5.72686160810639278e-01 1.37183455638434415e+00 -3.53412360446613116e-01
5.72686160810639278e-01 1.37823984798942512e+00 -3.69530115387248559e-01
5.72686160810639278e-01 1.38434063414037500e+00 -3.85731354050594943e-01
5.72686160810639278e-01 1.39019698386656754e+00 -4.01992877274039373e-01
5.72686160810639278e-01 1.39588234940044109e+00 -4.18314272891466721e-01
5.72686160810639278e-01 1.40148119165804053e+00 -4.34693664320504880e-01
5.72686160810639278e-01 1.40708182905893753e+00 -4.51105471912796652e-01
5.72686160810639278e-01 1.41277002338922575e+00 -4.67497354881094118e-01
5.72686160810639278e-01 1.41862687467695170e+00 -4.83808102575998544e-01
5.72686160810639278e-01 1.42473053195230093e+00 -4.99991551982911397e-01
5.72686160810639278e-01 1.43115807483250390e+00 -5.16027027656135284e-01
5.72686160810639278e-01 1.43798367917653991e+00 -5.31907920657529565e-01
5.72686160810639278e-01 1.44527185824542936e+00 -5.47617893884714380e-01
5.72686160810639278e-01 1.45306856412534913e+00 -5.63114478278154862e-01
5.72686160810639278e-01 1.46139603226390502e+00 -5.78334027120379957e-01
5.72686160810639278e-01 1.47025755691628168e+00 -5.93214120881994655e-01
5.72686160810639278e-01 1.47965496178560452e+00 -6.07713063858080993e-01
5.72686160810639278e-01 1.48961496632955526e+00 -6.21803995386222330e-01
5.72686160810639278e-01 1.50021343502282445e+00 -6.35436146240816790e-01
5.72686160810639278e-01 1.51158262193950410e+00 -6.48478562899910682e-01
5.72686160810639278e-01 1.52388973535784222e+00 -6.60677314533830051e-01
5.72686160810639278e-01 1.53728632281978972e+00 -6.71655449255756043e-01
5.72686160810639278e-01 1.55184324631745119e+00 -6.80966400977261244e-01
5.72686160810639278e-01 1.56749756227026493e+00 -6.88186589211008837e-01
5.72686160810639278e-01 1.58403763207660164e+00 -6.93014759911009581e-01
5.72686160810639278e-01 1.60113866228559876e+00 -6.95342457455563667e-01
5.72686160810639278e-01 1.61843815550808356e+00 -6.95271832024428327e-01
5.72686160810639278e-01 1.63562114804228553e+00 -6.93077130826605159e-01
5.72686160810639278e-01 1.65247996043939072e+00 -6.89125950853676339e-01
5.72686160810639278e-01 1.66892623767976467e+00 -6.83788669311281350e-01
5.72686160810639278e-01 1.68495741109751762e+00 -6.77365916056229200e-01
5.72686160810639278e-01 1.70060153393679858e+00 -6.70054639814360753e-01
5.72686160810639278e-01 1.71587141318156777e+00 -6.61956786617915016e-01
5.72686160810639278e-01 1.73074808057054019e+00 -6.53117298785733325e-01
5.72686160810639278e-01 1.74519300972419678e+00 -6.43567631156245268e-01
5.72686160810639278e-01 1.75917172345664108e+00 -6.33352525592525528e-01
5.72686160810639278e-01 1.77266855893605668e+00 -6.22530744953101234e-01
5.72686160810639278e-01 1.78568334304885989e+00 -6.11157482384338868e-01
5.72686160810639278e-01 1.79821622283301097e+00 -5.99266836336870390e-01
5.72686160810639278e-01 1.81025536801835307e+00 -5.86870286869466740e-01
5.72686160810639278e-01 1.82177832061835732e+00 -5.73973435030693424e-01
5.72686160810639278e-01 1.83276560626701901e+00 -5.60598303449733493e-01
5.72686160810639278e-01 1.84321490510652808e+00 -5.46793418278776033e-01
5.72686160810639278e-01 1.85314364398257414e+00 -5.32622795337308497e-01
5.72686160810639278e-01 1.86257730482193007e+00 -5.18141325063764091e-01
5.72686160810639278e-01 1.87153230356547184e+00 -5.03375255716384418e-01
5.72686160810639278e-01 1.88000674675141566e+00 -4.88323346147982618e-01
5.72686160810639278e-01 1.88798623631176299e+00 -4.72978560820901728e-01
5.72686160810639278e-01 1.89546007386069815e+00 -4.57353814914355894e-01
5.72686160810639278e-01 1.90243506855596478e+00 -4.41491335279817654e-01
5.72686160810639278e-01 1.90893609910925988e+00 -4.25447500325920880e-01
5.72686160810639278e-01 1.91499307186597179e+00 -4.09264487017687861e-01
5.72686160810639278e-01 1.92062466852910219e+00 -3.92951307853924903e-01
5.72686160810639278e-01 1.92583179428176332e+00 -3.76490271533697962e-01
5.72686160810639278e-01 1.93060591140004134e+00 -3.59864879049713815e-01
5.72686160810639278e-01 1.93494556034301768e+00 -3.43087254781247464e-01
5.72686160810639278e-01 1.93886774240758109e+00 -3.26202242051938707e-01
5.72686160810639278e-01 1.94240478080423462e+00 -3.09263177962251112e-01
5.72686160810639278e-01 1.94558875853640489e+00 -2.92297659671540699e-01
5.72686160810639278e-01 1.94843558177008735e+00 -2.75291457649310345e-01
5.72686160810639278e-01 1.95094115157782300e+00 -2.58205902363125073e-01
5.72686160810639278e-01 1.95309251963574981e+00 -2.41017300094219705e-01
5.72686160810639278e-01 1.95488475945358608e+00 -2.23747185931508219e-01
5.72686160810639278e-01 1.95632934259102309e+00 -2.06456554678042942e-01
5.72686160810639278e-01 1.95744632477731018e+00 -1.89204485000483008e-01
5.72686160810639278e-01 1.95824581228761119e+00 -1.72001718096617018e-01
5.72686160810639278e-01 1.95871362275723593e+00 -1.54798268301716363e-01
5.72686160810639278e-01 1.95881387531899520e+00 -1.37521454393750936e-01
5.72686160810639278e-01 1.95850840792437730e+00 -1.20141367277605410e-01
5.72686160810639278e-01 1.95777894470959835e+00 -1.02714218054006073e-01
5.72686160810639278e-01 1.95663387525937638e+00 -8.53629551477146920e-02
5.72686160810639278e-01 1.95509141423522981e+00 -6.81965738038144420e-02
5.72686160810639278e-01 1.95314832231304836e+00 -5.12165823122976496e-02
5.72686160810639278e-01 1.95075567681484641e+00 -3.42764407006191582e-02
5.72686160810639278e-01 1.94782081818070330e+00 -1.71316052143135750e-02
5.89048622548086209e-01 1.93439745764989546e+00 4.38923138136982835e-04
5.89048622548086209e-01 1.93001533806276560e+00 1.82632205095935481e-02
5.89048622548086209e-01 1.92492131018421930e+00 3.64842131181060195e-02
5.89048622548086209e-01 1.91915930408023683e+00 5.48340482661609507e-02
5.89048622548086209e-01 1.91280490982130513e+00 7.30268373835555179e-02
5.89048622548086209e-01 1.90592321634220974e+00 9.08804694573325106e-02
5.89048622548086209e-01 1.89853959950646578e+00 1.08364014821741461e-01
5.89048622548086209e-01 1.89063813688895199e+00 1.25552986859836596e-01
5.89048622548086209e-01 1.88218356970684897e+00 1.42533436799870378e-01
5.89048622548086209e-01 1.87314881433904201e+00 1.59322600834768596e-01
5.89048622548086209e-01 1.86352971174380322e+00 1.75853494267580818e-01
5.89048622548086209e-01 1.85334059447927779e+00 1.92021587080595107e-01
5.89048622548086209e-01 1.84259866240056502e+00 2.07750060251223417e-01
5.89048622548086209e-01 1.83131173998690455e+00 2.23024134196035312e-01
5.89048622548086209e-01 1.81947914779200559e+00 2.37874853069974940e-01
5.89048622548086209e-01 1.80710416589770406e+00 2.52333071318352864e-01
5.89048622548086209e-01 1.79420791655059797e+00 2.66394567913129043e-01
5.89048622548086209e-01 1.78083441899304207e+00 2.80024163265276071e-01
5.89048622548086209e-01 1.76704395185385765e+00 2.93193247918800193e-01
5.89048622548086209e-01 1.75290018420239280e+00 3.05918416477219846e-01
5.89048622548086209e-01 1.73845948899673441e+00 3.18269004485679907e-01
5.89048622548086209e-01 1.72376712581535529e+00 3.30336527179997341e-01
5.89048622548086209e-01 1.70885866026963185e+00 3.42188516543440235e-01
5.89048622548086209e-01 1.69376163323014728e+00 3.53840202514439262e-01
5.89048622548086209e-01 1.67849442766069079e+00 3.65262566845069969e-01
5.89048622548086209e-01 1.66306398275888268e+00 3.76417394400623107e-01
5.89048622548086209e-01 1.64746668451561873e+00 3.87291065781612431e-01
5.89048622548086209e-01 1.63169471447819570e+00 3.97902680532239039e-01
5.89048622548086209e-01 1.61574511066386672e+00 4.08284047851365850e-01
5.89048622548086209e-01 1.59962540709258727e+00 4.18450899411018540e-01
5.89048622548086209e-01 1.58335137275875870e+00 4.28389514222348944e-01
5.89048622548086209e-01 1.56693816698500465e+00 4.38068358880910835e-01
5.89048622548086209e-01 1.55039154623433140e+00 4.47463313190022027e-01
5.89048622548086209e-01 1.53370606338390125e+00 4.56574785292637841e-01
5.89048622548086209e-01 1.51687191181548808e+00 4.65423063531250070e-01
5.89048622548086209e-01 1.49988522339083152e+00 4.74026986713343146e-01
5.89048622548086209e-01 1.48275372598245392e+00 4.82384574723614845e-01
5.89048622548086209e-01 1.46549317978640548e+00 4.90471760776875154e-01
5.89048622548086209e-01 1.44811728415711927e+00 4.98259541505449044e-01
5.89048622548086209e-01 1.43062901271145937e+00 5.05734319991508641e-01
5.89048622548086209e-01 1.41302032363854835e+00 5.12903909510109002e-01
5.89048622548086209e-01 1.39528061109014390e+00 5.19784225656545140e-01
5.89048622548086209e-01 1.37740731304107467e+00 5.26378342841137492e-01
5.89048622548086209e-01 1.35941034605712185e+00 5.32666293039186778e-01
5.89048622548086209e-01 1.34130696163507368e+00 5.38615150770665907e-01
5.89048622548086209e-01 1.32311132497872208e+00 5.44202006267262228e-01
5.89048622548086209e-01 1.30482741784656309e+00 5.49431564854401033e-01
5.89048622548086209e-01 1.28645122341251383e+00 5.54334426679120251e-01
5.89048622548086209e-01 1.26798057058908054e+00 5.58948013014909484e-01
5.89048622548086209e-01 1.24942454265075864e+00 5.63296290232622288e-01
5.89048622548086209e-01 1.23080429167428984e+00 5.67384928262980925e-01
5.89048622548086209e-01 1.21214372108253743e+00 5.71214767698823400e-01
5.89048622548086209e-01 1.19345669511780472e+00 5.74799980287593937e-01
5.89048622548086209e-01 1.17474064877260753e+00 5.78172216303374564e-01
5.89048622548086209e-01 1.15598189101834525e+00 5.81363180659420276e-01
5.89048622548086209e-01 1.13716882270515396e+00 5.84376592937985828e-01
5.89048622548086209e-01 1.11830276976779608e+00 5.87170728342760295e-01
5.89048622548086209e-01 1.09939755034551956e+00 5.89665248401516795e-01
5.89048622548086209e-01 1.08046769948781352e+00 5.91765909056607087e-01
5.89048622548086209e-01 1.06151512332556930e+00 5.93384273298684151e-01
5.89048622548086209e-01 1.04252727966087422e+00 5.94431352999817753e-01
5.89048622548086209e-01 1.02349363244853131e+00 5.94784754062844256e-01
5.89048622548086209e-01 1.00443489436760713e+00 5.94253373956675768e-01
5.89048622548086209e-01 9.85429716769835928e-01 5.92572331847366685e-01
5.89048622548086209e-01 9.66623033224777162e-01 5.89444715535865527e-01
5.89048622548086209e-01 9.48210102543201150e-01 5.84615631594983531e-01
5.89048622548086209e-01 9.30404495499005058e-01 5.77939961532902724e-01
5.89048622548086209e-01 9.13407940748930947e-01 5.69406326233597659e-01
5.89048622548086209e-01 8.97398949819240843e-01 5.59106508377023470e-01
5.89048622548086209e-01 8.82545836746627677e-01 5.47173823470760157e-01
5.89048622548086209e-01 8.69034588688898713e-01 5.33731870377117001e-01
5.89048622548086209e-01 8.57091626075393354e-01 5.18884571968889485e-01
5.89048622548086209e-01 8.46981711409494631e-01 5.02747588814368318e-01
5.89048622548086209e-01 8.38972357577017269e-01 4.85492228103471368e-01
5.89048622548086209e-01 8.33272790336167857e-01 4.67365731166855536e-01
5.89048622548086209e-01 8.29969820660051538e-01 4.48669781000587908e-01
5.89048622548086209e-01 8.28987825548585411e-01 4.29707819117208012e-01
5.89048622548086209e-01 8.30092450992970798e-01 4.10730588425779752e-01
5.89048622548086209e-01 8.32940238315035164e-01 3.91906585272688901e-01
5.89048622548086209e-01 8.37156601925866051e-01 3.73324743286108318e-01
5.89048622548086209e-01 8.42411847022652704e-01 3.55016774847495886e-01
5.89048622548086209e-01 8.48466124870377536e-01 3.36980165997343872e-01
5.89048622548086209e-01 8.55169781313675270e-01 3.19191480201973965e-01
5.89048622548086209e-01 8.62428096696843394e-01 3.01613030356905898e-01
5.89048622548086209e-01 8.70156897531880635e-01 2.84201716938956683e-01
5.89048622548086209e-01 8.78257771460665748e-01 2.66923073845750258e-01
5.89048622548086209e-01 8.86626844164371875e-01 2.49763585047964809e-01
5.89048622548086209e-01 8.95187938085542645e-01 2.32731199665842353e-01
5.89048622548086209e-01 9.03923981695297640e-01 2.15842046869412441e-01
5.89048622548086209e-01 9.12881137124481268e-01 1.99103906781789908e-01
5.89048622548086209e-01 9.22138510831863822e-01 1.82511913309162055e-01
5.89048622548086209e-01 9.31760584810844783e-01 1.66062812973989782e-01
5.89048622548086209e-01 9.41762903687080266e-01 1.49776920026990307e-01
5.89048622548086209e-01 9.52113885257147907e-01 1.33706325713333601e-01
5.89048622548086209e-01 9.62770955296493258e-01 1.17915088967962128e-01
5.89048622548086209e-01 9.73724031831336267e-01 1.02439234515765504e-01
5.89048622548086209e-01 9.85011771206746323e-01 8.72549610110259777e-02
5.89048622548086209e-01 9.96692820823195214e-01 7.22844900683916880e-02
5.89048622548086209e-01 1.00878560805870587e+00 5.74457695890024655e-02
5.89048622548086209e-01 1.02121500068987703e+00 4.27191480437102838e-02
5.89048622548086209e-01 1.03380467567607037e+00 2.81855537690043831e-02
5.89048622548086209e-01 1.04632813782847567e+00 1.40030725363251875e-02
5.89048622548086209e-01 1.05859490291461422e+00 3.27021178467600654e-04
5.89048622548086209e-01 1.07052506199976505e+00 -1.27821844270387622e-02
5.89048622548086209e-01 1.08217087943147061e+00 -2.54066269792256327e-02
5.89048622548086209e-01 1.09367513024979823e+00 -3.77420689292986139e-02
5.89048622548086209e-01 1.10519269048788504e+00 -5.00077942602627154e-02
5.89048622548086209e-01 1.11682115492781464e+00 -6.23481587891523761e-02
5.89048622548086209e-01 1.12857670049733860e+00 -7.47824683088838676e-02
5.89048622548086209e-01 1.14042081832401032e+00 -8.72270887667458694e-02
5.89048622548086209e-01 1.15231272588343936e+00 -9.95675306271708305e-02
5.89048622548086209e-01 1.16425062763826603e+00 -1.11729913398491726e-01
5.89048622548086209e-01 1.17627776940506434e+00 -1.23708467768780694e-01
5.89048622548086209e-01 1.18845522582060426e+00 -1.35541014122356196e-01
5.89048622548086209e-01 1.20082392611280531e+00 -1.47261271037031127e-01
5.89048622548086209e-01 1.21338081374070095e+00 -1.58869671543675317e-01
5.89048622548086209e-01 1.22607947675662143e+00 -1.70346105702308598e-01
5.89048622548086209e-01 1.23884685347891521e+00 -1.81694148521741344e-01
5.89048622548086209e-01 1.25159870867002931e+00 -1.92982317799347769e-01
5.89048622548086209e-01 1.26424252854993990e+00 -2.04350293619886381e-01
5.89048622548086209e-01 1.27667068184026333e+00 -2.15973279528317075e-01
5.89048622548086209e-01 1.28875696795245265e+00 -2.28006204018713410e-01
5.89048622548086209e-01 1.30036797597444354e+00 -2.40540935388927790e-01
5.89048622548086209e-01 1.31138887359010137e+00 -2.53597725574126687e-01
5.89048622548086209e-01 1.32175098428427362e+00 -2.67147589680424291e-01
5.89048622548086209e-01 1.33144537693977694e+00 -2.81143899361450011e-01
5.89048622548086209e-01 1.34051493303120184e+00 -2.95541189515042935e-01
5.89048622548086209e-01 1.34903063708546012e+00 -3.10294436230704906e-01
5.89048622548086209e-01 1.35706650978969012e+00 -3.25349131998294128e-01
5.89048622548086209e-01 1.36468606826661643e+00 -3.40638059122605308e-01
5.89048622548086209e-01 1.37194364964601112e+00 -3.56091949342100145e-01
5.89048622548086209e-01 1.37889399812210511e+00 -3.71657003492001148e-01
5.89048622548086209e-01 1.38560008590679229e+00 -3.87304904212567191e-01
5.89048622548086209e-01 1.39213341919413680e+00 -4.03026317972024262e-01
5.89048622548086209e-01 1.39856846378266320e+00 -4.18812033932492778e-01
5.89048622548086209e-01 1.40497717660939192e+00 -4.34635764255408730e-01
5.89048622548086209e-01 1.41142818629055067e+00 -4.50451230516524803e-01
5.89048622548086209e-01 1.41799016523729682e+00 -4.66204813389031913e-01
5.89048622548086209e-01 1.42473507959437562e+00 -4.81852972362858012e-01
5.89048622548086209e-01 1.43173729448106579e+00 -4.97370367606578656e-01
5.89048622548086209e-01 1.43906806349657379e+00 -5.12742460530025923e-01
5.89048622548086209e-01 1.44678833477657531e+00 -5.27948913673629505e-01
5.89048622548086209e-01 1.45494347554905490e+00 -5.42951467229202622e-01
5.89048622548086209e-01 1.46356183891720537e+00 -5.57696455433570715e-01
5.89048622548086209e-01 1.47265751200514416e+00 -5.72130365384456496e-01
5.89048622548086209e-01 1.48223767983413413e+00 -5.86215476912971933e-01
5.89048622548086209e-01 1.49231561418937408e+00 -5.99929831789757451e-01
5.89048622548086209e-01 1.50292851522748938e+00 -6.13243672101082549e-01
5.89048622548086209e-01 1.51415421570519881e+00 -6.26078236309530967e-01
5.89048622548086209e-01 1.52611518086857290e+00 -6.38264440817469358e-01
5.89048622548086209e-01 1.53895815095266042e+00 -6.49522479246285478e-01
5.89048622548086209e-01 1.55280699922534637e+00 -6.59477450118272523e-01
5.89048622548086209e-01 1.56770219586507209e+00 -6.67713640727712554e-01
5.89048622548086209e-01 1.58355341060798227e+00 -6.73855740634320965e-01
5.89048622548086209e-01 1.60013203880103538e+00 -6.77653717831279589e-01
5.89048622548086209e-01 1.61711433525726256e+00 -6.79043417855627607e-01
5.89048622548086209e-01 1.63416067119296149e+00 -6.78160050140627302e-01
5.89048622548086209e-01 1.65099677119550869e+00 -6.75296845624083986e-01
5.89048622548086209e-01 1.66746125004352441e+00 -6.70821988042553441e-01
5.89048622548086209e-01 1.68350216494258875e+00 -6.65084616995993749e-01
5.89048622548086209e-01 1.69913273950160648e+00 -6.58345625805868195e-01
5.89048622548086209e-01 1.71437616006990545e+00 -6.50756718898032882e-01
5.89048622548086209e-01 1.72922988953237278e+00 -6.42386890858916870e-01
5.89048622548086209e-01 1.74366260144289131e+00 -6.33272335485119742e-01
5.89048622548086209e-01 1.75763441374090301e+00 -6.23457405928692698e-01
5.89048622548086209e-01 1.77111866006946372e+00 -6.13005514697758325e-01
5.89048622548086209e-01 1.78410785977780195e+00 -6.01981938614292056e-01
5.89048622548086209e-01 1.79660237144766022e+00 -5.90429591463831560e-01
5.89048622548086209e-01 1.80859449645542503e+00 -5.78361085958465693e-01
5.89048622548086209e-01 1.82006308087104784e+00 -5.65775160258187637e-01
5.89048622548086209e-01 1.83098348052922266e+00 -5.52684910133502072e-01
5.89048622548086209e-01 1.84134423341550502e+00 -5.39135190530677599e-01
5.89048622548086209e-01 1.85115602570540871e+00 -5.25194747132445516e-01
5.89048622548086209e-01 1.86044488935142471e+00 -5.10928610312940457e-01
5.89048622548086209e-01 1.86923452809789525e+00 -4.96372220661465413e-01
5.89048622548086209e-01 1.87753159978230477e+00 -4.81527825413282318e-01
5.89048622548086209e-01 1.88532551093216116e+00 -4.66386261233326549e-01
5.89048622548086209e-01 1.89260272377829342e+00 -4.50956911604697586e-01
5.89048622548086209e-01 1.89936406008804126e+00 -4.35281682167013684e-01
5.89048622548086209e-01 1.90563120786904117e+00 -4.19421254373975150e-01
5.89048622548086209e-01 1.91143734202642435e+00 -4.03424183275395642e-01
5.89048622548086209e-01 1.91680943638619405e+00 -3.87303795337722356e-01
5.89048622548086209e-01 1.92175634995021816e+00 -3.71042298986729135e-01
5.89048622548086209e-01 1.92627198122347210e+00 -3.54619799715929218e-01
5.89048622548086209e-01 1.93035061755888426e+00 -3.38045150595366606e-01
5.89048622548086209e-01 1.93400185288475090e+00 -3.21362910093647869e-01
5.89048622548086209e-01 1.93725291793646015e+00 -3.04629254479596656e-01
5.89048622548086209e-01 1.94013653636779404e+00 -2.87875325531136872e-01
5.89048622548086209e-01 1.94267416678499982e+00 -2.71088354001809195e-01
5.89048622548086209e-01 1.94486818035530340e+00 -2.54228196062932343e-01
5.89048622548086209e-01 1.94670910462196822e+00 -2.37268416236494917e-01
5.89048622548086209e-01 1.94819150696148724e+00 -2.20229215915617699e-01
5.89048622548086209e-01 1.94932467157980205e+00 -2.03173093810012667e-01
5.89048622548086209e-01 1.95012824059320411e+00 -1.86162521395193403e-01
5.89048622548086209e-01 1.95061551848936920e+00 -1.69211051008693325e-01
5.89048622548086209e-01 1.95077811626884956e+00 -1.52268992187561791e-01
5.89048622548086209e-01 1.95058576173544918e+00 -1.35261569055754566e-01
5.89048622548086209e-01 1.95000352513999875e+00 -1.18156321840598100e-01
5.89048622548086209e-01 1.94901404066088491e+00 -1.01008416909579624e-01
5.89048622548086209e-01 1.94762629889810501e+00 -8.39414564393058671e-02
5.89048622548086209e-01 1.94586091949388851e+00 -6.70649175236261302e-02
5.89048622548086209e-01 1.94371923656275558e+00 -5.03781897116713645e-02
5.89048622548086209e-01 1.94115732102602601e+00 -3.37291518885989849e-02
5.89048622548086209e-01 1.93808540566703891e+00 -1.68659529766946488e-02
6.05411084285533030e-01 1.92554368622758365e+00 4.13766491278726991e-04
6.05411084285533030e-01 1.92106616273358521e+00 1.80456405040860975e-02
6.05411084285533030e-01 1.91590134878605234e+00 3.60627369338649209e-02
6.05411084285533030e-01 1.91009131001051591e+00 5.41909286086854972e-02
6.05411084285533030e-01 1.90371124102349754e+00 7.21491236487606935e-02
6.05411084285533030e-01 1.89682767647426331e+00 8.97677290174372505e-02
6.05411084285533030e-01 1.88946812651591434e+00 1.07028876810458751e-01
6.05411084285533030e-01 1.88161765462096664e+00 1.24015077880206895e-01
6.05411084285533030e-01 1.87323962240593689e+00 1.40811059868195088e-01
6.05411084285533030e-01 1.86430340246283244e+00 1.57427329777489938e-01
6.05411084285533030e-01 1.85480051706682780e+00 1.73790390084684138e-01
6.05411084285533030e-01 1.84474177987759069e+00 1.89793828635588330e-01
6.05411084285533030e-01 1.83414242125520821e+00 2.05364083023659966e-01
6.05411084285533030e-01 1.82300941878751188e+00 2.20491533796876138e-01
6.05411084285533030e-01 1.81134119491306600e+00 2.35209921304231212e-01
6.05411084285533030e-01 1.79913895945418023e+00 2.49547869164374575e-01
6.05411084285533030e-01 1.78642014036274932e+00 2.63494807187130808e-01
6.05411084285533030e-01 1.77322379556888210e+00 2.77008161976491585e-01
6.05411084285533030e-01 1.75960489195498537e+00 2.90053876422114665e-01
6.05411084285533030e-01 1.74562254652634974e+00 3.02646105445814273e-01
6.05411084285533030e-01 1.73133034628435700e+00 3.14853770798392718e-01
6.05411084285533030e-01 1.71677320477459316e+00 3.26768375543796563e-01
6.05411084285533030e-01 1.70198889937819908e+00 3.38457163519467696e-01
6.05411084285533030e-01 1.68700913437442246e+00 3.49935541564998787e-01
6.05411084285533030e-01 1.67185714332967361e+00 3.61176384800482420e-01
6.05411084285533030e-01 1.65654390869025647e+00 3.72145455519491020e-01
6.05411084285533030e-01 1.64106799492023048e+00 3.82834043591557815e-01
6.05411084285533030e-01 1.62542180494242405e+00 3.93265099311955468e-01
6.05411084285533030e-01 1.60960151936970797e+00 4.03471840890288980e-01
6.05411084285533030e-01 1.59361399927956615e+00 4.13469220407489957e-01
6.05411084285533030e-01 1.57747535340580969e+00 4.23242219524413266e-01
6.05411084285533030e-01 1.56120199103783008e+00 4.32759289606996667e-01
6.05411084285533030e-01 1.54480097276683881e+00 4.41998169160674137e-01
6.05411084285533030e-01 1.52826731023714579e+00 4.50962030121064505e-01
6.05411084285533030e-01 1.51159057263637475e+00 4.59673162112664291e-01
6.05411084285533030e-01 1.49476577810172118e+00 4.68150627514474726e-01
6.05411084285533030e-01 1.47779999269296258e+00 4.76391295252784452e-01
6.05411084285533030e-01 1.46070931055894682e+00 4.84370008474048708e-01
6.05411084285533030e-01 1.44350848803716514e+00 4.92058026793081971e-01
6.05411084285533030e-01 1.42620142276571982e+00 4.99443518710120660e-01
6.05411084285533030e-01 1.40878011798685643e+00 5.06536529340395392e-01
6.05411084285533030e-01 1.39123309576350285e+00 5.13354354754372300e-01
6.05411084285533030e-01 1.37355670023323828e+00 5.19900089452547176e-01
6.05411084285533030e-01 1.35576039418007155e+00 5.26153124521648974e-01
6.05411084285533030e-01 1.33786193417074184e+00 5.32080548802933873e-01
6.05411084285533030e-01 1.31987643925418463e+00 5.37660962060302339e-01
6.05411084285533030e-01 1.30180832827180382e+00 5.42901711228592876e-01
6.05411084285533030e-01 1.28365283660680607e+00 5.47835801342691053e-01
6.05411084285533030e-01 1.26540604245034238e+00 5.52501404303239574e-01
6.05411084285533030e-01 1.24707522522933778e+00 5.56921103994232336e-01
6.05411084285533030e-01 1.22868072245467252e+00 5.61097813938656431e-01
6.05411084285533030e-01 1.21024696693800404e+00 5.65029671659554533e-01
6.05411084285533030e-01 1.19178905236026833e+00 5.68729303902107963e-01
6.05411084285533030e-01 1.17330510437562374e+00 5.72228057412382252e-01
6.05411084285533030e-01 1.15478061027784906e+00 5.75557695661975566e-01
6.05411084285533030e-01 1.13620166234513009e+00 5.78721270735104931e-01
6.05411084285533030e-01 1.11756690381182744e+00 5.81675325761696227e-01
6.05411084285533030e-01 1.09888861874615795e+00 5.84337712923551966e-01
6.05411084285533030e-01 1.08018180602808922e+00 5.86614437153817558e-01
6.05411084285533030e-01 1.06145016306002349e+00 5.88421699314176871e-01
6.05411084285533030e-01 1.04268204952932098e+00 5.89680647667892188e-01
6.05411084285533030e-01 1.02386417237976679e+00 5.90283111648274184e-01
6.05411084285533030e-01 1.00500917701625814e+00 5.90051902828645169e-01
6.05411084285533030e-01 9.86183335292411534e-01 5.88729337345717640e-01
6.05411084285533030e-01 9.67518957822904535e-01 5.86013050921216916e-01
6.05411084285533030e-01 9.49204265369101852e-01 5.81627792498106699e-01
6.05411084285533030e-01 9.31456130571943541e-01 5.75396917174314293e-01
6.05411084285533030e-01 9.14490459248090803e-01 5.67275846708870102e-01
6.05411084285533030e-01 8.98505470424602271e-01 5.57333319062932264e-01
6.05411084285533030e-01 8.83684761896173732e-01 5.45698464738607392e-01
6.05411084285533030e-01 8.70214881347961211e-01 5.32510395546598070e-01
6.05411084285533030e-01 8.58302936652133308e-01 5.17900059874791263e-01
6.05411084285533030e-01 8.48178297169901230e-01 5.02008060706891857e-01
6.05411084285533030e-01 8.40069308791751790e-01 4.85016368833385003e-01
6.05411084285533030e-01 8.34157991601155557e-01 4.67164125322546975e-01
6.05411084285533030e-01 8.30527606033888866e-01 4.48731500719017629e-01
6.05411084285533030e-01 8.29124390879891093e-01 4.29998819182053904e-01
6.05411084285533030e-01 8.29752156102947835e-01 4.11203490316456421e-01
6.05411084285533030e-01 8.32106647093562968e-01 3.92515237694395225e-01
6.05411084285533030e-01 8.35839852631523716e-01 3.74035110843539631e-01
6.05411084285533030e-01 8.40630290023273385e-01 3.55809039554911943e-01
6.05411084285533030e-01 8.46231590864949812e-01 3.37842909558650706e-01
6.05411084285533030e-01 8.52481939178366233e-01 3.20113388473271476e-01
6.05411084285533030e-01 8.59277018629275524e-01 3.02577918727753192e-01
6.05411084285533030e-01 8.66528382103957995e-01 2.85189101625434205e-01
6.05411084285533030e-01 8.74135886527025674e-01 2.67911990172375991e-01
6.05411084285533030e-01 8.81992006860090494e-01 2.50735267182561505e-01
6.05411084285533030e-01 8.90013431519380838e-01 2.33667905097243167e-01
6.05411084285533030e-01 8.98175633188181943e-01 2.16723131781304451e-01
6.05411084285533030e-01 9.06522718046332443e-01 1.99903066888300979e-01
6.05411084285533030e-01 9.15141084048569309e-01 1.83199043820869018e-01
6.05411084285533030e-01 9.24110929111020551e-01 1.66610578975448287e-01
6.05411084285533030e-01 9.33466663187763945e-01 1.50168511301694008e-01
6.05411084285533030e-01 9.43192783562731063e-01 1.33939829796318632e-01
6.05411084285533030e-01 9.53257393977377965e-01 1.18002265514952659e-01
6.05411084285533030e-01 9.63657581470177549e-01 1.02400394978349005e-01
6.05411084285533030e-01 9.74439586232515698e-01 8.71141392405884313e-02
6.05411084285533030e-01 9.85671896598130481e-01 7.20682785804555720e-02
6.05411084285533030e-01 9.97382425829530628e-01 5.71858235604724013e-02
6.05411084285533030e-01 1.00949955133641156e+00 4.24551367039185668e-02
6.05411084285533030e-01 1.02184020443282342e+00 2.79648137017946864e-02
6.05411084285533030e-01 1.03416190399394448e+00 1.38757732098514896e-02
6.05411084285533030e-01 1.04625559031130622e+00 3.39228161665710724e-04
6.05411084285533030e-01 1.05802859895654588e+00 -1.25934272811404121e-02
6.05411084285533030e-01 1.06953091861141414e+00 -2.50135641033865513e-02
6.05411084285533030e-01 1.08091125074494965e+00 -3.71227476455776167e-02
6.05411084285533030e-01 1.09233091032393403e+00 -4.91424975505733164e-02
6.05411084285533030e-01 1.10388659368968800e+00 -6.12192459933612806e-02
6.05411084285533030e-01 1.11558351711247439e+00 -7.33781452390084715e-02
6.05411084285533030e-01 1.12736617045353094e+00 -8.55462472641591587e-02
6.05411084285533030e-01 1.13917846196928241e+00 -9.76216750025899055e-02
6.05411084285533030e-01 1.15101113106541075e+00 -1.09540147922102121e-01
6.05411084285533030e-01 1.16290877425357619e+00 -1.21298879021291148e-01
6.05411084285533030e-01 1.17493903061814997e+00 -1.32931768227119634e-01
6.05411084285533030e-01 1.18715047234516713e+00 -1.44463801751418319e-01
6.05411084285533030e-01 1.19954817090987165e+00 -1.55883463999547861e-01
6.05411084285533030e-01 1.21209802060779692e+00 -1.67154556060625098e-01
6.05411084285533030e-01 1.22474812071679606e+00 -1.78257997133042329e-01
6.05411084285533030e-01 1.23744505960606510e+00 -1.89232811383576005e-01
6.05411084285533030e-01 1.25013116535772051e+00 -2.00187569436683338e-01
6.05411084285533030e-01 1.26272747630234061e+00 -2.11275185707593849e-01
6.05411084285533030e-01 1.27512087322494971e+00 -2.22648002649967591e-01
6.05411084285533030e-01 1.28717194746381258e+00 -2.34419710099476930e-01
6.05411084285533030e-01 1.29874476421807228e+00 -2.46651352037937449e-01
6.05411084285533030e-01 1.30974299981202935e+00 -2.59359974704033047e-01
6.05411084285533030e-01 1.32013165668717503e+00 -2.72535149929542586e-01
6.05411084285533030e-01 1.32993318287056095e+00 -2.86149135577042912e-01
6.05411084285533030e-01 1.33920359308391923e+00 -3.00157531809113642e-01
6.05411084285533030e-01 1.34800563438718290e+00 -3.14498080276698677e-01
6.05411084285533030e-01 1.35639458664797030e+00 -3.29096770875193678e-01
6.05411084285533030e-01 1.36442049190629122e+00 -3.43882539405251209e-01
6.05411084285533030e-01 1.37213833458469536e+00 -3.58802408187288646e-01
6.05411084285533030e-01 1.37961400899230147e+00 -3.73826544265600968e-01
6.05411084285533030e-01 1.38692027569415677e+00 -3.88939508581734261e-01
6.05411084285533030e-01 1.39412685978179152e+00 -4.04124190424619778e-01
6.05411084285533030e-01 1.40129386634304898e+00 -4.19350100102999390e-01
6.05411084285533030e-01 1.40847418759643750e+00 -4.34573747628153539e-01
6.05411084285533030e-01 1.41572232074735593e+00 -4.49749199788566367e-01
6.05411084285533030e-01 1.42310141396535927e+00 -4.64839395623967422e-01
6.05411084285533030e-01 1.43068202326333194e+00 -4.79819115587679534e-01
6.05411084285533030e-01 1.43853313528844451e+00 -4.94667839270390652e-01
6.05411084285533030e-01 1.44671214673415860e+00 -5.09358863932513506e-01
6.05411084285533030e-01 1.45526057298965905e+00 -5.23853640138584487e-01
6.05411084285533030e-01 1.46420679960352929e+00 -5.38105771942149813e-01
6.05411084285533030e-01 1.47357164499891002e+00 -5.52071468728824066e-01
6.05411084285533030e-01 1.48337215044758608e+00 -5.65718163559441378e-01
6.05411084285533030e-01 1.49362394936022502e+00 -5.79023512753264691e-01
6.05411084285533030e-01 1.50434734755191957e+00 -5.91961684267484411e-01
6.05411084285533030e-01 1.51558075792826918e+00 -6.04479191321941944e-01
6.05411084285533030e-01 1.52739665354977316e+00 -6.16466281030206176e-01
6.05411084285533030e-01 1.53990621698774133e+00 -6.27732340899787244e-01
6.05411084285533030e-01 1.55323848396369213e+00 -6.37995868147406164e-01
6.05411084285533030e-01 1.56749197148275288e+00 -6.46900088894317715e-01
6.05411084285533030e-01 1.58267570101172605e+00 -6.54060903599660182e-01
6.05411084285533030e-01 1.59866934702622143e+00 -6.59142239159083876e-01
6.05411084285533030e-01 1.61522811391763144e+00 -6.61938216869449536e-01
6.05411084285533030e-01 1.63203665091568428e+00 -6.62430710157785430e-01
6.05411084285533030e-01 1.64878978509879537e+00 -6.60794414968221222e-01
6.05411084285533030e-01 1.66526276341022750e+00 -6.57341908220005822e-01
6.05411084285533030e-01 1.68134006210564824e+00 -6.52429452014271161e-01
6.05411084285533030e-01 1.69699579556487001e+00 -6.46364234948771599e-01
6.05411084285533030e-01 1.71224501663571771e+00 -6.39352091166883629e-01
6.05411084285533030e-01 1.72709742042336822e+00 -6.31501170914897658e-01
6.05411084285533030e-01 1.74153686437679722e+00 -6.22865688313418264e-01
6.05411084285533030e-01 1.75552922443505288e+00 -6.13494485825596070e-01
6.05411084285533030e-01 1.76904270462853797e+00 -6.03453548192689926e-01
6.05411084285533030e-01 1.78206069404265688e+00 -5.92815249445119430e-01
6.05411084285533030e-01 1.79457810073100221e+00 -5.81632378723860533e-01
6.05411084285533030e-01 1.80658762149989416e+00 -5.69923925484442040e-01
6.05411084285533030e-01 1.81807026518067105e+00 -5.57687036494169175e-01
6.05411084285533030e-01 1.82899947144416752e+00 -5.44926538854130005e-01
6.05411084285533030e-01 1.83935565757649244e+00 -5.31678443175945703e-01
6.05411084285533030e-01 1.84913879560842398e+00 -5.18008477899537412e-01
6.05411084285533030e-01 1.85836812382797301e+00 -5.03986792385927584e-01
6.05411084285533030e-01 1.86706870637845390e+00 -4.89659116885900858e-01
6.05411084285533030e-01 1.87525531716777216e+00 -4.75037397232269176e-01
6.05411084285533030e-01 1.88292624147770238e+00 -4.60117020611127692e-01
6.05411084285533030e-01 1.89007149573569877e+00 -4.44906071996031549e-01
6.05411084285533030e-01 1.89668838723200217e+00 -4.29442233387090311e-01
6.05411084285533030e-01 1.90279166428738233e+00 -4.13783104637101273e-01
6.05411084285533030e-01 1.90841018386472339e+00 -3.97977785592123434e-01
6.05411084285533030e-01 1.91357306481757039e+00 -3.82043496237980562e-01
6.05411084285533030e-01 1.91829666987566649e+00 -3.65967443098699496e-01
6.05411084285533030e-01 1.92258276709699838e+00 -3.49733455467300614e-01
6.05411084285533030e-01 1.92642886437536487e+00 -3.33351799171264840e-01
6.05411084285533030e-01 1.92984175986559992e+00 -3.16866727538438975e-01
6.05411084285533030e-01 1.93284293902184845e+00 -3.00333833814805162e-01
6.05411084285533030e-01 1.93546143487798239e+00 -2.83784572997254458e-01
6.05411084285533030e-01 1.93772026969630873e+00 -2.67207583135752547e-01
6.05411084285533030e-01 1.93962785873187582e+00 -2.50564438419719926e-01
6.05411084285533030e-01 1.94118138337673884e+00 -2.33829530442723893e-01
6.05411084285533030e-01 1.94237876722191882e+00 -2.17022155941082040e-01
6.05411084285533030e-01 1.94322825730884574e+00 -2.00202323904953017e-01
6.05411084285533030e-01 1.94374636207739959e+00 -1.83429725117418924e-01
6.05411084285533030e-01 1.94394492375556216e+00 -1.66716775746225815e-01
6.05411084285533030e-01 1.94381818691555508e+00 -1.50015765310682614e-01
6.05411084285533030e-01 1.94334209916574130e+00 -1.33256799433211087e-01
6.05411084285533030e-01 1.94248875320848735e+00 -1.16412762840309630e-01
6.05411084285533030e-01 1.94124574408621742e+00 -9.95407768825370132e-02
6.05411084285533030e-01 1.93962397888667470e+00 -8.27598295956120805e-02
6.05411084285533030e-01 1.93764417593758465e+00 -6.61680269858270775e-02
6.05411084285533030e-01 1.93530804456196837e+00 -4.97504333429016551e-02
6.05411084285533030e-01 1.93257347635835974e+00 -3.33440827445734486e-02
6.05411084285533030e-01 1.92935339419843155e+00 -1.66954873914229238e-02
6.21773546022979851e-01 1.91771943144389989e+00 4.24079175133404906e-04
6.21773546022979851e-01 1.91314525748322062e+00 1.78238284801120472e-02
6.21773546022979851e-01 1.90790834110133378e+00 3.56204550929138941e-02
6.21773546022979851e-01 1.90204661972733069e+00 5.35338206600806457e-02
6.21773546022979851e-01 1.89563178927202025e+00 7.12763705621138610e-02
6.21773546022979851e-01 1.88872978251764434e+00 8.86757148892352298e-02
6.21773546022979851e-01 1.88137082095895658e+00 1.05716923502290686e-01
6.21773546022979851e-01 1.87354430711656694e+00 1.22489769409783580e-01
6.21773546022979851e-01 1.86521693132789812e+00 1.39086533929646983e-01
6.21773546022979851e-01 1.85635848303393458e+00 1.55521535837384539e-01
6.21773546022979851e-01 1.84695788729686572e+00 1.71719918406939842e-01
6.21773546022979851e-01 1.83702184311518413e+00 1.87570709285220821e-01
6.21773546022979851e-01 1.82656185547485750e+00 2.02996409409465423e-01
6.21773546022979851e-01 1.81558260309832198e+00 2.17986988654989944e-01
6.21773546022979851e-01 1.80408126972698701e+00 2.32579221882364989e-01
6.21773546022979851e-01 1.79205755750215001e+00 2.46805212312881078e-01
6.21773546022979851e-01 1.77952581232199258e+00 2.60654487544857705e-01
6.21773546022979851e-01 1.76651999834736406e+00 2.74079172403296600e-01
6.21773546022979851e-01 1.75308865322957019e+00 2.87035686835258541e-01
6.21773546022979851e-01 1.73928456601217896e+00 2.99528096509541208e-01
6.21773546022979851e-01 1.72515666481271412e+00 3.11618574129619297e-01
6.21773546022979851e-01 1.71074800926051629e+00 3.23397188372752775e-01
6.21773546022979851e-01 1.69609769850824543e+00 3.34934331532682206e-01
6.21773546022979851e-01 1.68124143972437334e+00 3.46250630302861739e-01
6.21773546022979851e-01 1.66620790325002122e+00 3.57323732221209889e-01
6.21773546022979851e-01 1.65101329021551835e+00 3.68122541790437185e-01
6.21773546022979851e-01 1.63565967784320909e+00 3.78640163385703554e-01
6.21773546022979851e-01 1.62014056835016307e+00 3.88900968581878226e-01
6.21773546022979851e-01 1.60445123993743799e+00 3.98939768074698442e-01
6.21773546022979851e-01 1.58859696663968464e+00 4.08773105078899412e-01
6.21773546022979851e-01 1.57259306609108163e+00 4.18387048770461734e-01
6.21773546022979851e-01 1.55645672731418472e+00 4.27750473625760186e-01
6.21773546022979851e-01 1.54019698921510662e+00 4.36841334697234074e-01
6.21773546022979851e-01 1.52381082644541799e+00 4.45663530277333630e-01
6.21773546022979851e-01 1.50728856966574631e+00 4.54240905777274606e-01
6.21773546022979851e-01 1.49062447519544894e+00 4.62594481417666459e-01
6.21773546022979851e-01 1.47382407497598811e+00 4.70722599280267551e-01
6.21773546022979851e-01 1.45690240713607766e+00 4.78600453076655608e-01
6.21773546022979851e-01 1.43987446560611732e+00 4.86198686836244010e-01
6.21773546022979851e-01 1.42274545969486055e+00 4.93504759404019056e-01
6.21773546022979851e-01 1.40550870894767499e+00 5.00528842730833423e-01
6.21773546022979851e-01 1.38815296789659826e+00 5.07289470679341270e-01
6.21773546022979851e-01 1.37067346471109031e+00 5.13791506943290677e-01
6.21773546022979851e-01 1.35307796150796023e+00 5.20015686349304396e-01
6.21773546022979851e-01 1.33538312094534417e+00 5.25929441029511224e-01
6.21773546022979851e-01 1.31760424387597119e+00 5.31510933863568624e-01
6.21773546022979851e-01 1.29974679258523418e+00 5.36767028773457944e-01
6.21773546022979851e-01 1.28180669657715485e+00 5.41730703615023290e-01
6.21773546022979851e-01 1.26377931422090684e+00 5.46440261726872212e-01
6.21773546022979851e-01 1.24566976037930366e+00 5.50917628456049857e-01
6.21773546022979851e-01 1.22749589287181471e+00 5.55163494437403093e-01
6.21773546022979851e-01 1.20928085470951108e+00 5.59172475796859914e-01
6.21773546022979851e-01 1.19104037356694437e+00 5.62953824960878313e-01
6.21773546022979851e-01 1.17277445687584381e+00 5.66537435635890763e-01
6.21773546022979851e-01 1.15447004638446593e+00 5.69956337305617122e-01
6.21773546022979851e-01 1.13611282220695076e+00 5.73216651091199680e-01
6.21773546022979851e-01 1.11769911754898588e+00 5.76277740711431008e-01
6.21773546022979851e-01 1.09923855655811731e+00 5.79058548790470917e-01
6.21773546022979851e-01 1.08074513892285151e+00 5.81465198834204333e-01
6.21773546022979851e-01 1.06222395317033347e+00 5.83416254047991467e-01
6.21773546022979851e-01 1.04366546686661299e+00 5.84841280783184758e-01
6.21773546022979851e-01 1.02505564753723433e+00 5.85647869445129587e-01
6.21773546022979851e-01 1.00640026004464378e+00 5.85678290675892721e-01
6.21773546022979851e-01 9.87752175460320458e-01 5.84689703190288790e-01
6.21773546022979851e-01 9.69227701512863193e-01 5.82380476464698593e-01
6.21773546022979851e-01 9.51003533449627181e-01 5.78456548526286474e-01
6.21773546022979851e-01 9.33296226131253293e-01 5.72705599021703815e-01
6.21773546022979851e-01 9.16334766180953220e-01 5.65041500705338318e-01
6.21773546022979851e-01 9.00339073885148777e-01 5.55500475484278500e-01
6.21773546022979851e-01 8.85512454758959788e-01 5.44199946987360073e-01
6.21773546022979851e-01 8.72047387637059246e-01 5.31290788722411977e-01
6.21773546022979851e-01 8.60136277322332776e-01 5.16931198615919074e-01
6.21773546022979851e-01 8.49975528933767710e-01 5.01289884580768508e-01
6.21773546022979851e-01 8.41753799319494678e-01 4.84563941056871061e-01
6.21773546022979851e-01 8.35622566265159628e-01 4.66988458775584037e-01
6.21773546022979851e-01 8.31656544196978320e-01 4.48824359641258219e-01
6.21773546022979851e-01 8.29819137256941342e-01 4.30328656452333869e-01
6.21773546022979851e-01 8.29949998257914268e-01 4.11723120394917208e-01
6.21773546022979851e-01 8.31785347568101630e-01 3.93175648806762534e-01
6.21773546022979851e-01 8.35008219027590259e-01 3.74797431780832302e-01
6.21773546022979851e-01 8.39311056645057341e-01 3.56649038106176264e-01
6.21773546022979851e-01 8.44445396468046949e-01 3.38747550392733077e-01
6.21773546022979851e-01 8.50238696182760156e-01 3.21073486646179962e-01
6.21773546022979851e-01 8.56575565014076723e-01 3.03582156432112282e-01
6.21773546022979851e-01 8.63360526914058291e-01 2.86222389085905082e-01
6.21773546022979851e-01 8.70489611038101296e-01 2.68957414473302292e-01
6.21773546022979851e-01 8.77851013216301879e-01 2.51776453579737991e-01
6.21773546022979851e-01 8.85354274985811540e-01 2.34689030472369303e-01
6.21773546022979851e-01 8.92966277394385277e-01 2.17706408197032408e-01
6.21773546022979851e-01 9.00725716336788773e-01 2.00826066481333526e-01
6.21773546022979851e-01 9.08721357839173960e-01 1.84034767453146064e-01
6.21773546022979851e-01 9.17044789960342666e-01 1.67331336863826924e-01
6.21773546022979851e-01 9.25747782050782453e-01 1.50751959865899815e-01
6.21773546022979851e-01 9.34832877484148561e-01 1.34373993368055000e-01
6.21773546022979851e-01 9.44282847883935017e-01 1.18287170519754223e-01
6.21773546022979851e-01 9.54105434363018201e-01 1.02546365437546860e-01
6.21773546022979851e-01 9.64355681905757600e-01 8.71389436958675406e-02
6.21773546022979851e-01 9.75111156527573297e-01 7.19955684290587428e-02
6.21773546022979851e-01 9.86408520725302274e-01 5.70455831871828634e-02
6.21773546022979851e-01 9.98181009123750296e-01 4.22846589940525444e-02
6.21773546022979851e-01 1.01024257652840510e+00 2.78078662305702821e-02
6.21773546022979851e-01 1.02233911827479917e+00 1.37788621888591048e-02
6.21773546022979851e-01 1.03424525108423015e+00 3.46222089606839994e-04
6.21773546022979851e-01 1.04585420182332434e+00 -1.24455048423071785e-02
6.21773546022979851e-01 1.05720971329653968e+00 -2.46953538350129578e-02
6.21773546022979851e-01 1.06846272699324452e+00 -3.66101433114434313e-02
6.21773546022979851e-01 1.07978036133738153e+00 -4.84135160485444985e-02
6.21773546022979851e-01 1.09126146146817993e+00 -6.02531602274486919e-02
6.21773546022979851e-01 1.10290506886848627e+00 -7.21580165912081017e-02
6.21773546022979851e-01 1.11464212635147564e+00 -8.40632231612454539e-02
6.21773546022979851e-01 1.12640136520656098e+00 -9.58778697678209918e-02
6.21773546022979851e-01 1.13816319940624600e+00 -1.07547813822311100e-01
6.21773546022979851e-01 1.14996969294478757e+00 -1.19076173566266569e-01
6.21773546022979851e-01 1.16189175178307158e+00 -1.30497606988975445e-01
6.21773546022979851e-01 1.17398250426844442e+00 -1.41834231816069439e-01
6.21773546022979851e-01 1.18625013003109903e+00 -1.53069728269633137e-01
6.21773546022979851e-01 1.19866401272847600e+00 -1.64160523877162762e-01
6.21773546022979851e-01 1.21118154110553089e+00 -1.75074328102505228e-01
6.21773546022979851e-01 1.22376919275290019e+00 -1.85827920244362010e-01
6.21773546022979851e-01 1.23639952086925309e+00 -1.96499476920636185e-01
6.21773546022979851e-01 1.24902740200804918e+00 -2.07210498329532783e-01
6.21773546022979851e-01 1.26156682714019341e+00 -2.18092263143380455e-01
6.21773546022979851e-01 1.27389012677201152e+00 -2.29257720640007684e-01
6.21773546022979851e-01 1.28585515374845194e+00 -2.40790116205108262e-01
6.21773546022979851e-01 1.29734564741584579e+00 -2.52744612118406597e-01
6.21773546022979851e-01 1.30830098667561412e+00 -2.65151337184435010e-01
6.21773546022979851e-01 1.31871972746362798e+00 -2.78012557688850914e-01
6.21773546022979851e-01 1.32863956626005675e+00 -2.91297210217382807e-01
6.21773546022979851e-01 1.33811072354997340e+00 -3.04942370527176654e-01
6.21773546022979851e-01 1.34718035593593766e+00 -3.18867432791972882e-01
6.21773546022979851e-01 1.35589375075209717e+00 -3.32996272134133353e-01
6.21773546022979851e-01 1.36430416148402012e+00 -3.47274857933841274e-01
6.21773546022979851e-01 1.37247801820665183e+00 -3.61673768556654285e-01
6.21773546022979851e-01 1.38048872786658139e+00 -3.76175583375998657e-01
6.21773546022979851e-01 1.38840373197295253e+00 -3.90757760988918568e-01
6.21773546022979851e-01 1.39627589507851479e+00 -4.05383868371702982e-01
6.21773546022979851e-01 1.40414659263307295e+00 -4.20008375112979782e-01
6.21773546022979851e-01 1.41205774665114125e+00 -4.34589166969078733e-01
6.21773546022979851e-01 1.42006242439437802e+00 -4.49096418929028296e-01
6.21773546022979851e-01 1.42822491718001876e+00 -4.63510520713281360e-01
6.21773546022979851e-01 1.43661013307633723e+00 -4.77811408763802847e-01
6.21773546022979851e-01 1.44527092613515595e+00 -4.91968649594455631e-01
6.21773546022979851e-01 1.45424319633246890e+00 -5.05940398578914818e-01
6.21773546022979851e-01 1.46355143205060356e+00 -5.19681542940998664e-01
6.21773546022979851e-01 1.47321832739016445e+00 -5.33153878271256376e-01
6.21773546022979851e-01 1.48326934462555982e+00 -5.46330092090572594e-01
6.21773546022979851e-01 1.49372924233598825e+00 -5.59188624171611748e-01
6.21773546022979851e-01 1.50461716853551986e+00 -5.71702566421535052e-01
6.21773546022979851e-01 1.51595072313205059e+00 -5.83827037928273396e-01
6.21773546022979851e-01 1.52776248399436554e+00 -5.95485745184663684e-01
6.21773546022979851e-01 1.54011913580785964e+00 -6.06554259086720227e-01
6.21773546022979851e-01 1.55312449952369769e+00 -6.16840698245006758e-01
6.21773546022979851e-01 1.56689258579944557e+00 -6.26073577724060804e-01
6.21773546022979851e-01 1.58149469320779112e+00 -6.33913652030563490e-01
6.21773546022979851e-01 1.59690432390593573e+00 -6.40002211925782660e-01
6.21773546022979851e-01 1.61297093128270297e+00 -6.44040364053496739e-01
6.21773546022979851e-01 1.62944132018326249e+00 -6.45871672225483362e-01
6.21773546022979851e-01 1.64602215935449703e+00 -6.45529900496627174e-01
6.21773546022979851e-01 1.66245432379367020e+00 -6.43225101061478455e-01
6.21773546022979851e-01 1.67856422584939136e+00 -6.39271155716737316e-01
6.21773546022979851e-01 1.69427216443198647e+00 -6.33988635493701880e-01
6.21773546022979851e-01 1.70956282236052881e+00 -6.27628643257631902e-01
6.21773546022979851e-01 1.72444205096628767e+00 -6.20348069557382975e-01
6.21773546022979851e-01 1.73890590024990277e+00 -6.12234473047400973e-01
6.21773546022979851e-01 1.75293375135871665e+00 -6.03351112364531428e-01
6.21773546022979851e-01 1.76649906811811763e+00 -5.93767295554184171e-01
6.21773546022979851e-01 1.77958167462027328e+00 -5.83557651636746222e-01
6.21773546022979851e-01 1.79216959682010013e+00 -5.72780787868982122e-01
6.21773546022979851e-01 1.80425078730561883e+00 -5.61462745882537306e-01
6.21773546022979851e-01 1.81580466518635153e+00 -5.49603705074943716e-01
6.21773546022979851e-01 1.82680303521024223e+00 -5.37204836095747984e-01
6.21773546022979851e-01 1.83722103857575858e+00 -5.24294297652847741e-01
6.21773546022979851e-01 1.84704954639345931e+00 -5.10931529283624175e-01
6.21773546022979851e-01 1.85629871077997910e+00 -4.97186590062934586e-01
6.21773546022979851e-01 1.86498943975809528e+00 -4.83111551561278996e-01
6.21773546022979851e-01 1.87313928684698783e+00 -4.68727157350569690e-01
6.21773546022979851e-01 1.88075358177598750e+00 -4.54035068802112085e-01
6.21773546022979851e-01 1.88782816941990061e+00 -4.39044708813800755e-01
6.21773546022979851e-01 1.89436072348082529e+00 -4.23791623877856571e-01
6.21773546022979851e-01 1.90036099609170894e+00 -4.08331503493170600e-01
6.21773546022979851e-01 1.90585176602372219e+00 -3.92714664977245609e-01
6.21773546022979851e-01 1.91086019603514012e+00 -3.76962753941087525e-01
6.21773546022979851e-01 1.91540707991008974e+00 -3.61068211621881630e-01
6.21773546022979851e-01 1.91950272120515342e+00 -3.45018176868375548e-01
6.21773546022979851e-01 1.92315217711949238e+00 -3.28823325440374570e-01
6.21773546022979851e-01 1.92636459645852876e+00 -3.12526667604467345e-01
6.21773546022979851e-01 1.92915816242027649e+00 -2.96183056191242022e-01
6.21773546022979851e-01 1.93155631213565848e+00 -2.79824936363071652e-01
6.21773546022979851e-01 1.93357872811085341e+00 -2.63443118077466620e-01
6.21773546022979851e-01 1.93523525168811261e+00 -2.47000901667560807e-01
6.21773546022979851e-01 1.93652824508368515e+00 -2.30472759284548107e-01
6.21773546022979851e-01 1.93746120941491617e+00 -2.13876647687872568e-01
6.21773546022979851e-01 1.93804538925960901e+00 -1.97271178141473991e-01
6.21773546022979851e-01 1.93829725721117385e+00 -1.80715869501706372e-01
6.21773546022979851e-01 1.93822769216019308e+00 -1.64224349789002078e-01
6.21773546022979851e-01 1.93783181990953945e+00 -1.47750532002114021e-01
6.21773546022979851e-01 1.93708953289047736e+00 -1.31225409318396879e-01
6.21773546022979851e-01 1.93597876442279704e+00 -1.14621693887246912e-01
6.21773546022979851e-01 1.93449236202902997e+00 -9.79959004354082341e-02
6.21773546022979851e-01 1.93264409445406415e+00 -8.14667079185394938e-02
6.21773546022979851e-01 1.93045533344741127e+00 -6.51320452535903149e-02
6.21773546022979851e-01 1.92792803778900756e+00 -4.89757255706851982e-02
6.21773546022979851e-01 1.92502172368925528e+00 -3.28312259925712391e-02
6.21773546022979851e-01 1.92165250865166470e+00 -1.64393507210838820e-02
6.38136007760426671e-01 1.91088769018675353e+00 4.74461497343131545e-04
6.38136007760426671e-01 1.90621945920620828e+00 1.75687910516853577e-02
6.38136007760426671e-01 1.90091421818913631e+00 3.51065367876250561e-02
6.38136007760426671e-01 1.89500453743303332e+00 5.28047502857105638e-02
6.38136007760426671e-01 1.88855524948643505e+00 7.03552069300743682e-02
6.38136007760426671e-01 1.88162780433707599e+00 8.75605849899411537e-02
6.38136007760426671e-01 1.87425323064529281e+00 1.04391830868964267e-01
6.38136007760426671e-01 1.86642703033197566e+00 1.20942514208480192e-01
6.38136007760426671e-01 1.85812424896540929e+00 1.37321945472948070e-01
6.38136007760426671e-01 1.84932101260395565e+00 1.53562298187883667e-01
6.38136007760426671e-01 1.84000759238672451e+00 1.69596128802657564e-01
6.38136007760426671e-01 1.83018698639098742e+00 1.85306668270025648e-01
6.38136007760426671e-01 1.81986450252953902e+00 2.00604065434730194e-01
6.38136007760426671e-01 1.80903937796067593e+00 2.15469748339955330e-01
6.38136007760426671e-01 1.79770591076828135e+00 2.29941945938938769e-01
6.38136007760426671e-01 1.78586284145136398e+00 2.44061883708257849e-01
6.38136007760426671e-01 1.77352314279613887e+00 2.57827148504092607e-01
6.38136007760426671e-01 1.76071677255170966e+00 2.71188412664619405e-01
6.38136007760426671e-01 1.74748515590326781e+00 2.84089197423139095e-01
6.38136007760426671e-01 1.73387255939992935e+00 2.96515159361641745e-01
6.38136007760426671e-01 1.71992088435660895e+00 3.08514145997756173e-01
6.38136007760426671e-01 1.70567014222644087e+00 3.20172754303762963e-01
6.38136007760426671e-01 1.69116113929116185e+00 3.31568613898306497e-01
6.38136007760426671e-01 1.67643485656159519e+00 3.42734152641357537e-01
6.38136007760426671e-01 1.66152640791924044e+00 3.53656013393176039e-01
6.38136007760426671e-01 1.64645721985174620e+00 3.64305592840370840e-01
6.38136007760426671e-01 1.63123199907742156e+00 3.74673566403928571e-01
6.38136007760426671e-01 1.61584428402468117e+00 3.84781484522999928e-01
6.38136007760426671e-01 1.60028789588363374e+00 3.94664435176727890e-01
6.38136007760426671e-01 1.58456667782301319e+00 4.04342353493991946e-01
6.38136007760426671e-01 1.56869574707678461e+00 4.13805079568445033e-01
6.38136007760426671e-01 1.55269370422203967e+00 4.23022994262312657e-01
6.38136007760426671e-01 1.53657206208967123e+00 4.31973113071118409e-01
6.38136007760426671e-01 1.52033017971997353e+00 4.40658186636337879e-01
6.38136007760426671e-01 1.50395956203797132e+00 4.49103139261739837e-01
6.38136007760426671e-01 1.48745397837739657e+00 4.57332589362247299e-01
6.38136007760426671e-01 1.47081731305955943e+00 4.65348767459377366e-01
6.38136007760426671e-01 1.45406296377777111e+00 4.73128211414557465e-01
6.38136007760426671e-01 1.43720539621053534e+00 4.80639486038251795e-01
6.38136007760426671e-01 1.42025071293656113e+00 4.87866601005606249e-01
6.38136007760426671e-01 1.40319383142649801e+00 4.94818367007998361e-01
6.38136007760426671e-01 1.38602454360856031e+00 5.01516056987036829e-01
6.38136007760426671e-01 1.36873763827160833e+00 5.07970110672642639e-01
6.38136007760426671e-01 1.35133908169335393e+00 5.14165904747748814e-01
6.38136007760426671e-01 1.33384348966797872e+00 5.20071155018020814e-01
6.38136007760426671e-01 1.31626515165791491e+00 5.25659571899044331e-01
6.38136007760426671e-01 1.29861002916898260e+00 5.30931850531155214e-01
6.38136007760426671e-01 1.28087530330530797e+00 5.35917151642992251e-01
6.38136007760426671e-01 1.26305687162101377e+00 5.40654202888442459e-01
6.38136007760426671e-01 1.24515864478167027e+00 5.45167795372607622e-01
6.38136007760426671e-01 1.22719583751717098e+00 5.49459925852667563e-01
6.38136007760426671e-01 1.20918906864071496e+00 5.53522138305122313e-01
6.38136007760426671e-01 1.19115336989490950e+00 5.57357183150954394e-01
6.38136007760426671e-01 1.17309039564156237e+00 5.60989352287751264e-01
6.38136007760426671e-01 1.15498986063410713e+00 5.64451461796650178e-01
6.38136007760426671e-01 1.13683919205780604e+00 5.67755846031665179e-01
6.38136007760426671e-01 1.11863399601469404e+00 5.70871042591021172e-01
6.38136007760426671e-01 1.10038119467841211e+00 5.73722752581268924e-01
6.38136007760426671e-01 1.08209231187614030e+00 5.76218632303980960e-01
6.38136007760426671e-01 1.06377230128490452e+00 5.78276198960657184e-01
6.38136007760426671e-01 1.04541373287745998e+00 5.79828210474746308e-01
6.38136007760426671e-01 1.02700382375677601e+00 5.80795579734794121e-01
6.38136007760426671e-01 1.00854423146481698e+00 5.81043458225300680e-01
6.38136007760426671e-01 9.90075711222815458e-01 5.80352539060117412e-01
6.38136007760426671e-01 9.71696526474438604e-01 5.78431917018239372e-01
6.38136007760426671e-01 9.53566459222935481e-01 5.74975056948370256e-01
6.38136007760426671e-01 9.35895117769518503e-01 5.69733550496102303e-01
6.38136007760426671e-01 9.18919892811184136e-01 5.62572810466054340e-01
6.38136007760426671e-01 9.02882194180228081e-01 5.53486169572711018e-01
6.38136007760426671e-01 8.88009704037216574e-01 5.42569400736410579e-01
6.38136007760426671e-01 8.74508469103518427e-01 5.29978471404318197e-01
6.38136007760426671e-01 8.62563586539746074e-01 5.15896407100719934e-01
6.38136007760426671e-01 8.52342773488949046e-01 5.00521254318278874e-01
6.38136007760426671e-01 8.43994898934001481e-01 4.84068776678771628e-01
6.38136007760426671e-01 8.37637128840124201e-01 4.66774380073451900e-01
6.38136007760426671e-01 8.33330241225060164e-01 4.48883511478574082e-01
6.38136007760426671e-01 8.31050110167493972e-01 4.30631872111800706e-01
6.38136007760426671e-01 8.30669865924824391e-01 4.12225223892022041e-01
6.38136007760426671e-01 8.31966673242993671e-01 3.93827313732778184e-01
6.38136007760426671e-01 8.34657367991949228e-01 3.75556657254529913e-01
6.38136007760426671e-01 8.38452183551102181e-01 3.57486988119856519e-01
6.38136007760426671e-01 8.43104235968394011e-01 3.39647545987922017e-01
6.38136007760426671e-01 8.48432788466254251e-01 3.22025677679520839e-01
6.38136007760426671e-01 8.54312387447030086e-01 3.04577860879946816e-01
6.38136007760426671e-01 8.60640189902029729e-01 2.87250980976336001e-01
6.38136007760426671e-01 8.67307143021458393e-01 2.70006201196432871e-01
6.38136007760426671e-01 8.74195319994735542e-01 2.52831964470275672e-01
6.38136007760426671e-01 8.81204703405534917e-01 2.35737686338192864e-01
6.38136007760426671e-01 8.88290460896188794e-01 2.18733617007348030e-01
6.38136007760426671e-01 8.95482150387258979e-01 2.01814399301654263e-01
6.38136007760426671e-01 9.02867250662364174e-01 1.84962832208631356e-01
6.38136007760426671e-01 9.10546295851242360e-01 1.68174695117645850e-01
6.38136007760426671e-01 9.18588155766316694e-01 1.51486223692546662e-01
6.38136007760426671e-01 9.27015394632679901e-01 1.34978985925947065e-01
6.38136007760426671e-01 9.35828499234525046e-01 1.18750563095474423e-01
6.38136007760426671e-01 9.45048181246359476e-01 1.02865729086180371e-01
6.38136007760426671e-01 9.54738613972687444e-01 8.73221819913481828e-02
6.38136007760426671e-01 9.64985056915389605e-01 7.20604357310878768e-02
6.38136007760426671e-01 9.75831672252420401e-01 5.70189479811281028e-02
6.38136007760426671e-01 9.87217655562298457e-01 4.22015122208847168e-02
6.38136007760426671e-01 9.98958361609704526e-01 2.77094782076126554e-02
6.38136007760426671e-01 1.01079434936735146e+00 1.37095934372405519e-02
6.38136007760426671e-01 1.02248901648220492e+00 3.49344284367932056e-04
6.38136007760426671e-01 1.03392246759084760e+00 -1.23316504250398102e-02
6.38136007760426671e-01 1.04512831722559008e+00 -2.44392927503401906e-02
6.38136007760426671e-01 1.05625316774085243e+00 -3.61866059202776078e-02
6.38136007760426671e-01 1.06746458735532634e+00 -4.78010052887857181e-02
6.38136007760426671e-01 1.07886271781126353e+00 -5.94316949894593410e-02
6.38136007760426671e-01 1.09044466098369841e+00 -7.11088436102815247e-02
6.38136007760426671e-01 1.10213471255541462e+00 -8.27708870121598994e-02
6.38136007760426671e-01 1.11385215478048272e+00 -9.43333440403723161e-02
6.38136007760426671e-01 1.12556875096103393e+00 -1.05750651011899954e-01
6.38136007760426671e-01 1.13732123460584655e+00 -1.17034356155783684e-01
6.38136007760426671e-01 1.14917824366645660e+00 -1.28225351627422213e-01
6.38136007760426671e-01 1.16119137638854841e+00 -1.39349084381869048e-01
6.38136007760426671e-01 1.17336623496318682e+00 -1.50389939917494636e-01
6.38136007760426671e-01 1.18566978620298946e+00 -1.61302212206464485e-01
6.38136007760426671e-01 1.19806159130754630e+00 -1.72046740539280679e-01
6.38136007760426671e-01 1.21052001464177250e+00 -1.82625694478443956e-01
6.38136007760426671e-01 1.22304126717482720e+00 -1.93093307226514160e-01
6.38136007760426671e-01 1.23561219932272115e+00 -2.03540494386117071e-01
6.38136007760426671e-01 1.24817883289794151e+00 -2.14069151600272872e-01
6.38136007760426671e-01 1.26063617129631433e+00 -2.24774484624663790e-01
6.38136007760426671e-01 1.27284925836541674e+00 -2.35741581468919548e-01
6.38136007760426671e-01 1.28469331966225320e+00 -2.47047798979972616e-01
6.38136007760426671e-01 1.29608858456749099e+00 -2.58758237149687209e-01
6.38136007760426671e-01 1.30701105216599323e+00 -2.70910480769736783e-01
6.38136007760426671e-01 1.31747833123229330e+00 -2.83498108363141599e-01
6.38136007760426671e-01 1.32752569545110211e+00 -2.96467795738085904e-01
6.38136007760426671e-01 1.33719037362747484e+00 -3.09736859840478995e-01
6.38136007760426671e-01 1.34651150787608409e+00 -3.23223009206960177e-01
6.38136007760426671e-01 1.35553898567101427e+00 -3.36868323430502659e-01
6.38136007760426671e-01 1.36433799778425913e+00 -3.50643306406842714e-01
6.38136007760426671e-01 1.37298181143719589e+00 -3.64531441331585049e-01
6.38136007760426671e-01 1.38153699361874471e+00 -3.78508506574231351e-01
6.38136007760426671e-01 1.39005277454591969e+00 -3.92533209992176113e-01
6.38136007760426671e-01 1.39856322817553291e+00 -4.06555125626010594e-01
6.38136007760426671e-01 1.40710034423113095e+00 -4.20531444850508362e-01
6.38136007760426671e-01 1.41570703811959775e+00 -4.34437437771177104e-01
6.38136007760426671e-01 1.42443932090597403e+00 -4.48261680187365119e-01
6.38136007760426671e-01 1.43335600485184989e+00 -4.61990344277718568e-01
6.38136007760426671e-01 1.44250468742290172e+00 -4.75593902637794996e-01
6.38136007760426671e-01 1.45191561194525365e+00 -4.89027096768964609e-01
6.38136007760426671e-01 1.46160798842223505e+00 -5.02241525617691753e-01
6.38136007760426671e-01 1.47160249671949162e+00 -5.15199736268775910e-01
6.38136007760426671e-01 1.48192839314922509e+00 -5.27879032242587254e-01
6.38136007760426671e-01 1.49261875548289047e+00 -5.40262397271152661e-01
6.38136007760426671e-01 1.50369890604674228e+00 -5.52324373041123917e-01
6.38136007760426671e-01 1.51518102558051049e+00 -5.64021879434138285e-01
6.38136007760426671e-01 1.52707467922413409e+00 -5.75291982368540733e-01
6.38136007760426671e-01 1.53940962087602595e+00 -5.86048400802162583e-01
6.38136007760426671e-01 1.55225376976758378e+00 -5.96167035635414400e-01
6.38136007760426671e-01 1.56570702302610143e+00 -6.05461906869222077e-01
6.38136007760426671e-01 1.57986435870230224e+00 -6.13668754014211504e-01
6.38136007760426671e-01 1.59476204600794169e+00 -6.20459868686814908e-01
6.38136007760426671e-01 1.61033482204863287e+00 -6.25501417816661465e-01
6.38136007760426671e-01 1.62640917980035749e+00 -6.28538552989074462e-01
6.38136007760426671e-01 1.64273917317305296e+00 -6.29471142148767759e-01
6.38136007760426671e-01 1.65906806005076879e+00 -6.28381292965391691e-01
6.38136007760426671e-01 1.67518624707066754e+00 -6.25496954461062127e-01
6.38136007760426671e-01 1.69096084176396744e+00 -6.21110225826702611e-01
6.38136007760426671e-01 1.70633028131802011e+00 -6.15492309028117801e-01
6.38136007760426671e-01 1.72127645577444111e+00 -6.08844169475500685e-01
6.38136007760426671e-01 1.73579485963770330e+00 -6.01295874880342307e-01
6.38136007760426671e-01 1.74987758493364720e+00 -5.92937080547509932e-01
6.38136007760426671e-01 1.76351097380986932e+00 -5.83846986513320121e-01
6.38136007760426671e-01 1.77667974638346937e+00 -5.74101967817828407e-01
6.38136007760426671e-01 1.78936859427561434e+00 -5.63762675768369581e-01
6.38136007760426671e-01 1.80155886264911169e+00 -5.52860270909284801e-01
6.38136007760426671e-01 1.81322495018712537e+00 -5.41400311029379022e-01
6.38136007760426671e-01 1.82433627598283832e+00 -5.29385454312771397e-01
6.38136007760426671e-01 1.83486565699091031e+00 -5.16840231527719629e-01
6.38136007760426671e-01 1.84479870718553118e+00 -5.03818040217192342e-01
6.38136007760426671e-01 1.85413716588192323e+00 -4.90384706988947039e-01
6.38136007760426671e-01 1.86289347087689205e+00 -4.76592334950944718e-01
6.38136007760426671e-01 1.87108067874176687e+00 -4.62465252756117162e-01
6.38136007760426671e-01 1.87870530487254705e+00 -4.48009695368884853e-01
6.38136007760426671e-01 1.88576800236495723e+00 -4.33238720481699646e-01
6.38136007760426671e-01 1.89227056025796436e+00 -4.18190666136458888e-01
6.38136007760426671e-01 1.89822285876553210e+00 -4.02924530691607330e-01
6.38136007760426671e-01 1.90364402876261329e+00 -3.87495158457398237e-01
6.38136007760426671e-01 1.90855731032134956e+00 -3.71928847522141948e-01
6.38136007760426671e-01 1.91298335651504603e+00 -3.56220709000615643e-01
6.38136007760426671e-01 1.91693756085211531e+00 -3.40357423581464147e-01
6.38136007760426671e-01 1.92043292967884494e+00 -3.24347201466837431e-01
6.38136007760426671e-01 1.92348485235708622e+00 -3.08231274349652029e-01
6.38136007760426671e-01 1.92611250928950040e+00 -2.92065457376209758e-01
6.38136007760426671e-01 1.92833505007270789e+00 -2.75885499254609923e-01
6.38136007760426671e-01 1.93016598959826613e+00 -2.59685289165651811e-01
6.38136007760426671e-01 1.93161155519403738e+00 -2.43428549570285258e-01
6.38136007760426671e-01 1.93267555008939573e+00 -2.27087586801580449e-01
6.38136007760426671e-01 1.93336713621760126e+00 -2.10678417350398495e-01
6.38136007760426671e-01 1.93370426283472674e+00 -1.94261119633582335e-01
6.38136007760426671e-01 1.93370809572552504e+00 -1.77900489868382389e-01
6.38136007760426671e-01 1.93339128906153168e+00 -1.61615762655400730e-01
6.38136007760426671e-01 1.93274926702336325e+00 -1.45361762793438293e-01
6.38136007760426671e-01 1.93176299032660559e+00 -1.29063472843625404e-01
6.38136007760426671e-01 1.93041337892065790e+00 -1.12684118187044616e-01
6.38136007760426671e-01 1.92869747925763435e+00 -9.62749712764672527e-02
6.38136007760426671e-01 1.92663277292692903e+00 -7.99603296154747234e-02
6.38136007760426671e-01 1.92424278599362086e+00 -6.38543869189999724e-02
6.38136007760426671e-01 1.92153057439782771e+00 -4.79592557688188481e-02
6.38136007760426671e-01 1.91845723611396402e+00 -3.21162663358343023e-02
6.38136007760426671e-01 1.91494197727974691e+00 -1.60554344855605123e-02
6.54498469497873492e-01 1.90506774375270238e+00 4.80816021880339404e-04
6.54498469497873492e-01 1.90028493572999935e+00 1.73167343596070562e-02
6.54498469497873492e-01 1.89489478828255353e+00 3.46141096927472178e-02
6.54498469497873492e-01 1.88893008348993430e+00 5.20925786746420649e-02
6.54498469497873492e-01 1.88244841283911768e+00 6.94376757602789552e-02
6.54498469497873492e-01 1.87550104208674884e+00 8.64410565402797537e-02
6.54498469497873492e-01 1.86811254502425306e+00 1.03065053307935708e-01
6.54498469497873492e-01 1.86028006607013507e+00 1.19402736564248269e-01
6.54498469497873492e-01 1.85198755365891721e+00 1.35571502228634622e-01
6.54498469497873492e-01 1.84322191966667637e+00 1.51615203339356797e-01
6.54498469497873492e-01 1.83397986062717600e+00 1.67474716578305038e-01
6.54498469497873492e-01 1.82426337100875569e+00 1.83034071842992030e-01
6.54498469497873492e-01 1.81407105703056204e+00 1.98197968476031133e-01
6.54498469497873492e-01 1.80339454633876772e+00 2.12941540844796995e-01
6.54498469497873492e-01 1.79222382080976339e+00 2.27301187502919277e-01
6.54498469497873492e-01 1.78055734236436569e+00 2.41321943528438720e-01
6.54498469497873492e-01 1.76840898544668335e+00 2.55006981813249101e-01
6.54498469497873492e-01 1.75580678541489066e+00 2.68308266478160973e-01
6.54498469497873492e-01 1.74278538214093426e+00 2.81162515771500254e-01
6.54498469497873492e-01 1.72937884850753831e+00 2.93541841615837296e-01
6.54498469497873492e-01 1.71561943951621143e+00 3.05479586791387814e-01
6.54498469497873492e-01 1.70154191498669749e+00 3.17053370512207500e-01
6.54498469497873492e-01 1.68718765694497641e+00 3.28340532353102010e-01
6.54498469497873492e-01 1.67260254898583494e+00 3.39380141743003683e-01
6.54498469497873492e-01 1.65782784370275138e+00 3.50167452507873567e-01
6.54498469497873492e-01 1.64288967953125153e+00 3.60679787849507438e-01
6.54498469497873492e-01 1.62779508229374459e+00 3.70909448301513123e-01
6.54498469497873492e-01 1.61253814104455695e+00 3.80876940754710680e-01
6.54498469497873492e-01 1.59711264850753798e+00 3.90616500547795342e-01
6.54498469497873492e-01 1.58152262851562875e+00 4.00149077635070960e-01
6.54498469497873492e-01 1.56578372364216079e+00 4.09466941909055360e-01
6.54498469497873492e-01 1.54991525617972004e+00 4.18542703621099577e-01
6.54498469497873492e-01 1.53392963195204457e+00 4.27354378972540361e-01
6.54498469497873492e-01 1.51782737125517220e+00 4.35904966605918320e-01
6.54498469497873492e-01 1.50160130471603415e+00 4.44220230004508554e-01
6.54498469497873492e-01 1.48524620521813033e+00 4.52326951866555804e-01
6.54498469497873492e-01 1.46876605120415582e+00 4.60230096389546095e-01
6.54498469497873492e-01 1.45217330148283486e+00 4.67907844160109887e-01
6.54498469497873492e-01 1.43548108880224090e+00 4.75328314261665774e-01
6.54498469497873492e-01 1.41869483315136669e+00 4.82473775301201724e-01
6.54498469497873492e-01 1.40181004571257217e+00 4.89352156774420455e-01
6.54498469497873492e-01 1.38481798148079571e+00 4.95986452661570487e-01
6.54498469497873492e-01 1.36771451202449379e+00 5.02391076594484898e-01
6.54498469497873492e-01 1.35050516178145386e+00 5.08555108962576941e-01
6.54498469497873492e-01 1.33320251724021910e+00 5.14446775231855558e-01
6.54498469497873492e-01 1.31581843073746674e+00 5.20036094665906057e-01
6.54498469497873492e-01 1.29835756063664576e+00 5.25317752065144195e-01
6.54498469497873492e-01 1.28081755520928997e+00 5.30316049391296063e-01
6.54498469497873492e-01 1.26319568029201235e+00 5.35068392119874336e-01
6.54498469497873492e-01 1.24549639055611716e+00 5.39601145401804261e-01
6.54498469497873492e-01 1.22773349722127878e+00 5.43917575282738541e-01
6.54498469497873492e-01 1.20992483083518265e+00 5.48007106745422301e-01
6.54498469497873492e-01 1.19208322634680242e+00 5.51866861020497868e-01
6.54498469497873492e-01 1.17421057892416192e+00 5.55515466829496152e-01
6.54498469497873492e-01 1.15629937569476393e+00 5.58984771752394582e-01
6.54498469497873492e-01 1.13834038616518085e+00 5.62293103880005973e-01
6.54498469497873492e-01 1.12033055127714376e+00 5.65419606136161823e-01
6.54498469497873492e-01 1.10227507720593976e+00 5.68299619667036793e-01
6.54498469497873492e-01 1.08418227550212887e+00 5.70844955814879707e-01
6.54498469497873492e-01 1.06605539394243154e+00 5.72972418790666183e-01
6.54498469497873492e-01 1.04788849653530702e+00 5.74615438877969842e-01
6.54498469497873492e-01 1.02967162471213713e+00 5.75704749229145163e-01
6.54498469497873492e-01 1.01140551331700723e+00 5.76127373039969970e-01
6.54498469497873492e-01 9.93121293689376183e-01 5.75691810533668691e-01
6.54498469497873492e-01 9.74898394598430862e-01 5.74127282175291964e-01
6.54498469497873492e-01 9.56874611786181606e-01 5.71125656668081350e-01
6.54498469497873492e-01 9.39244826121896748e-01 5.66409387351011540e-01
6.54498469497873492e-01 9.22247836491122852e-01 5.59794360051194317e-01
6.54498469497873492e-01 9.06143812189566633e-01 5.51221620374624854e-01
6.54498469497873492e-01 8.91187844037019894e-01 5.40751298058478658e-01
6.54498469497873492e-01 8.77607068226977649e-01 5.28531587507931389e-01
6.54498469497873492e-01 8.65588053654219980e-01 5.14763235371847649e-01
6.54498469497873492e-01 8.55276453710112738e-01 4.99673651109307615e-01
6.54498469497873492e-01 8.46783827376104914e-01 4.83502414490570576e-01
6.54498469497873492e-01 8.40191362213621340e-01 4.66491850365146898e-01
6.54498469497873492e-01 8.35541556047399103e-01 4.48876900168352966e-01
6.54498469497873492e-01 8.32817642021292937e-01 4.30874105522044082e-01
6.54498469497873492e-01 8.31921904956973268e-01 4.12673151908407976e-01
6.54498469497873492e-01 8.32669861977022085e-01 3.94432639354899750e-01
6.54498469497873492e-01 8.34811720419148418e-01 3.76277415565178963e-01
6.54498469497873492e-01 8.38077245002895488e-01 3.58293649022996818e-01
6.54498469497873492e-01 8.42224574564443107e-01 3.40522228663918847e-01
6.54498469497873492e-01 8.47068924746712804e-01 3.22957173736286962e-01
6.54498469497873492e-01 8.52478349858498352e-01 3.05556674115565752e-01
6.54498469497873492e-01 8.58344607956327721e-01 2.88267096773700104e-01
6.54498469497873492e-01 8.64553659765977200e-01 2.71049474213295782e-01
6.54498469497873492e-01 8.70980222403754611e-01 2.53893062049844020e-01
6.54498469497873492e-01 8.77513017073598189e-01 2.36807614886262285e-01
6.54498469497873492e-01 8.84093803921397248e-01 2.19801515531312552e-01
6.54498469497873492e-01 8.90741073778798076e-01 2.02865002911158304e-01
6.54498469497873492e-01 8.97538219148425354e-01 1.85975479744580369e-01
6.54498469497873492e-01 9.04590781120377940e-01 1.69124773669675266e-01
6.54498469497873492e-01 9.11980300389446996e-01 1.52348401918540849e-01
6.54498469497873492e-01 9.19745853274091529e-01 1.35730685980074484e-01
6.54498469497873492e-01 9.27904403590338989e-01 1.19374438683430617e-01
6.54498469497873492e-01 9.36491072206152797e-01 1.03351046210091696e-01
6.54498469497873492e-01 9.45582489037861462e-01 8.76659354917139477e-02
6.54498469497873492e-01 9.55275434612045782e-01 7.22689906744697907e-02
6.54498469497873492e-01 9.65624863987035509e-01 5.71100049832017551e-02
6.54498469497873492e-01 9.76578569813524977e-01 4.22050855560369767e-02
6.54498469497873492e-01 9.87955783268505305e-01 2.76663339363883327e-02
6.54498469497873492e-01 9.99494311755636855e-01 1.36666162312969654e-02
6.54498469497873492e-01 1.01094845135219336e+00 3.53045958387295650e-04
6.54498469497873492e-01 1.02218566918509701e+00 -1.22409484250437968e-02
6.54498469497873492e-01 1.03322756274465832e+00 -2.42301531035874589e-02
6.54498469497873492e-01 1.04421276455174850e+00 -3.58351841034248858e-02
6.54498469497873492e-01 1.05530590467237695e+00 -4.72871045778979412e-02
6.54498469497873492e-01 1.06660743745918984e+00 -5.87349379345147721e-02
6.54498469497873492e-01 1.07811472467098679e+00 -7.02074880097903337e-02
6.54498469497873492e-01 1.08974946563979769e+00 -8.16440327976405561e-02
6.54498469497873492e-01 1.10142473931713258e+00 -9.29651051856665717e-02
6.54498469497873492e-01 1.11310396871519268e+00 -1.04133710598959789e-01
6.54498469497873492e-01 1.12481589004184679e+00 -1.15170894392991843e-01
6.54498469497873492e-01 1.13662330289886282e+00 -1.26125148207872351e-01
6.54498469497873492e-01 1.14857434216059051e+00 -1.37026287697241456e-01
6.54498469497873492e-01 1.16067259412198731e+00 -1.47860304000119791e-01
6.54498469497873492e-01 1.17288386220036500e+00 -1.58581315314864885e-01
6.54498469497873492e-01 1.18516845809958848e+00 -1.69147883818542871e-01
6.54498469497873492e-01 1.19751014413682078e+00 -1.79555455718357959e-01
6.54498469497873492e-01 1.20991800919020398e+00 -1.89844041334251229e-01
6.54498469497873492e-01 1.22239991535321835e+00 -2.00081850883309403e-01
6.54498469497873492e-01 1.23492804744745088e+00 -2.10343024950456176e-01
6.54498469497873492e-01 1.24742261139028443e+00 -2.20697752574666700e-01
6.54498469497873492e-01 1.25976606595262308e+00 -2.31217937556711162e-01
6.54498469497873492e-01 1.27183875064722707e+00 -2.41985392992456555e-01
6.54498469497873492e-01 1.28355343236302821e+00 -2.53086420953749780e-01
6.54498469497873492e-01 1.29486981273369683e+00 -2.64588971031949560e-01
6.54498469497873492e-01 1.30578604359364814e+00 -2.76515542557424221e-01
6.54498469497873492e-01 1.31631979508300723e+00 -2.88831885836562163e-01
6.54498469497873492e-01 1.32649524842212641e+00 -3.01462037482399636e-01
6.54498469497873492e-01 1.33634337670320757e+00 -3.14321519826090134e-01
6.54498469497873492e-01 1.34590974961585674e+00 -3.27347459571628197e-01
6.54498469497873492e-01 1.35525779715386863e+00 -3.40507283275179928e-01
6.54498469497873492e-01 1.36446041940826479e+00 -3.53784114283524909e-01
6.54498469497873492e-01 1.37358396753542999e+00 -3.67153955223203210e-01
6.54498469497873492e-01 1.38267612695410502e+00 -3.80574077236210118e-01
6.54498469497873492e-01 1.39176678774621343e+00 -3.93991028258606657e-01
6.54498469497873492e-01 1.40088077329888727e+00 -4.07359848251158452e-01
6.54498469497873492e-01 1.41005191197839652e+00 -4.20657202464119417e-01
6.54498469497873492e-01 1.41932715351377570e+00 -4.33876997171638024e-01
6.54498469497873492e-01 1.42875783775726983e+00 -4.47012169239239532e-01
6.54498469497873492e-01 1.43838583701085376e+00 -4.60037880564455104e-01
6.54498469497873492e-01 1.44823636535133793e+00 -4.72909808810106691e-01
6.54498469497873492e-01 1.45832345138111386e+00 -4.85578248017048464e-01
6.54498469497873492e-01 1.46866323194233428e+00 -4.98005489801443046e-01
6.54498469497873492e-01 1.47928340681600901e+00 -5.10171622775818068e-01
6.54498469497873492e-01 1.49022028916053384e+00 -5.22064186646805872e-01
6.54498469497873492e-01 1.50150568262727391e+00 -5.33660877199276129e-01
6.54498469497873492e-01 1.51315555485713915e+00 -5.44919501175529675e-01
6.54498469497873492e-01 1.52517274588806440e+00 -5.55780973917332832e-01
6.54498469497873492e-01 1.53756552342626485e+00 -5.66176648994485054e-01
6.54498469497873492e-01 1.55037000999335439e+00 -5.76024144228101109e-01
6.54498469497873492e-01 1.56365796357299303e+00 -5.85204219630160449e-01
6.54498469497873492e-01 1.57751796731660732e+00 -5.93530247484428397e-01
6.54498469497873492e-01 1.59201427573540011e+00 -6.00736248033702402e-01
6.54498469497873492e-01 1.60714274498679410e+00 -6.06505702327729934e-01
6.54498469497873492e-01 1.62280716000406811e+00 -6.10540765662337503e-01
6.54498469497873492e-01 1.63882912035109585e+00 -6.12644358577548842e-01
6.54498469497873492e-01 1.65498699337953248e+00 -6.12775229677397615e-01
6.54498469497873492e-01 1.67106532555174181e+00 -6.11048439628575135e-01
6.54498469497873492e-01 1.68689348513854687e+00 -6.07683524298313182e-01
6.54498469497873492e-01 1.70236118265069591e+00 -6.02930195177629691e-01
6.54498469497873492e-01 1.71741185371063199e+00 -5.97008964077081150e-01
6.54498469497873492e-01 1.73202420514101885e+00 -5.90088250749859822e-01
6.54498469497873492e-01 1.74619331384663168e+00 -5.82293390623252360e-01
6.54498469497873492e-01 1.75991749686013144e+00 -5.73725507707702032e-01
6.54498469497873492e-01 1.77319115630849122e+00 -5.64470128597568843e-01
6.54498469497873492e-01 1.78600118902119487e+00 -5.54591840464205066e-01
6.54498469497873492e-01 1.79832562308791122e+00 -5.44126967275881723e-01
6.54498469497873492e-01 1.81013507304744503e+00 -5.33088286639120557e-01
6.54498469497873492e-01 1.82139762049414222e+00 -5.21483869435994452e-01
6.54498469497873492e-01 1.83208564763801429e+00 -5.09337774326050319e-01
6.54498469497873492e-01 1.84218122323113209e+00 -4.96696762139072379e-01
6.54498469497873492e-01 1.85167713308477255e+00 -4.83617906151204369e-01
6.54498469497873492e-01 1.86057357081276620e+00 -4.70147867873637049e-01
6.54498469497873492e-01 1.86887351852548500e+00 -4.56311836594361753e-01
6.54498469497873492e-01 1.87658038206332334e+00 -4.42122024541084069e-01
6.54498469497873492e-01 1.88369906033717105e+00 -4.27598623576254111e-01
6.54498469497873492e-01 1.89023845886866826e+00 -4.12784671969176564e-01
6.54498469497873492e-01 1.89621232852148758e+00 -3.97740572490329403e-01
6.54498469497873492e-01 1.90163719080376170e+00 -3.82521104361416009e-01
6.54498469497873492e-01 1.90652920021318062e+00 -3.67153508163602982e-01
6.54498469497873492e-01 1.91090310931966645e+00 -3.51635811657546260e-01
6.54498469497873492e-01 1.91477461486021228e+00 -3.35958472367892225e-01
6.54498469497873492e-01 1.91816384110554261e+00 -3.20132394684184307e-01
6.54498469497873492e-01 1.92109588567094236e+00 -3.04199454725070095e-01
6.54498469497873492e-01 1.92359632353848653e+00 -2.88214848023506609e-01
6.54498469497873492e-01 1.92568410076438190e+00 -2.72214165284267451e-01
6.54498469497873492e-01 1.92736748554021364e+00 -2.56192696170618628e-01
6.54498469497873492e-01 1.92864739025367471e+00 -2.40116683188698166e-01
6.54498469497873492e-01 1.92952679466229582e+00 -2.23960601962716610e-01
6.54498469497873492e-01 1.93001940813017536e+00 -2.07741172701221805e-01
6.54498469497873492e-01 1.93015002249744039e+00 -1.91517934251939886e-01
6.54498469497873492e-01 1.92994465759592604e+00 -1.75355154545236924e-01
6.54498469497873492e-01 1.92941681974966373e+00 -1.59272557377376944e-01
6.54498469497873492e-01 1.92856048777237188e+00 -1.43226197499605773e-01
6.54498469497873492e-01 1.92735665143696844e+00 -1.27141707328074755e-01
6.54498469497873492e-01 1.92579024832633294e+00 -1.10981394876851977e-01
6.54498469497873492e-01 1.92386532762754991e+00 -9.47946571137118360e-02
6.54498469497873492e-01 1.92160550965207966e+00 -7.87050046942427001e-02
6.54498469497873492e-01 1.91903600813762432e+00 -6.28286952033427215e-02
6.54498469497873492e-01 1.91615685568966931e+00 -4.71722605873329398e-02
6.54498469497873492e-01 1.91292499355335499e+00 -3.15806263449034674e-02
6.54498469497873492e-01 1.90925916057917888e+00 -1.57825913786314512e-02
6.70860931235320312e-01 1.90031376228438820e+00 3.83679824775639763e-04
6.70860931235320312e-01 1.89538188683018860e+00 1.71097462602173150e-02
6.70860931235320312e-01 1.88987720801297576e+00 3.42354430837012169e-02
6.70860931235320312e-01 1.88384164428097711e+00 5.14898245788862202e-02
6.70860931235320312e-01 1.87732762940655507e+00 6.85892761527869682e-02
6.70860931235320312e-01 1.87037108899611404e+00 8.53573597873109879e-02
6.70860931235320312e-01 1.86298097450135702e+00 1.01772000109758745e-01
6.70860931235320312e-01 1.85514774162781948e+00 1.17921526253285808e-01
6.70860931235320312e-01 1.84686044215637635e+00 1.33908028276796681e-01
6.70860931235320312e-01 1.83811823205581937e+00 1.49764317883393699e-01
6.70860931235320312e-01 1.82892883883919666e+00 1.65433434824914266e-01
6.70860931235320312e-01 1.81929781872977170e+00 1.80812470933544855e-01
6.70860931235320312e-01 1.80921941387415131e+00 1.95819869989388218e-01
6.70860931235320312e-01 1.79867762251831165e+00 2.10435683308485361e-01
6.70860931235320312e-01 1.78765721314152026e+00 2.24690612753395830e-01
6.70860931235320312e-01 1.77615629860581881e+00 2.38619701701252018e-01
6.70860931235320312e-01 1.76419109762896720e+00 2.52220367169207371e-01
6.70860931235320312e-01 1.75179003741990691e+00 2.65446686412083799e-01
6.70860931235320312e-01 1.73898281918234754e+00 2.78241365970936683e-01
6.70860931235320312e-01 1.72579361057017056e+00 2.90578280452411686e-01
6.70860931235320312e-01 1.71224348067607379e+00 3.02482831039474431e-01
6.70860931235320312e-01 1.69835906523140689e+00 3.14016725514401629e-01
6.70860931235320312e-01 1.68417894857498429e+00 3.25241363212444567e-01
6.70860931235320312e-01 1.66975083906740562e+00 3.36188336912684571e-01
6.70860931235320312e-01 1.65511999419722633e+00 3.46857026857151640e-01
6.70860931235320312e-01 1.64031658392702728e+00 3.57236464213803284e-01
6.70860931235320312e-01 1.62535098260264532e+00 3.67330387671880698e-01
6.70860931235320312e-01 1.61022030284658602e+00 3.77164449063650986e-01
6.70860931235320312e-01 1.59492127601455924e+00 3.86771238485059621e-01
6.70860931235320312e-01 1.57946020177671209e+00 3.96167592663679569e-01
6.70860931235320312e-01 1.56385339379337474e+00 4.05344286999185566e-01
6.70860931235320312e-01 1.54811903326602485e+00 4.14276943152355692e-01
6.70860931235320312e-01 1.53226768895162047e+00 4.22948887186755551e-01
6.70860931235320312e-01 1.51629916272859000e+00 4.31366881222016885e-01
6.70860931235320312e-01 1.50020778113029807e+00 4.39556870514330511e-01
6.70860931235320312e-01 1.48399140603842850e+00 4.47543553138241623e-01
6.70860931235320312e-01 1.46765672188814067e+00 4.55330769063208296e-01
6.70860931235320312e-01 1.45121671038130207e+00 4.62898710389395840e-01
6.70860931235320312e-01 1.43468269643390411e+00 4.70219884478933980e-01
6.70860931235320312e-01 1.41805763757341063e+00 4.77280359691340694e-01
6.70860931235320312e-01 1.40133608810439081e+00 4.84088699949294599e-01
6.70860931235320312e-01 1.38451070784818087e+00 4.90665363592513115e-01
6.70860931235320312e-01 1.36757993272469758e+00 4.97021560570936438e-01
6.70860931235320312e-01 1.35055069764104352e+00 5.03145316942706033e-01
6.70860931235320312e-01 1.33343432963954767e+00 5.09006676026576454e-01
6.70860931235320312e-01 1.31623933020997663e+00 5.14578378767086897e-01
6.70860931235320312e-01 1.29896716404971446e+00 5.19855739946009088e-01
6.70860931235320312e-01 1.28161452017547539e+00 5.24860040426702756e-01
6.70860931235320312e-01 1.26418010118797119e+00 5.29623076455832731e-01
6.70860931235320312e-01 1.24667028255456569e+00 5.34165696125743161e-01
6.70860931235320312e-01 1.22909892282352562e+00 5.38487830375752319e-01
6.70860931235320312e-01 1.21148131834305706e+00 5.42577816368561505e-01
6.70860931235320312e-01 1.19382690101441336e+00 5.46432521558857909e-01
6.70860931235320312e-01 1.17613611776799076e+00 5.50070157455729736e-01
6.70860931235320312e-01 1.15840349600300674e+00 5.53522759380221441e-01
6.70860931235320312e-01 1.14062409437344470e+00 5.56811375997224078e-01
6.70860931235320312e-01 1.12279819048043672e+00 5.59921377332510128e-01
6.70860931235320312e-01 1.10493082200365222e+00 5.62796286151146630e-01
6.70860931235320312e-01 1.08702701057294071e+00 5.65354793415815626e-01
6.70860931235320312e-01 1.06908678820826331e+00 5.67517339542192856e-01
6.70860931235320312e-01 1.05110429512413805e+00 5.69219885597672670e-01
6.70860931235320312e-01 1.03307276809863247e+00 5.70400437690516737e-01
6.70860931235320312e-01 1.01499458478691551e+00 5.70963337332923038e-01
6.70860931235320312e-01 9.96894484872898445e-01 5.70743602810330541e-01
6.70860931235320312e-01 9.78834270065207512e-01 5.69496594989200688e-01
6.70860931235320312e-01 9.60926844162826699e-01 5.66925051733545793e-01
6.70860931235320312e-01 9.43345452951920627e-01 5.62735167492958488e-01
6.70860931235320312e-01 9.26322022423229918e-01 5.56698935686798624e-01
6.70860931235320312e-01 9.10129723063717533e-01 5.48699236331049334e-01
6.70860931235320312e-01 8.95050898515631910e-01 5.38745227853347108e-01
6.70860931235320312e-01 8.81339814401126187e-01 5.26959760385217191e-01
6.70860931235320312e-01 8.69194547113029792e-01 5.13549400095462905e-01
6.70860931235320312e-01 8.58748861843316114e-01 4.98768717442430620e-01
6.70860931235320312e-01 8.50083649466419455e-01 4.82887022247427855e-01
6.70860931235320312e-01 8.43245257405343285e-01 4.66162328511675494e-01
6.70860931235320312e-01 8.38253807642590498e-01 4.48825602772916887e-01
6.70860931235320312e-01 8.35092598821787768e-01 4.31076493414096984e-01
6.70860931235320312e-01 8.33685354487947117e-01 4.13087872294156611e-01
6.70860931235320312e-01 8.33880286235643142e-01 3.95011954859895043e-01
6.70860931235320312e-01 8.35458849315463215e-01 3.76979622079394117e-01
6.70860931235320312e-01 8.38171929866608378e-01 3.59089742170998982e-01
6.70860931235320312e-01 8.41786974342292216e-01 3.41394552329547296e-01
6.70860931235320312e-01 8.46120370825424906e-01 3.23893574020782171e-01
6.70860931235320312e-01 8.51038062730933853e-01 3.06545727604013829e-01
6.70860931235320312e-01 8.56428911049589958e-01 2.89297507735881199e-01
6.70860931235320312e-01 8.62174596374444047e-01 2.72112385310541327e-01
6.70860931235320312e-01 8.68142344209324457e-01 2.54983477886399690e-01
6.70860931235320312e-01 8.74209636725947425e-01 2.37922214174407509e-01
6.70860931235320312e-01 8.80305163545221259e-01 2.20933578861547103e-01
6.70860931235320312e-01 8.86436011485417730e-01 2.03999961267304547e-01
6.70860931235320312e-01 8.92678952285856142e-01 1.87090404372141611e-01
6.70860931235320312e-01 8.99138950910921220e-01 1.70192228712230720e-01
6.70860931235320312e-01 9.05902395409397432e-01 1.53341914603773305e-01
6.70860931235320312e-01 9.13017268630445411e-01 1.36628232541524730e-01
6.70860931235320312e-01 9.20512582738734819e-01 1.20158423077244822e-01
6.70860931235320312e-01 9.28438440918362806e-01 1.04006486363300607e-01
6.70860931235320312e-01 9.36889124060724887e-01 8.81802680177850157e-02
6.70860931235320312e-01 9.45980370642317658e-01 7.26356163658630066e-02
6.70860931235320312e-01 9.55784588253079215e-01 5.73343857580658894e-02
6.70860931235320312e-01 9.66262004655025764e-01 4.23094761656595611e-02
6.70860931235320312e-01 9.77236530654922997e-01 2.76893051277829448e-02
6.70860931235320312e-01 9.88442262034967545e-01 1.36565121344733274e-02
6.70860931235320312e-01 9.99623282910735989e-01 3.58337625245329491e-04
6.70860931235320312e-01 1.01063406574682468e+00 -1.21795058515953847e-02
6.70860931235320312e-01 1.02148450713550942e+00 -2.40819211979224936e-02
6.70860931235320312e-01 1.03230569854346643e+00 -3.55764938622072160e-02
6.70860931235320312e-01 1.04325952025125424e+00 -4.68957787222461578e-02
6.70860931235320312e-01 1.05444678569926831e+00 -5.81866420535543938e-02
6.70860931235320312e-01 1.06586524109131853e+00 -6.94762408952753624e-02
6.70860931235320312e-01 1.07743407259115798e+00 -8.07061207262341068e-02
6.70860931235320312e-01 1.08905971845600180e+00 -9.18034952308740548e-02
6.70860931235320312e-01 1.10069601479888379e+00 -1.02740142621685515e-01
6.70860931235320312e-01 1.11236217415005201e+00 -1.13544772638175598e-01
6.70860931235320312e-01 1.12411468684273741e+00 -1.24270564559790075e-01
6.70860931235320312e-01 1.13600002900429398e+00 -1.34949430279597660e-01
6.70860931235320312e-01 1.14802367269780214e+00 -1.45568657559672576e-01
6.70860931235320312e-01 1.16015408459076230e+00 -1.56084221875046170e-01
6.70860931235320312e-01 1.17235274945002743e+00 -1.66456560409490500e-01
6.70860931235320312e-01 1.18460336898836816e+00 -1.76680454643992096e-01
6.70860931235320312e-01 1.19691688531447271e+00 -1.86789463563186431e-01
6.70860931235320312e-01 1.20930914372731957e+00 -1.96837627890528721e-01
6.70860931235320312e-01 1.22176869684511313e+00 -2.06878193768174207e-01
6.70860931235320312e-01 1.23423852663806466e+00 -2.16958020350419001e-01
6.70860931235320312e-01 1.24662421602117623e+00 -2.27129682281394296e-01
6.70860931235320312e-01 1.25882214942876813e+00 -2.37465928417414512e-01
6.70860931235320312e-01 1.27074899931582386e+00 -2.48057749150717322e-01
6.70860931235320312e-01 1.28235602524475123e+00 -2.58990500191090878e-01
6.70860931235320312e-01 1.29362500076831077e+00 -2.70311312999584941e-01
6.70860931235320312e-01 1.30455566379383892e+00 -2.82009948812731615e-01
6.70860931235320312e-01 1.31515779176177716e+00 -2.94026951509540002e-01
6.70860931235320312e-01 1.32545336671183933e+00 -3.06283847906641038e-01
6.70860931235320312e-01 1.33548338037655179e+00 -3.18715082672927252e-01
6.70860931235320312e-01 1.34530899771384616e+00 -3.31281745237516911e-01
6.70860931235320312e-01 1.35500164092979003e+00 -3.43962046194333460e-01
6.70860931235320312e-01 1.36462645253306825e+00 -3.56730857408063873e-01
6.70860931235320312e-01 1.37422995870473286e+00 -3.69547059393069033e-01
6.70860931235320312e-01 1.38384021199792606e+00 -3.82358775945533136e-01
6.70860931235320312e-01 1.39347833914296682e+00 -3.95120716476978107e-01
6.70860931235320312e-01 1.40317188780537094e+00 -4.07807925570569274e-01
6.70860931235320312e-01 1.41295951137366016e+00 -4.20413911318690880e-01
6.70860931235320312e-01 1.42288392442229994e+00 -4.32934659439666303e-01
6.70860931235320312e-01 1.43297965382601578e+00 -4.45351820151018374e-01
6.70860931235320312e-01 1.44326619150689917e+00 -4.57628649135623733e-01
6.70860931235320312e-01 1.45375253863170406e+00 -4.69721193300047912e-01
6.70860931235320312e-01 1.46444963539757134e+00 -4.81594328867367472e-01
6.70860931235320312e-01 1.47538050319451775e+00 -4.93228484242639764e-01
6.70860931235320312e-01 1.48657953175721680e+00 -5.04611256728443536e-01
6.70860931235320312e-01 1.49808109093791786e+00 -5.15721311616010536e-01
6.70860931235320312e-01 1.50990669570392133e+00 -5.26518395712674669e-01
6.70860931235320312e-01 1.52206206460878124e+00 -5.36947096274987490e-01
6.70860931235320312e-01 1.53454854150580133e+00 -5.46948121965164957e-01
6.70860931235320312e-01 1.54738225552162434e+00 -5.56461470628049848e-01
6.70860931235320312e-01 1.56060712077355612e+00 -5.65410114544976250e-01
6.70860931235320312e-01 1.57428976667710985e+00 -5.73669075671655926e-01
6.70860931235320312e-01 1.58849471987081436e+00 -5.81040892395518482e-01
6.70860931235320312e-01 1.60325002364657943e+00 -5.87261106415693179e-01
6.70860931235320312e-01 1.61851951688393036e+00 -5.92042471182619878e-01
6.70860931235320312e-01 1.63419485860874469e+00 -5.95143160108103086e-01
6.70860931235320312e-01 1.65011061042998497e+00 -5.96428248044572173e-01
6.70860931235320312e-01 1.66607537625624302e+00 -5.95896293024477330e-01
6.70860931235320312e-01 1.68190653341835050e+00 -5.93662176924685925e-01
6.70860931235320312e-01 1.69745708544373319e+00 -5.89910275528528150e-01
6.70860931235320312e-01 1.71262844121064717e+00 -5.84843747599429697e-01
6.70860931235320312e-01 1.72736886195431949e+00 -5.78650452372552526e-01
6.70860931235320312e-01 1.74166140927485014e+00 -5.71490194392183293e-01
6.70860931235320312e-01 1.75550697484991969e+00 -5.63494403286833312e-01
6.70860931235320312e-01 1.76890803364908478e+00 -5.54766885563994783e-01
6.70860931235320312e-01 1.78185767453921384e+00 -5.45381808181448213e-01
6.70860931235320312e-01 1.79433627415905250e+00 -5.35383703316591131e-01
6.70860931235320312e-01 1.80631512261558647e+00 -5.24795628524710400e-01
6.70860931235320312e-01 1.81776347642096314e+00 -5.13634875677362102e-01
6.70860931235320312e-01 1.82865451689614322e+00 -5.01927718491860131e-01
6.70860931235320312e-01 1.83896736554220608e+00 -4.89713676322486635e-01
6.70860931235320312e-01 1.84868565962186193e+00 -4.77037419909409233e-01
6.70860931235320312e-01 1.85779579592250732e+00 -4.63936468472965269e-01
6.70860931235320312e-01 1.86628775371916666e+00 -4.50436322215374940e-01
6.70860931235320312e-01 1.87415852571396413e+00 -4.36558063945490460e-01
6.70860931235320312e-01 1.88141505483951033e+00 -4.22332018190997305e-01
6.70860931235320312e-01 1.88807307685722381e+00 -4.07804714159409887e-01
6.70860931235320312e-01 1.89415123550826991e+00 -3.93031225821704577e-01
6.70860931235320312e-01 1.89966406846308189e+00 -3.78057516261146476e-01
6.70860931235320312e-01 1.90461930022035841e+00 -3.62907108342601925e-01
6.70860931235320312e-01 1.90902225252013058e+00 -3.47584297917467144e-01
6.70860931235320312e-01 1.91288464330431163e+00 -3.32092910622415860e-01
6.70860931235320312e-01 1.91623089935068780e+00 -3.16455810750074895e-01
6.70860931235320312e-01 1.91909608082368788e+00 -3.00718051353243310e-01
6.70860931235320312e-01 1.92151550990551057e+00 -2.84928946615291112e-01
6.70860931235320312e-01 1.92351290468496039e+00 -2.69116246552100480e-01
6.70860931235320312e-01 1.92509583037777254e+00 -2.53274085855241804e-01
6.70860931235320312e-01 1.92626242575084294e+00 -2.37377075145125516e-01
6.70860931235320312e-01 1.92701484504934739e+00 -2.21411777752928168e-01
6.70860931235320312e-01 1.92736917444578659e+00 -2.05400615436151512e-01
6.70860931235320312e-01 1.92735357756166592e+00 -1.89396445768320182e-01
6.70860931235320312e-01 1.92699521064107815e+00 -1.73448383220381031e-01
6.70860931235320312e-01 1.92630560105950388e+00 -1.57564437928152112e-01
6.70860931235320312e-01 1.92527639259456640e+00 -1.41703430717532164e-01
6.70860931235320312e-01 1.92389018019619851e+00 -1.25809003647016943e-01
6.70860931235320312e-01 1.92213936490847148e+00 -1.09864763966241730e-01
6.70860931235320312e-01 1.92003841443952528e+00 -9.39273015576089498e-02
6.70860931235320312e-01 1.91761797310044857e+00 -7.81028698692805695e-02
6.70860931235320312e-01 1.91490166232427539e+00 -6.24715647777296587e-02
6.70860931235320312e-01 1.91187966165800471e+00 -4.70045858998357838e-02
6.70860931235320312e-01 1.90849747707339112e+00 -3.15343777718575385e-02
6.70860931235320312e-01 1.90466984830313191e+00 -1.58100209980173677e-02
6.87223392972767244e-01 1.89655977497182993e+00 2.56303402207509799e-04
6.87223392972767244e-01 1.89147535252779697e+00 1.69225117539957871e-02
6.87223392972767244e-01 1.88584975237174679e+00 3.38979451332971568e-02
6.87223392972767244e-01 1.87973690205506294e+00 5.09262672454863993e-02
6.87223392972767244e-01 1.87318749560262532e+00 6.77693870262837811e-02
6.87223392972767244e-01 1.86622385386052092e+00 8.42977522888381375e-02
6.87223392972767244e-01 1.85883771697207667e+00 1.00511594173266328e-01
6.87223392972767244e-01 1.85100830216166523e+00 1.16490287571764051e-01
6.87223392972767244e-01 1.84272464720128348e+00 1.32309941815434456e-01
6.87223392972767244e-01 1.83399541163863167e+00 1.47983261061943205e-01
6.87223392972767244e-01 1.82484053704191762e+00 1.63454014377627466e-01
6.87223392972767244e-01 1.81527338038667208e+00 1.78638702898083923e-01
6.87223392972767244e-01 1.80528847514941293e+00 1.93478411838103215e-01
6.87223392972767244e-01 1.79486467518072335e+00 2.07963119542525721e-01
6.87223392972767244e-01 1.78398101280605426e+00 2.22115987618985905e-01
6.87223392972767244e-01 1.77263303086684210e+00 2.35955713605056933e-01
6.87223392972767244e-01 1.76083772791818904e+00 2.49468642966012899e-01
6.87223392972767244e-01 1.74862467692873347e+00 2.62611175615597436e-01
6.87223392972767244e-01 1.73602155536077207e+00 2.75337947896235113e-01
6.87223392972767244e-01 1.72304593605859702e+00 2.87632273619860490e-01
6.87223392972767244e-01 1.70970931867960796e+00 2.99515905754570044e-01
6.87223392972767244e-01 1.69602910532330631e+00 3.11032962440879801e-01
6.87223392972767244e-01 1.68203781680631526e+00 3.22222750870180819e-01
6.87223392972767244e-01 1.66778119540102598e+00 3.33102880422375680e-01
6.87223392972767244e-01 1.65330577481435292e+00 3.43673597803820285e-01
6.87223392972767244e-01 1.63864477558370059e+00 3.53936346471672159e-01
6.87223392972767244e-01 1.62381235633947441e+00 3.63908842079748884e-01
6.87223392972767244e-01 1.60880967530108410e+00 3.73623392854560921e-01
6.87223392972767244e-01 1.59363731577220569e+00 3.83110169181592575e-01
6.87223392972767244e-01 1.57830439379110410e+00 3.92379904712101157e-01
6.87223392972767244e-01 1.56282810985574283e+00 4.01420806093480687e-01
6.87223392972767244e-01 1.54722548957347872e+00 4.10212516870278154e-01
6.87223392972767244e-01 1.53150504902647722e+00 4.18745950320865534e-01
6.87223392972767244e-01 1.51566551817565620e+00 4.27033151003317457e-01
6.87223392972767244e-01 1.49970244388126761e+00 4.35099611992634694e-01
6.87223392972767244e-01 1.48361687719086821e+00 4.42965677202345698e-01
6.87223392972767244e-01 1.46741881408135155e+00 4.50632200019609408e-01
6.87223392972767244e-01 1.45112263605117309e+00 4.58081759770779917e-01
6.87223392972767244e-01 1.43473850319563834e+00 4.65293864400341373e-01
6.87223392972767244e-01 1.41826691049339115e+00 4.72261282930943771e-01
6.87223392972767244e-01 1.40170085526246591e+00 4.78994048557049412e-01
6.87223392972767244e-01 1.38503371855077906e+00 4.85508049889140925e-01
6.87223392972767244e-01 1.36826634415711657e+00 4.91807897934129823e-01
6.87223392972767244e-01 1.35140765606623425e+00 4.97878512595642697e-01
6.87223392972767244e-01 1.33446864203519011e+00 5.03692808091791511e-01
6.87223392972767244e-01 1.31745501233842521e+00 5.09229765258630174e-01
6.87223392972767244e-01 1.30036479586436471e+00 5.14488695509356053e-01
6.87223392972767244e-01 1.28319287563671813e+00 5.19488495219274204e-01
6.87223392972767244e-01 1.26593862763371612e+00 5.24252746997011854e-01
6.87223392972767244e-01 1.24861027299144678e+00 5.28792917320547895e-01
6.87223392972767244e-01 1.23122232699093015e+00 5.33103407438839771e-01
6.87223392972767244e-01 1.21378821857988228e+00 5.37172517383254111e-01
6.87223392972767244e-01 1.19631399276414263e+00 5.41000143540746103e-01
6.87223392972767244e-01 1.17879788248721473e+00 5.44606828901347262e-01
6.87223392972767244e-01 1.16123554353326019e+00 5.48024747393627165e-01
6.87223392972767244e-01 1.14362616905668979e+00 5.51274925039105024e-01
6.87223392972767244e-01 1.12597432930347319e+00 5.54345933454978179e-01
6.87223392972767244e-01 1.10828633107894547e+00 5.57188892882027109e-01
6.87223392972767244e-01 1.09056462180798541e+00 5.59731908565542446e-01
6.87223392972767244e-01 1.07280525440036945e+00 5.61902574488390649e-01
6.87223392972767244e-01 1.05500071656754968e+00 5.63640526147321630e-01
6.87223392972767244e-01 1.03714637894637263e+00 5.64888087489321844e-01
6.87223392972767244e-01 1.01924741176014799e+00 5.65561666459954981e-01
6.87223392972767244e-01 1.00132552054270807e+00 5.65519865304183966e-01
6.87223392972767244e-01 9.83428352381196857e-01 5.64547904827207514e-01
6.87223392972767244e-01 9.65644348792420337e-01 5.62370426852308647e-01
6.87223392972767244e-01 9.48120412108948263e-01 5.58691479067049079e-01
6.87223392972767244e-01 9.31072564253218049e-01 5.53249241528959046e-01
6.87223392972767244e-01 9.14777528073517865e-01 5.45868622247148272e-01
6.87223392972767244e-01 8.99540155316830403e-01 5.36497116684782949e-01
6.87223392972767244e-01 8.85645207833326786e-01 5.25215232673900467e-01
6.87223392972767244e-01 8.73313248794167607e-01 5.12219616632522690e-01
6.87223392972767244e-01 8.62680318112942879e-01 4.97783851295245772e-01
6.87223392972767244e-01 8.53807872126503331e-01 4.82208307365584676e-01
6.87223392972767244e-01 8.46711122389320781e-01 4.65774565433046683e-01
6.87223392972767244e-01 8.41383166874569155e-01 4.48718639853141255e-01
6.87223392972767244e-01 8.37797405231855419e-01 4.31228909719970299e-01
6.87223392972767244e-01 8.35888649697615116e-01 4.13462161916967330e-01
6.87223392972767244e-01 8.35531215551919448e-01 3.95561596273621030e-01
6.87223392972767244e-01 8.36536529686919939e-01 3.77660966404330500e-01
6.87223392972767244e-01 8.38679524345812388e-01 3.59870268157373219e-01
6.87223392972767244e-01 8.41741627994485930e-01 3.42253531135287781e-01
6.87223392972767244e-01 8.45544687207109957e-01 3.24817350677046091e-01
6.87223392972767244e-01 8.49955534663408008e-01 3.07522951187933213e-01
6.87223392972767244e-01 8.54862052013123597e-01 2.90318006726399680e-01
6.87223392972767244e-01 8.60142999025632848e-01 2.73169121202575360e-01
6.87223392972767244e-01 8.65659067034838969e-01 2.56073981368597381e-01
6.87223392972767244e-01 8.71276713163684602e-01 2.39046492563881607e-01
6.87223392972767244e-01 8.76910549229610203e-01 2.22088845964650200e-01
6.87223392972767244e-01 8.82553855930161779e-01 2.05175603877134710e-01
6.87223392972767244e-01 8.88273273070333103e-01 1.88266732634685130e-01
6.87223392972767244e-01 8.94169140486275049e-01 1.71343718876553475e-01
6.87223392972767244e-01 9.00328691637051648e-01 1.54442297303342219e-01
6.87223392972767244e-01 9.06805332487353399e-01 1.37653727241344864e-01
6.87223392972767244e-01 9.13637569251182224e-01 1.21087502487898749e-01
6.87223392972767244e-01 9.20889279814508410e-01 1.04817968757998453e-01
6.87223392972767244e-01 9.28672877029466215e-01 8.88533645165587860e-02
6.87223392972767244e-01 9.37125275172871031e-01 7.31541874757517252e-02
6.87223392972767244e-01 9.46339880585173265e-01 5.76940957776061747e-02
6.87223392972767244e-01 9.56293440154846297e-01 4.25236055518047953e-02
6.87223392972767244e-01 9.66818299376661638e-01 2.77890841886812845e-02
6.87223392972767244e-01 9.77647658653954976e-01 1.36850423585448168e-02
6.87223392972767244e-01 9.88517049920016988e-01 3.61166530087656988e-04
6.87223392972767244e-01 9.99268519018907009e-01 -1.21621768160205656e-02
6.87223392972767244e-01 1.00989989471909491e+00 -2.40178670527881506e-02
6.87223392972767244e-01 1.02053361459003811e+00 -3.54390137354674284e-02
6.87223392972767244e-01 1.03132728622593195e+00 -4.66593404470382889e-02
6.87223392972767244e-01 1.04238074126070712e+00 -5.78243320600896685e-02
6.87223392972767244e-01 1.05369167188879853e+00 -6.89606700236357756e-02
6.87223392972767244e-01 1.06517766651110612e+00 -8.00126287935328667e-02
6.87223392972767244e-01 1.07674056945441943e+00 -9.09130631907439785e-02
6.87223392972767244e-01 1.08832687279477303e+00 -1.01640163119512975e-01
6.87223392972767244e-01 1.09994753572648341e+00 -1.12227805558486521e-01
6.87223392972767244e-01 1.11165236702522918e+00 -1.22732686799560717e-01
6.87223392972767244e-01 1.12348444326587815e+00 -1.33189704311217821e-01
6.87223392972767244e-01 1.13544899387252407e+00 -1.43589902785819734e-01
6.87223392972767244e-01 1.14751550683845838e+00 -1.53893912433909513e-01
6.87223392972767244e-01 1.15964546188588913e+00 -1.64066330260615539e-01
6.87223392972767244e-01 1.17182076582474548e+00 -1.74103427142311196e-01
6.87223392972767244e-01 1.18405068651927126e+00 -1.84035689078303921e-01
6.87223392972767244e-01 1.19635343795767124e+00 -1.93908569298070960e-01
6.87223392972767244e-01 1.20872755101176099e+00 -2.03761355919428511e-01
6.87223392972767244e-01 1.22113410106035269e+00 -2.13622911439613899e-01
6.87223392972767244e-01 1.23350110722026240e+00 -2.23526587614467670e-01
6.87223392972767244e-01 1.24574498622815555e+00 -2.33529068674431017e-01
6.87223392972767244e-01 1.25779356511595330e+00 -2.43713513120479508e-01
6.87223392972767244e-01 1.26959745669767021e+00 -2.54169341751118938e-01
6.87223392972767244e-01 1.28112791278077109e+00 -2.64959509734460641e-01
6.87223392972767244e-01 1.29236963073098443e+00 -2.76096455498395121e-01
6.87223392972767244e-01 1.30331849575397452e+00 -2.87542265937368147e-01
6.87223392972767244e-01 1.31398695113772068e+00 -2.99231646549379005e-01
6.87223392972767244e-01 1.32441074997925612e+00 -3.11101159645728598e-01
6.87223392972767244e-01 1.33464811791518567e+00 -3.23105976970781583e-01
6.87223392972767244e-01 1.34476799335167585e+00 -3.35216773472253649e-01
6.87223392972767244e-01 1.35483304224972390e+00 -3.47404750080542335e-01
6.87223392972767244e-01 1.36488790631918300e+00 -3.59630215470949977e-01
6.87223392972767244e-01 1.37495964693799699e+00 -3.71844803199312179e-01
6.87223392972767244e-01 1.38506840190088054e+00 -3.84004679376441616e-01
6.87223392972767244e-01 1.39523902655026233e+00 -3.96082771215015506e-01
6.87223392972767244e-01 1.40550458679684653e+00 -4.08069360276463955e-01
6.87223392972767244e-01 1.41589970055969450e+00 -4.19960516328363953e-01
6.87223392972767244e-01 1.42645005412935233e+00 -4.31743924612039753e-01
6.87223392972767244e-01 1.43716736837895120e+00 -4.43393331565561211e-01
6.87223392972767244e-01 1.44805451784503436e+00 -4.54875075956801433e-01
6.87223392972767244e-01 1.45911724098244489e+00 -4.66159830343686132e-01
6.87223392972767244e-01 1.47037352351397188e+00 -4.77228540107363153e-01
6.87223392972767244e-01 1.48185343712827677e+00 -4.88066972733062987e-01
6.87223392972767244e-01 1.49358954789693765e+00 -4.98653478706143127e-01
6.87223392972767244e-01 1.50560526833896824e+00 -5.08950645734499885e-01
6.87223392972767244e-01 1.51791022553184485e+00 -5.18908029193217324e-01
6.87223392972767244e-01 1.53050668111118693e+00 -5.28472685196062275e-01
6.87223392972767244e-01 1.54340304220033753e+00 -5.37595573122159553e-01
6.87223392972767244e-01 1.55662521412504451e+00 -5.46222853478891435e-01
6.87223392972767244e-01 1.57021736069858031e+00 -5.54272081193802002e-01
6.87223392972767244e-01 1.58422956801013459e+00 -5.61606569879407935e-01
6.87223392972767244e-01 1.59869683336400326e+00 -5.68026685423960953e-01
6.87223392972767244e-01 1.61361770998945553e+00 -5.73289727603840560e-01
6.87223392972767244e-01 1.62894047844680068e+00 -5.77154571848164100e-01
6.87223392972767244e-01 1.64456132406813116e+00 -5.79433467284968695e-01
6.87223392972767244e-01 1.66033504029889745e+00 -5.80029975993828995e-01
6.87223392972767244e-01 1.67609562840664017e+00 -5.78950257656851597e-01
6.87223392972767244e-01 1.69168185425011619e+00 -5.76288410354650282e-01
6.87223392972767244e-01 1.70696114411141298e+00 -5.72196652455259525e-01
6.87223392972767244e-01 1.72184480182788979e+00 -5.66852978640217331e-01
6.87223392972767244e-01 1.73628963513437706e+00 -5.60434232651119801e-01
6.87223392972767244e-01 1.75028598113305334e+00 -5.53096826971231303e-01
6.87223392972767244e-01 1.76383797265460007e+00 -5.44964861663002176e-01
6.87223392972767244e-01 1.77694531604733585e+00 -5.36126038785422754e-01
6.87223392972767244e-01 1.78959430714192935e+00 -5.26636244983015422e-01
6.87223392972767244e-01 1.80175984940345524e+00 -5.16531448737999943e-01
6.87223392972767244e-01 1.81341363635629027e+00 -5.05841692918369668e-01
6.87223392972767244e-01 1.82453090754284353e+00 -4.94600217159217259e-01
6.87223392972767244e-01 1.83509108272931565e+00 -4.82843802623710294e-01
6.87223392972767244e-01 1.84507368201332089e+00 -4.70606828082413220e-01
6.87223392972767244e-01 1.85445531299956579e+00 -4.57916315598600687e-01
6.87223392972767244e-01 1.86321257757593473e+00 -4.44794129260084325e-01
6.87223392972767244e-01 1.87133026051655871e+00 -4.31265878464782038e-01
6.87223392972767244e-01 1.87880872019983092e+00 -4.17369303771102707e-01
6.87223392972767244e-01 1.88566382212841810e+00 -4.03154040254850410e-01
6.87223392972767244e-01 1.89191801946495763e+00 -3.88671118552493366e-01
6.87223392972767244e-01 1.89758835903637202e+00 -3.73959455779948602e-01
6.87223392972767244e-01 1.90268038331731382e+00 -3.59040273638279561e-01
6.87223392972767244e-01 1.90719304045342741e+00 -3.43924943190429433e-01
6.87223392972767244e-01 1.91113133039293981e+00 -3.28630835806255794e-01
6.87223392972767244e-01 1.91451695934450927e+00 -3.13192208070375566e-01
6.87223392972767244e-01 1.91738811891690175e+00 -2.97655913717117027e-01
6.87223392972767244e-01 1.91978748323963111e+00 -2.82063648754843688e-01
6.87223392972767244e-01 1.92174669400437348e+00 -2.66434316925923564e-01
6.87223392972767244e-01 1.92327872280699230e+00 -2.50761738630182363e-01
6.87223392972767244e-01 1.92438375819635432e+00 -2.35031679725632714e-01
6.87223392972767244e-01 1.92506381814074468e+00 -2.19246092325550146e-01
6.87223392972767244e-01 1.92533428682560692e+00 -2.03434675771592577e-01
6.87223392972767244e-01 1.92522281249311833e+00 -1.87642106102199641e-01
6.87223392972767244e-01 1.92475612327267354e+00 -1.71898695343191354e-01
6.87223392972767244e-01 1.92394550706127099e+00 -1.56197907312880774e-01
6.87223392972767244e-01 1.92278361605884385e+00 -1.40502240218165153e-01
6.87223392972767244e-01 1.92125671774323958e+00 -1.24778332195646241e-01
6.87223392972767244e-01 1.91936366214279874e+00 -1.09036900756693797e-01
6.87223392972767244e-01 1.91712577465101397e+00 -9.33432916748065528e-02
6.87223392972767244e-01 1.91457690907991540e+00 -7.77805807975335411e-02
6.87223392972767244e-01 1.91173724389668975e+00 -6.23809354865204335e-02
6.87223392972767244e-01 1.90858778343808644e+00 -4.70690600243714383e-02
6.87223392972767244e-01 1.90506457974655596e+00 -3.16619849056102090e-02
6.87223392972767244e-01 1.90107991775208962e+00 -1.59380918655834328e-02
7.03585854710214065e-01 1.89361737610556879e+00 2.33887720973182257e-04
7.03585854710214065e-01 1.88842751861423297e+00 1.67076404892643159e-02
7.03585854710214065e-01 1.88270945269729983e+00 3.34708996002246739e-02
7.03585854710214065e-01 1.87652503148779992e+00 5.02787963884934602e-02
7.03585854710214065e-01 1.86993027618098018e+00 6.69080638344728418e-02
7.03585854710214065e-01 1.86294680084367203e+00 8.32385467482405078e-02
7.03585854710214065e-01 1.85555946735609067e+00 9.92695139613843508e-02
7.03585854710214065e-01 1.84773820761785035e+00 1.15071149342369616e-01
7.03585854710214065e-01 1.83946589872522814e+00 1.30709672618247619e-01
7.03585854710214065e-01 1.83075196033544829e+00 1.46194811863064766e-01
7.03585854710214065e-01 1.82162362645945297e+00 1.61476790439655155e-01
7.03585854710214065e-01 1.81210382087731170e+00 1.76483995615094175e-01
7.03585854710214065e-01 1.80219362440830722e+00 1.91167495206700233e-01
7.03585854710214065e-01 1.79187243852395839e+00 2.05519981067821267e-01
7.03585854710214065e-01 1.78111475319089596e+00 2.19560202237543911e-01
7.03585854710214065e-01 1.76991014055189599e+00 2.33300296845333183e-01
7.03585854710214065e-01 1.75827176366591176e+00 2.46723570695456557e-01
7.03585854710214065e-01 1.74622851779921495e+00 2.59788876362478383e-01
7.03585854710214065e-01 1.73380866448990334e+00 2.72455719057616508e-01
7.03585854710214065e-01 1.72102855425032741e+00 2.84709110405987231e-01
7.03585854710214065e-01 1.70789484359917965e+00 2.96565597799009539e-01
7.03585854710214065e-01 1.69441723405190681e+00 3.08058179831214973e-01
7.03585854710214065e-01 1.68062043465818189e+00 3.19214150123414753e-01
7.03585854710214065e-01 1.66654510611752293e+00 3.30043690150701896e-01
7.03585854710214065e-01 1.65223664189896557e+00 3.40546459895283038e-01
7.03585854710214065e-01 1.63773022493723364e+00 3.50728068002990057e-01
7.03585854710214065e-01 1.62304313559153579e+00 3.60610754215804408e-01
7.03585854710214065e-01 1.60817917268565225e+00 3.70228429838299400e-01
7.03585854710214065e-01 1.59314055769126939e+00 3.79609917464458324e-01
7.03585854710214065e-01 1.57793745797731511e+00 3.88764278270427921e-01
7.03585854710214065e-01 1.56258812739480235e+00 3.97680443682589924e-01
7.03585854710214065e-01 1.54711081909792902e+00 4.06341682774209789e-01
7.03585854710214065e-01 1.53151521535150237e+00 4.14743470345994958e-01
7.03585854710214065e-01 1.51580092777065212e+00 4.22900746305757413e-01
7.03585854710214065e-01 1.49996420110595152e+00 4.30839233217671702e-01
7.03585854710214065e-01 1.48400690596872820e+00 4.38578193489072288e-01
7.03585854710214065e-01 1.46794009823858063e+00 4.46118506516440805e-01
7.03585854710214065e-01 1.45177917160578707e+00 4.53445215180701688e-01
7.03585854710214065e-01 1.43553477622195147e+00 4.60541821391874828e-01
7.03585854710214065e-01 1.41920718985342109e+00 4.67404288779618871e-01
7.03585854710214065e-01 1.40278884850300400e+00 4.74043334725840260e-01
7.03585854710214065e-01 1.38627287986337455e+00 4.80473414736674320e-01
7.03585854710214065e-01 1.36966053103985330e+00 4.86697716279382908e-01
7.03585854710214065e-01 1.35296144421383069e+00 4.92701678462974912e-01
7.03585854710214065e-01 1.33618682971587543e+00 4.98460590993057950e-01
7.03585854710214065e-01 1.31934154323504416e+00 5.03955449601198757e-01
7.03585854710214065e-01 1.30242190247991685e+00 5.09184653025935408e-01
7.03585854710214065e-01 1.28542114211468950e+00 5.14162552596864275e-01
7.03585854710214065e-01 1.26833791180862776e+00 5.18906460038817463e-01
7.03585854710214065e-01 1.25118065034206127e+00 5.23422935583403581e-01
7.03585854710214065e-01 1.23396415415585747e+00 5.27704648333731874e-01
7.03585854710214065e-01 1.21670121314349200e+00 5.31740465774040771e-01
7.03585854710214065e-01 1.19939624649325460e+00 5.35530542113349717e-01
7.03585854710214065e-01 1.18204602096169897e+00 5.39093625672626975e-01
7.03585854710214065e-01 1.16464640418152543e+00 5.42459188790971214e-01
7.03585854710214065e-01 1.14719897969659645e+00 5.45648191558610662e-01
7.03585854710214065e-01 1.12971163609296665e+00 5.48654811017531330e-01
7.03585854710214065e-01 1.11219266475703327e+00 5.51440947068704279e-01
7.03585854710214065e-01 1.09464371027643992e+00 5.53946239881720981e-01
7.03585854710214065e-01 1.07705801316603811e+00 5.56105369331309607e-01
7.03585854710214065e-01 1.05942584357554104e+00 5.57859237296895460e-01
7.03585854710214065e-01 1.04174305524165822e+00 5.59150456527571005e-01
7.03585854710214065e-01 1.02401698997093304e+00 5.59903354249748353e-01
7.03585854710214065e-01 1.00626847943532272e+00 5.59998039732769848e-01
7.03585854710214065e-01 9.88535381492837040e-01 5.59251929829828631e-01
7.03585854710214065e-01 9.70885004794929563e-01 5.57419601264468434e-01
7.03585854710214065e-01 9.53436245547628514e-01 5.54215482364620149e-01
7.03585854710214065e-01 9.36380984864292332e-01 5.49356784589770997e-01
7.03585854710214065e-01 9.19987438033566973e-01 5.42617787062931511e-01
7.03585854710214065e-01 9.04573266748750715e-01 5.33881649530486224e-01
7.03585854710214065e-01 8.90452478533139136e-01 5.23173585620420378e-01
7.03585854710214065e-01 8.77877343472431293e-01 5.10661977479357265e-01
7.03585854710214065e-01 8.67002150552644402e-01 4.96623568356384437e-01
7.03585854710214065e-01 8.57884093676822057e-01 4.81383101547667058e-01
7.03585854710214065e-01 8.50514573371786375e-01 4.65249917080606812e-01
7.03585854710214065e-01 8.44856601100129723e-01 4.48476087903480425e-01
7.03585854710214065e-01 8.40863277393174902e-01 4.31249396022619746e-01
7.03585854710214065e-01 8.38469045292484227e-01 4.13715089859995999e-01
7.03585854710214065e-01 8.37567293317529660e-01 3.96004658706841428e-01
7.03585854710214065e-01 8.37998569916909020e-01 3.78248392588215576e-01
7.03585854710214065e-01 8.39565112675278002e-01 3.60562733965860471e-01
7.03585854710214065e-01 8.42066180782421125e-01 3.43023675848679266e-01
7.03585854710214065e-01 8.45331340785130614e-01 3.25649119598218073e-01
7.03585854710214065e-01 8.49229287107441277e-01 3.08407276735012004e-01
7.03585854710214065e-01 8.53648279376974184e-01 2.91248794253844367e-01
7.03585854710214065e-01 8.58466835652422988e-01 2.74141793811522094e-01
7.03585854710214065e-01 8.63542092140723416e-01 2.57085938578371920e-01
7.03585854710214065e-01 8.68730476399374951e-01 2.40097200760308105e-01
7.03585854710214065e-01 8.73929975531670400e-01 2.23177938996531461e-01
7.03585854710214065e-01 8.79114700022236017e-01 2.06299402874941251e-01
7.03585854710214065e-01 8.84335742824641557e-01 1.89415124668281531e-01
7.03585854710214065e-01 8.89686205943500341e-01 1.72499157998107999e-01
7.03585854710214065e-01 8.95255127159616415e-01 1.55581148638833044e-01
7.03585854710214065e-01 9.01103885999147036e-01 1.38748698268509163e-01
7.03585854710214065e-01 9.07281322413702851e-01 1.22109728909842091e-01
7.03585854710214065e-01 9.13862099933569483e-01 1.05738459564573645e-01
7.03585854710214065e-01 9.20970748111445525e-01 8.96448163421994793e-02
7.03585854710214065e-01 9.28759713420162503e-01 7.37943700172900563e-02
7.03585854710214065e-01 9.37341950439401717e-01 5.81707726903770150e-02
7.03585854710214065e-01 9.46715219254819940e-01 4.28392231453261080e-02
7.03585854710214065e-01 9.56729294442457467e-01 2.79626734504053523e-02
7.03585854710214065e-01 9.67126235129516787e-01 1.37497335157446346e-02
7.03585854710214065e-01 9.77639679082731194e-01 3.57917510236220701e-04
7.03585854710214065e-01 9.88100812658945005e-01 -1.21920152780459271e-02
7.03585854710214065e-01 9.98492382202665674e-01 -2.40380095804070514e-02
7.03585854710214065e-01 1.00892281979330134e+00 -3.54198574061604030e-02
7.03585854710214065e-01 1.01954037773684458e+00 -4.65760583277127702e-02
7.03585854710214065e-01 1.03044100398065552e+00 -5.76534724965895098e-02
7.03585854710214065e-01 1.04162246762094557e+00 -6.86776176259156351e-02
7.03585854710214065e-01 1.05300378920111215e+00 -7.95912898869895885e-02
7.03585854710214065e-01 1.06448714168111369e+00 -9.03276610953878262e-02
7.03585854710214065e-01 1.07601670344050238e+00 -1.00867995973148009e-01
7.03585854710214065e-01 1.08759813306591346e+00 -1.11251660752693660e-01
7.03585854710214065e-01 1.09927372613046415e+00 -1.21542126539947684e-01
7.03585854710214065e-01 1.11107838155207550e+00 -1.31781128695568545e-01
7.03585854710214065e-01 1.12301021464548056e+00 -1.41965748003233500e-01
7.03585854710214065e-01 1.13503388032033015e+00 -1.52061426630347690e-01
7.03585854710214065e-01 1.14710858631153889e+00 -1.62036175713291375e-01
7.03585854710214065e-01 1.15921605570450614e+00 -1.71888031616857534e-01
7.03585854710214065e-01 1.17136700286663964e+00 -1.81646965508743097e-01
7.03585854710214065e-01 1.18358308215756680e+00 -1.91354540734351930e-01
7.03585854710214065e-01 1.19586954872867612e+00 -2.01041579181932856e-01
7.03585854710214065e-01 1.20819877350747529e+00 -2.10723436665194913e-01
7.03585854710214065e-01 1.22051444705364442e+00 -2.20416188042671629e-01
7.03585854710214065e-01 1.23275041278451614e+00 -2.30158936302884809e-01
7.03585854710214065e-01 1.24484915606246238e+00 -2.40021896836708826e-01
7.03585854710214065e-01 1.25676872955724117e+00 -2.50090671054270131e-01
7.03585854710214065e-01 1.26847856176433371e+00 -2.60435247822554061e-01
7.03585854710214065e-01 1.27995380692295835e+00 -2.71083629297906470e-01
7.03585854710214065e-01 1.29117740521843927e+00 -2.82016340085485984e-01
7.03585854710214065e-01 1.30215020238265455e+00 -2.93182995514963574e-01
7.03585854710214065e-01 1.31290050580199980e+00 -3.04527456113017014e-01
7.03585854710214065e-01 1.32348317468698329e+00 -3.16004540127341693e-01
7.03585854710214065e-01 1.33396584071629221e+00 -3.27580284237565300e-01
7.03585854710214065e-01 1.34440985647346123e+00 -3.39221249538993463e-01
7.03585854710214065e-01 1.35485782833999435e+00 -3.50885674185948460e-01
7.03585854710214065e-01 1.36533466898811784e+00 -3.62525503845176345e-01
7.03585854710214065e-01 1.37585901465544302e+00 -3.74097701380413095e-01
7.03585854710214065e-01 1.38645462459534130e+00 -3.85574979829828912e-01
7.03585854710214065e-01 1.39715253325568955e+00 -3.96946756360880837e-01
7.03585854710214065e-01 1.40798297254856553e+00 -4.08209509604178511e-01
7.03585854710214065e-01 1.41896460398569579e+00 -4.19354418056916478e-01
7.03585854710214065e-01 1.43010066011482717e+00 -4.30361913626715331e-01
7.03585854710214065e-01 1.44138584911127166e+00 -4.41206445124702085e-01
7.03585854710214065e-01 1.45281920029874390e+00 -4.51865921487845545e-01
7.03585854710214065e-01 1.46441338863363435e+00 -4.62326483029288859e-01
7.03585854710214065e-01 1.47619395129538189e+00 -4.72577542979829068e-01
7.03585854710214065e-01 1.48818963506578306e+00 -4.82600703117422591e-01
7.03585854710214065e-01 1.50042161510949112e+00 -4.92361777899126440e-01
7.03585854710214065e-01 1.51289963063527755e+00 -5.01812864841318151e-01
7.03585854710214065e-01 1.52562740494108073e+00 -5.10902821755996217e-01
7.03585854710214065e-01 1.53861279822526176e+00 -5.19586543327811845e-01
7.03585854710214065e-01 1.55187518191862872e+00 -5.27822693295086354e-01
7.03585854710214065e-01 1.56544511026064948e+00 -5.35557144620829151e-01
7.03585854710214065e-01 1.57935666651440987e+00 -5.42700021034807967e-01
7.03585854710214065e-01 1.59363646899252109e+00 -5.49110316084175598e-01
7.03585854710214065e-01 1.60829308195122689e+00 -5.54599351721793310e-01
7.03585854710214065e-01 1.62330809170496870e+00 -5.58954828710114704e-01
7.03585854710214065e-01 1.63862877392253448e+00 -5.61977245017439175e-01
7.03585854710214065e-01 1.65416378093726357e+00 -5.63515818988132855e-01
7.03585854710214065e-01 1.66978581441087637e+00 -5.63493180457572462e-01
7.03585854710214065e-01 1.68534515158411558e+00 -5.61913970664157048e-01
7.03585854710214065e-01 1.70069328521620866e+00 -5.58857867203275238e-01
7.03585854710214065e-01 1.71570910699564028e+00 -5.54460350483657383e-01
7.03585854710214065e-01 1.73031621148582415e+00 -5.48885653709670795e-01
7.03585854710214065e-01 1.74448298380406919e+00 -5.42297587953198379e-01
7.03585854710214065e-01 1.75820621212842232e+00 -5.34835417211952935e-01
7.03585854710214065e-01 1.77148823866226346e+00 -5.26601666836345905e-01
7.03585854710214065e-01 1.78432058888173484e+00 -5.17664772839767751e-01
7.03585854710214065e-01 1.79668139417260231e+00 -5.08072709096400232e-01
7.03585854710214065e-01 1.80854383779290373e+00 -4.97868194414731735e-01
7.03585854710214065e-01 1.81988575988576184e+00 -4.87096109704449276e-01
7.03585854710214065e-01 1.83069156973651626e+00 -4.75800119532819088e-01
7.03585854710214065e-01 1.84094551433747999e+00 -4.64014002844929940e-01
7.03585854710214065e-01 1.85062353742142460e+00 -4.51757433021585109e-01
7.03585854710214065e-01 1.85969269332443599e+00 -4.39042308771086243e-01
7.03585854710214065e-01 1.86812090385649365e+00 -4.25886734247745369e-01
7.03585854710214065e-01 1.87589082679724117e+00 -4.12326494637310137e-01
7.03585854710214065e-01 1.88300727844359317e+00 -3.98414582535800643e-01
7.03585854710214065e-01 1.88949189398749917e+00 -3.84208060749653579e-01
7.03585854710214065e-01 1.89536844182112718e+00 -3.69751664481300923e-01
7.03585854710214065e-01 1.90064970946801948e+00 -3.55070731345401347e-01
7.03585854710214065e-01 1.90533594811904727e+00 -3.40179114676960936e-01
7.03585854710214065e-01 1.90942592729662097e+00 -3.25095693399462482e-01
7.03585854710214065e-01 1.91293163534700938e+00 -3.09855599621610411e-01
7.03585854710214065e-01 1.91588457323056005e+00 -2.94505942371518226e-01
7.03585854710214065e-01 1.91832807201748690e+00 -2.79088387067694399e-01
7.03585854710214065e-01 1.92030111527429681e+00 -2.63622550607448825e-01
7.03585854710214065e-01 1.92182596359946789e+00 -2.48104865200157176e-01
7.03585854710214065e-01 1.92290888660585768e+00 -2.32525731736681257e-01
7.03585854710214065e-01 1.92355276387847751e+00 -2.16892239180824120e-01
7.03585854710214065e-01 1.92377067833985693e+00 -2.01237328342678379e-01
7.03585854710214065e-01 1.92358883122145241e+00 -1.85605559116700597e-01
7.03585854710214065e-01 1.92303606360284807e+00 -1.70024660770747571e-01
7.03585854710214065e-01 1.92212884788725558e+00 -1.54485941397582455e-01
7.03585854710214065e-01 1.92086518036906351e+00 -1.38952899944956992e-01
7.03585854710214065e-01 1.91923404470883718e+00 -1.23396468029955853e-01
7.03585854710214065e-01 1.91723387854052629e+00 -1.07831858393433719e-01
7.03585854710214065e-01 1.91488436635345471e+00 -9.23248227032647528e-02
7.03585854710214065e-01 1.91221896961764593e+00 -7.69527118523531950e-02
7.03585854710214065e-01 1.90925968693776027e+00 -6.17383022851650254e-02
7.03585854710214065e-01 1.90599042684773456e+00 -4.65992427362521625e-02
7.03585854710214065e-01 1.90234935044396591e+00 -3.13534512753985417e-02
7.03585854710214065e-01 1.89824943124424994e+00 -1.57890979562835890e-02
7.19948316447660885e-01 1.89135988550389289e+00 3.42028947823189156e-04
7.19948316447660885e-01 1.88612336855192853e+00 1.64803068900094829e-02
7.19948316447660885e-01 1.88034591453018907e+00 3.29747723799488149e-02
7.19948316447660885e-01 1.87409426402756685e+00 4.95795092391502282e-02
7.19948316447660885e-01 1.86743959177521268e+00 6.60448063576238587e-02
7.19948316447660885e-01 1.86041947512187122e+00 8.22168959914921643e-02
7.19948316447660885e-01 1.85302590724450988e+00 9.80729501059180997e-02
7.19948316447660885e-01 1.84522369903631978e+00 1.13681086180366570e-01
7.19948316447660885e-01 1.83698311154712246e+00 1.29120796816233480e-01
7.19948316447660885e-01 1.82830271501272335e+00 1.44417973235870717e-01
7.19948316447660885e-01 1.81920792652746210e+00 1.59530988244555555e-01
7.19948316447660885e-01 1.80972946962780479e+00 1.74385634748059876e-01
7.19948316447660885e-01 1.79987997762445096e+00 1.88925143937688084e-01
7.19948316447660885e-01 1.78964645232303421e+00 2.03137360458775867e-01
7.19948316447660885e-01 1.77900288742598023e+00 2.17043694834011480e-01
7.19948316447660885e-01 1.76793202230005364e+00 2.30664484874697678e-01
7.19948316447660885e-01 1.75643945425560455e+00 2.43990612499164067e-01
7.19948316447660885e-01 1.74455068561926940e+00 2.56982543167226019e-01
7.19948316447660885e-01 1.73229547619970115e+00 2.69594659873860443e-01
7.19948316447660885e-01 1.71969308851458358e+00 2.81803837720066508e-01
7.19948316447660885e-01 1.70674995046474098e+00 2.93620338900343669e-01
7.19948316447660885e-01 1.69347038445818243e+00 3.05075003786657584e-01
7.19948316447660885e-01 1.67987048429593733e+00 3.16195495284728290e-01
7.19948316447660885e-01 1.66598322793851139e+00 3.26991272494357887e-01
7.19948316447660885e-01 1.65185051378429359e+00 3.37457789889401838e-01
7.19948316447660885e-01 1.63750841323881313e+00 3.47593806982587628e-01
7.19948316447660885e-01 1.62297698015609604e+00 3.57415447629483518e-01
7.19948316447660885e-01 1.60826178059038871e+00 3.66954492258860787e-01
7.19948316447660885e-01 1.59336475923631093e+00 3.76242292175235526e-01
7.19948316447660885e-01 1.57829503941956317e+00 3.85292817259668241e-01
7.19948316447660885e-01 1.56307118500048658e+00 3.94098910231649890e-01
7.19948316447660885e-01 1.54771407858623977e+00 4.02644820299755790e-01
7.19948316447660885e-01 1.53223731829182297e+00 4.10924841697526466e-01
7.19948316447660885e-01 1.51664359821308481e+00 4.18953158864759145e-01
7.19948316447660885e-01 1.50092998374364406e+00 4.26757343402033529e-01
7.19948316447660885e-01 1.48509727774967137e+00 4.34361111513363096e-01
7.19948316447660885e-01 1.46915532193360954e+00 4.41770243032561849e-01
7.19948316447660885e-01 1.45311973879825551e+00 4.48972539063102249e-01
7.19948316447660885e-01 1.43700300456426411e+00 4.55951147028774706e-01
7.19948316447660885e-01 1.42080753868973875e+00 4.62699994275180326e-01
7.19948316447660885e-01 1.40452670925516188e+00 4.69228837052553971e-01
7.19948316447660885e-01 1.38815290288764048e+00 4.75554208368619946e-01
7.19948316447660885e-01 1.37168586025694039e+00 4.81684001915863469e-01
7.19948316447660885e-01 1.35513434435252411e+00 4.87608345664226728e-01
7.19948316447660885e-01 1.33850994010308910e+00 4.93304098229206733e-01
7.19948316447660885e-01 1.32181848027921900e+00 4.98749312023387625e-01
7.19948316447660885e-01 1.30505657405789477e+00 5.03936269186027075e-01
7.19948316447660885e-01 1.28821632274222098e+00 5.08873242538818937e-01
7.19948316447660885e-01 1.27129429272397210e+00 5.13574420134861209e-01
7.19948316447660885e-01 1.25429715078318593e+00 5.18046825799664323e-01
7.19948316447660885e-01 1.23723917412508033e+00 5.22285108737140402e-01
7.19948316447660885e-01 1.22013373731798858e+00 5.26278365266784065e-01
7.19948316447660885e-01 1.20298596360686583e+00 5.30023239142752511e-01
7.19948316447660885e-01 1.18579264032185083e+00 5.33532291625162136e-01
7.19948316447660885e-01 1.16854915279483107e+00 5.36829995889127942e-01
7.19948316447660885e-01 1.15125706202992495e+00 5.39937854887752922e-01
7.19948316447660885e-01 1.13392539799084169e+00 5.42857969890857883e-01
7.19948316447660885e-01 1.11656433692732282e+00 5.45565190072555661e-01
7.19948316447660885e-01 1.09917684655124837e+00 5.48011603232721911e-01
7.19948316447660885e-01 1.08175598522140315e+00 5.50138597782390493e-01
7.19948316447660885e-01 1.06429081781454982e+00 5.51886995415804216e-01
7.19948316447660885e-01 1.04677648946104829e+00 5.53197362829262795e-01
7.19948316447660885e-01 1.02922077864704953e+00 5.53998547183547352e-01
7.19948316447660885e-01 1.01164396459186445e+00 5.54188635237142013e-01
7.19948316447660885e-01 9.94077589826641073e-01 5.53616120377374621e-01
7.19948316447660885e-01 9.76572466806471473e-01 5.52069925585692012e-01
7.19948316447660885e-01 9.59221034509343484e-01 5.49286071525139641e-01
7.19948316447660885e-01 9.42185974561832396e-01 5.44976124610987989e-01
7.19948316447660885e-01 9.25715644658883674e-01 5.38876751821999678e-01
7.19948316447660885e-01 9.10127811867311509e-01 5.30810458854398926e-01
7.19948316447660885e-01 8.95758739146470639e-01 5.20738220159747023e-01
7.19948316447660885e-01 8.82895968907448370e-01 5.08781663096711467e-01
7.19948316447660885e-01 8.71725442637766634e-01 4.95200935183564783e-01
7.19948316447660885e-01 8.62317118943222050e-01 4.80333043925201431e-01
7.19948316447660885e-01 8.54651083032624825e-01 4.64515061583243627e-01
7.19948316447660885e-01 8.48662877483439160e-01 4.48024812511428783e-01
7.19948316447660885e-01 8.44278342536379900e-01 4.31061708567436863e-01
7.19948316447660885e-01 8.41420145632483241e-01 4.13767017812274540e-01
7.19948316447660885e-01 8.39991202272046267e-01 3.96260509356860746e-01
7.19948316447660885e-01 8.39857124126052068e-01 3.78663862469202417e-01
7.19948316447660885e-01 8.40848353437546270e-01 3.61094829951822849e-01
7.19948316447660885e-01 8.42784691771039207e-01 3.43640081116909413e-01
7.19948316447660885e-01 8.45505199871946722e-01 3.26331469351813119e-01
7.19948316447660885e-01 8.48880958327769330e-01 3.09147786575508676e-01
7.19948316447660885e-01 8.52801651539792593e-01 2.92044028913171438e-01
7.19948316447660885e-01 8.57148817282690323e-01 2.74988270252886968e-01
7.19948316447660885e-01 8.61781133741155281e-01 2.57979688553431452e-01
7.19948316447660885e-01 8.66549386468518423e-01 2.41035789610037604e-01
7.19948316447660885e-01 8.71335789098132363e-01 2.24161599373037451e-01
7.19948316447660885e-01 8.76091778221909978e-01 2.07329052155303506e-01
7.19948316447660885e-01 8.80847006157701617e-01 1.90487884702259275e-01
7.19948316447660885e-01 8.85682368674164833e-01 1.73604165490304024e-01
7.19948316447660885e-01 8.90686793061332804e-01 1.56698277215467280e-01
7.19948316447660885e-01 8.95930093230943969e-01 1.39850646676958762e-01
7.19948316447660885e-01 9.01471424865258886e-01 1.23165679221216656e-01
7.19948316447660885e-01 9.07393149713184077e-01 1.06717021773101065e-01
7.19948316447660885e-01 9.13825794712424866e-01 9.05155155663694838e-02
7.19948316447660885e-01 9.20931263689265700e-01 7.45290077861878175e-02
7.19948316447660885e-01 9.28840191918817393e-01 5.87466367325536823e-02
7.19948316447660885e-01 9.37576011595462333e-01 4.32445662397264868e-02
7.19948316447660885e-01 9.47015813279672991e-01 2.82022794079892641e-02
7.19948316447660885e-01 9.56921377796225436e-01 1.38469421964436904e-02
7.19948316447660885e-01 9.67031686366219279e-01 3.50685957911616884e-04
7.19948316447660885e-01 9.77168417327294203e-01 -1.22600811758752891e-02
7.19948316447660885e-01 9.87295754498367151e-01 -2.41274639164730659e-02
7.19948316447660885e-01 9.97502981848393477e-01 -3.55011060269231418e-02
7.19948316447660885e-01 1.00792519267577130e+00 -4.66284076804888564e-02
7.19948316447660885e-01 1.01865315743018336e+00 -5.76590899827476577e-02
7.19948316447660885e-01 1.02968523513275367e+00 -6.86149458015803126e-02
7.19948316447660885e-01 1.04094285391341734e+00 -7.94323805259205401e-02
7.19948316447660885e-01 1.05232924668568195e+00 -9.00409423097916217e-02
7.19948316447660885e-01 1.06378699724540282e+00 -1.00424311838828662e-01
7.19948316447660885e-01 1.07531764130663765e+00 -1.10629553415160481e-01
7.19948316447660885e-01 1.08695747124770570e+00 -1.20729363857986771e-01
7.19948316447660885e-01 1.09873424070787440e+00 -1.30772404863151337e-01
7.19948316447660885e-01 1.11063876454892374e+00 -1.40759050501330280e-01
7.19948316447660885e-01 1.12262960820658475e+00 -1.50655984498979628e-01
7.19948316447660885e-01 1.13466241476569407e+00 -1.60433101860633087e-01
7.19948316447660885e-01 1.14671833589641037e+00 -1.70092281572287091e-01
7.19948316447660885e-01 1.15880976562533733e+00 -1.79667953666991065e-01
7.19948316447660885e-01 1.17096097124983545e+00 -1.89203537601680100e-01
7.19948316447660885e-01 1.18318015933447040e+00 -1.98726161930159767e-01
7.19948316447660885e-01 1.19544396649615647e+00 -2.08241199643141417e-01
7.19948316447660885e-01 1.20770364167680078e+00 -2.17750403897769951e-01
7.19948316447660885e-01 1.21990501427931819e+00 -2.27277813872931916e-01
7.19948316447660885e-01 1.23200548768837970e+00 -2.36881435832267701e-01
7.19948316447660885e-01 1.24397668897830571e+00 -2.46639934765106261e-01
7.19948316447660885e-01 1.25579522004803379e+00 -2.56622577576908040e-01
7.19948316447660885e-01 1.26743417786394552e+00 -2.66862557018853808e-01
7.19948316447660885e-01 1.27886655674205807e+00 -2.77350155330134185e-01
7.19948316447660885e-01 1.29008027386267399e+00 -2.88046946872409337e-01
7.19948316447660885e-01 1.30109331865956901e+00 -2.98907796734615816e-01
7.19948316447660885e-01 1.31195590616704849e+00 -3.09894480197634381e-01
7.19948316447660885e-01 1.32273585412010575e+00 -3.20974241360059198e-01
7.19948316447660885e-01 1.33349607181694974e+00 -3.32109788844774156e-01
7.19948316447660885e-01 1.34427885830262839e+00 -3.43253330903523945e-01
7.19948316447660885e-01 1.35510616581583121e+00 -3.54352136117734418e-01
7.19948316447660885e-01 1.36599272107315706e+00 -3.65362008425939133e-01
7.19948316447660885e-01 1.37695970278223578e+00 -3.76257700094470238e-01
7.19948316447660885e-01 1.38803756612090590e+00 -3.87031654281592641e-01
7.19948316447660885e-01 1.39925637376703338e+00 -3.97682162481650392e-01
7.19948316447660885e-01 1.41063247898879762e+00 -4.08200628914702990e-01
7.19948316447660885e-01 1.42216324835216823e+00 -4.18567943547978882e-01
7.19948316447660885e-01 1.43383479144461035e+00 -4.28761899634058585e-01
7.19948316447660885e-01 1.44563715938960136e+00 -4.38768061181658120e-01
7.19948316447660885e-01 1.45757572447647710e+00 -4.48583497244980811e-01
7.19948316447660885e-01 1.46967083316393343e+00 -4.58208809290935215e-01
7.19948316447660885e-01 1.48194722953433677e+00 -4.67633849935923773e-01
7.19948316447660885e-01 1.49442241749259108e+00 -4.76828177186538915e-01
7.19948316447660885e-01 1.50710309375449492e+00 -4.85743886297919036e-01
7.19948316447660885e-01 1.51999156351183573e+00 -4.94328659387880842e-01
7.19948316447660885e-01 1.53309590784673588e+00 -5.02538463535330160e-01
7.19948316447660885e-01 1.54643521133842743e+00 -5.10338943998158490e-01
7.19948316447660885e-01 1.56003589720888569e+00 -5.17692470898566404e-01
7.19948316447660885e-01 1.57392259891913189e+00 -5.24537934203895606e-01
7.19948316447660885e-01 1.58811052448590284e+00 -5.30775338411861086e-01
7.19948316447660885e-01 1.60260315408172405e+00 -5.36264042032491783e-01
7.19948316447660885e-01 1.61739261728818384e+00 -5.40835420078933371e-01
7.19948316447660885e-01 1.63245660412218307e+00 -5.44314124136927924e-01
7.19948316447660885e-01 1.64774896055586351e+00 -5.46540960022709799e-01
7.19948316447660885e-01 1.66318881721879896e+00 -5.47393486899345083e-01
7.19948316447660885e-01 1.67865835682888420e+00 -5.46803236373030743e-01
7.19948316447660885e-01 1.69401659235173208e+00 -5.44767785515804515e-01
7.19948316447660885e-01 1.70912657563800519e+00 -5.41353115264054274e-01
7.19948316447660885e-01 1.72388335556743666e+00 -5.36681255426567305e-01
7.19948316447660885e-01 1.73822778368521136e+00 -5.30903243636648314e-01
7.19948316447660885e-01 1.75213940933569945e+00 -5.24165859408553092e-01
7.19948316447660885e-01 1.76561479265629018e+00 -5.16586092094165839e-01
7.19948316447660885e-01 1.77864614624848660e+00 -5.08244342996882259e-01
7.19948316447660885e-01 1.79121306406447078e+00 -4.99196462200519497e-01
7.19948316447660885e-01 1.80328909135561011e+00 -4.89493043027051988e-01
7.19948316447660885e-01 1.81485362600034872e+00 -4.79190672408104257e-01
7.19948316447660885e-01 1.82589672882594400e+00 -4.68347342781676279e-01
7.19948316447660885e-01 1.83641174903584647e+00 -4.57007607775848423e-01
7.19948316447660885e-01 1.84638198641774398e+00 -4.45191970142964466e-01
7.19948316447660885e-01 1.85577356185714337e+00 -4.32902139526990748e-01
7.19948316447660885e-01 1.86454231455750397e+00 -4.20141040514263819e-01
7.19948316447660885e-01 1.87265134425078950e+00 -4.06933779313386479e-01
7.19948316447660885e-01 1.88008685396743647e+00 -3.93333620404274720e-01
7.19948316447660885e-01 1.88686061760030599e+00 -3.79407761696258006e-01
7.19948316447660885e-01 1.89299739289860880e+00 -3.65213286490058242e-01
7.19948316447660885e-01 1.89851708083244652e+00 -3.50781677363518007e-01
7.19948316447660885e-01 1.90342525911171245e+00 -3.36123815458353292e-01
7.19948316447660885e-01 1.90771881004973443e+00 -3.21251051986337965e-01
7.19948316447660885e-01 1.91140122780491728e+00 -3.06194640982638155e-01
7.19948316447660885e-01 1.91449454596423574e+00 -2.91006643760921224e-01
7.19948316447660885e-01 1.91703778995179519e+00 -2.75740387897571437e-01
7.19948316447660885e-01 1.91907297883511974e+00 -2.60426004245015996e-01
7.19948316447660885e-01 1.92062989558211172e+00 -2.45062011512692385e-01
7.19948316447660885e-01 1.92172174875724266e+00 -2.29631918166229049e-01
7.19948316447660885e-01 1.92235467023721429e+00 -2.14134084121034213e-01
7.19948316447660885e-01 1.92254227765647800e+00 -1.98600365487498792e-01
7.19948316447660885e-01 1.92231208768996775e+00 -1.83085886660672381e-01
7.19948316447660885e-01 1.92169738523259004e+00 -1.67634971691214663e-01
7.19948316447660885e-01 1.92072087844796457e+00 -1.52249558616916914e-01
7.19948316447660885e-01 1.91938448622686986e+00 -1.36888315222207874e-01
7.19948316447660885e-01 1.91767565417424080e+00 -1.21503055314202038e-01
7.19948316447660885e-01 1.91558703448299772e+00 -1.06088487025454259e-01
7.19948316447660885e-01 1.91313383652311675e+00 -9.07053787356566776e-02
7.19948316447660885e-01 1.91035237872178643e+00 -7.54507565933654201e-02
7.19948316447660885e-01 1.90727636288096170e+00 -6.03853422754868641e-02
7.19948316447660885e-01 1.90390515249529035e+00 -4.54632075672980057e-02
7.19948316447660885e-01 1.90018722106456539e+00 -3.05153124402879443e-02
7.19948316447660885e-01 1.89603408546951813e+00 -1.53090914120529650e-02
7.36310778185107706e-01 1.88979242387049085e+00 4.61213578716385174e-04
7.36310778185107706e-01 1.88453114809539191e+00 1.62901412885879879e-02
7.36310778185107706e-01 1.87870681144094509e+00 3.25435411243384723e-02
7.36310778185107706e-01 1.87239162568325312e+00 4.89645729223281839e-02
7.36310778185107706e-01 1.86567478785997398e+00 6.52720300308209100e-02
7.36310778185107706e-01 1.85861469702904269e+00 8.12811728933806044e-02
7.36310778185107706e-01 1.85121578476419124e+00 9.69554183178264750e-02
7.36310778185107706e-01 1.84344111092174723e+00 1.12369402757654183e-01
7.36310778185107706e-01 1.83524783143962122e+00 1.27619427769275151e-01
7.36310778185107706e-01 1.82661922242633823e+00 1.42744270952989055e-01
7.36310778185107706e-01 1.81757255838474063e+00 1.57702984682623448e-01
7.36310778185107706e-01 1.80814132039376640e+00 1.72412019880044065e-01
7.36310778185107706e-01 1.79834831870343614e+00 1.86804540217136328e-01
7.36310778185107706e-01 1.78819065284145085e+00 2.00866186467146407e-01
7.36310778185107706e-01 1.77764626033520212e+00 2.14625745242994131e-01
7.36310778185107706e-01 1.76669477820293030e+00 2.28115003500612562e-01
7.36310778185107706e-01 1.75533563823118377e+00 2.41332578650563762e-01
7.36310778185107706e-01 1.74359029589294701e+00 2.54238837494646819e-01
7.36310778185107706e-01 1.73148892914873032e+00 2.66782214049552102e-01
7.36310778185107706e-01 1.71905376132038845e+00 2.78933412240482625e-01
7.36310778185107706e-01 1.70629247058880273e+00 2.90700644492239813e-01
7.36310778185107706e-01 1.69320586361856851e+00 3.02116526990480416e-01
7.36310778185107706e-01 1.67980222791687517e+00 3.13210060642729327e-01
7.36310778185107706e-01 1.66610595520992355e+00 3.23987218369409469e-01
7.36310778185107706e-01 1.65215342961557177e+00 3.34434419644213332e-01
7.36310778185107706e-01 1.63797979611053379e+00 3.44539543120335634e-01
7.36310778185107706e-01 1.62360727170063179e+00 3.54311413732212699e-01
7.36310778185107706e-01 1.60904375616068251e+00 3.63781300078644843e-01
7.36310778185107706e-01 1.59429174645518845e+00 3.72985648393984681e-01
7.36310778185107706e-01 1.57935941531838897e+00 3.81944685707136300e-01
7.36310778185107706e-01 1.56426469301093296e+00 3.90654330156805452e-01
7.36310778185107706e-01 1.54902966472589099e+00 3.99097475612985031e-01
7.36310778185107706e-01 1.53367082618180395e+00 4.07264971051913949e-01
7.36310778185107706e-01 1.51819386257039346e+00 4.15169271770491843e-01
7.36310778185107706e-01 1.50259731391333240e+00 4.22840255807988841e-01
7.36310778185107706e-01 1.48688169763049505e+00 4.30307247227235234e-01
7.36310778185107706e-01 1.47105605818598639e+00 4.37581944290050096e-01
7.36310778185107706e-01 1.45513628331762823e+00 4.44655459821022225e-01
7.36310778185107706e-01 1.43913668123098182e+00 4.51510829571021566e-01
7.36310778185107706e-01 1.42306209020167507e+00 4.58140050148620692e-01
7.36310778185107706e-01 1.40690731056280338e+00 4.64551745559975082e-01
7.36310778185107706e-01 1.39066439204800507e+00 4.70763803254153623e-01
7.36310778185107706e-01 1.37433163910482747e+00 4.76787640452387140e-01
7.36310778185107706e-01 1.35791677663061838e+00 4.82617150806141926e-01
7.36310778185107706e-01 1.34143172832588764e+00 4.88231060547422213e-01
7.36310778185107706e-01 1.32488362392936709e+00 4.93606385419220250e-01
7.36310778185107706e-01 1.30826987599743361e+00 4.98732061554415240e-01
7.36310778185107706e-01 1.29158170458443644e+00 5.03612353760463094e-01
7.36310778185107706e-01 1.27481327255901644e+00 5.08258399642293468e-01
7.36310778185107706e-01 1.25796876362965149e+00 5.12675792765939442e-01
7.36310778185107706e-01 1.24106142476936765e+00 5.16858781645483156e-01
7.36310778185107706e-01 1.22410539728630230e+00 5.20795701427295921e-01
7.36310778185107706e-01 1.20710727949048047e+00 5.24480865131264795e-01
7.36310778185107706e-01 1.19006453179594995e+00 5.27922933079181922e-01
7.36310778185107706e-01 1.17297185311501106e+00 5.31142583127698020e-01
7.36310778185107706e-01 1.15582965469016807e+00 5.34160414702376407e-01
7.36310778185107706e-01 1.13864685499229434e+00 5.36982845109668538e-01
7.36310778185107706e-01 1.12143521701828108e+00 5.39594333158095685e-01
7.36310778185107706e-01 1.10420011071090873e+00 5.41958944208496773e-01
7.36310778185107706e-01 1.08693614635549185e+00 5.44027762659361480e-01
7.36310778185107706e-01 1.06963220573208306e+00 5.45745696099678934e-01
7.36310778185107706e-01 1.05228222901739898e+00 5.47052839022483361e-01
7.36310778185107706e-01 1.03489309548503439e+00 5.47879123644958832e-01
7.36310778185107706e-01 1.01748423713765712e+00 5.48133414891633697e-01
7.36310778185107706e-01 1.00008318068770641e+00 5.47689132971001080e-01
7.36310778185107706e-01 9.82728652313475837e-01 5.46370057293728117e-01
7.36310778185107706e-01 9.65490209689304213e-01 5.43943569525207060e-01
7.36310778185107706e-01 9.48500242062917054e-01 5.40131912056076802e-01
7.36310778185107706e-01 9.31979547057339319e-01 5.34649928118167916e-01
7.36310778185107706e-01 9.16233728623777166e-01 5.27267034976526050e-01
7.36310778185107706e-01 9.01610164089306498e-01 5.17875365425766843e-01
7.36310778185107706e-01 8.88428035517764281e-01 5.06535058627729851e-01
7.36310778185107706e-01 8.76911970117204009e-01 4.93471607439287641e-01
7.36310778185107706e-01 8.67160013829225695e-01 4.79020653078619019e-01
7.36310778185107706e-01 8.59157605136145364e-01 4.63542473418393997e-01
7.36310778185107706e-01 8.52823130761586001e-01 4.47344919182908862e-01
7.36310778185107706e-01 8.48054968341358850e-01 4.30647873600942310e-01
7.36310778185107706e-01 8.44754754596705792e-01 4.13596809614099947e-01
7.36310778185107706e-01 8.42822341676257913e-01 3.96303929250770848e-01
7.36310778185107706e-01 8.42138704987470343e-01 3.78882040359282635e-01
7.36310778185107706e-01 8.42558864771599803e-01 3.61447366204396270e-01
7.36310778185107706e-01 8.43924646422673841e-01 3.44094160276642025e-01
7.36310778185107706e-01 8.46087836213340050e-01 3.26866329951667256e-01
7.36310778185107706e-01 8.48924140318935816e-01 3.09752777409790903e-01
7.36310778185107706e-01 8.52325736964730352e-01 2.92713327566464010e-01
7.36310778185107706e-01 8.56179039051937929e-01 2.75716888269746940e-01
7.36310778185107706e-01 8.60348781745251423e-01 2.58763093615220652e-01
7.36310778185107706e-01 8.64686974781151418e-01 2.41871767693816520e-01
7.36310778185107706e-01 8.69066514134521184e-01 2.25051052752060277e-01
7.36310778185107706e-01 8.73418752450111469e-01 2.08273662429469153e-01
7.36310778185107706e-01 8.77748878997659077e-01 1.91485605049945828e-01
7.36310778185107706e-01 8.82118113715893215e-01 1.74645580739554135e-01
7.36310778185107706e-01 8.86606572385385094e-01 1.57766209135708602e-01
7.36310778185107706e-01 8.91285650937182150e-01 1.40922654056039126e-01
7.36310778185107706e-01 8.96220948474797607e-01 1.24216782785494834e-01
7.36310778185107706e-01 9.01500676096890885e-01 1.07720197765352826e-01
7.36310778185107706e-01 9.07259937810754868e-01 9.14401624820796316e-02
7.36310778185107706e-01 9.13668583062205886e-01 7.53403956578019424e-02
7.36310778185107706e-01 9.20874409259729632e-01 5.94096659860870180e-02
7.36310778185107706e-01 9.28928635603626152e-01 4.37322878237849655e-02
7.36310778185107706e-01 9.37740929105040033e-01 2.85055387677905746e-02
7.36310778185107706e-01 9.47099736053475749e-01 1.39794452369707296e-02
7.36310778185107706e-01 9.56755336040814863e-01 3.45699351080087133e-04
7.36310778185107706e-01 9.66522789024377937e-01 -1.23602802656817921e-02
7.36310778185107706e-01 9.76347458421890080e-01 -2.42837332159955843e-02
7.36310778185107706e-01 9.86297840691075067e-01 -3.56846093423786662e-02
7.36310778185107706e-01 9.96494890130863897e-01 -4.68196722065174417e-02
7.36310778185107706e-01 1.00702448809691614e+00 -5.78411729463110882e-02
7.36310778185107706e-01 1.01788589990951062e+00 -6.87664581402187003e-02
7.36310778185107706e-01 1.02900146604944664e+00 -7.95254455715642961e-02
7.36310778185107706e-01 1.04027164231209279e+00 -9.00450499370631929e-02
7.36310778185107706e-01 1.05163297379115939e+00 -1.00312654392666470e-01
7.36310778185107706e-01 1.06308091462049070e+00 -1.10382981193400037e-01
7.36310778185107706e-01 1.07464852717408887e+00 -1.20335397506570574e-01
7.36310778185107706e-01 1.08636347810085288e+00 -1.30220772678412949e-01
7.36310778185107706e-01 1.09821745866701015e+00 -1.40037801902739706e-01
7.36310778185107706e-01 1.11016826403081326e+00 -1.49751494395280182e-01
7.36310778185107706e-01 1.12216813714283448e+00 -1.59333997383055398e-01
7.36310778185107706e-01 1.13419331447761818e+00 -1.68794155909551574e-01
7.36310778185107706e-01 1.14625178066710109e+00 -1.78175077127678189e-01
7.36310778185107706e-01 1.15836527078854989e+00 -1.87525946432316903e-01
7.36310778185107706e-01 1.17054153607662181e+00 -1.96873647763353699e-01
7.36310778185107706e-01 1.18275863107454082e+00 -2.06217425933273468e-01
7.36310778185107706e-01 1.19497152458982425e+00 -2.15549597959268147e-01
7.36310778185107706e-01 1.20713315401101950e+00 -2.24884240539660440e-01
7.36310778185107706e-01 1.21921189607974401e+00 -2.34270200624607572e-01
7.36310778185107706e-01 1.23119259723271246e+00 -2.43777869647829021e-01
7.36310778185107706e-01 1.24306343773691164e+00 -2.53469497505847685e-01
7.36310778185107706e-01 1.25480306062358693e+00 -2.63374266961654557e-01
7.36310778185107706e-01 1.26638177875873703e+00 -2.73483879138965269e-01
7.36310778185107706e-01 1.27777827448877757e+00 -2.83767697836150634e-01
7.36310778185107706e-01 1.28899953431509595e+00 -2.94192476461005603e-01
7.36310778185107706e-01 1.30008804814456003e+00 -3.04730968879138975e-01
7.36310778185107706e-01 1.31110948256065596e+00 -3.15355521966594055e-01
7.36310778185107706e-01 1.32212865255700551e+00 -3.26026354522764295e-01
7.36310778185107706e-01 1.33319005600733620e+00 -3.36688308507859635e-01
7.36310778185107706e-01 1.34431506662921474e+00 -3.47281672130402896e-01
7.36310778185107706e-01 1.35551477055599312e+00 -3.57759803294948553e-01
7.36310778185107706e-01 1.36680591370126314e+00 -3.68099862328382987e-01
7.36310778185107706e-01 1.37821636010151649e+00 -3.78298311463951875e-01
7.36310778185107706e-01 1.38977611612933094e+00 -3.88355243587105270e-01
7.36310778185107706e-01 1.40150217193363269e+00 -3.98260536195536086e-01
7.36310778185107706e-01 1.41339033972073813e+00 -4.07992843804246663e-01
7.36310778185107706e-01 1.42542133575364005e+00 -4.17531312685267830e-01
7.36310778185107706e-01 1.43757678070160755e+00 -4.26868988792549864e-01
7.36310778185107706e-01 1.44985308712160110e+00 -4.36015279503506326e-01
7.36310778185107706e-01 1.46226337378576488e+00 -4.44983817201791587e-01
7.36310778185107706e-01 1.47482742593598215e+00 -4.53774182436560369e-01
7.36310778185107706e-01 1.48755902828123987e+00 -4.62361188569604675e-01
7.36310778185107706e-01 1.50046126544402192e+00 -4.70699542698992779e-01
7.36310778185107706e-01 1.51353298115577162e+00 -4.78739549957350463e-01
7.36310778185107706e-01 1.52677998261048153e+00 -4.86440995282554967e-01
7.36310778185107706e-01 1.54022079387749677e+00 -4.93774144002365689e-01
7.36310778185107706e-01 1.55388171066561931e+00 -5.00707128561811654e-01
7.36310778185107706e-01 1.56778509870354288e+00 -5.07189218634672589e-01
7.36310778185107706e-01 1.58194033459965255e+00 -5.13141507903733696e-01
7.36310778185107706e-01 1.59634383214323861e+00 -5.18459490008800317e-01
7.36310778185107706e-01 1.61098582478112440e+00 -5.23022594367448801e-01
7.36310778185107706e-01 1.62585470802309917e+00 -5.26702370641764062e-01
7.36310778185107706e-01 1.64093111163743810e+00 -5.29366260010388667e-01
7.36310778185107706e-01 1.65617292213593226e+00 -5.30882318652309615e-01
7.36310778185107706e-01 1.67150194827178211e+00 -5.31133151185946062e-01
7.36310778185107706e-01 1.68680464523325901e+00 -5.30040600447519772e-01
7.36310778185107706e-01 1.70195099308174047e+00 -5.27591170699452716e-01
7.36310778185107706e-01 1.71682304153887211e+00 -5.23845863188519556e-01
7.36310778185107706e-01 1.73133732292473819e+00 -5.18924077962553687e-01
7.36310778185107706e-01 1.74544910261779362e+00 -5.12966810918156324e-01
7.36310778185107706e-01 1.75913866734197999e+00 -5.06098397829975677e-01
7.36310778185107706e-01 1.77239143102322094e+00 -4.98407390956012886e-01
7.36310778185107706e-01 1.78518602296639295e+00 -4.89953843649820198e-01
7.36310778185107706e-01 1.79749637961733866e+00 -4.80791799600101377e-01
7.36310778185107706e-01 1.80930199846282824e+00 -4.70986096104645646e-01
7.36310778185107706e-01 1.82059438950379815e+00 -4.60609187857528690e-01
7.36310778185107706e-01 1.83137196495745669e+00 -4.49721379532748322e-01
7.36310778185107706e-01 1.84162631843921387e+00 -4.38352503218865985e-01
7.36310778185107706e-01 1.85133105521901808e+00 -4.26502763070393032e-01
7.36310778185107706e-01 1.86044320738883795e+00 -4.14165162200487214e-01
7.36310778185107706e-01 1.86891765833613821e+00 -4.01353851583847898e-01
7.36310778185107706e-01 1.87672471686440767e+00 -3.88116778233484616e-01
7.36310778185107706e-01 1.88385840078276123e+00 -3.74522598498374104e-01
7.36310778185107706e-01 1.89033023850715609e+00 -3.60632149253572620e-01
7.36310778185107706e-01 1.89615462387143996e+00 -3.46477456938062034e-01
7.36310778185107706e-01 1.90133790905339994e+00 -3.32065531587265650e-01
7.36310778185107706e-01 1.90587961900899661e+00 -3.17403984230220371e-01
7.36310778185107706e-01 1.90978369435321316e+00 -3.02526921585367536e-01
7.36310778185107706e-01 1.91306924099769438e+00 -2.87498175471958273e-01
7.36310778185107706e-01 1.91577086145866970e+00 -2.72386849257362673e-01
7.36310778185107706e-01 1.91792770535005341e+00 -2.57233589679690955e-01
7.36310778185107706e-01 1.91957021894499480e+00 -2.42035620707829635e-01
7.36310778185107706e-01 1.92071574401726441e+00 -2.26765253371945641e-01
7.36310778185107706e-01 1.92137653067408665e+00 -2.11409586596973176e-01
7.36310778185107706e-01 1.92157263961131686e+00 -1.95999847235041241e-01
7.36310778185107706e-01 1.92133719797881652e+00 -1.80604127896403538e-01
7.36310778185107706e-01 1.92070740808694329e+00 -1.65285225006362918e-01
7.36310778185107706e-01 1.91970727915269213e+00 -1.50055078922808838e-01
7.36310778185107706e-01 1.91833680911246973e+00 -1.34864573279823319e-01
7.36310778185107706e-01 1.91657912300599653e+00 -1.19643539418570422e-01
7.36310778185107706e-01 1.91442312640222045e+00 -1.04366313785166920e-01
7.36310778185107706e-01 1.91188505334632608e+00 -8.90928385892818392e-02
7.36310778185107706e-01 1.90900979565587670e+00 -7.39459303720360894e-02
7.36310778185107706e-01 1.90584579359394524e+00 -5.90282300462586715e-02
7.36310778185107706e-01 1.90240724259021809e+00 -4.43287310514280247e-02
7.36310778185107706e-01 1.89864961618401518e+00 -2.96845030738142300e-02
7.36310778185107706e-01 1.89447874231446312e+00 -1.48337541566532349e-02
7.52673239922554527e-01 1.88889185030449824e+00 4.79675146344379802e-04
7.52673239922554527e-01 1.88359474790663817e+00 1.61318739340451101e-02
7.52673239922554527e-01 1.87772842972517440e+00 3.22112822848542035e-02
7.52673239922554527e-01 1.87136880834587660e+00 4.84549350630525261e-02
7.52673239922554527e-01 1.86461256202547343e+00 6.45784096525753026e-02
7.52673239922554527e-01 1.85752710784392328e+00 8.03995988865362776e-02
7.52673239922554527e-01 1.85012395826272802e+00 9.58889426118160332e-02
7.52673239922554527e-01 1.84236834311166220e+00 1.11127880592668579e-01
7.52673239922554527e-01 1.83421395354479566e+00 1.26215003803996945e-01
7.52673239922554527e-01 1.82563707652779805e+00 1.41185946580235783e-01
7.52673239922554527e-01 1.81664830632817376e+00 1.55994085588675696e-01
7.52673239922554527e-01 1.80727810781430343e+00 1.70552048383481480e-01
7.52673239922554527e-01 1.79755092592708055e+00 1.84793680447149777e-01
7.52673239922554527e-01 1.78746841610248630e+00 1.98709058575079228e-01
7.52673239922554527e-01 1.77701291801345573e+00 2.12331985343968882e-01
7.52673239922554527e-01 1.76616598124671564e+00 2.25696914387111480e-01
7.52673239922554527e-01 1.75492620451188008e+00 2.38802277472392466e-01
7.52673239922554527e-01 1.74331303125653658e+00 2.51607372907870497e-01
7.52673239922554527e-01 1.73135532061594843e+00 2.64061153567629436e-01
7.52673239922554527e-01 1.71907529231583123e+00 2.76137101379438921e-01
7.52673239922554527e-01 1.70648087638038226e+00 2.87846578611003934e-01
7.52673239922554527e-01 1.69357158491297755e+00 2.99222631774801018e-01
7.52673239922554527e-01 1.68035183575381808e+00 3.10290046357531213e-01
7.52673239922554527e-01 1.66684022901692996e+00 3.21046707089884198e-01
7.52673239922554527e-01 1.65306741266907187e+00 3.31470108105526740e-01
7.52673239922554527e-01 1.63906485061350904e+00 3.41541663902078185e-01
7.52673239922554527e-01 1.62485390567781640e+00 3.51267736497451688e-01
7.52673239922554527e-01 1.61044367704026170e+00 3.60680300147097899e-01
7.52673239922554527e-01 1.59583833588405644e+00 3.69817511645445796e-01
7.52673239922554527e-01 1.58104696665725863e+00 3.78700523577676307e-01
7.52673239922554527e-01 1.56608744751494511e+00 3.87325011581614753e-01
7.52673239922554527e-01 1.55098151712705001e+00 3.95673237875218631e-01
7.52673239922554527e-01 1.53574583219221172e+00 4.03735940252506198e-01
7.52673239922554527e-01 1.52038703223624361e+00 4.11526233036691003e-01
7.52673239922554527e-01 1.50490508646034971e+00 4.19075085464776398e-01
7.52673239922554527e-01 1.48930190640773175e+00 4.26413082935565846e-01
7.52673239922554527e-01 1.47358765509666534e+00 4.33553612887176254e-01
7.52673239922554527e-01 1.45777919367610131e+00 4.40490380723402852e-01
7.52673239922554527e-01 1.44189188371846155e+00 4.47209850951118482e-01
7.52673239922554527e-01 1.42593169419398080e+00 4.53707290823760712e-01
7.52673239922554527e-01 1.40989436929192080e+00 4.59993070925344305e-01
7.52673239922554527e-01 1.39377246358150475e+00 4.66084730861415553e-01
7.52673239922554527e-01 1.37756439032720079e+00 4.71992220470884072e-01
7.52673239922554527e-01 1.36127790846121965e+00 4.77708861646640837e-01
7.52673239922554527e-01 1.34492517465162020e+00 4.83215189960550462e-01
7.52673239922554527e-01 1.32851365625296625e+00 4.88491941224230619e-01
7.52673239922554527e-01 1.31204077009135567e+00 4.93531259894889107e-01
7.52673239922554527e-01 1.29549701898697633e+00 4.98337391875154578e-01
7.52673239922554527e-01 1.27887520606788097e+00 5.02917356788349701e-01
7.52673239922554527e-01 1.26217808855061375e+00 5.07270382247243190e-01
7.52673239922554527e-01 1.24541805483460077e+00 5.11385435786718023e-01
7.52673239922554527e-01 1.22860911153170127e+00 5.15248954842618123e-01
7.52673239922554527e-01 1.21175799481894675e+00 5.18856222253349153e-01
7.52673239922554527e-01 1.19486196873682049e+00 5.22216943956439694e-01
7.52673239922554527e-01 1.17791509439784536e+00 5.25350453113069271e-01
7.52673239922554527e-01 1.16091732274871862e+00 5.28274064695600454e-01
7.52673239922554527e-01 1.14387812849642323e+00 5.30992599004377785e-01
7.52673239922554527e-01 1.12681104538235299e+00 5.33494745419089811e-01
7.52673239922554527e-01 1.10972357518543085e+00 5.35755577829647889e-01
7.52673239922554527e-01 1.09261147295225669e+00 5.37740091820500865e-01
7.52673239922554527e-01 1.07546310661600142e+00 5.39403601744343542e-01
7.52673239922554527e-01 1.05827095785635295e+00 5.40689229752390532e-01
7.52673239922554527e-01 1.04104092860410402e+00 5.41525323933242264e-01
7.52673239922554527e-01 1.02379222865975628e+00 5.41823445786028035e-01
7.52673239922554527e-01 1.00655044772860691e+00 5.41473210723126042e-01
7.52673239922554527e-01 9.89345879568365838e-01 5.40329924282430873e-01
7.52673239922554527e-01 9.72229057496971527e-01 5.38198090887852199e-01
7.52673239922554527e-01 9.55303365723328191e-01 5.34824461967381759e-01
7.52673239922554527e-01 9.38758072035261737e-01 5.29918550145662803e-01
7.52673239922554527e-01 9.22876968428960942e-01 5.23208773230518953e-01
7.52673239922554527e-01 9.08006371098896259e-01 5.14520934869731272e-01
7.52673239922554527e-01 8.94488230871550716e-01 5.03845768399532545e-01
7.52673239922554527e-01 8.82585759898755429e-01 4.91359386336112036e-01
7.52673239922554527e-01 8.72435368725124505e-01 4.77380654475260735e-01
7.52673239922554527e-01 8.64044665558414082e-01 4.62282666898750361e-01
7.52673239922554527e-01 8.57330611473537618e-01 4.46400816740903539e-01
7.52673239922554527e-01 8.52171500975045459e-01 4.29980102239185424e-01
7.52673239922554527e-01 8.48444168911754892e-01 4.13178404299134050e-01
7.52673239922554527e-01 8.46033565817760458e-01 3.96107734491778940e-01
7.52673239922554527e-01 8.44822916225191567e-01 3.78875429344818326e-01
7.52673239922554527e-01 8.44683651752587417e-01 3.61594900555313126e-01
7.52673239922554527e-01 8.45478567699593953e-01 3.44363677447144412e-01
7.52673239922554527e-01 8.47075862183709449e-01 3.27233215839986158e-01
7.52673239922554527e-01 8.49359960048202134e-01 3.10200229279194384e-01
7.52673239922554527e-01 8.52227261665515545e-01 2.93230095005535207e-01
7.52673239922554527e-01 8.55569037748204697e-01 2.76295364779566677e-01
7.52673239922554527e-01 8.59257244377084617e-01 2.59399159070634377e-01
7.52673239922554527e-01 8.63149750219279088e-01 2.42565313900187096e-01
7.52673239922554527e-01 8.67117516907831898e-01 2.25805081120489359e-01
7.52673239922554527e-01 8.71078316968512900e-01 2.09091101867489859e-01
7.52673239922554527e-01 8.75014480581904341e-01 1.92365270561335788e-01
7.52673239922554527e-01 8.78962804026030664e-01 1.75579784792271237e-01
7.52673239922554527e-01 8.82985719793394797e-01 1.58741338218671452e-01
7.52673239922554527e-01 8.87147532794025806e-01 1.41921512690326102e-01
7.52673239922554527e-01 8.91515187765438921e-01 1.25219938329971636e-01
7.52673239922554527e-01 8.96181492009213043e-01 1.08704502162366476e-01
7.52673239922554527e-01 9.01286204346303021e-01 9.23755318052240371e-02
7.52673239922554527e-01 9.07005682543874814e-01 7.61884360178627651e-02
7.52673239922554527e-01 9.13501328230127529e-01 6.01275450435394473e-02
7.52673239922554527e-01 9.20848741351489308e-01 4.42820636302492798e-02
7.52673239922554527e-01 9.28990268488869231e-01 2.88650913849760812e-02
7.52673239922554527e-01 9.37746289836811631e-01 1.41492456719545315e-02
7.52673239922554527e-01 9.46887204477865452e-01 3.47532149003106354e-04
7.52673239922554527e-01 9.56229848929162629e-01 -1.24919352708059601e-02
7.52673239922554527e-01 9.65705077053017114e-01 -2.45127500241421083e-02
7.52673239922554527e-01 9.75359903112309801e-01 -3.59808202022281962e-02
7.52673239922554527e-01 9.85297597917780377e-01 -4.71599623273779647e-02
7.52673239922554527e-01 9.95596103310426250e-01 -5.82054618403174198e-02
7.52673239922554527e-01 1.00625501317157839e+00 -6.91329114367519731e-02
7.52673239922554527e-01 1.01719887379268137e+00 -7.98688253531141673e-02
7.52673239922554527e-01 1.02832631719980672e+00 -9.03389959665943515e-02
7.52673239922554527e-01 1.03956685552515848e+00 -1.00533476185672349e-01
7.52673239922554527e-01 1.05090745997531232e+00 -1.10511641371069613e-01
7.52673239922554527e-01 1.06237641917320280e+00 -1.20356221884934028e-01
7.52673239922554527e-01 1.07400259966120726e+00 -1.30118319275132704e-01
7.52673239922554527e-01 1.08578248790583576e+00 -1.39794866998740691e-01
7.52673239922554527e-01 1.09767718492878497e+00 -1.49350263373118769e-01
7.52673239922554527e-01 1.10963686392141669e+00 -1.58759757476461261e-01
7.52673239922554527e-01 1.12163042706711069e+00 -1.68038905159000634e-01
7.52673239922554527e-01 1.13365705048979115e+00 -1.77238395120777825e-01
7.52673239922554527e-01 1.14573271966387047e+00 -1.86412481336523828e-01
7.52673239922554527e-01 1.15786465652822201e+00 -1.95588834410021728e-01
7.52673239922554527e-01 1.17003445979074616e+00 -2.04763813779231696e-01
7.52673239922554527e-01 1.18220194918633981e+00 -2.13925024499805605e-01
7.52673239922554527e-01 1.19432447402161390e+00 -2.23081234870171841e-01
7.52673239922554527e-01 1.20637494510267840e+00 -2.32275158047500763e-01
7.52673239922554527e-01 1.21834464164443834e+00 -2.41569434313840148e-01
7.52673239922554527e-01 1.23023065698902645e+00 -2.51017343509820579e-01
7.52673239922554527e-01 1.24202089218916645e+00 -2.60640342877586584e-01
7.52673239922554527e-01 1.25369126794375707e+00 -2.70427106465420009e-01
7.52673239922554527e-01 1.26521931260580822e+00 -2.80350685092508434e-01
7.52673239922554527e-01 1.27660437903431978e+00 -2.90386903703564236e-01
7.52673239922554527e-01 1.28787874180463291e+00 -3.00518576294360906e-01
7.52673239922554527e-01 1.29910038822000473e+00 -3.10724153578027018e-01
7.52673239922554527e-01 1.31033201260609422e+00 -3.20963556851962539e-01
7.52673239922554527e-01 1.32162067275106110e+00 -3.31176364491461539e-01
7.52673239922554527e-01 1.33299119392272547e+00 -3.41296670208288133e-01
7.52673239922554527e-01 1.34445526021960071e+00 -3.51274397205546818e-01
7.52673239922554527e-01 1.35602631072879354e+00 -3.61086985541240135e-01
7.52673239922554527e-01 1.36772704894621100e+00 -3.70732987963828531e-01
7.52673239922554527e-01 1.37958364471630235e+00 -3.80213691555819577e-01
7.52673239922554527e-01 1.39161220178679268e+00 -3.89518227052766286e-01
7.52673239922554527e-01 1.40380940878864724e+00 -3.98624070157475086e-01
7.52673239922554527e-01 1.41615566579169561e+00 -4.07511518664512351e-01
7.52673239922554527e-01 1.42862874655267480e+00 -4.16178820787569070e-01
7.52673239922554527e-01 1.44121773053228019e+00 -4.24643985496857113e-01
7.52673239922554527e-01 1.45392714673574575e+00 -4.32930326606696780e-01
7.52673239922554527e-01 1.46676950207929413e+00 -4.41046223399995052e-01
7.52673239922554527e-01 1.47975364753248373e+00 -4.48974287826591434e-01
7.52673239922554527e-01 1.49287920033920662e+00 -4.56677337878961032e-01
7.52673239922554527e-01 1.50614149314300128e+00 -4.64114910860709662e-01
7.52673239922554527e-01 1.51954228931780544e+00 -4.71255902261803250e-01
7.52673239922554527e-01 1.53309653598741980e+00 -4.78076907025485720e-01
7.52673239922554527e-01 1.54682876021486715e+00 -4.84548333875225945e-01
7.52673239922554527e-01 1.56076141756893927e+00 -4.90620612704871617e-01
7.52673239922554527e-01 1.57490419662227188e+00 -4.96222099650384552e-01
7.52673239922554527e-01 1.58925230542315643e+00 -5.01269365893784791e-01
7.52673239922554527e-01 1.60379388174640658e+00 -5.05679122369858902e-01
7.52673239922554527e-01 1.61851846640499919e+00 -5.09369475003080496e-01
7.52673239922554527e-01 1.63341695405054366e+00 -5.12248557944759986e-01
7.52673239922554527e-01 1.64847019741589418e+00 -5.14202337146645982e-01
7.52673239922554527e-01 1.66363327428809082e+00 -5.15098241443417537e-01
7.52673239922554527e-01 1.67882741035379857e+00 -5.14811632841856825e-01
7.52673239922554527e-01 1.69394741775439472e+00 -5.13264339398207814e-01
7.52673239922554527e-01 1.70888212434937392e+00 -5.10452458045898338e-01
7.52673239922554527e-01 1.72353642967084308e+00 -5.06444814129587084e-01
7.52673239922554527e-01 1.73784294356214764e+00 -5.01351969271612075e-01
7.52673239922554527e-01 1.75175893012189321e+00 -4.95285127780837886e-01
7.52673239922554527e-01 1.76525435582762436e+00 -4.88329987878170224e-01
7.52673239922554527e-01 1.77830160914925006e+00 -4.80548094790963942e-01
7.52673239922554527e-01 1.79087379391449297e+00 -4.71997208873855878e-01
7.52673239922554527e-01 1.80295000801266214e+00 -4.62748911062533519e-01
7.52673239922554527e-01 1.81451987573138829e+00 -4.52886264712311748e-01
7.52673239922554527e-01 1.82558065444567541e+00 -4.42482699309857730e-01
7.52673239922554527e-01 1.83612720551216935e+00 -4.31580231111084289e-01
7.52673239922554527e-01 1.84614189039296139e+00 -4.20186715865378813e-01
7.52673239922554527e-01 1.85559226913226460e+00 -4.08296620851071823e-01
7.52673239922554527e-01 1.86443869144671015e+00 -3.95920254139533190e-01
7.52673239922554527e-01 1.87264635926833134e+00 -3.83098788703826909e-01
7.52673239922554527e-01 1.88019343209722822e+00 -3.69893505331596650e-01
7.52673239922554527e-01 1.88707059315632208e+00 -3.56358782712586197e-01
7.52673239922554527e-01 1.89327476024327512e+00 -3.42522133223510494e-01
7.52673239922554527e-01 1.89880407385156302e+00 -3.28389135526520437e-01
7.52673239922554527e-01 1.90365922472169635e+00 -3.13970187131797751e-01
7.52673239922554527e-01 1.90784959271741594e+00 -2.99306541495990230e-01
7.52673239922554527e-01 1.91139754046466082e+00 -2.84471751159500574e-01
7.52673239922554527e-01 1.91433530576413924e+00 -2.69543796264914814e-01
7.52673239922554527e-01 1.91669555246926593e+00 -2.54568095233343894e-01
7.52673239922554527e-01 1.91850297001310355e+00 -2.39541604016961701e-01
7.52673239922554527e-01 1.91977437732380296e+00 -2.24433552707204553e-01
7.52673239922554527e-01 1.92052779843587085e+00 -2.09229129752738385e-01
7.52673239922554527e-01 1.92079250857310591e+00 -1.93961721594638148e-01
7.52673239922554527e-01 1.92060969067760046e+00 -1.78705253510930556e-01
7.52673239922554527e-01 1.92002017189262220e+00 -1.63528523864199443e-01
7.52673239922554527e-01 1.91904704282268557e+00 -1.48445654955495637e-01
7.52673239922554527e-01 1.91768747061715361e+00 -1.33404586562857835e-01
7.52673239922554527e-01 1.91592317398106138e+00 -1.18329729872889908e-01
7.52673239922554527e-01 1.91374503051864542e+00 -1.03192386578313922e-01
7.52673239922554527e-01 1.91117435029883453e+00 -8.80553274789488277e-02
7.52673239922554527e-01 1.90826230719743717e+00 -7.30493669501470905e-02
7.52673239922554527e-01 1.90506260618728751e+00 -5.82856408664969017e-02
7.52673239922554527e-01 1.90159218480684800e+00 -4.37566592343965402e-02
7.52673239922554527e-01 1.89780630945644146e+00 -2.92956507563835317e-02
7.52673239922554527e-01 1.89360818340763104e+00 -1.46321008996237352e-02
7.69035701660001347e-01 1.88848996681085035e+00 4.22501343911172041e-04
7.69035701660001347e-01 1.88315620848383380e+00 1.59580391741093001e-02
7.69035701660001347e-01 1.87726578586497084e+00 3.18851522976750165e-02
7.69035701660001347e-01 1.87089294833867203e+00 4.79472821558593956e-02
7.69035701660001347e-01 1.86412881618505977e+00 6.38764323643127713e-02
7.69035701660001347e-01 1.85703647001167282e+00 7.95081394061922797e-02
7.69035701660001347e-01 1.84962820606118106e+00 9.48233913311684051e-02
7.69035701660001347e-01 1.84187526610462005e+00 1.09903844921856120e-01
7.69035701660001347e-01 1.83373901736123868e+00 1.24841026199160723e-01
7.69035701660001347e-01 1.82520045875833925e+00 1.39662871694683832e-01
7.69035701660001347e-01 1.81626940306313189e+00 1.54320081483810240e-01
7.69035701660001347e-01 1.80697111667687249e+00 1.68728863206520363e-01
7.69035701660001347e-01 1.79732405506031800e+00 1.82829566196837073e-01
7.69035701660001347e-01 1.78732660322786407e+00 1.96616701877526473e-01
7.69035701660001347e-01 1.77696167089866774e+00 2.10123503714622850e-01
7.69035701660001347e-01 1.76621360816726636e+00 2.23379881462275776e-01
7.69035701660001347e-01 1.75508330267212065e+00 2.36379661385748868e-01
7.69035701660001347e-01 1.74359026025822605e+00 2.49081211186749335e-01
7.69035701660001347e-01 1.73176156710817652e+00 2.61437076502941124e-01
7.69035701660001347e-01 1.71961766133805760e+00 2.73426371341937924e-01
7.69035701660001347e-01 1.70716622876419555e+00 2.85064289268261162e-01
7.69035701660001347e-01 1.69440800355290433e+00 2.96383496969392701e-01
7.69035701660001347e-01 1.68134845756369455e+00 3.07404712740068198e-01
7.69035701660001347e-01 1.66800519276218928e+00 3.18120749912888190e-01
7.69035701660001347e-01 1.65440516402499260e+00 3.28505591317742707e-01
7.69035701660001347e-01 1.64057457386985894e+00 3.38539226685917349e-01
7.69035701660001347e-01 1.62653007786097925e+00 3.48227077407729291e-01
7.69035701660001347e-01 1.61227831514811459e+00 3.57598621066070710e-01
7.69035701660001347e-01 1.59782350164434361e+00 3.66687488524607197e-01
7.69035701660001347e-01 1.58317616740050515e+00 3.75510003945801418e-01
7.69035701660001347e-01 1.56835553749111245e+00 3.84059353837433670e-01
7.69035701660001347e-01 1.55338375767346992e+00 3.92319035219277246e-01
7.69035701660001347e-01 1.53827715870763604e+00 4.00283596502889971e-01
7.69035701660001347e-01 1.52304214391492265e+00 4.07969580483541039e-01
7.69035701660001347e-01 1.50767918984149696e+00 4.15408468021103705e-01
7.69035701660001347e-01 1.49219145621231730e+00 4.22628341493383630e-01
7.69035701660001347e-01 1.47659055861365895e+00 4.29639583686220461e-01
7.69035701660001347e-01 1.46089446822057245e+00 4.36435638700604089e-01
7.69035701660001347e-01 1.44511919295086266e+00 4.43006905380734561e-01
7.69035701660001347e-01 1.42927119937271052e+00 4.49355229757463670e-01
7.69035701660001347e-01 1.41334697217921712e+00 4.55496734043085549e-01
7.69035701660001347e-01 1.39734013741245544e+00 4.61451071172393146e-01
7.69035701660001347e-01 1.38125021261505210e+00 4.67226607746038081e-01
7.69035701660001347e-01 1.36508565997203246e+00 4.72814046653709352e-01
7.69035701660001347e-01 1.34885871485961939e+00 4.78193495331810103e-01
7.69035701660001347e-01 1.33257644295844369e+00 4.83348647647669771e-01
7.69035701660001347e-01 1.31623575906270385e+00 4.88276163263472673e-01
7.69035701660001347e-01 1.29982689008472363e+00 4.92982919986827361e-01
7.69035701660001347e-01 1.28334264040759094e+00 4.97474348151682344e-01
7.69035701660001347e-01 1.26678580555959797e+00 5.01744481303128431e-01
7.69035701660001347e-01 1.25016848855557350e+00 5.05776547664764320e-01
7.69035701660001347e-01 1.23350384306792726e+00 5.09553725811914493e-01
7.69035701660001347e-01 1.21679724268546674e+00 5.13071098663258174e-01
7.69035701660001347e-01 1.20004449420387527e+00 5.16339061305382208e-01
7.69035701660001347e-01 1.18323875922448529e+00 5.19375777103243896e-01
7.69035701660001347e-01 1.16638023480713082e+00 5.22195107207503728e-01
7.69035701660001347e-01 1.14947991813331885e+00 5.24799132137300672e-01
7.69035701660001347e-01 1.13255356273057650e+00 5.27178990020501836e-01
7.69035701660001347e-01 1.11561045969276318e+00 5.29319589916649402e-01
7.69035701660001347e-01 1.09864669540087068e+00 5.31200499111843194e-01
7.69035701660001347e-01 1.08164938801775246e+00 5.32789920633729874e-01
7.69035701660001347e-01 1.06460927140808037e+00 5.34036545747116786e-01
7.69035701660001347e-01 1.04753156097665312e+00 5.34867070600032468e-01
7.69035701660001347e-01 1.03043627376654134e+00 5.35191410253126554e-01
7.69035701660001347e-01 1.01334915767164202e+00 5.34907858441289630e-01
7.69035701660001347e-01 9.96295377835110574e-01 5.33896637644717287e-01
7.69035701660001347e-01 9.79310214531837642e-01 5.31998827170834687e-01
7.69035701660001347e-01 9.62470308836838817e-01 5.28994258425497299e-01
7.69035701660001347e-01 9.45931617097156674e-01 5.24603267555704855e-01
7.69035701660001347e-01 9.29948868493770453e-01 5.18530858007693940e-01
7.69035701660001347e-01 9.14855934416423433e-01 5.10547596495656730e-01
7.69035701660001347e-01 9.01006386897999278e-01 5.00573968084592313e-01
7.69035701660001347e-01 8.88696715585888142e-01 4.88724110385404031e-01
7.69035701660001347e-01 8.78105938901586613e-01 4.75281614986564072e-01
7.69035701660001347e-01 8.69276880704771382e-01 4.60616321682455976e-01
7.69035701660001347e-01 8.62141551348394208e-01 4.45083833294569853e-01
7.69035701660001347e-01 8.56570719658902746e-01 4.28956834390289643e-01
7.69035701660001347e-01 8.52419748578295833e-01 4.12414158864752745e-01
7.69035701660001347e-01 8.49552396527260112e-01 3.95576055917783331e-01
7.69035701660001347e-01 8.47842661514209506e-01 3.78548215423996470e-01
7.69035701660001347e-01 8.47168032432938034e-01 3.61439774266495983e-01
7.69035701660001347e-01 8.47407399194528232e-01 3.44347402382461587e-01
7.69035701660001347e-01 8.48446215145646998e-01 3.27326773606505028e-01
7.69035701660001347e-01 8.50181065275822268e-01 3.10381785619405715e-01
7.69035701660001347e-01 8.52514992675033723e-01 2.93484968904735188e-01
7.69035701660001347e-01 8.55344141936059343e-01 2.76614576332276207e-01
7.69035701660001347e-01 8.58546797904521819e-01 2.59778435938700869e-01
7.69035701660001347e-01 8.61987554505908693e-01 2.43004924629804081e-01
7.69035701660001347e-01 8.65539372512502569e-01 2.26309304159091923e-01
7.69035701660001347e-01 8.69112118609756124e-01 2.09666054675975738e-01
7.69035701660001347e-01 8.72669667010128713e-01 1.93015227971827963e-01
7.69035701660001347e-01 8.76225152288231612e-01 1.76303633911922608e-01
7.69035701660001347e-01 8.79820479166459779e-01 1.59530977190271817e-01
7.69035701660001347e-01 8.83508602788339314e-01 1.42762559198688188e-01
7.69035701660001347e-01 8.87354466256167429e-01 1.26093292652374150e-01
7.69035701660001347e-01 8.91453427201248649e-01 1.09586759252370075e-01
7.69035701660001347e-01 8.95947309780440571e-01 9.32375984895051080e-02
7.69035701660001347e-01 9.01013616691137220e-01 7.69939796142527916e-02
7.69035701660001347e-01 9.06819145949523397e-01 6.08341557415520429e-02
7.69035701660001347e-01 9.13455968196470236e-01 4.48469518758649252e-02
7.69035701660001347e-01 9.20896255780054962e-01 2.92542140085942336e-02
7.69035701660001347e-01 9.28997566725588309e-01 1.43459626725933043e-02
7.69035701660001347e-01 9.37562441458073104e-01 3.56356217120276837e-04
7.69035701660001347e-01 9.46422797804775451e-01 -1.26485933555983334e-02
7.69035701660001347e-01 9.55503082012162830e-01 -2.48031181667679422e-02
7.69035701660001347e-01 9.64828364937148519e-01 -3.63730528204965139e-02
7.69035701660001347e-01 9.74477148352791200e-01 -4.76276670069113867e-02
7.69035701660001347e-01 9.84511605984570992e-01 -5.87276787445360146e-02
7.69035701660001347e-01 9.94928919890104901e-01 -6.96902659222783383e-02
7.69035701660001347e-01 1.00566010929421679e+00 -8.04395361196789949e-02
7.69035701660001347e-01 1.01661018582103213e+00 -9.08977405534442950e-02
7.69035701660001347e-01 1.02770805529141906e+00 -1.01053587421923927e-01
7.69035701660001347e-01 1.03893250121834391e+00 -1.10968700060088313e-01
7.69035701660001347e-01 1.05030101021669720e+00 -1.20730466466116029e-01
7.69035701660001347e-01 1.06183503704873683e+00 -1.30394598986253940e-01
7.69035701660001347e-01 1.07352950000806735e+00 -1.39960877547229801e-01
7.69035701660001347e-01 1.08534739608162067e+00 -1.49394921861928431e-01
7.69035701660001347e-01 1.09723964257871742e+00 -1.58673069064048933e-01
7.69035701660001347e-01 1.10917194736380664e+00 -1.67813148193816430e-01
7.69035701660001347e-01 1.12113761531369738e+00 -1.76869230766919988e-01
7.69035701660001347e-01 1.13314815529724666e+00 -1.85898624377925981e-01
7.69035701660001347e-01 1.14521112359856847e+00 -1.94930060051163673e-01
7.69035701660001347e-01 1.15731326017606273e+00 -2.03958299850323099e-01
7.69035701660001347e-01 1.16942105714061850e+00 -2.12967342368188456e-01
7.69035701660001347e-01 1.18149634337689013e+00 -2.21961550973042793e-01
7.69035701660001347e-01 1.19351323064996762e+00 -2.30979153038554985e-01
7.69035701660001347e-01 1.20546324488285972e+00 -2.40078068046444632e-01
7.69035701660001347e-01 1.21734631962094619e+00 -2.49306226234862705e-01
7.69035701660001347e-01 1.22915721322628113e+00 -2.58679508004317160e-01
7.69035701660001347e-01 1.24088029353270346e+00 -2.68182384683847419e-01
7.69035701660001347e-01 1.25249825969147754e+00 -2.77787098550872524e-01
7.69035701660001347e-01 1.26400861957555621e+00 -2.87472988936433582e-01
7.69035701660001347e-01 1.27543515388541673e+00 -2.97229474684838679e-01
7.69035701660001347e-01 1.28682522205198757e+00 -3.07041641381953723e-01
7.69035701660001347e-01 1.29823440507570798e+00 -3.16872871250328980e-01
7.69035701660001347e-01 1.30970909492580123e+00 -3.26661612869795448e-01
7.69035701660001347e-01 1.32127828285603033e+00 -3.36337424184209977e-01
7.69035701660001347e-01 1.33295796908337416e+00 -3.45845178542579790e-01
7.69035701660001347e-01 1.34476189723524220e+00 -3.55159389978446094e-01
7.69035701660001347e-01 1.35670836754792323e+00 -3.64278571872857948e-01
7.69035701660001347e-01 1.36881736528398101e+00 -3.73205586908556208e-01
7.69035701660001347e-01 1.38110100116258816e+00 -3.81930763362211323e-01
7.69035701660001347e-01 1.39355599341551195e+00 -3.90431396145720200e-01
7.69035701660001347e-01 1.40616515380911045e+00 -3.98687025288131269e-01
7.69035701660001347e-01 1.41890736958169916e+00 -4.06696530456336358e-01
7.69035701660001347e-01 1.43176872738350625e+00 -4.14481590130647837e-01
7.69035701660001347e-01 1.44474676017547821e+00 -4.22072443421117716e-01
7.69035701660001347e-01 1.45784563332237127e+00 -4.29486526601105256e-01
7.69035701660001347e-01 1.47106743919680527e+00 -4.36716265089397926e-01
7.69035701660001347e-01 1.48440758586191612e+00 -4.43734481287393401e-01
7.69035701660001347e-01 1.49785838200015808e+00 -4.50511222044512771e-01
7.69035701660001347e-01 1.51141772017655862e+00 -4.57026633957014594e-01
7.69035701660001347e-01 1.52509526755566771e+00 -4.63268449751952305e-01
7.69035701660001347e-01 1.53891046433151257e+00 -4.69216265371752261e-01
7.69035701660001347e-01 1.55288326865469584e+00 -4.74826470133863254e-01
7.69035701660001347e-01 1.56702444725323176e+00 -4.80031391611282499e-01
7.69035701660001347e-01 1.58133245438666337e+00 -4.84753976124041475e-01
7.69035701660001347e-01 1.59579836865618740e+00 -4.88925436824452109e-01
7.69035701660001347e-01 1.61041353609707505e+00 -4.92489825952658333e-01
7.69035701660001347e-01 1.62517209098860271e+00 -4.95390072697477202e-01
7.69035701660001347e-01 1.64006447395488109e+00 -4.97546489154248817e-01
7.69035701660001347e-01 1.65506535562803303e+00 -4.98847448910974045e-01
7.69035701660001347e-01 1.67012426414739901e+00 -4.99164948747081116e-01
7.69035701660001347e-01 1.68516590058724458e+00 -4.98389663581388198e-01
7.69035701660001347e-01 1.70010069138465236e+00 -4.96464771306422969e-01
7.69035701660001347e-01 1.71483955075568129e+00 -4.93397480111123832e-01
7.69035701660001347e-01 1.72930495313122479e+00 -4.89242514245160853e-01
7.69035701660001347e-01 1.74343419631313168e+00 -4.84071150421938823e-01
7.69035701660001347e-01 1.75717672605226305e+00 -4.77947888218293315e-01
7.69035701660001347e-01 1.77049076667805894e+00 -4.70928236765381980e-01
7.69035701660001347e-01 1.78334299496218374e+00 -4.63072752771972684e-01
7.69035701660001347e-01 1.79571053307088002e+00 -4.54459363837564023e-01
7.69035701660001347e-01 1.80758134370519619e+00 -4.45178649051011288e-01
7.69035701660001347e-01 1.81895000494600012e+00 -4.35312599465414340e-01
7.69035701660001347e-01 1.82980990013348732e+00 -4.24912982042874254e-01
7.69035701660001347e-01 1.84014635759047929e+00 -4.13997467714882994e-01
7.69035701660001347e-01 1.84993502550924815e+00 -4.02568071166814201e-01
7.69035701660001347e-01 1.85914591400439866e+00 -3.90638264647002575e-01
7.69035701660001347e-01 1.86774941844989995e+00 -3.78247629199016833e-01
7.69035701660001347e-01 1.87571983484192839e+00 -3.65452838857717233e-01
7.69035701660001347e-01 1.88303501785300975e+00 -3.52303418035966320e-01
7.69035701660001347e-01 1.88967497990340849e+00 -3.38823845056903661e-01
7.69035701660001347e-01 1.89562345393071485e+00 -3.25018771699860487e-01
7.69035701660001347e-01 1.90087338699945096e+00 -3.10898603106081028e-01
7.69035701660001347e-01 1.90543263228235937e+00 -2.96504298742725270e-01
7.69035701660001347e-01 1.90932425917120741e+00 -2.81908838220099489e-01
7.69035701660001347e-01 1.91257925151651942e+00 -2.67190793226493917e-01
7.69035701660001347e-01 1.91522567555400069e+00 -2.52399022664257011e-01
7.69035701660001347e-01 1.91728231944554839e+00 -2.37537071509819731e-01
7.69035701660001347e-01 1.91876231208383818e+00 -2.22582076678254331e-01
7.69035701660001347e-01 1.91968442627918057e+00 -2.07525373954579651e-01
7.69035701660001347e-01 1.92008264518531457e+00 -1.92402463770039917e-01
7.69035701660001347e-01 1.92000444001394621e+00 -1.77285659844400367e-01
7.69035701660001347e-01 1.91949631335195448e+00 -1.62241401278822500e-01
7.69035701660001347e-01 1.91858590547890184e+00 -1.47284427635325205e-01
7.69035701660001347e-01 1.91727468916950983e+00 -1.32367954112803859e-01
7.69035701660001347e-01 1.91554909343410462e+00 -1.17424258781240035e-01
7.69035701660001347e-01 1.91340418257862144e+00 -1.02430090367145940e-01
7.69035701660001347e-01 1.91086274420564828e+00 -8.74464139784438405e-02
7.69035701660001347e-01 1.90797317049317305e+00 -7.25939047965766943e-02
7.69035701660001347e-01 1.90478312072882172e+00 -5.79694888750268283e-02
7.69035701660001347e-01 1.90130392253515268e+00 -4.35552387643796668e-02
7.69035701660001347e-01 1.89748999973968480e+00 -2.91847625004836540e-02
7.69035701660001347e-01 1.89325046317434298e+00 -1.46005546535833957e-02
7.85398163397448279e-01 1.88839152406420907e+00 3.89437873540782208e-04
7.85398163397448279e-01 1.88304952337994358e+00 1.57693875407445283e-02
7.85398163397448279e-01 1.87715864414669720e+00 3.15262198674396699e-02
7.85398163397448279e-01 1.87078990631909847e+00 4.74116985629004575e-02
7.85398163397448279e-01 1.86402945819547394e+00 6.31653890853147160e-02
7.85398163397448279e-01 1.85693742071572210e+00 7.86268312270270026e-02
7.85398163397448279e-01 1.84952763465166448e+00 9.37772674386080363e-02
7.85398163397448279e-01 1.84177723203998989e+00 1.08696737879727334e-01
7.85398163397448279e-01 1.83365521347825888e+00 1.23475636772012412e-01
7.85398163397448279e-01 1.82514852065661981e+00 1.38142608494364383e-01
7.85398163397448279e-01 1.81626891918785183e+00 1.52650716536233549e-01
7.85398163397448279e-01 1.80703957859035347e+00 1.66918934089177573e-01
7.85398163397448279e-01 1.79747465219934099e+00 1.80889392304694252e-01
7.85398163397448279e-01 1.78756837659879486e+00 1.94556638848538133e-01
7.85398163397448279e-01 1.77730111224325515e+00 2.07952299731447049e-01
7.85398163397448279e-01 1.76665623796133953e+00 2.21103782049245190e-01
7.85398163397448279e-01 1.75563428923579368e+00 2.34002497017079369e-01
7.85398163397448279e-01 1.74425419424714145e+00 2.46605321673942002e-01
7.85398163397448279e-01 1.73254223352950976e+00 2.58864677846063540e-01
7.85398163397448279e-01 1.72051855255072494e+00 2.70760876199695688e-01
7.85398163397448279e-01 1.70819178282601403e+00 2.82311158255335926e-01
7.85398163397448279e-01 1.69556477928612326e+00 2.93550405951764626e-01
7.85398163397448279e-01 1.68264528095269816e+00 3.04501079650978279e-01
7.85398163397448279e-01 1.66945186081613262e+00 3.15156826586467209e-01
7.85398163397448279e-01 1.65601016990882188e+00 3.25491301960463941e-01
7.85398163397448279e-01 1.64234291495275153e+00 3.35482801033253286e-01
7.85398163397448279e-01 1.62846215566613650e+00 3.45133492238472783e-01
7.85398163397448279e-01 1.61437032203153241e+00 3.54468076962279222e-01
7.85398163397448279e-01 1.60006894254175736e+00 3.63514500654874950e-01
7.85398163397448279e-01 1.58556772549391001e+00 3.72283821303968865e-01
7.85398163397448279e-01 1.57088653166454328e+00 3.80766017461554696e-01
7.85398163397448279e-01 1.55604881547311180e+00 3.88944498688155837e-01
7.85398163397448279e-01 1.54107215479621096e+00 3.96816495197180041e-01
7.85398163397448279e-01 1.52596371452383806e+00 4.04402142471858905e-01
7.85398163397448279e-01 1.51072418259132357e+00 4.11735005445824753e-01
7.85398163397448279e-01 1.49535658720224229e+00 4.18842290691455010e-01
7.85398163397448279e-01 1.47987241238210321e+00 4.25731161929330248e-01
7.85398163397448279e-01 1.46428983174015803e+00 4.32391979851694364e-01
7.85398163397448279e-01 1.44862557823564608e+00 4.38814995242713446e-01
7.85398163397448279e-01 1.43288731771454270e+00 4.45006045289577601e-01
7.85398163397448279e-01 1.41707293328819106e+00 4.50988041437411613e-01
7.85398163397448279e-01 1.40117727956189730e+00 4.56787105114798697e-01
7.85398163397448279e-01 1.38520066304516232e+00 4.62414881369267949e-01
7.85398163397448279e-01 1.36915185816139040e+00 4.67861427225811644e-01
7.85398163397448279e-01 1.35304311639831543e+00 4.73104076214479030e-01
7.85398163397448279e-01 1.33688147751531661e+00 4.78124565815179314e-01
7.85398163397448279e-01 1.32066395513596913e+00 4.82920368182977844e-01
7.85398163397448279e-01 1.30438101200394119e+00 4.87501563232160151e-01
7.85398163397448279e-01 1.28802572508372437e+00 4.91876874531213260e-01
7.85398163397448279e-01 1.27160106046212107e+00 4.96041266733160957e-01
7.85398163397448279e-01 1.25511904218639203e+00 4.99975648599358446e-01
7.85398163397448279e-01 1.23859233920695733e+00 5.03658698356202361e-01
7.85398163397448279e-01 1.22202532751457538e+00 5.07080761854580619e-01
7.85398163397448279e-01 1.20541240053383714e+00 5.10248579063083074e-01
7.85398163397448279e-01 1.18874533409529803e+00 5.13177856124534815e-01
7.85398163397448279e-01 1.17202367828159293e+00 5.15880891087438509e-01
7.85398163397448279e-01 1.15525910402692844e+00 5.18359634088508936e-01
7.85398163397448279e-01 1.13846929200928471e+00 5.20608206180719013e-01
7.85398163397448279e-01 1.12166579018617463e+00 5.22619121812403331e-01
7.85398163397448279e-01 1.10484593812391974e+00 5.24383514376713378e-01
7.85398163397448279e-01 1.08799632040375616e+00 5.25881530870815905e-01
7.85398163397448279e-01 1.07110589714997384e+00 5.27069499278877474e-01
7.85398163397448279e-01 1.05417852659348332e+00 5.27875339690048073e-01
7.85398163397448279e-01 1.03723460074633955e+00 5.28207148689460060e-01
7.85398163397448279e-01 1.02030106001689935e+00 5.27966515623226273e-01
7.85398163397448279e-01 1.00340112024033945e+00 5.27050103064626962e-01
7.85398163397448279e-01 9.86559428617899470e-01 5.25329911238961555e-01
7.85398163397448279e-01 9.69829717798326163e-01 5.22622069901586328e-01
7.85398163397448279e-01 9.53334818742093248e-01 5.18671517742110399e-01
7.85398163397448279e-01 9.37295052735817591e-01 5.13179443788841505e-01
7.85398163397448279e-01 9.22021553676565242e-01 5.05877550763408346e-01
7.85398163397448279e-01 9.07867681958449357e-01 4.96621047205818955e-01
7.85398163397448279e-01 8.95154814406289523e-01 4.85453275624192992e-01
7.85398163397448279e-01 8.84103787578227385e-01 4.72604727223671750e-01
7.85398163397448279e-01 8.74800490685169407e-01 4.58424109233323274e-01
7.85398163397448279e-01 8.67205569540300814e-01 4.43277081005377216e-01
7.85398163397448279e-01 8.61196011412679985e-01 4.27464030067163270e-01
7.85398163397448279e-01 8.56614110737144774e-01 4.11191589410567382e-01
7.85398163397448279e-01 8.53302791337069211e-01 3.94595904429786981e-01
7.85398163397448279e-01 8.51120347484801143e-01 3.77784974301724030e-01
7.85398163397448279e-01 8.49941079719684578e-01 3.60863249409178244e-01
7.85398163397448279e-01 8.49652379372952460e-01 3.43924216560035745e-01
7.85398163397448279e-01 8.50153442187624231e-01 3.27026396068067549e-01
7.85398163397448279e-01 8.51353212671679294e-01 3.10181383440782499e-01
7.85398163397448279e-01 8.53163156816377222e-01 2.93370006640367387e-01
7.85398163397448279e-01 8.55485691462871900e-01 2.76576224273551274e-01
7.85398163397448279e-01 8.58206039429127765e-01 2.59811065171770217e-01
7.85398163397448279e-01 8.61196420459091394e-01 2.43105900688902671e-01
7.85398163397448279e-01 8.64334272161998873e-01 2.26480384884708147e-01
7.85398163397448279e-01 8.67525734172866603e-01 2.09913726967597775e-01
7.85398163397448279e-01 8.70720728783635045e-01 1.93348000222417049e-01
7.85398163397448279e-01 8.73911609405206180e-01 1.76726949426619068e-01
7.85398163397448279e-01 8.77119884084770152e-01 1.60042642945942226e-01
7.85398163397448279e-01 8.80384939257403465e-01 1.43351394733806869e-01
7.85398163397448279e-01 8.83766508996883804e-01 1.26741194549497643e-01
7.85398163397448279e-01 8.87359299919451283e-01 1.10271675652387366e-01
7.85398163397448279e-01 8.91303717272608265e-01 9.39343905161889869e-02
7.85398163397448279e-01 8.95773447946785151e-01 7.76724072034240959e-02
7.85398163397448279e-01 9.00933626806213472e-01 6.14564825270645099e-02
7.85398163397448279e-01 9.06884947904341154e-01 4.53691255659485551e-02
7.85398163397448279e-01 9.13623966743744798e-01 2.96327140587448884e-02
7.85398163397448279e-01 9.21045689413991675e-01 1.45483047193064943e-02
7.85398163397448279e-01 9.28991809767195531e-01 3.69922460959432042e-04
7.85398163397448279e-01 9.37320577629559115e-01 -1.28145853333948255e-02
7.85398163397448279e-01 9.45960515078336339e-01 -2.51238623771759886e-02
7.85398163397448279e-01 9.54919825588439131e-01 -3.68189801551406931e-02
7.85398163397448279e-01 9.64250493581990331e-01 -4.81735515317789978e-02
7.85398163397448279e-01 9.73993011889485949e-01 -5.93552776294221235e-02
7.85398163397448279e-01 9.84136978119326322e-01 -7.03843698810115020e-02
7.85398163397448279e-01 9.94619280402899930e-01 -8.11816917510408964e-02
7.85398163397448279e-01 1.00535550116748729e+00 -9.16630012413602729e-02
7.85398163397448279e-01 1.01627957689820825e+00 -1.01812881841568087e-01
7.85398163397448279e-01 1.02736479256980884e+00 -1.11695012259475215e-01
7.85398163397448279e-01 1.03861534458272087e+00 -1.21404291446021342e-01
7.85398163397448279e-01 1.05003913073703914e+00 -1.31004951274487053e-01
7.85398163397448279e-01 1.06162382948935718e+00 -1.40501634511217971e-01
7.85398163397448279e-01 1.07333289165758572e+00 -1.49859676476967379e-01
7.85398163397448279e-01 1.08512151642622334e+00 -1.59052407473095986e-01
7.85398163397448279e-01 1.09695809079750717e+00 -1.68095980403051071e-01
7.85398163397448279e-01 1.10883427444790694e+00 -1.77046443105281698e-01
7.85398163397448279e-01 1.12075726244698104e+00 -1.85965549348931197e-01
7.85398163397448279e-01 1.13273178657134044e+00 -1.94885349446809436e-01
7.85398163397448279e-01 1.14474630641943875e+00 -2.03799717823590909e-01
7.85398163397448279e-01 1.15677315005338888e+00 -2.12687361695140131e-01
7.85398163397448279e-01 1.16878078527137741e+00 -2.21545609181587361e-01
7.85398163397448279e-01 1.18074742854040116e+00 -2.30407172603010080e-01
7.85398163397448279e-01 1.19266548621734558e+00 -2.39327308104393677e-01
7.85398163397448279e-01 1.20453482022586100e+00 -2.48352795901347373e-01
7.85398163397448279e-01 1.21635218785156907e+00 -2.57497461896082303e-01
7.85398163397448279e-01 1.22810694518057706e+00 -2.66741818031126343e-01
7.85398163397448279e-01 1.23978746390066563e+00 -2.76053892138337142e-01
7.85398163397448279e-01 1.25139365189787943e+00 -2.85411708070813341e-01
7.85398163397448279e-01 1.26294586424908295e+00 -2.94808276040239126e-01
7.85398163397448279e-01 1.27448319703166435e+00 -3.04236057255000525e-01
7.85398163397448279e-01 1.28605218122447296e+00 -3.13665725985903032e-01
7.85398163397448279e-01 1.29769372232048186e+00 -3.23038911416468788e-01
7.85398163397448279e-01 1.30943657055523954e+00 -3.32282887880748390e-01
7.85398163397448279e-01 1.32129978452221297e+00 -3.41336989559738346e-01
7.85398163397448279e-01 1.33329958635801238e+00 -3.50170947705581603e-01
7.85398163397448279e-01 1.34545334078159695e+00 -3.58782036944871929e-01
7.85398163397448279e-01 1.35777687293437022e+00 -3.67175056239166075e-01
7.85398163397448279e-01 1.37027767487165497e+00 -3.75342561734997970e-01
7.85398163397448279e-01 1.38295034281349105e+00 -3.83261607068740684e-01
7.85398163397448279e-01 1.39577882162675104e+00 -3.90908849510167578e-01
7.85398163397448279e-01 1.40874440519461075e+00 -3.98280348424537245e-01
7.85398163397448279e-01 1.42183375899137920e+00 -4.05398492400877775e-01
7.85398163397448279e-01 1.43504134974007558e+00 -4.12299230082659618e-01
7.85398163397448279e-01 1.44836536112724090e+00 -4.19009065932330727e-01
7.85398163397448279e-01 1.46180145761824165e+00 -4.25529601797220880e-01
7.85398163397448279e-01 1.47534027053338912e+00 -4.31840974433675917e-01
7.85398163397448279e-01 1.48897107908187087e+00 -4.37919812309631729e-01
7.85398163397448279e-01 1.50268877082066510e+00 -4.43755403932762249e-01
7.85398163397448279e-01 1.51649828112079277e+00 -4.49349517767929807e-01
7.85398163397448279e-01 1.53041265937617599e+00 -4.54699268339996521e-01
7.85398163397448279e-01 1.54444599840578034e+00 -4.59776988556834021e-01
7.85398163397448279e-01 1.55860645731346636e+00 -4.64524096113680340e-01
7.85398163397448279e-01 1.57289425783964010e+00 -4.68864767789906489e-01
7.85398163397448279e-01 1.58730521801221269e+00 -4.72728937376336478e-01
7.85398163397448279e-01 1.60183571962250348e+00 -4.76066140064724086e-01
7.85398163397448279e-01 1.61648380853417395e+00 -4.78838811906549311e-01
7.85398163397448279e-01 1.63124430086973304e+00 -4.81000315981031878e-01
7.85398163397448279e-01 1.64610064222713404e+00 -4.82475817625343917e-01
7.85398163397448279e-01 1.66101888606975434e+00 -4.83162737600003833e-01
7.85398163397448279e-01 1.67594755299286824e+00 -4.82952876427512945e-01
7.85398163397448279e-01 1.69082284925477033e+00 -4.81762056927084181e-01
7.85398163397448279e-01 1.70557538540109976e+00 -4.79548103074354082e-01
7.85398163397448279e-01 1.72013473531107497e+00 -4.76307816703543996e-01
7.85398163397448279e-01 1.73443133577435926e+00 -4.72059963306544816e-01
7.85398163397448279e-01 1.74839823233626701e+00 -4.66830725706376348e-01
7.85398163397448279e-01 1.76197518627709537e+00 -4.60653235199098066e-01
7.85398163397448279e-01 1.77511464238295180e+00 -4.53578293850792458e-01
7.85398163397448279e-01 1.78778586233040060e+00 -4.45681973106753782e-01
7.85398163397448279e-01 1.79997336225617688e+00 -4.37057471707400835e-01
7.85398163397448279e-01 1.81166930263141079e+00 -4.27792277267359355e-01
7.85398163397448279e-01 1.82286398140166472e+00 -4.17945703921409339e-01
7.85398163397448279e-01 1.83354022688318397e+00 -4.07543888252233255e-01
7.85398163397448279e-01 1.84367459339842221e+00 -3.96596729288210659e-01
7.85398163397448279e-01 1.85324296516859843e+00 -3.85123891218969283e-01
7.85398163397448279e-01 1.86222483933724003e+00 -3.73169302229988953e-01
7.85398163397448279e-01 1.87060214380057666e+00 -3.60792605861395443e-01
7.85398163397448279e-01 1.87835382468400391e+00 -3.48045038996004752e-01
7.85398163397448279e-01 1.88545208237950823e+00 -3.34950734533695227e-01
7.85398163397448279e-01 1.89186578725472465e+00 -3.21510797649067315e-01
7.85398163397448279e-01 1.89757101155156471e+00 -3.07728831726899354e-01
7.85398163397448279e-01 1.90256210248503566e+00 -2.93637822242204749e-01
7.85398163397448279e-01 1.90685489851884715e+00 -2.79305326902683615e-01
7.85398163397448279e-01 1.91047874288076502e+00 -2.64810362418925027e-01
7.85398163397448279e-01 1.91346243502206237e+00 -2.50208727392659314e-01
7.85398163397448279e-01 1.91582446625486003e+00 -2.35514582267462524e-01
7.85398163397448279e-01 1.91757514180324118e+00 -2.20714638462576190e-01
7.85398163397448279e-01 1.91872897229870842e+00 -2.05805113278709373e-01
7.85398163397448279e-01 1.91931699957894697e+00 -1.90821446633828884e-01
7.85398163397448279e-01 1.91938773635022941e+00 -1.75834105613822067e-01
7.85398163397448279e-01 1.91899371358458537e+00 -1.60910042786577140e-01
7.85398163397448279e-01 1.91817234005029946e+00 -1.46068862527752169e-01
7.85398163397448279e-01 1.91693563043256532e+00 -1.31271227246193417e-01
7.85398163397448279e-01 1.91527793638775945e+00 -1.16455057599848338e-01
7.85398163397448279e-01 1.91319726296409343e+00 -1.01597068238800645e-01
7.85398163397448279e-01 1.91071405605976752e+00 -8.67520788921460201e-02
7.85398163397448279e-01 1.90787103849296802e+00 -7.20321404366844470e-02
7.85398163397448279e-01 1.90471030257852614e+00 -5.75286236449014526e-02
7.85398163397448279e-01 1.90124110375064359e+00 -4.32250809887456955e-02
7.85398163397448279e-01 1.89742101956954601e+00 -2.89635103164320971e-02
7.85398163397448279e-01 1.89316668080297767e+00 -1.44975826965608977e-02
8.01760625134895100e-01 1.88852227351012436e+00 4.11857011493764339e-04
8.01760625134895100e-01 1.88320470659476902e+00 1.56134016015607342e-02
8.01760625134895100e-01 1.87732642586742049e+00 3.12033652233480140e-02
8.01760625134895100e-01 1.87095947244445693e+00 4.69309590813448835e-02
8.01760625134895100e-01 1.86419550287401492e+00 6.25281314509417846e-02
8.01760625134895100e-01 1.85710214353411440e+00 7.78275225465379500e-02
8.01760625134895100e-01 1.84969931639252905e+00 9.28088559943470032e-02
8.01760625134895100e-01 1.84196664084414863e+00 1.07556612961733258e-01
8.01760625134895100e-01 1.83387232931863675e+00 1.22168169730188264e-01
8.01760625134895100e-01 1.82540156062669423e+00 1.36677121145565517e-01
8.01760625134895100e-01 1.81656583839317198e+00 1.51037064718625352e-01
8.01760625134895100e-01 1.80739043273001920e+00 1.65164270371257027e-01
8.01760625134895100e-01 1.79789268109646194e+00 1.78998251639385930e-01
8.01760625134895100e-01 1.78806869933039891e+00 1.92533598851275634e-01
8.01760625134895100e-01 1.77789770154685778e+00 2.05804451666068172e-01
8.01760625134895100e-01 1.76735907281987137e+00 2.18840625472503186e-01
8.01760625134895100e-01 1.75644843817047058e+00 2.31633196311830547e-01
8.01760625134895100e-01 1.74518124721956114e+00 2.44135574536642919e-01
8.01760625134895100e-01 1.73358298873623817e+00 2.56295872210737741e-01
8.01760625134895100e-01 1.72167523305834358e+00 2.68092446156700859e-01
8.01760625134895100e-01 1.70946865117901314e+00 2.79544539663156622e-01
8.01760625134895100e-01 1.69696727613334142e+00 2.90691739991536524e-01
8.01760625134895100e-01 1.68417875527330008e+00 3.01560769767757531e-01
8.01760625134895100e-01 1.67112094093457308e+00 3.12146403295004982e-01
8.01760625134895100e-01 1.65781899306602853e+00 3.22419910169268853e-01
8.01760625134895100e-01 1.64429555025901952e+00 3.32355583527563947e-01
8.01760625134895100e-01 1.63056236100948815e+00 3.41952365146367010e-01
8.01760625134895100e-01 1.61662040464272283e+00 3.51233426340974153e-01
8.01760625134895100e-01 1.60246839285600551e+00 3.60225798725264112e-01
8.01760625134895100e-01 1.58811269087657436e+00 3.68938433151207446e-01
8.01760625134895100e-01 1.57357072629625017e+00 3.77357379509031587e-01
8.01760625134895100e-01 1.55886546446117169e+00 3.85461701487843755e-01
8.01760625134895100e-01 1.54401581700360824e+00 3.93246302065430542e-01
8.01760625134895100e-01 1.52903091252406043e+00 4.00732417814211761e-01
8.01760625134895100e-01 1.51391263433410561e+00 4.07957154711693026e-01
8.01760625134895100e-01 1.49866382372544593e+00 4.14950867894201936e-01
8.01760625134895100e-01 1.48329493466507012e+00 4.21720952709524144e-01
8.01760625134895100e-01 1.46782345554525429e+00 4.28254932438896174e-01
8.01760625134895100e-01 1.45226666284955486e+00 4.34539647348040681e-01
8.01760625134895100e-01 1.43663392416756763e+00 4.40580263692297747e-01
8.01760625134895100e-01 1.42092509057821403e+00 4.46403326631057196e-01
8.01760625134895100e-01 1.40513629605179591e+00 4.52041423641369289e-01
8.01760625134895100e-01 1.38926815924991565e+00 4.57512018746765947e-01
8.01760625134895100e-01 1.37332932145009989e+00 4.62807433623330655e-01
8.01760625134895100e-01 1.35733222574228085e+00 4.67903506584792406e-01
8.01760625134895100e-01 1.34128472295525292e+00 4.72779245801070225e-01
8.01760625134895100e-01 1.32518481707858760e+00 4.77431351548652017e-01
8.01760625134895100e-01 1.30902339013511715e+00 4.81872433118468668e-01
8.01760625134895100e-01 1.29279302997899315e+00 4.86115545955513984e-01
8.01760625134895100e-01 1.27649574107837505e+00 4.90158690289409893e-01
8.01760625134895100e-01 1.26014296234462453e+00 4.93982222380089431e-01
8.01760625134895100e-01 1.24374762131812489e+00 4.97560815415881152e-01
8.01760625134895100e-01 1.22731476608015289e+00 5.00879537420157783e-01
8.01760625134895100e-01 1.21083884040448653e+00 5.03940910244010554e-01
8.01760625134895100e-01 1.19431035016088827e+00 5.06758301061260852e-01
8.01760625134895100e-01 1.17772669937996177e+00 5.09342859540128257e-01
8.01760625134895100e-01 1.16109801423476156e+00 5.11695929202454991e-01
8.01760625134895100e-01 1.14444244841138376e+00 5.13812431708161266e-01
8.01760625134895100e-01 1.12777413035917351e+00 5.15689210787708685e-01
8.01760625134895100e-01 1.11109351951711743e+00 5.17326542281339563e-01
8.01760625134895100e-01 1.09438869989956689e+00 5.18716834658474180e-01
8.01760625134895100e-01 1.07764751495553623e+00 5.19827224665549537e-01
8.01760625134895100e-01 1.06087123351161283e+00 5.20590600085574895e-01
8.01760625134895100e-01 1.04407857086645928e+00 5.20914110728842639e-01
8.01760625134895100e-01 1.02729688599494873e+00 5.20698514269845592e-01
8.01760625134895100e-01 1.01054967453522249e+00 5.19849005319643842e-01
8.01760625134895100e-01 9.93856160035028857e-01 5.18261347428068397e-01
8.01760625134895100e-01 9.77253160168724655e-01 5.15786998170857602e-01
8.01760625134895100e-01 9.60833707354188049e-01 5.12203622480224108e-01
8.01760625134895100e-01 9.44781517264537740e-01 5.07223933552060413e-01
8.01760625134895100e-01 9.29376760388624046e-01 5.00557172060881794e-01
8.01760625134895100e-01 9.14960825300802805e-01 4.92003461407518272e-01
8.01760625134895100e-01 9.01869245420552579e-01 4.81534876651037447e-01
8.01760625134895100e-01 8.90359515319467110e-01 4.69318400556220594e-01
8.01760625134895100e-01 8.80563320831083129e-01 4.55666572440874662e-01
8.01760625134895100e-01 8.72479512951713221e-01 4.40942248936344261e-01
8.01760625134895100e-01 8.66003776231940914e-01 4.25467523843579221e-01
8.01760625134895100e-01 8.60975803213846813e-01 4.09478253094853362e-01
8.01760625134895100e-01 8.57222501119135116e-01 3.93132296086256439e-01
8.01760625134895100e-01 8.54584771615370165e-01 3.76545962264509537e-01
8.01760625134895100e-01 8.52927452102917094e-01 3.59822334157107182e-01
8.01760625134895100e-01 8.52138924196989445e-01 3.43051960793584299e-01
8.01760625134895100e-01 8.52126329600668364e-01 3.26294812168307857e-01
8.01760625134895100e-01 8.52808201990272519e-01 3.09568798727412609e-01
8.01760625134895100e-01 8.54104304668851011e-01 2.92862313432152910e-01
8.01760625134895100e-01 8.55924707618585523e-01 2.76164457138346531e-01
8.01760625134895100e-01 8.58163675358237787e-01 2.59488327643526695e-01
8.01760625134895100e-01 8.60703904644574247e-01 2.42866545050345439e-01
8.01760625134895100e-01 8.63431275375235452e-01 2.26321666082059864e-01
8.01760625134895100e-01 8.66253085991064764e-01 2.09837546852684881e-01
8.01760625134895100e-01 8.69109865677727522e-01 1.93360121518389300e-01
8.01760625134895100e-01 8.71975574909923390e-01 1.76833266685554658e-01
8.01760625134895100e-01 8.74850284444980364e-01 1.60244699746538627e-01
8.01760625134895100e-01 8.77755697460926076e-01 1.43644003927832609e-01
8.01760625134895100e-01 8.80741110864794341e-01 1.27113157364095730e-01
8.01760625134895100e-01 8.83896588948712258e-01 1.10707847779549853e-01
8.01760625134895100e-01 8.87359448013938956e-01 9.44161834088428492e-02
8.01760625134895100e-01 8.91299153333888983e-01 7.81754181320656050e-02
8.01760625134895100e-01 8.95877522443537133e-01 6.19471175580809802e-02
8.01760625134895100e-01 9.01198934503781635e-01 4.58041295005209223e-02
8.01760625134895100e-01 9.07276424572499907e-01 2.99644581884770944e-02
8.01760625134895100e-01 9.14034653805629760e-01 1.47349255912608643e-02
8.01760625134895100e-01 9.21351047813965152e-01 3.85619395198491088e-04
8.01760625134895100e-01 9.29113913250596335e-01 -1.29746671278712609e-02
8.01760625134895100e-01 9.37265980349848538e-01 -2.54468012591482565e-02
8.01760625134895100e-01 9.45810917176010291e-01 -3.72830954175266266e-02
8.01760625134895100e-01 9.54783269281291425e-01 -4.87576898776167639e-02
8.01760625134895100e-01 9.64204024972160068e-01 -6.00432318338653195e-02
8.01760625134895100e-01 9.74050581426896822e-01 -7.11631240717462837e-02
8.01760625134895100e-01 9.84257817483525699e-01 -8.20365476107952629e-02
8.01760625134895100e-01 9.94745392011578078e-01 -9.25743911682447435e-02
8.01760625134895100e-01 1.00545023341272044e+00 -1.02757733309542132e-01
8.01760625134895100e-01 1.01634267713983850e+00 -1.12651592266245534e-01
8.01760625134895100e-01 1.02741859190659057e+00 -1.22356635572470493e-01
8.01760625134895100e-01 1.03867710642905897e+00 -1.31943379764754093e-01
8.01760625134895100e-01 1.05010192107187894e+00 -1.41419029607026486e-01
8.01760625134895100e-01 1.06165886103773133e+00 -1.50746568238799977e-01
8.01760625134895100e-01 1.07330871892778013e+00 -1.59894838744364137e-01
8.01760625134895100e-01 1.08502333449528532e+00 -1.68877910897094724e-01
8.01760625134895100e-01 1.09679208253545513e+00 -1.77754863462348450e-01
8.01760625134895100e-01 1.10861487301032668e+00 -1.86594289278300851e-01
8.01760625134895100e-01 1.12048862253522619e+00 -1.95434424296458908e-01
8.01760625134895100e-01 1.13239847439113372e+00 -2.04270248657874326e-01
8.01760625134895100e-01 1.14432016118517565e+00 -2.13075171618221010e-01
8.01760625134895100e-01 1.15623048528151573e+00 -2.21837284592927647e-01
8.01760625134895100e-01 1.16811672907971986e+00 -2.30580327839727817e-01
8.01760625134895100e-01 1.17997751772580406e+00 -2.39353733954734610e-01
8.01760625134895100e-01 1.19181529951930121e+00 -2.48201487400989462e-01
8.01760625134895100e-01 1.20362765557970897e+00 -2.57135371768185350e-01
8.01760625134895100e-01 1.21540543727545103e+00 -2.66132675241870842e-01
8.01760625134895100e-01 1.22713990760921421e+00 -2.75157414275215839e-01
8.01760625134895100e-01 1.23883358995607096e+00 -2.84185380103825602e-01
8.01760625134895100e-01 1.25050645734300225e+00 -2.93211723062912155e-01
8.01760625134895100e-01 1.26219270402472228e+00 -3.02235684597364718e-01
8.01760625134895100e-01 1.27393049667227332e+00 -3.11236677655264304e-01
8.01760625134895100e-01 1.28575201479215750e+00 -3.20163053748754478e-01
8.01760625134895100e-01 1.29768004575066387e+00 -3.28944196305298753e-01
8.01760625134895100e-01 1.30973161600528321e+00 -3.37517355882018255e-01
8.01760625134895100e-01 1.32192354055551320e+00 -3.45848825933169235e-01
8.01760625134895100e-01 1.33427384907600421e+00 -3.53934061709707148e-01
8.01760625134895100e-01 1.34679725808170159e+00 -3.61778626952867777e-01
8.01760625134895100e-01 1.35949844480319082e+00 -3.69377013137739407e-01
8.01760625134895100e-01 1.37236910990713601e+00 -3.76707137620345411e-01
8.01760625134895100e-01 1.38539190447709992e+00 -3.83744476588337768e-01
8.01760625134895100e-01 1.39854876805214068e+00 -3.90483057561212599e-01
8.01760625134895100e-01 1.41182771414756680e+00 -3.96944755306531172e-01
8.01760625134895100e-01 1.42522347777503144e+00 -4.03168081182048998e-01
8.01760625134895100e-01 1.43873248811050880e+00 -4.09184667081041120e-01
8.01760625134895100e-01 1.45234713608526245e+00 -4.15001791208263138e-01
8.01760625134895100e-01 1.46605459616808687e+00 -4.20604245913572650e-01
8.01760625134895100e-01 1.47984140995498992e+00 -4.25972855551634000e-01
8.01760625134895100e-01 1.49370009977663898e+00 -4.31103240864565584e-01
8.01760625134895100e-01 1.50763235970474740e+00 -4.36008283103658134e-01
8.01760625134895100e-01 1.52164622019282492e+00 -4.40701269641930904e-01
8.01760625134895100e-01 1.53574953025733407e+00 -4.45172791008635327e-01
8.01760625134895100e-01 1.54994497607162596e+00 -4.49379919001963890e-01
8.01760625134895100e-01 1.56423028887910509e+00 -4.53256549816906329e-01
8.01760625134895100e-01 1.57860267813859556e+00 -4.56736898614192477e-01
8.01760625134895100e-01 1.59306279744452617e+00 -4.59773710563256777e-01
8.01760625134895100e-01 1.60761386473654988e+00 -4.62337206682298441e-01
8.01760625134895100e-01 1.62225562792640376e+00 -4.64396394694851222e-01
8.01760625134895100e-01 1.63697722157873171e+00 -4.65898447442356423e-01
8.01760625134895100e-01 1.65175389600135514e+00 -4.66763120260497155e-01
8.01760625134895100e-01 1.66654933885582612e+00 -4.66896947876981605e-01
8.01760625134895100e-01 1.68132068479603336e+00 -4.66216494656295777e-01
8.01760625134895100e-01 1.69602136618033339e+00 -4.64663862480739376e-01
8.01760625134895100e-01 1.71059946699208387e+00 -4.62205557844206805e-01
8.01760625134895100e-01 1.72499408394315235e+00 -4.58820541559774586e-01
8.01760625134895100e-01 1.73913506798172723e+00 -4.54492103196852071e-01
8.01760625134895100e-01 1.75294959205921463e+00 -4.49213582803387579e-01
8.01760625134895100e-01 1.76637348594427612e+00 -4.43003977361341117e-01
8.01760625134895100e-01 1.77936066502656076e+00 -4.35918425142416077e-01
8.01760625134895100e-01 1.79188434168812050e+00 -4.28040557646903685e-01
8.01760625134895100e-01 1.80392921925458882e+00 -4.19457842732296859e-01
8.01760625134895100e-01 1.81548037884369129e+00 -4.10235755906925292e-01
8.01760625134895100e-01 1.82651681975544755e+00 -4.00409167670184751e-01
8.01760625134895100e-01 1.83701357736356852e+00 -3.89996668332515728e-01
8.01760625134895100e-01 1.84694910330021433e+00 -3.79025412546333595e-01
8.01760625134895100e-01 1.85631005753806444e+00 -3.67545396723523210e-01
8.01760625134895100e-01 1.86508778326409619e+00 -3.55620654746171772e-01
8.01760625134895100e-01 1.87326809375267023e+00 -3.43304331459149459e-01
8.01760625134895100e-01 1.88082266521333641e+00 -3.30619103273090964e-01
8.01760625134895100e-01 1.88771052771795311e+00 -3.17561395663413848e-01
8.01760625134895100e-01 1.89389108908143711e+00 -3.04128780009278621e-01
8.01760625134895100e-01 1.89934101236490949e+00 -2.90349915596560815e-01
8.01760625134895100e-01 1.90406340608873714e+00 -2.76292304508176711e-01
8.01760625134895100e-01 1.90808273843859100e+00 -2.62039561439493640e-01
8.01760625134895100e-01 1.91142930485613149e+00 -2.47654574533633126e-01
8.01760625134895100e-01 1.91412498417348687e+00 -2.33157784884088698e-01
8.01760625134895100e-01 1.91618098249474822e+00 -2.18539199774288428e-01
8.01760625134895100e-01 1.91760869287042013e+00 -2.03795744993026939e-01
8.01760625134895100e-01 1.91843399689918126e+00 -1.88963438264767997e-01
8.01760625134895100e-01 1.91870199649813711e+00 -1.74115569544583765e-01
8.01760625134895100e-01 1.91846642804329148e+00 -1.59324344664188239e-01
8.01760625134895100e-01 1.91777058516528309e+00 -1.44614699495542204e-01
8.01760625134895100e-01 1.91663448592068053e+00 -1.29949641429972590e-01
8.01760625134895100e-01 1.91505935576809549e+00 -1.15265328125649921e-01
8.01760625134895100e-01 1.91304720834767084e+00 -1.00534773539389152e-01
8.01760625134895100e-01 1.91062029754055684e+00 -8.58113920117712925e-02
8.01760625134895100e-01 1.90782306050448436e+00 -7.12113053634688131e-02
8.01760625134895100e-01 1.90470079288313832e+00 -5.68348274082083049e-02
8.01760625134895100e-01 1.90126706768602682e+00 -4.26747681756506833e-02
8.01760625134895100e-01 1.89748275825327539e+00 -2.85769776034584394e-02
8.01760625134895100e-01 1.89326454877222639e+00 -1.42906160907940102e-02
8.18123086872341920e-01 1.88888300748346061e+00 4.34276045167981538e-04
8.18123086872341920e-01 1.88360147657210031e+00 1.54909309965183782e-02
8.18123086872341920e-01 1.87774371728879519e+00 3.09400160560918992e-02
8.18123086872341920e-01 1.87138426987194650e+00 4.65223857070453939e-02
8.18123086872341920e-01 1.86462137290412677e+00 6.19636784953197170e-02
8.18123086872341920e-01 1.85753077928270760e+00 7.70959736962620323e-02
8.18123086872341920e-01 1.85013866188337550e+00 9.19041796650654635e-02
8.18123086872341920e-01 1.84242666174569680e+00 1.06480220544048404e-01
8.18123086872341920e-01 1.83436093730690852e+00 1.20926718465728167e-01
8.18123086872341920e-01 1.82592311367571103e+00 1.35277908985239531e-01
8.18123086872341920e-01 1.81712298648519077e+00 1.49484485059328320e-01
8.18123086872341920e-01 1.80798789957535777e+00 1.63459711825749227e-01
8.18123086872341920e-01 1.79854031444696405e+00 1.77143132742465459e-01
8.18123086872341920e-01 1.78878163290036918e+00 1.90532922694784751e-01
8.18123086872341920e-01 1.77869339208638011e+00 2.03667993265777086e-01
8.18123086872341920e-01 1.76825298708934286e+00 2.16580732238302459e-01
8.18123086872341920e-01 1.75745091651104524e+00 2.29260734195044613e-01
8.18123086872341920e-01 1.74629712731420161e+00 2.41656887548864302e-01
8.18123086872341920e-01 1.73481368825402993e+00 2.53712804141036974e-01
8.18123086872341920e-01 1.72302152218745142e+00 2.65405187072271176e-01
8.18123086872341920e-01 1.71093226341848759e+00 2.76755053414288410e-01
8.18123086872341920e-01 1.69855071437653460e+00 2.87805275614764655e-01
8.18123086872341920e-01 1.68588413129269510e+00 2.98584567678824020e-01
8.18123086872341920e-01 1.67294930647052364e+00 3.09086883596927653e-01
8.18123086872341920e-01 1.65977098520214117e+00 3.19280699987005145e-01
8.18123086872341920e-01 1.64637288090834644e+00 3.29137925281464239e-01
8.18123086872341920e-01 1.63276880944047242e+00 3.38657435227602388e-01
8.18123086872341920e-01 1.61896122611506410e+00 3.47864476807115464e-01
8.18123086872341920e-01 1.60494822937482717e+00 3.56788075963659579e-01
8.18123086872341920e-01 1.59073323551536072e+00 3.65436499013760463e-01
8.18123086872341920e-01 1.57632964466068515e+00 3.73791484246957129e-01
8.18123086872341920e-01 1.56175723096878594e+00 3.81825695657113107e-01
8.18123086872341920e-01 1.54703383594142307e+00 3.89528595388925258e-01
8.18123086872341920e-01 1.53216952778890403e+00 3.96919429679434888e-01
8.18123086872341920e-01 1.51716790898471099e+00 4.04037069575229668e-01
8.18123086872341920e-01 1.50203299653875000e+00 4.10915459075647749e-01
8.18123086872341920e-01 1.48677540131648400e+00 4.17564720373917120e-01
8.18123086872341920e-01 1.47141228282322634e+00 4.23972664757379269e-01
8.18123086872341920e-01 1.45596100168959830e+00 4.30124417005749882e-01
8.18123086872341920e-01 1.44043185373664873e+00 4.36023281792424000e-01
8.18123086872341920e-01 1.42482610737399695e+00 4.41695591074181382e-01
8.18123086872341920e-01 1.40914107208660444e+00 4.47175898089823720e-01
8.18123086872341920e-01 1.39337790501349379e+00 4.52484977399566501e-01
8.18123086872341920e-01 1.37754543551117803e+00 4.57618482903264123e-01
8.18123086872341920e-01 1.36165658020388691e+00 4.62554797109175519e-01
8.18123086872341920e-01 1.34572023852202327e+00 4.67274708376860304e-01
8.18123086872341920e-01 1.32973558740647446e+00 4.71776320978944896e-01
8.18123086872341920e-01 1.31369393591667660e+00 4.76073362580037185e-01
8.18123086872341920e-01 1.29758706552377756e+00 4.80179360373295394e-01
8.18123086872341920e-01 1.28141540716344449e+00 4.84091811178490039e-01
8.18123086872341920e-01 1.26518924060002491e+00 4.87789865363861153e-01
8.18123086872341920e-01 1.24892169831965760e+00 4.91247117964823343e-01
8.18123086872341920e-01 1.23261922485386344e+00 4.94448298398698416e-01
8.18123086872341920e-01 1.21627754139907118e+00 4.97395895661314480e-01
8.18123086872341920e-01 1.19988686825858548e+00 5.00102128670422030e-01
8.18123086872341920e-01 1.18344246594313729e+00 5.02574708601550291e-01
8.18123086872341920e-01 1.16695178270037236e+00 5.04809911454375482e-01
8.18123086872341920e-01 1.15043182787980891e+00 5.06798966845178778e-01
8.18123086872341920e-01 1.13389827901372264e+00 5.08540295842344725e-01
8.18123086872341920e-01 1.11735497635255498e+00 5.10043017945420618e-01
8.18123086872341920e-01 1.10079279377483363e+00 5.11313607705878415e-01
8.18123086872341920e-01 1.08419964197584573e+00 5.12332874494916601e-01
8.18123086872341920e-01 1.06757411173915218e+00 5.13041206747503642e-01
8.18123086872341920e-01 1.05093172562215531e+00 5.13345541136145611e-01
8.18123086872341920e-01 1.03429860720785305e+00 5.13143617855504330e-01
8.18123086872341920e-01 1.01769882079819074e+00 5.12344001652332404e-01
8.18123086872341920e-01 1.00114980131781151e+00 5.10859749965300258e-01
8.18123086872341920e-01 9.84677809280320004e-01 5.08573172529847684e-01
8.18123086872341920e-01 9.68352293629355598e-01 5.05295804620642386e-01
8.18123086872341920e-01 9.52322624474290835e-01 5.00760457664236380e-01
8.18123086872341920e-01 9.36833750659385900e-01 4.94668183973433262e-01
8.18123086872341920e-01 9.22204795891500506e-01 4.86778780835767477e-01
8.18123086872341920e-01 9.08772862796641046e-01 4.77001869843227511e-01
8.18123086872341920e-01 8.96822550338869040e-01 4.65439574043602422e-01
8.18123086872341920e-01 8.86529043388714855e-01 4.52357281177451165e-01
8.18123086872341920e-01 8.77935277840800499e-01 4.38099657063062586e-01
8.18123086872341920e-01 8.70966880704419300e-01 4.22997821033942178e-01
8.18123086872341920e-01 8.65472565907127955e-01 4.07311957836410776e-01
8.18123086872341920e-01 8.61270665615282760e-01 3.91224981459749210e-01
8.18123086872341920e-01 8.58185949829290196e-01 3.74869199713705803e-01
8.18123086872341920e-01 8.56069954695636959e-01 3.58352989253152399e-01
8.18123086872341920e-01 8.54806084163427848e-01 3.41766138343154835e-01
8.18123086872341920e-01 8.54304213149753577e-01 3.25167924892758697e-01
8.18123086872341920e-01 8.54489353657603146e-01 3.08578993515669087e-01
8.18123086872341920e-01 8.55288231182625314e-01 2.91993294079224364e-01
8.18123086872341920e-01 8.56618026479573302e-01 2.75405557815177948e-01
8.18123086872341920e-01 8.58381887544487632e-01 2.58832481344105858e-01
8.18123086872341920e-01 8.60473838941681279e-01 2.42308299814494893e-01
8.18123086872341920e-01 8.62791083097568134e-01 2.25856792853057847e-01
8.18123086872341920e-01 8.65247218882733371e-01 2.09463990587060056e-01
8.18123086872341920e-01 8.67779497808579992e-01 1.93078760478803790e-01
8.18123086872341920e-01 8.70348180675357463e-01 1.76647167261472005e-01
8.18123086872341920e-01 8.72933057549057478e-01 1.60156893845287890e-01
8.18123086872341920e-01 8.75535360867439771e-01 1.43654979355262252e-01
8.18123086872341920e-01 8.78188912609748074e-01 1.27219228834887732e-01
8.18123086872341920e-01 8.80974599983530893e-01 1.10900497233581849e-01
8.18123086872341920e-01 8.84024565575582399e-01 9.46814293687700675e-02
8.18123086872341920e-01 8.87504137382304603e-01 7.84923701100854465e-02
8.18123086872341920e-01 8.91571647782724575e-01 6.22861526178366681e-02
8.18123086872341920e-01 8.96331859310551482e-01 4.61265126931604194e-02
8.18123086872341920e-01 9.01806742604288503e-01 3.02253552420478425e-02
8.18123086872341920e-01 9.07940757981683277e-01 1.48901452089486245e-02
8.18123086872341920e-01 9.14639173608064682e-01 3.99989823448370155e-04
8.18123086872341920e-01 9.21818678242125822e-01 -1.31209130834405996e-02
8.18123086872341920e-01 9.29442323850524721e-01 -2.57566326237483843e-02
8.18123086872341920e-01 9.37520834523458690e-01 -3.77467101194496960e-02
8.18123086872341920e-01 9.46083270493281447e-01 -4.93594882152103842e-02
8.18123086872341920e-01 9.55138297474069975e-01 -6.07679231382075580e-02
8.18123086872341920e-01 9.64651184871796574e-01 -7.19982128344339306e-02
8.18123086872341920e-01 9.74549350685215865e-01 -8.29710850186223120e-02
8.18123086872341920e-01 9.84749856450601091e-01 -9.35962349931321325e-02
8.18123086872341920e-01 9.95189034586105303e-01 -1.03852073654750035e-01
8.18123086872341920e-01 1.00583560544381201e+00 -1.13802008022493142e-01
8.18123086872341920e-01 1.01668198877810445e+00 -1.23547722468707405e-01
8.18123086872341920e-01 1.02772367478380056e+00 -1.33162749106630812e-01
8.18123086872341920e-01 1.03894288259033818e+00 -1.42657087341950040e-01
8.18123086872341920e-01 1.05030694167539052e+00 -1.51994368227459153e-01
8.18123086872341920e-01 1.06177951585771857e+00 -1.61141929315246124e-01
8.18123086872341920e-01 1.07333366652986140e+00 -1.70112163920582898e-01
8.18123086872341920e-01 1.08495613658209522e+00 -1.78964709516200249e-01
8.18123086872341920e-01 1.09664069158512523e+00 -1.87771758144902795e-01
8.18123086872341920e-01 1.10837748675442316e+00 -1.96576442570951859e-01
8.18123086872341920e-01 1.12014803474994307e+00 -2.05376520865820866e-01
8.18123086872341920e-01 1.13192994460576579e+00 -2.14143082305716576e-01
8.18123086872341920e-01 1.14370713364250909e+00 -2.22856139126371117e-01
8.18123086872341920e-01 1.15547673143590957e+00 -2.31527629044350841e-01
8.18123086872341920e-01 1.16724684252011879e+00 -2.40194895101112527e-01
8.18123086872341920e-01 1.17902701086692985e+00 -2.48892399110302920e-01
8.18123086872341920e-01 1.19081923938650314e+00 -2.57625953428466004e-01
8.18123086872341920e-01 1.20261694272500108e+00 -2.66369714038263816e-01
8.18123086872341920e-01 1.21441279759429333e+00 -2.75086271424785145e-01
8.18123086872341920e-01 1.22620938058451157e+00 -2.83751399319648323e-01
8.18123086872341920e-01 1.23802438465776588e+00 -2.92362411895696728e-01
8.18123086872341920e-01 1.24988657606924969e+00 -3.00923832013995696e-01
8.18123086872341920e-01 1.26182580612093798e+00 -3.09423324454957072e-01
8.18123086872341920e-01 1.27386458259705559e+00 -3.17818720227095342e-01
8.18123086872341920e-01 1.28601678234905692e+00 -3.26047495273856291e-01
8.18123086872341920e-01 1.29829290221233551e+00 -3.34051617923569466e-01
8.18123086872341920e-01 1.31070597995106786e+00 -3.41798561543432189e-01
8.18123086872341920e-01 1.32327219020385511e+00 -3.49283099161010913e-01
8.18123086872341920e-01 1.33600502369179264e+00 -3.56510565676328994e-01
8.18123086872341920e-01 1.34890768569938269e+00 -3.63477066531363247e-01
8.18123086872341920e-01 1.36197013976162218e+00 -3.70163607776944681e-01
8.18123086872341920e-01 1.37517365008785108e+00 -3.76548562804594034e-01
8.18123086872341920e-01 1.38849973906143109e+00 -3.82627069811408149e-01
8.18123086872341920e-01 1.40193705451504846e+00 -3.88420059409088470e-01
8.18123086872341920e-01 1.41548147967116256e+00 -3.93964333239598286e-01
8.18123086872341920e-01 1.42913032715466803e+00 -3.99290965014014898e-01
8.18123086872341920e-01 1.44287609254601756e+00 -4.04409009421941190e-01
8.18123086872341920e-01 1.45670526763963082e+00 -4.09307074847774233e-01
8.18123086872341920e-01 1.47060324000000353e+00 -4.13970530460404162e-01
8.18123086872341920e-01 1.48456112669138940e+00 -4.18399289772967087e-01
8.18123086872341920e-01 1.49857879982140774e+00 -4.22610822691051990e-01
8.18123086872341920e-01 1.51266160769792579e+00 -4.26625427437111793e-01
8.18123086872341920e-01 1.52681359092729263e+00 -4.30445507701962604e-01
8.18123086872341920e-01 1.54103287329571659e+00 -4.34045471700240826e-01
8.18123086872341920e-01 1.55531296061783597e+00 -4.37379960925531774e-01
8.18123086872341920e-01 1.56964855190434860e+00 -4.40402934827899051e-01
8.18123086872341920e-01 1.58404047924447156e+00 -4.43081349406019342e-01
8.18123086872341920e-01 1.59849493070059601e+00 -4.45392056809293668e-01
8.18123086872341920e-01 1.61301677418744505e+00 -4.47304972804387135e-01
8.18123086872341920e-01 1.62760170635974677e+00 -4.48767395561135152e-01
8.18123086872341920e-01 1.64223295771235778e+00 -4.49703643400062580e-01
8.18123086872341920e-01 1.65688447968823027e+00 -4.50031449813105500e-01
8.18123086872341920e-01 1.67152706710725218e+00 -4.49682485586232805e-01
8.18123086872341920e-01 1.68613136953026510e+00 -4.48610905365724566e-01
8.18123086872341920e-01 1.70066447048435787e+00 -4.46784085664437169e-01
8.18123086872341920e-01 1.71508255044905056e+00 -4.44165266687629623e-01
8.18123086872341920e-01 1.72932625008755525e+00 -4.40705447898684322e-01
8.18123086872341920e-01 1.74332410847540364e+00 -4.36354743660150535e-01
8.18123086872341920e-01 1.75700357515509520e+00 -4.31086921938188983e-01
8.18123086872341920e-01 1.77030318560654343e+00 -4.24918600900752452e-01
8.18123086872341920e-01 1.78317836635666671e+00 -4.17907130606092581e-01
8.18123086872341920e-01 1.79559805613920176e+00 -4.10127115028900369e-01
8.18123086872341920e-01 1.80753619511786967e+00 -4.01642176856763788e-01
8.18123086872341920e-01 1.81896560218167314e+00 -3.92492218693785755e-01
8.18123086872341920e-01 1.82985897426576538e+00 -3.82703719866019365e-01
8.18123086872341920e-01 1.84019498259836656e+00 -3.72311666165123067e-01
8.18123086872341920e-01 1.84996239331136025e+00 -3.61372184516069728e-01
8.18123086872341920e-01 1.85915625873614498e+00 -3.49953103275285005e-01
8.18123086872341920e-01 1.86776693669086047e+00 -3.38109147174475266e-01
8.18123086872341920e-01 1.87576961960331334e+00 -3.25863101151149526e-01
8.18123086872341920e-01 1.88312325230206112e+00 -3.13211176959692805e-01
8.18123086872341920e-01 1.88978161592851990e+00 -3.00151499515723785e-01
8.18123086872341920e-01 1.89571033422579904e+00 -2.86714502779564950e-01
8.18123086872341920e-01 1.90089870089633606e+00 -2.72970221560708992e-01
8.18123086872341920e-01 1.90535867694113059e+00 -2.59004515880928099e-01
8.18123086872341920e-01 1.90911283098129014e+00 -2.44881436283166082e-01
8.18123086872341920e-01 1.91218114543766760e+00 -2.30621710595063506e-01
8.18123086872341920e-01 1.91457696655481779e+00 -2.16216002477055080e-01
8.18123086872341920e-01 1.91631446670015571e+00 -2.01663700418510644e-01
8.18123086872341920e-01 1.91742005026319484e+00 -1.87005529659770853e-01
8.18123086872341920e-01 1.91793633736176328e+00 -1.72320560231584652e-01
8.18123086872341920e-01 1.91791319932242765e+00 -1.57685640685692796e-01
8.18123086872341920e-01 1.91739147193294390e+00 -1.43127474447194092e-01
8.18123086872341920e-01 1.91639234967928096e+00 -1.28608101038475725e-01
8.18123086872341920e-01 1.91492237383381192e+00 -1.14062169730921745e-01
8.18123086872341920e-01 1.91299178347011223e+00 -9.94635126970635913e-02
8.18123086872341920e-01 1.91063187884947849e+00 -8.48701122098763777e-02
8.18123086872341920e-01 1.90789502307179948e+00 -7.04050401650414409e-02
8.18123086872341920e-01 1.90483203666337086e+00 -5.61743244652070789e-02
8.18123086872341920e-01 1.90145895989090463e+00 -4.21716562721713983e-02
8.18123086872341920e-01 1.89773587191134951e+00 -2.82379116497048638e-02
8.18123086872341920e-01 1.89357574657417849e+00 -1.41140077764182297e-02
8.34485548609788741e-01 1.88943969251596000e+00 4.18532578811366400e-04
8.34485548609788741e-01 1.88419324433534507e+00 1.53471544738878231e-02
8.34485548609788741e-01 1.87837117301468037e+00 3.06567255747274905e-02
8.34485548609788741e-01 1.87204570708808737e+00 4.60880837798062423e-02
8.34485548609788741e-01 1.86531017164591306e+00 6.13702319837013607e-02
8.34485548609788741e-01 1.85823685330094635e+00 7.63396937212509619e-02
8.34485548609788741e-01 1.85085292707088156e+00 9.09846381945718374e-02
8.34485548609788741e-01 1.84314546195951467e+00 1.05398090858806234e-01
8.34485548609788741e-01 1.83508760746904076e+00 1.19682206145154818e-01
8.34485548609788741e-01 1.82666607197844488e+00 1.33870652240261317e-01
8.34485548609788741e-01 1.81789219831143711e+00 1.47914742175236952e-01
8.34485548609788741e-01 1.80879244579038212e+00 1.61729923053377606e-01
8.34485548609788741e-01 1.79938858772259858e+00 1.75258891659289623e-01
8.34485548609788741e-01 1.78968342800070923e+00 1.88502870240856352e-01
8.34485548609788741e-01 1.77966161837731129e+00 2.01502734173500370e-01
8.34485548609788741e-01 1.76930304311084763e+00 2.14291222467619613e-01
8.34485548609788741e-01 1.75859760917130759e+00 2.26856631228075173e-01
8.34485548609788741e-01 1.74755094293428037e+00 2.39145243189926332e-01
8.34485548609788741e-01 1.73617879085357396e+00 2.51097371289120352e-01
8.34485548609788741e-01 1.72449670572124947e+00 2.62686527943177983e-01
8.34485548609788741e-01 1.71251413712871159e+00 2.73931488638914311e-01
8.34485548609788741e-01 1.70023708823247710e+00 2.84874455033589991e-01
8.34485548609788741e-01 1.68767575082516763e+00 2.95545173237901027e-01
8.34485548609788741e-01 1.67484946570805704e+00 3.05939881529080082e-01
8.34485548609788741e-01 1.66178399426630197e+00 3.16029753605272690e-01
8.34485548609788741e-01 1.64850283810734943e+00 3.25788967660466666e-01
8.34485548609788741e-01 1.63501943694539098e+00 3.35217731673708497e-01
8.34485548609788741e-01 1.62133638701048799e+00 3.44341565591998466e-01
8.34485548609788741e-01 1.60745212400923032e+00 3.53188765347328515e-01
8.34485548609788741e-01 1.59336962491960255e+00 3.61765846690301651e-01
8.34485548609788741e-01 1.57910039133179758e+00 3.70051655988363704e-01
8.34485548609788741e-01 1.56466115379939197e+00 3.78014858478426030e-01
8.34485548609788741e-01 1.55006676543307309e+00 3.85640331695102312e-01
8.34485548609788741e-01 1.53532563280621615e+00 3.92943222101357070e-01
8.34485548609788741e-01 1.52044151328464028e+00 3.99960019788160648e-01
8.34485548609788741e-01 1.50541986176565756e+00 4.06724731989168031e-01
8.34485548609788741e-01 1.49027294609713579e+00 4.13249684566714182e-01
8.34485548609788741e-01 1.47501898400258957e+00 4.19525739738946080e-01
8.34485548609788741e-01 1.45967567269522758e+00 4.25540304662235802e-01
8.34485548609788741e-01 1.44425334607697042e+00 4.31297188694935996e-01
8.34485548609788741e-01 1.42875347538101494e+00 4.36821660659478528e-01
8.34485548609788741e-01 1.41317386247699628e+00 4.42146954420208238e-01
8.34485548609788741e-01 1.39751626794893791e+00 4.47293874643846345e-01
8.34485548609788741e-01 1.38179006961146800e+00 4.52260339219365148e-01
8.34485548609788741e-01 1.36600874230978175e+00 4.57028794643985325e-01
8.34485548609788741e-01 1.35018193266357267e+00 4.61584340993835551e-01
8.34485548609788741e-01 1.33430973151759091e+00 4.65927863519621510e-01
8.34485548609788741e-01 1.31838415851336066e+00 4.70073394466740624e-01
8.34485548609788741e-01 1.30239703335787183e+00 4.74032766328408406e-01
8.34485548609788741e-01 1.28634805336787172e+00 4.77801426673765017e-01
8.34485548609788741e-01 1.27024649904867992e+00 4.81357939794987033e-01
8.34485548609788741e-01 1.25410504465568362e+00 4.84677581457089945e-01
8.34485548609788741e-01 1.23793064965511368e+00 4.87748146455180775e-01
8.34485548609788741e-01 1.22172010819196597e+00 4.90574332758385967e-01
8.34485548609788741e-01 1.20546423094536559e+00 4.93167391606138816e-01
8.34485548609788741e-01 1.18915756730700606e+00 4.95530092118803500e-01
8.34485548609788741e-01 1.17280576270067805e+00 4.97651493859208760e-01
8.34485548609788741e-01 1.15642418871849606e+00 4.99517127999119792e-01
8.34485548609788741e-01 1.14002842362443646e+00 5.01125289004937580e-01
8.34485548609788741e-01 1.12362403262619059e+00 5.02492460180231859e-01
8.34485548609788741e-01 1.10720419790264635e+00 5.03638215222679264e-01
8.34485548609788741e-01 1.09075780736492600e+00 5.04557277321096120e-01
8.34485548609788741e-01 1.07428209851794909e+00 5.05199336590573922e-01
8.34485548609788741e-01 1.05778980404492651e+00 5.05473594423715311e-01
8.34485548609788741e-01 1.04130489197812315e+00 5.05275793978001264e-01
8.34485548609788741e-01 1.02485094923146236e+00 5.04515348358484661e-01
8.34485548609788741e-01 1.00844455457078008e+00 5.03116419483188970e-01
8.34485548609788741e-01 9.92105603311106976e-01 5.00985168851207363e-01
8.34485548609788741e-01 9.75886342989843225e-01 4.97964008097540711e-01
8.34485548609788741e-01 9.59906930739666153e-01 4.93810803935329112e-01
8.34485548609788741e-01 9.44376993749429849e-01 4.88231460574405196e-01
8.34485548609788741e-01 9.29586186274477533e-01 4.80961951744590055e-01
8.34485548609788741e-01 9.15860814466754491e-01 4.71862071374274827e-01
8.34485548609788741e-01 9.03500252093673684e-01 4.60971782509039640e-01
8.34485548609788741e-01 8.92716645114108198e-01 4.48500863783606873e-01
8.34485548609788741e-01 8.83599345639452860e-01 4.34760525042336310e-01
8.34485548609788741e-01 8.76113779297047923e-01 4.20076226328884972e-01
8.34485548609788741e-01 8.70130152852143235e-01 4.04724570191291433e-01
8.34485548609788741e-01 8.65467722375983239e-01 3.88914147238042129e-01
8.34485548609788741e-01 8.61938441333273908e-01 3.72799433001734959e-01
8.34485548609788741e-01 8.59378173867674011e-01 3.56500628332359515e-01
8.34485548609788741e-01 8.57660444182166359e-01 3.40109743401139475e-01
8.34485548609788741e-01 8.56693739779818886e-01 3.23684245671760018e-01
8.34485548609788741e-01 8.56407550249306371e-01 3.07244630054035128e-01
8.34485548609788741e-01 8.56734671816724691e-01 2.90788693778424978e-01
8.34485548609788741e-01 8.57597682769160263e-01 2.74317577084132458e-01
8.34485548609788741e-01 8.58905224823289792e-01 2.57853919579318469e-01
8.34485548609788741e-01 8.60558816657409187e-01 2.41435496662751964e-01
8.34485548609788741e-01 8.62465309252000711e-01 2.25087546686201123e-01
8.34485548609788741e-01 8.64547180466597731e-01 2.08797164669298541e-01
8.34485548609788741e-01 8.66745169324831477e-01 1.92515088004542256e-01
8.34485548609788741e-01 8.69014348123522740e-01 1.76189615309457204e-01
8.34485548609788741e-01 8.71321033845425474e-01 1.59809373602552485e-01
8.34485548609788741e-01 8.73648621844917428e-01 1.43419671527659165e-01
8.34485548609788741e-01 8.76013692538830768e-01 1.27093966389196594e-01
8.34485548609788741e-01 8.78483571668678298e-01 1.10877508555832949e-01
8.34485548609788741e-01 8.81180573864304928e-01 9.47474827724098800e-02
8.34485548609788741e-01 8.84262311158526493e-01 7.86291628712394025e-02
8.34485548609788741e-01 8.87880848122867161e-01 6.24698000304632975e-02
8.34485548609788741e-01 8.92138081006502603e-01 4.63263040923682159e-02
8.34485548609788741e-01 8.97060268310704845e-01 3.04034474666986451e-02
8.34485548609788741e-01 9.02606003480645680e-01 1.50041344589252057e-02
8.34485548609788741e-01 9.08703355031075133e-01 4.08803602274818026e-04
8.34485548609788741e-01 9.15294891616476591e-01 -1.32497263988494533e-02
8.34485548609788741e-01 9.22365028723724500e-01 -2.60416133083201974e-02
8.34485548609788741e-01 9.29935666765150160e-01 -3.81919004650782823e-02
8.34485548609788741e-01 9.38036043097884464e-01 -4.99586479616274878e-02
8.34485548609788741e-01 9.46668091358966679e-01 -6.15108320508743409e-02
8.34485548609788741e-01 9.55789625224334194e-01 -7.28752931314669422e-02
8.34485548609788741e-01 9.65324403020330291e-01 -8.39740576144594880e-02
8.34485548609788741e-01 9.75190165336873527e-01 -9.47155021647694828e-02
8.34485548609788741e-01 9.85325262864234164e-01 -1.05073867187123859e-01
8.34485548609788741e-01 9.95697830893620184e-01 -1.15108376372494534e-01
8.34485548609788741e-01 1.00629506678600245e+00 -1.24920156982476840e-01
8.34485548609788741e-01 1.01710372322722553e+00 -1.34587358498270998e-01
8.34485548609788741e-01 1.02809709634891333e+00 -1.44127858518300456e-01
8.34485548609788741e-01 1.03923670358653708e+00 -1.53512213624486638e-01
8.34485548609788741e-01 1.05048485135482261e+00 -1.62710067252850782e-01
8.34485548609788741e-01 1.06181665778302547e+00 -1.71730832110528309e-01
8.34485548609788741e-01 1.07322199785677519e+00 -1.80628498422593653e-01
8.34485548609788741e-01 1.08469687037007434e+00 -1.89470790215342050e-01
8.34485548609788741e-01 1.09623226565454179e+00 -1.98299736654439840e-01
8.34485548609788741e-01 1.10781011094166049e+00 -2.07114256016526693e-01
8.34485548609788741e-01 1.11940960547486879e+00 -2.15885245194756964e-01
8.34485548609788741e-01 1.13101863320023055e+00 -2.24587598002341737e-01
8.34485548609788741e-01 1.14264089669333813e+00 -2.33222176724874247e-01
8.34485548609788741e-01 1.15429294785715020e+00 -2.41811528145527560e-01
8.34485548609788741e-01 1.16599331535785433e+00 -2.50375679022109110e-01
8.34485548609788741e-01 1.17775197934118214e+00 -2.58909877770355124e-01
8.34485548609788741e-01 1.18956787570065625e+00 -2.67382846038769717e-01
8.34485548609788741e-01 1.20143564719060159e+00 -2.75755961763610113e-01
8.34485548609788741e-01 1.21335578194844840e+00 -2.84006420191198206e-01
8.34485548609788741e-01 1.22534010384926439e+00 -2.92134861615655050e-01
8.34485548609788741e-01 1.23740872253424250e+00 -3.00151534928996100e-01
8.34485548609788741e-01 1.24958142123397642e+00 -3.08052983284181348e-01
8.34485548609788741e-01 1.26187051512759618e+00 -3.15808725971659376e-01
8.34485548609788741e-01 1.27428042299938160e+00 -3.23368800306536530e-01
8.34485548609788741e-01 1.28681332613491506e+00 -3.30685937764248206e-01
8.34485548609788741e-01 1.29947527963292675e+00 -3.37734765525399327e-01
8.34485548609788741e-01 1.31227701988015522e+00 -3.44513736208696852e-01
8.34485548609788741e-01 1.32522839350654231e+00 -3.51030186915113895e-01
8.34485548609788741e-01 1.33833083498647909e+00 -3.57282559498407704e-01
8.34485548609788741e-01 1.35157410508803855e+00 -3.63255261514816796e-01
8.34485548609788741e-01 1.36494017052243755e+00 -3.68930180425115550e-01
8.34485548609788741e-01 1.37841144904512514e+00 -3.74304408458369597e-01
8.34485548609788741e-01 1.39197728680930966e+00 -3.79398403813990814e-01
8.34485548609788741e-01 1.40563414079195348e+00 -3.84246858553102089e-01
8.34485548609788741e-01 1.41938009769996620e+00 -3.88879024912920201e-01
8.34485548609788741e-01 1.43320881679002898e+00 -3.93304007467513761e-01
8.34485548609788741e-01 1.44710815224927969e+00 -3.97512343880272179e-01
8.34485548609788741e-01 1.46106457674226364e+00 -4.01491708783717260e-01
8.34485548609788741e-01 1.47506958896006068e+00 -4.05243096922106361e-01
8.34485548609788741e-01 1.48912263245726906e+00 -4.08783862194985248e-01
8.34485548609788741e-01 1.50322799992198952e+00 -4.12135298927106375e-01
8.34485548609788741e-01 1.51738824910953740e+00 -4.15305418825121009e-01
8.34485548609788741e-01 1.53159959494144871e+00 -4.18281284890140048e-01
8.34485548609788741e-01 1.54585311724610341e+00 -4.21036681617952713e-01
8.34485548609788741e-01 1.56014076999139162e+00 -4.23547421942061686e-01
8.34485548609788741e-01 1.57446110634734127e+00 -4.25799801673872824e-01
8.34485548609788741e-01 1.58881972138634842e+00 -4.27783585143490908e-01
8.34485548609788741e-01 1.60322361613351250e+00 -4.29474638430310529e-01
8.34485548609788741e-01 1.61767356347128555e+00 -4.30822224466669179e-01
8.34485548609788741e-01 1.63216009602559797e+00 -4.31753256684566544e-01
8.34485548609788741e-01 1.64666565907004903e+00 -4.32192185915312221e-01
8.34485548609788741e-01 1.66117030219840656e+00 -4.32081785512068883e-01
8.34485548609788741e-01 1.67565529650385892e+00 -4.31388358360351443e-01
8.34485548609788741e-01 1.69010077424498251e+00 -4.30086951587783262e-01
8.34485548609788741e-01 1.70447856114978857e+00 -4.28138664412496595e-01
8.34485548609788741e-01 1.71874568164024200e+00 -4.25479563317617715e-01
8.34485548609788741e-01 1.73284400753098278e+00 -4.22032496984273087e-01
8.34485548609788741e-01 1.74670712551623519e+00 -4.17735285406130363e-01
8.34485548609788741e-01 1.76027022329419247e+00 -4.12565478124946705e-01
8.34485548609788741e-01 1.77347686407285532e+00 -4.06543994620279237e-01
8.34485548609788741e-01 1.78627942019970187e+00 -3.99716072088059426e-01
8.34485548609788741e-01 1.79863519012415130e+00 -3.92125238754344463e-01
8.34485548609788741e-01 1.81050342880728632e+00 -3.83800532138937167e-01
8.34485548609788741e-01 1.82184701392448800e+00 -3.74765208189675458e-01
8.34485548609788741e-01 1.83263757050592124e+00 -3.65056581216188947e-01
8.34485548609788741e-01 1.84285884589048266e+00 -3.54736898465333739e-01
8.34485548609788741e-01 1.85250362078604103e+00 -3.43882684576296227e-01
8.34485548609788741e-01 1.86156437545374165e+00 -3.32558859480606428e-01
8.34485548609788741e-01 1.87002338747551344e+00 -3.20798380860203347e-01
8.34485548609788741e-01 1.87784930797221983e+00 -3.08605496014302927e-01
8.34485548609788741e-01 1.88500308775528169e+00 -2.95982135092642207e-01
8.34485548609788741e-01 1.89144947145374065e+00 -2.82957353405276391e-01
8.34485548609788741e-01 1.89716639491223016e+00 -2.69595678696954166e-01
8.34485548609788741e-01 1.90214667790872860e+00 -2.55976280075592810e-01
8.34485548609788741e-01 1.90639278308264859e+00 -2.42158898603576728e-01
8.34485548609788741e-01 1.90991087910642321e+00 -2.28164739084548679e-01
8.34485548609788741e-01 1.91271039407740462e+00 -2.13989756341576409e-01
8.34485548609788741e-01 1.91480960751346641e+00 -1.99641240376627421e-01
8.34485548609788741e-01 1.91624137059895361e+00 -1.85167438436567827e-01
8.34485548609788741e-01 1.91705157301420703e+00 -1.70652599347704242e-01
8.34485548609788741e-01 1.91728840619839214e+00 -1.56176457610203073e-01
8.34485548609788741e-01 1.91698881440358848e+00 -1.41767912302581317e-01
8.34485548609788741e-01 1.91617270334979573e+00 -1.27392138124982179e-01
8.34485548609788741e-01 1.91485105092606989e+00 -1.12988062419928106e-01
8.34485548609788741e-01 1.91304332734635207e+00 -9.85334101964349812e-02
8.34485548609788741e-01 1.91079055881521076e+00 -8.40875015586681901e-02
8.34485548609788741e-01 1.90815078293504481e+00 -6.97710934923206488e-02
8.34485548609788741e-01 1.90517485984772406e+00 -5.56853121373504234e-02
8.34485548609788741e-01 1.90187557441496935e+00 -4.18192248664901942e-02
8.34485548609788741e-01 1.89821080892060112e+00 -2.80123801390700436e-02
8.34485548609788741e-01 1.89409548023315888e+00 -1.40089791002869987e-02
8.50848010347235562e-01 1.89015854790655147e+00 3.95573582742912602e-04
8.50848010347235562e-01 1.88495543145427535e+00 1.51717525720310772e-02
8.50848010347235562e-01 1.87918336053212420e+00 3.03218997533176784e-02
8.50848010347235562e-01 1.87291059756473266e+00 4.55949455212886351e-02
8.50848010347235562e-01 1.86622119880357151e+00 6.07238151065523021e-02
8.50848010347235562e-01 1.85917852567924902e+00 7.55429394887514039e-02
8.50848010347235562e-01 1.85180684828381903e+00 9.00347675207105874e-02
8.50848010347235562e-01 1.84409847618102352e+00 1.04287599495869437e-01
8.50848010347235562e-01 1.83603725018202768e+00 1.18403357792352990e-01
8.50848010347235562e-01 1.82762040346561450e+00 1.32420085407059823e-01
8.50848010347235562e-01 1.81886480823759156e+00 1.46295156934584863e-01
8.50848010347235562e-01 1.80979636534259991e+00 1.59948280666490888e-01
8.50848010347235562e-01 1.80043307310004930e+00 1.73323136188831578e-01
8.50848010347235562e-01 1.79077510348568714e+00 1.86419930298773517e-01
8.50848010347235562e-01 1.78080819106371901e+00 1.99279069829639999e-01
8.50848010347235562e-01 1.77051608071758260e+00 2.11934784078453259e-01
8.50848010347235562e-01 1.75989182427207602e+00 2.24377770347479855e-01
8.50848010347235562e-01 1.74894020174276776e+00 2.36554920831404225e-01
8.50848010347235562e-01 1.73767156238118270e+00 2.48403291914238933e-01
8.50848010347235562e-01 1.72609410960062193e+00 2.59889768190578907e-01
8.50848010347235562e-01 1.71421192969148395e+00 2.71026232082788032e-01
8.50848010347235562e-01 1.70203025911673600e+00 2.81851492778357693e-01
8.50848010347235562e-01 1.68956280177185225e+00 2.92397304788238110e-01
8.50848010347235562e-01 1.67683393018830662e+00 3.02666090391204456e-01
8.50848010347235562e-01 1.66387280569146445e+00 3.12635913864228121e-01
8.50848010347235562e-01 1.65070320034674922e+00 3.22285157459058946e-01
8.50848010347235562e-01 1.63733649490048871e+00 3.31614285121037300e-01
8.50848010347235562e-01 1.62377297955039457e+00 3.40646381247896868e-01
8.50848010347235562e-01 1.61001016970075606e+00 3.49407006415611399e-01
8.50848010347235562e-01 1.59605157471312720e+00 3.57901202286861342e-01
8.50848010347235562e-01 1.58190939825181687e+00 3.66107289589225948e-01
8.50848010347235562e-01 1.56759981511130531e+00 3.73992733635978514e-01
8.50848010347235562e-01 1.55313546706654515e+00 3.81539195024028555e-01
8.50848010347235562e-01 1.53852180265091620e+00 3.88756826419236146e-01
8.50848010347235562e-01 1.52376037294428679e+00 3.95677184958529604e-01
8.50848010347235562e-01 1.50885619775572022e+00 4.02331608311680744e-01
8.50848010347235562e-01 1.49382280914635945e+00 4.08733077863270122e-01
8.50848010347235562e-01 1.47868042749002870e+00 4.14875687842979790e-01
8.50848010347235562e-01 1.46344837785282977e+00 4.20750675851283118e-01
8.50848010347235562e-01 1.44813764930266720e+00 4.26364386784883143e-01
8.50848010347235562e-01 1.43274948833793636e+00 4.31742597805699846e-01
8.50848010347235562e-01 1.41728108603412140e+00 4.36917620716750887e-01
8.50848010347235562e-01 1.40173369450412899e+00 4.41909157893949245e-01
8.50848010347235562e-01 1.38611656052187637e+00 4.46714857019439360e-01
8.50848010347235562e-01 1.37044349824236078e+00 4.51318026463903565e-01
8.50848010347235562e-01 1.35472496275597987e+00 4.55705467960383692e-01
8.50848010347235562e-01 1.33896221500057733e+00 4.59880142999264996e-01
8.50848010347235562e-01 1.32314852110475645e+00 4.63858202890627458e-01
8.50848010347235562e-01 1.30727660261105361e+00 4.67653471879517335e-01
8.50848010347235562e-01 1.29134639028341303e+00 4.71263144581306637e-01
8.50848010347235562e-01 1.27536677375606589e+00 4.74667183753451127e-01
8.50848010347235562e-01 1.25934985936335631e+00 4.77841874270573952e-01
8.50848010347235562e-01 1.24330239728644076e+00 4.80775629240416114e-01
8.50848010347235562e-01 1.22722150147219478e+00 4.83473222479397058e-01
8.50848010347235562e-01 1.21109844615294282e+00 4.85944965074440960e-01
8.50848010347235562e-01 1.19492775294940468e+00 4.88191067887868202e-01
8.50848010347235562e-01 1.17871426602265683e+00 4.90196360157614586e-01
8.50848010347235562e-01 1.16247222597379030e+00 4.91941714335059288e-01
8.50848010347235562e-01 1.14621665489687352e+00 4.93422931415192445e-01
8.50848010347235562e-01 1.12995372393431071e+00 4.94658973134184277e-01
8.50848010347235562e-01 1.11367800794817740e+00 4.95677965685425603e-01
8.50848010347235562e-01 1.09737937708998134e+00 4.96487263588015426e-01
8.50848010347235562e-01 1.08105458243540142e+00 4.97048674664879453e-01
8.50848010347235562e-01 1.06471449756633940e+00 4.97278475630895445e-01
8.50848010347235562e-01 1.04838114443095920e+00 4.97073390404493054e-01
8.50848010347235562e-01 1.03207721701990462e+00 4.96341874958538820e-01
8.50848010347235562e-01 1.01581855184825454e+00 4.95012801525135993e-01
8.50848010347235562e-01 9.99620682212528089e-01 4.93008865650317873e-01
8.50848010347235562e-01 9.83522744817328487e-01 4.90200254191456575e-01
8.50848010347235562e-01 9.67620097768514653e-01 4.86374470188250807e-01
8.50848010347235562e-01 9.52088666591441424e-01 4.81253997419199109e-01
8.50848010347235562e-01 9.37184880933178421e-01 4.74565316403340764e-01
8.50848010347235562e-01 9.23215083205134013e-01 4.66129128804762038e-01
8.50848010347235562e-01 9.10482019873249171e-01 4.55925822673669434e-01
8.50848010347235562e-01 8.99226188577766816e-01 4.44103376197235777e-01
8.50848010347235562e-01 8.89581684818716578e-01 4.30927910345259901e-01
8.50848010347235562e-01 8.81559830380345910e-01 4.16707391223837154e-01
8.50848010347235562e-01 8.75063182845179477e-01 4.01727166494511789e-01
8.50848010347235562e-01 8.69922436217850148e-01 3.86219587651238205e-01
8.50848010347235562e-01 8.65942621040370120e-01 3.70363838571510728e-01
8.50848010347235562e-01 8.62943977634932691e-01 3.54296115397508049e-01
8.50848010347235562e-01 8.60786344434819828e-01 3.38113904829504819e-01
8.50848010347235562e-01 8.59372539007172920e-01 3.21874090912655342e-01
8.50848010347235562e-01 8.58634103166468154e-01 3.05596596355028227e-01
8.50848010347235562e-01 8.58509297336044086e-01 2.89282106390955307e-01
8.50848010347235562e-01 8.58925484716835053e-01 2.72937638269698468e-01
8.50848010347235562e-01 8.59794464391134938e-01 2.56592018236090624e-01
8.50848010347235562e-01 8.61021268071986756e-01 2.40287373020126732e-01
8.50848010347235562e-01 8.62518846912636805e-01 2.24051347656669037e-01
8.50848010347235562e-01 8.64218101631930025e-01 2.07872820422889321e-01
8.50848010347235562e-01 8.66067174007636997e-01 1.91704681449741399e-01
8.50848010347235562e-01 8.68023072639052873e-01 1.75497243959214871e-01
8.50848010347235562e-01 8.70045974667087219e-01 1.59239429057302956e-01
8.50848010347235562e-01 8.72105953653250165e-01 1.42973997630211402e-01
8.50848010347235562e-01 8.74202736414659176e-01 1.26769544249084570e-01
8.50848010347235562e-01 8.76387262486123197e-01 1.10666034577423064e-01
8.50848010347235562e-01 8.78768162638044026e-01 9.46366464866346402e-02
8.50848010347235562e-01 8.81492272690218792e-01 7.86039413054215319e-02
8.50848010347235562e-01 8.84703491603621828e-01 6.25120247051185879e-02
8.50848010347235562e-01 8.88499126397274797e-01 4.64123259686871278e-02
8.50848010347235562e-01 8.92906913976175498e-01 3.05017318781345172e-02
8.50848010347235562e-01 8.97895304886079271e-01 1.50753935573722485e-02
8.50848010347235562e-01 9.03410311206564565e-01 4.10019043526926494e-04
8.50848010347235562e-01 9.09416524517979830e-01 -1.33585534877287380e-02
8.50848010347235562e-01 9.15918144904181997e-01 -2.62911114135718424e-02
8.50848010347235562e-01 9.22949264906781530e-01 -3.86004214237973750e-02
8.50848010347235562e-01 9.30542341299207432e-01 -5.05337118932475265e-02
8.50848010347235562e-01 9.38696784291822683e-01 -6.22531433839144457e-02
8.50848010347235562e-01 9.47367703928854721e-01 -7.37822365008787284e-02
8.50848010347235562e-01 9.56480147608293363e-01 -8.50405486935123384e-02
8.50848010347235562e-01 9.65957227945937857e-01 -9.59325237692652405e-02
8.50848010347235562e-01 9.75742860751907526e-01 -1.06427084627669477e-01
8.50848010347235562e-01 9.85805826338336133e-01 -1.16579333977899491e-01
8.50848010347235562e-01 9.96126222946319584e-01 -1.26490621351393717e-01
8.50848010347235562e-01 1.00667738307082621e+00 -1.36244830921107868e-01
8.50848010347235562e-01 1.01741776803404593e+00 -1.45869017658347644e-01
8.50848010347235562e-01 1.02829821217619033e+00 -1.55342024061644740e-01
8.50848010347235562e-01 1.03927773863274431e+00 -1.64636845523588371e-01
8.50848010347235562e-01 1.05033517628964113e+00 -1.73759940639536647e-01
8.50848010347235562e-01 1.06146791013972863e+00 -1.82757949334055925e-01
8.50848010347235562e-01 1.07267947000262764e+00 -1.91690560829152867e-01
8.50848010347235562e-01 1.08396607161993619e+00 -2.00594118760134721e-01
8.50848010347235562e-01 1.09531244830827146e+00 -2.09464752696113921e-01
8.50848010347235562e-01 1.10669967306099615e+00 -2.18271475039100465e-01
8.50848010347235562e-01 1.11811839576156569e+00 -2.26985205657621508e-01
8.50848010347235562e-01 1.12957709773706316e+00 -2.35598729224674730e-01
8.50848010347235562e-01 1.14109915456315991e+00 -2.44122540443559882e-01
8.50848010347235562e-01 1.15271106628711051e+00 -2.52562720266527874e-01
8.50848010347235562e-01 1.16443046282021867e+00 -2.60901552517863344e-01
8.50848010347235562e-01 1.17626191423682114e+00 -2.69098196454576222e-01
8.50848010347235562e-01 1.18820212855501794e+00 -2.77109183472863896e-01
8.50848010347235562e-01 1.20024912919730520e+00 -2.84911835834379568e-01
8.50848010347235562e-01 1.21240779947802979e+00 -2.92511496056015063e-01
8.50848010347235562e-01 1.22468800818926948e+00 -2.99926968250477877e-01
8.50848010347235562e-01 1.23709788189454395e+00 -3.07166269516485513e-01
8.50848010347235562e-01 1.24963846684836821e+00 -3.14212178880740434e-01
8.50848010347235562e-01 1.26230432260837966e+00 -3.21028534616014161e-01
8.50848010347235562e-01 1.27508927235281044e+00 -3.27581236669866382e-01
8.50848010347235562e-01 1.28799215548207258e+00 -3.33856503209380429e-01
8.50848010347235562e-01 1.30101753035982615e+00 -3.39862123432703278e-01
8.50848010347235562e-01 1.31417059214253751e+00 -3.45612084359531113e-01
8.50848010347235562e-01 1.32745041274579556e+00 -3.51108657083288866e-01
8.50848010347235562e-01 1.34084699183677114e+00 -3.56337587558236579e-01
8.50848010347235562e-01 1.35434449179961769e+00 -3.61280511287546624e-01
8.50848010347235562e-01 1.36792806849167325e+00 -3.65933948882099402e-01
8.50848010347235562e-01 1.38158897577488826e+00 -3.70318546280011041e-01
8.50848010347235562e-01 1.39532425824199158e+00 -3.74470202003306218e-01
8.50848010347235562e-01 1.40913188277826040e+00 -3.78419626584088342e-01
8.50848010347235562e-01 1.42300581056982334e+00 -3.82176339906689255e-01
8.50848010347235562e-01 1.43693532401990431e+00 -3.85729399782515747e-01
8.50848010347235562e-01 1.45090916630445843e+00 -3.89063470493224040e-01
8.50848010347235562e-01 1.46492091880306097e+00 -3.92176540792965433e-01
8.50848010347235562e-01 1.47897097064100858e+00 -3.95084749692117654e-01
8.50848010347235562e-01 1.49306327594410648e+00 -3.97810866775299754e-01
8.50848010347235562e-01 1.50719945197508998e+00 -4.00366625687154143e-01
8.50848010347235562e-01 1.52137501708772183e+00 -4.02743940310328563e-01
8.50848010347235562e-01 1.53558084353876456e+00 -4.04922115453132059e-01
8.50848010347235562e-01 1.54980863356349152e+00 -4.06884255702857911e-01
8.50848010347235562e-01 1.56405593014811140e+00 -4.08627954506877389e-01
8.50848010347235562e-01 1.57832654172889408e+00 -4.10159953959696011e-01
8.50848010347235562e-01 1.59262596211025054e+00 -4.11478062300522085e-01
8.50848010347235562e-01 1.60695534157751085e+00 -4.12554815780008188e-01
8.50848010347235562e-01 1.62130855723014911e+00 -4.13336613895517679e-01
8.50848010347235562e-01 1.63567417067373100e+00 -4.13759667618415761e-01
8.50848010347235562e-01 1.65003988116323463e+00 -4.13770203149579296e-01
8.50848010347235562e-01 1.66439496864145209e+00 -4.13332597508946686e-01
8.50848010347235562e-01 1.67872792353393718e+00 -4.12418930733626399e-01
8.50848010347235562e-01 1.69302054748273356e+00 -4.10989001937052123e-01
8.50848010347235562e-01 1.70724286747898346e+00 -4.08978343781834786e-01
8.50848010347235562e-01 1.72135268534876618e+00 -4.06305913127824991e-01
8.50848010347235562e-01 1.73529993139242023e+00 -4.02897411588297394e-01
8.50848010347235562e-01 1.74903228249650411e+00 -3.98707383597141807e-01
8.50848010347235562e-01 1.76249787468071273e+00 -3.93724017249969360e-01
8.50848010347235562e-01 1.77564392631011625e+00 -3.87954559562194767e-01
8.50848010347235562e-01 1.78841413338042510e+00 -3.81405072751480445e-01
8.50848010347235562e-01 1.80074925805028996e+00 -3.74072714998992417e-01
8.50848010347235562e-01 1.81259287585153439e+00 -3.65957797758942216e-01
8.50848010347235562e-01 1.82389964538238658e+00 -3.57085333355347589e-01
8.50848010347235562e-01 1.83464054140496935e+00 -3.47516308445409983e-01
8.50848010347235562e-01 1.84480087824707351e+00 -3.37335965988503017e-01
8.50848010347235562e-01 1.85437181502219461e+00 -3.26624855292574456e-01
8.50848010347235562e-01 1.86334063467920452e+00 -3.15433344099666557e-01
8.50848010347235562e-01 1.87168576968650657e+00 -3.03778924292508246e-01
8.50848010347235562e-01 1.87937876614614119e+00 -2.91668229575969162e-01
8.50848010347235562e-01 1.88639022857775251e+00 -2.79125896128034734e-01
8.50848010347235562e-01 1.89269449214243624e+00 -2.66206588593423776e-01
8.50848010347235562e-01 1.89827014467558852e+00 -2.52980187102210874e-01
8.50848010347235562e-01 1.90309836218064921e+00 -2.39502757778356778e-01
8.50848010347235562e-01 1.90716386368794022e+00 -2.25798861461082995e-01
8.50848010347235562e-01 1.91046122606561641e+00 -2.11872377660301342e-01
8.50848010347235562e-01 1.91300369405268156e+00 -1.97738969541230353e-01
8.50848010347235562e-01 1.91482732112001863e+00 -1.83452969345211298e-01
8.50848010347235562e-01 1.91598468338569639e+00 -1.69102713109385017e-01
8.50848010347235562e-01 1.91652950703125224e+00 -1.54772452503589619e-01
8.50848010347235562e-01 1.91650127811266491e+00 -1.40497983179416364e-01
8.50848010347235562e-01 1.91592075444877330e+00 -1.26253030933228871e-01
8.50848010347235562e-01 1.91480059993183716e+00 -1.11983392941263846e-01
8.50848010347235562e-01 1.91316405200229278e+00 -9.76684461924597347e-02
8.50848010347235562e-01 1.91105689102072729e+00 -8.33631705222420971e-02
8.50848010347235562e-01 1.90854058908288660e+00 -6.91811463848400476e-02
8.50848010347235562e-01 1.90566688693642905e+00 -5.52188491476276466e-02
8.50848010347235562e-01 1.90244818150308248e+00 -4.14672342685688394e-02
8.50848010347235562e-01 1.89884377099995771e+00 -2.77740698415410575e-02
8.50848010347235562e-01 1.89477416010081390e+00 -1.38936262241502791e-02
8.67210472084682382e-01 1.89109143775508137e+00 4.00078766947332357e-04
8.67210472084682382e-01 1.88595069356015466e+00 1.50235502838468194e-02
8.67210472084682382e-01 1.88023080719862401e+00 3.00206211298419332e-02
8.67210472084682382e-01 1.87400243513548559e+00 4.51437634533058962e-02
8.67210472084682382e-01 1.86735195647716390e+00 6.01245120983914666e-02
8.67210472084682382e-01 1.86034331959626598e+00 7.47924380933560756e-02
8.67210472084682382e-01 1.85299971806372588e+00 8.91253248679514665e-02
8.67210472084682382e-01 1.84531243229073771e+00 1.03210283376884454e-01
8.67210472084682382e-01 1.83726623856942739e+00 1.17152221296745282e-01
8.67210472084682382e-01 1.82886183593202301e+00 1.30994191273230698e-01
8.67210472084682382e-01 1.82012086086430158e+00 1.44697379647827834e-01
8.67210472084682382e-01 1.81107322223965173e+00 1.58182251911850924e-01
8.67210472084682382e-01 1.80173887050630777e+00 1.71390979305629687e-01
8.67210472084682382e-01 1.79211824397385766e+00 1.84322649835024832e-01
8.67210472084682382e-01 1.78219723853195178e+00 1.97019276766351836e-01
8.67210472084682382e-01 1.77196100132311307e+00 2.09519523903729715e-01
8.67210472084682382e-01 1.76140507141941138e+00 2.21819008138308710e-01
8.67210472084682382e-01 1.75053608170423924e+00 2.33866855591442518e-01
8.67210472084682382e-01 1.73936355443815938e+00 2.45597904190756944e-01
8.67210472084682382e-01 1.72789143884414642e+00 2.56973230584098600e-01
8.67210472084682382e-01 1.71611747746742194e+00 2.67998208463780641e-01
8.67210472084682382e-01 1.70404122860549889e+00 2.78707445547811350e-01
8.67210472084682382e-01 1.69167387861792373e+00 2.89132129901771617e-01
8.67210472084682382e-01 1.67904115821591060e+00 2.99276917973443912e-01
8.67210472084682382e-01 1.66617606938427154e+00 3.09122904924939601e-01
8.67210472084682382e-01 1.65310623653851896e+00 3.18650686225123769e-01
8.67210472084682382e-01 1.63984496750055597e+00 3.27861824267610513e-01
8.67210472084682382e-01 1.62639221836394610e+00 3.36780134011173293e-01
8.67210472084682382e-01 1.61274403840578806e+00 3.45432268041225121e-01
8.67210472084682382e-01 1.59890282877278400e+00 3.53824552674135095e-01
8.67210472084682382e-01 1.58488071212677406e+00 3.61935734731509362e-01
8.67210472084682382e-01 1.57069425889227765e+00 3.69731753851625267e-01
8.67210472084682382e-01 1.55635581051493932e+00 3.77190596738716077e-01
8.67210472084682382e-01 1.54186908740046813e+00 3.84317582803310021e-01
8.67210472084682382e-01 1.52723288446332917e+00 3.91139904723691922e-01
8.67210472084682382e-01 1.51244977522304636e+00 3.97686352406470545e-01
8.67210472084682382e-01 1.49753251620152761e+00 4.03969620805011753e-01
8.67210472084682382e-01 1.48250264987139713e+00 4.09985328935554838e-01
8.67210472084682382e-01 1.46738209787384721e+00 4.15727150729945760e-01
8.67210472084682382e-01 1.45218417637065644e+00 4.21203861363283305e-01
8.67210472084682382e-01 1.43691091268489868e+00 4.26442886420002942e-01
8.67210472084682382e-01 1.42155849487335595e+00 4.31476786430670944e-01
8.67210472084682382e-01 1.40612625817658432e+00 4.36323817092590938e-01
8.67210472084682382e-01 1.39062196894200563e+00 4.40978875897014011e-01
8.67210472084682382e-01 1.37505936120445105e+00 4.45422521116253634e-01
8.67210472084682382e-01 1.35945024878946685e+00 4.49640652585760747e-01
8.67210472084682382e-01 1.34379789613185108e+00 4.53638559730651370e-01
8.67210472084682382e-01 1.32809718797964216e+00 4.57437791869983068e-01
8.67210472084682382e-01 1.31234148221927116e+00 4.61058673574720357e-01
8.67210472084682382e-01 1.29653050170802064e+00 4.64503212432545332e-01
8.67210472084682382e-01 1.28067273589260067e+00 4.67752630853692175e-01
8.67210472084682382e-01 1.26478031408810243e+00 4.70781261964739794e-01
8.67210472084682382e-01 1.24886053470463176e+00 4.73574664125020861e-01
8.67210472084682382e-01 1.23291110768220302e+00 4.76136367831792473e-01
8.67210472084682382e-01 1.21692328569052965e+00 4.78477737276322312e-01
8.67210472084682382e-01 1.20089066827700974e+00 4.80600519346667532e-01
8.67210472084682382e-01 1.18481669813626200e+00 4.82488689084415945e-01
8.67210472084682382e-01 1.16871465225419158e+00 4.84118585234035836e-01
8.67210472084682382e-01 1.15259979003994228e+00 4.85479890197377417e-01
8.67210472084682382e-01 1.13647968085638928e+00 4.86588614465626512e-01
8.67210472084682382e-01 1.12035049002179377e+00 4.87477372395732800e-01
8.67210472084682382e-01 1.10420257943486999e+00 4.88165791040039654e-01
8.67210472084682382e-01 1.08803147747129758e+00 4.88631113511918291e-01
8.67210472084682382e-01 1.07184581604283591e+00 4.88801267294022179e-01
8.67210472084682382e-01 1.05566597066278978e+00 4.88576498875182452e-01
8.67210472084682382e-01 1.03951467778877227e+00 4.87862745584385582e-01
8.67210472084682382e-01 1.02340843145016125e+00 4.86588449764477293e-01
8.67210472084682382e-01 1.00736023742912173e+00 4.84687062732763907e-01
8.67210472084682382e-01 9.91398414893604141e-01 4.82053879825903198e-01
8.67210472084682382e-01 9.75595904954729809e-01 4.78508956561253640e-01
8.67210472084682382e-01 9.60096276533134674e-01 4.73799655940201070e-01
8.67210472084682382e-01 9.45121426945701670e-01 4.67653805313099580e-01
8.67210472084682382e-01 9.30952665997081152e-01 4.59862271220418395e-01
8.67210472084682382e-01 9.17887839580780129e-01 4.50350068085081157e-01
8.67210472084682382e-01 9.06186933189815691e-01 4.39201208392552722e-01
8.67210472084682382e-01 8.96023055354984277e-01 4.26629453782531032e-01
8.67210472084682382e-01 8.87453708779807893e-01 4.12915962014157367e-01
8.67210472084682382e-01 8.80420341139573348e-01 3.98346856530730209e-01
8.67210472084682382e-01 8.74775068889526830e-01 3.83173918952576853e-01
8.67210472084682382e-01 8.70324979382819386e-01 3.67600804386258140e-01
8.67210472084682382e-01 8.66879011342082340e-01 3.51782351196268772e-01
8.67210472084682382e-01 8.64282073153895825e-01 3.35825047581442382e-01
8.67210472084682382e-01 8.62426560746999971e-01 3.19787837091475347e-01
8.67210472084682382e-01 8.61241258357733352e-01 3.03691005304795869e-01
8.67210472084682382e-01 8.60667607995296069e-01 2.87537530611944592e-01
8.67210472084682382e-01 8.60638320433331105e-01 2.71338922716421294e-01
8.67210472084682382e-01 8.61070107149646602e-01 2.55128743310065131e-01
8.67210472084682382e-01 8.61872433987711073e-01 2.38952321487215680e-01
8.67210472084682382e-01 8.62963649195543026e-01 2.22838926384165914e-01
8.67210472084682382e-01 8.64281630104760779e-01 2.06778838692666500e-01
8.67210472084682382e-01 8.65781337588679478e-01 1.90727318544956670e-01
8.67210472084682382e-01 8.67422869526931151e-01 1.74637767024041185e-01
8.67210472084682382e-01 8.69162549219435920e-01 1.58501336667387693e-01
8.67210472084682382e-01 8.70959021627676688e-01 1.42360577214383777e-01
8.67210472084682382e-01 8.72795570722120551e-01 1.26281152484383929e-01
8.67210472084682382e-01 8.74706013426721163e-01 1.10298603787009716e-01
8.67210472084682382e-01 8.76784905100933987e-01 9.43818446379469933e-02
8.67210472084682382e-01 8.79169524981423312e-01 7.84499998774099705e-02
8.67210472084682382e-01 8.81998084733387699e-01 6.24437085856795471e-02
8.67210472084682382e-01 8.85364878807933686e-01 4.64093469929380831e-02
8.67210472084682382e-01 8.89297188517939041e-01 3.05364794701384751e-02
8.67210472084682382e-01 8.93766853566208108e-01 1.51119238774945902e-02
8.67210472084682382e-01 8.98728596409735569e-01 4.05910858777313742e-04
8.67210472084682382e-01 9.04160945443503228e-01 -1.34474551428066039e-02
8.67210472084682382e-01 9.10084756316737020e-01 -2.65048026757242865e-02
8.67210472084682382e-01 9.16549438264731120e-01 -3.89701589850198690e-02
8.67210472084682382e-01 9.23597889616647794e-01 -5.10804219837877882e-02
8.67210472084682382e-01 9.31233939059406879e-01 -6.29887847677744889e-02
8.67210472084682382e-01 9.39412711686517410e-01 -7.47125967169032790e-02
8.67210472084682382e-01 9.48057922579848333e-01 -8.61676009343472493e-02
8.67210472084682382e-01 9.57092425912062783e-01 -9.72553167369217403e-02
8.67210472084682382e-01 9.66461355776860209e-01 -1.07941450508230938e-01
8.67210472084682382e-01 9.76134730453502408e-01 -1.18277545327964542e-01
8.67210472084682382e-01 9.86092008958429633e-01 -1.28362018041542680e-01
8.67210472084682382e-01 9.96303224717816072e-01 -1.38277592280237477e-01
8.67210472084682382e-01 1.00672179739522405e+00 -1.48052343962496946e-01
8.67210472084682382e-01 1.01729371508311273e+00 -1.57667624368366455e-01
8.67210472084682382e-01 1.02797500207981263e+00 -1.67098969602582303e-01
8.67210472084682382e-01 1.03874377621092218e+00 -1.76353940738529030e-01
8.67210472084682382e-01 1.04959828765577834e+00 -1.85478025782140316e-01
8.67210472084682382e-01 1.06054349438890916e+00 -1.94527586478026204e-01
8.67210472084682382e-01 1.07157717731626234e+00 -2.03534199288703505e-01
8.67210472084682382e-01 1.08268618532211081e+00 -2.12488654786691572e-01
8.67210472084682382e-01 1.09385502555606240e+00 -2.21354526805286944e-01
8.67210472084682382e-01 1.10507947932611650e+00 -2.30096993045714099e-01
8.67210472084682382e-01 1.11637444895647109e+00 -2.38702024496589005e-01
8.67210472084682382e-01 1.12777002152264716e+00 -2.47171401062887208e-01
8.67210472084682382e-01 1.13929863539255161e+00 -2.55500397263973111e-01
8.67210472084682382e-01 1.15098233844903319e+00 -2.63659388852960697e-01
8.67210472084682382e-01 1.16282814433874826e+00 -2.71596701099522386e-01
8.67210472084682382e-01 1.17483280306959714e+00 -2.79261784114792133e-01
8.67210472084682382e-01 1.18699146108181264e+00 -2.86630697164127479e-01
8.67210472084682382e-01 1.19930285860669827e+00 -2.93713838342712807e-01
8.67210472084682382e-01 1.21176774348452976e+00 -3.00540125588439344e-01
8.67210472084682382e-01 1.22438329816376834e+00 -3.07130454185641333e-01
8.67210472084682382e-01 1.23713950999928124e+00 -3.13481124495253005e-01
8.67210472084682382e-01 1.25002129561534270e+00 -3.19569079234798326e-01
8.67210472084682382e-01 1.26301495453117196e+00 -3.25372887005053069e-01
8.67210472084682382e-01 1.27611370818168246e+00 -3.30891170790685474e-01
8.67210472084682382e-01 1.28931779626214205e+00 -3.36143274967737216e-01
8.67210472084682382e-01 1.30262909510151359e+00 -3.41152350395956538e-01
8.67210472084682382e-01 1.31604465849140007e+00 -3.45925779315397530e-01
8.67210472084682382e-01 1.32955431369233135e+00 -3.50449884742820295e-01
8.67210472084682382e-01 1.34314399180238309e+00 -3.54703759651993467e-01
8.67210472084682382e-01 1.35680179507579490e+00 -3.58680991125871873e-01
8.67210472084682382e-01 1.37052176773436818e+00 -3.62401309256961957e-01
8.67210472084682382e-01 1.38430250854287418e+00 -3.65902237827352872e-01
8.67210472084682382e-01 1.39814219881680502e+00 -3.69216991834069641e-01
8.67210472084682382e-01 1.41203456797581306e+00 -3.72355921580150462e-01
8.67210472084682382e-01 1.42596936914977501e+00 -3.75305800813759971e-01
8.67210472084682382e-01 1.43993698151159144e+00 -3.78046772321545488e-01
8.67210472084682382e-01 1.45393317709886816e+00 -3.80572668187412644e-01
8.67210472084682382e-01 1.46795990096170681e+00 -3.82898125005090906e-01
8.67210472084682382e-01 1.48202124973640736e+00 -3.85047102112643536e-01
8.67210472084682382e-01 1.49611787235453231e+00 -3.87032787551171042e-01
8.67210472084682382e-01 1.51024436144193208e+00 -3.88845853242872519e-01
8.67210472084682382e-01 1.52439172889272800e+00 -3.90460998474971621e-01
8.67210472084682382e-01 1.53855283956282785e+00 -3.91856571152811417e-01
8.67210472084682382e-01 1.55272624378849056e+00 -3.93031215619326080e-01
8.67210472084682382e-01 1.56691522987674903e+00 -3.94003761058051183e-01
8.67210472084682382e-01 1.58112293746872568e+00 -3.94795965192547671e-01
8.67210472084682382e-01 1.59534763917400002e+00 -3.95411260043671220e-01
8.67210472084682382e-01 1.60958204981715092e+00 -3.95825364293060311e-01
8.67210472084682382e-01 1.62381696420364974e+00 -3.95994583629363239e-01
8.67210472084682382e-01 1.63804567753440988e+00 -3.95873329229320003e-01
8.67210472084682382e-01 1.65226481518391344e+00 -3.95425663854855447e-01
8.67210472084682382e-01 1.66647017046575052e+00 -3.94621853667902811e-01
8.67210472084682382e-01 1.68065045165737192e+00 -3.93424448863564646e-01
8.67210472084682382e-01 1.69478378321897738e+00 -3.91777708432851313e-01
8.67210472084682382e-01 1.70883960678323787e+00 -3.89611299188661553e-01
8.67210472084682382e-01 1.72278401219643507e+00 -3.86856634264491239e-01
8.67210472084682382e-01 1.73658340574611714e+00 -3.83462839253269405e-01
8.67210472084682382e-01 1.75020263270247001e+00 -3.79399190817748033e-01
8.67210472084682382e-01 1.76359849499418964e+00 -3.74642515216288330e-01
8.67210472084682382e-01 1.77671416527564130e+00 -3.69161738705345854e-01
8.67210472084682382e-01 1.78948035534001293e+00 -3.62915538815016592e-01
8.67210472084682382e-01 1.80182456001564661e+00 -3.55868820784166651e-01
8.67210472084682382e-01 1.81368359958794723e+00 -3.48017373771386807e-01
8.67210472084682382e-01 1.82501184323523313e+00 -3.39401213561856985e-01
8.67210472084682382e-01 1.83578032971199501e+00 -3.30093979943052673e-01
8.67210472084682382e-01 1.84596844380528680e+00 -3.20173762744423052e-01
8.67210472084682382e-01 1.85555483501719864e+00 -3.09695651507923886e-01
8.67210472084682382e-01 1.86451391682745071e+00 -2.98685623824190172e-01
8.67210472084682382e-01 1.87281894702299545e+00 -2.87158860580583597e-01
8.67210472084682382e-01 1.88044689419938749e+00 -2.75146095256046608e-01
8.67210472084682382e-01 1.88737904751023011e+00 -2.62705150579577940e-01
8.67210472084682382e-01 1.89359586594903129e+00 -2.49907293820910648e-01
8.67210472084682382e-01 1.89907109038000699e+00 -2.36809797393167432e-01
8.67210472084682382e-01 1.90377275600999218e+00 -2.23439110223057208e-01
8.67210472084682382e-01 1.90767439978120423e+00 -2.09801577145719842e-01
8.67210472084682382e-01 1.91077120888157426e+00 -1.95915527202104589e-01
8.67210472084682382e-01 1.91308994190815485e+00 -1.81838369109033976e-01
8.67210472084682382e-01 1.91468375670072199e+00 -1.67662853703411996e-01
8.67210472084682382e-01 1.91561306756819616e+00 -1.53479813647772106e-01
8.67210472084682382e-01 1.91592426410725913e+00 -1.39333438347182009e-01
8.67210472084682382e-01 1.91564106729440953e+00 -1.25205819501635757e-01
8.67210472084682382e-01 1.91477512971423658e+00 -1.11048723406131922e-01
8.67210472084682382e-01 1.91334823239138241e+00 -9.68438577853110855e-02
8.67210472084682382e-01 1.91140842555055879e+00 -8.26458632818656697e-02
8.67210472084682382e-01 1.90902485768735275e+00 -6.85680167553054248e-02
8.67210472084682382e-01 1.90626035769523705e+00 -5.47090948631896862e-02
8.67210472084682382e-01 1.90313759317102416e+00 -4.10654131831569569e-02
8.67210472084682382e-01 1.89962172896740844e+00 -2.74909279124056945e-02
8.67210472084682382e-01 1.89563400445974528e+00 -1.37434158851006856e-02
8.83572933822129203e-01 1.89231909765027284e+00 4.11631415014087742e-04
8.83572933822129203e-01 1.88725642559198459e+00 1.49244880545350324e-02
8.83572933822129203e-01 1.88159326978893193e+00 2.97976049223678263e-02
8.83572933822129203e-01 1.87540552060369281e+00 4.47818126230966895e-02
8.83572933822129203e-01 1.86878928763077878e+00 5.96103081122138848e-02
8.83572933822129203e-01 1.86181708379461353e+00 7.41167806694397746e-02
8.83572933822129203e-01 1.85451475246879793e+00 8.82835351923519362e-02
8.83572933822129203e-01 1.84686959683556329e+00 1.02200620131194977e-01
8.83572933822129203e-01 1.83885938078564304e+00 1.15973476571665013e-01
8.83572933822129203e-01 1.83048002947851152e+00 1.29643916185934654e-01
8.83572933822129203e-01 1.82175404856114875e+00 1.43171598380924636e-01
8.83572933822129203e-01 1.81271740263485603e+00 1.56476557171973979e-01
8.83572933822129203e-01 1.80339776982869138e+00 1.69502213305482180e-01
8.83572933822129203e-01 1.79380119448972120e+00 1.82250315249758793e-01
8.83572933822129203e-01 1.78391558117003890e+00 1.94766259338376685e-01
8.83572933822129203e-01 1.77372588969003186e+00 2.07092201267706527e-01
8.83572933822129203e-01 1.76322785942926852e+00 2.19226988198052086e-01
8.83572933822129203e-01 1.75243001297146894e+00 2.31122391172694092e-01
8.83572933822129203e-01 1.74134422472224482e+00 2.42714757599362951e-01
8.83572933822129203e-01 1.72997443925269034e+00 2.53964767618423903e-01
8.83572933822129203e-01 1.71831399268138707e+00 2.64874903969044340e-01
8.83572933822129203e-01 1.70635430514347797e+00 2.75474547166976447e-01
8.83572933822129203e-01 1.69409806290319809e+00 2.85788524672773159e-01
8.83572933822129203e-01 1.68156617766152827e+00 2.95815968408143670e-01
8.83572933822129203e-01 1.66879263254172439e+00 3.05535219050959928e-01
8.83572933822129203e-01 1.65581070744560099e+00 3.14927870957149358e-01
8.83572933822129203e-01 1.64264051875697636e+00 3.23999765182881594e-01
8.83572933822129203e-01 1.62928641227647075e+00 3.32780549499592238e-01
8.83572933822129203e-01 1.61574493434474742e+00 3.41302092007822688e-01
8.83572933822129203e-01 1.60201622596119497e+00 3.49573655153650298e-01
8.83572933822129203e-01 1.58810983639459691e+00 3.57574083025297529e-01
8.83572933822129203e-01 1.57404121802826324e+00 3.65267089240004894e-01
8.83572933822129203e-01 1.55982298706694134e+00 3.72627182780405464e-01
8.83572933822129203e-01 1.54545906424115187e+00 3.79655967795447358e-01
8.83572933822129203e-01 1.53094700356683955e+00 3.86377311215013508e-01
8.83572933822129203e-01 1.51628672745379256e+00 3.92817368399542899e-01
8.83572933822129203e-01 1.50148841651161402e+00 3.98987116003322595e-01
8.83572933822129203e-01 1.48657287067452692e+00 4.04881632013583181e-01
8.83572933822129203e-01 1.47156369736044446e+00 4.10495340191039892e-01
8.83572933822129203e-01 1.45647722466636598e+00 4.15838697645051603e-01
8.83572933822129203e-01 1.44131780711225366e+00 4.20940805923086581e-01
8.83572933822129203e-01 1.42608184365467849e+00 4.25834748124651552e-01
8.83572933822129203e-01 1.41076694509782463e+00 4.30537527619793303e-01
8.83572933822129203e-01 1.39537880930535452e+00 4.35041535444732397e-01
8.83572933822129203e-01 1.37993050738096334e+00 4.39325190432192314e-01
8.83572933822129203e-01 1.36443518527300633e+00 4.43374482647339307e-01
8.83572933822129203e-01 1.34889848383373279e+00 4.47197892901867344e-01
8.83572933822129203e-01 1.33331703003282431e+00 4.50822367606323271e-01
8.83572933822129203e-01 1.31768421896851029e+00 4.54273507047251501e-01
8.83572933822129203e-01 1.30199844787814079e+00 4.57556102844990542e-01
8.83572933822129203e-01 1.28626693481136645e+00 4.60650843778977581e-01
8.83572933822129203e-01 1.27050189432806926e+00 4.63529579494368182e-01
8.83572933822129203e-01 1.25471216891767878e+00 4.66176102886658783e-01
8.83572933822129203e-01 1.23889725877965673e+00 4.68594897083612960e-01
8.83572933822129203e-01 1.22304888438566217e+00 4.70800640608701693e-01
8.83572933822129203e-01 1.20715915411892905e+00 4.72797979105666899e-01
8.83572933822129203e-01 1.19122895433225739e+00 4.74570045288338127e-01
8.83572933822129203e-01 1.17526976675176531e+00 4.76087412314811498e-01
8.83572933822129203e-01 1.15929719347775695e+00 4.77331618480323183e-01
8.83572933822129203e-01 1.14332108739440019e+00 4.78313489238320566e-01
8.83572933822129203e-01 1.12734009609716157e+00 4.79068337583571591e-01
8.83572933822129203e-01 1.11134521917671947e+00 4.79627383134676399e-01
8.83572933822129203e-01 1.09533002341243457e+00 4.79984166746022234e-01
8.83572933822129203e-01 1.07929983917587213e+00 4.80080451744073822e-01
8.83572933822129203e-01 1.06327284860993987e+00 4.79822388430165003e-01
8.83572933822129203e-01 1.04727234523840140e+00 4.79114272209160141e-01
8.83572933822129203e-01 1.03131708394958044e+00 4.77882200232267296e-01
8.83572933822129203e-01 1.01541991829590916e+00 4.76065926445843002e-01
8.83572933822129203e-01 9.99601121737901610e-01 4.73581078670913924e-01
8.83572933822129203e-01 9.83913973442887890e-01 4.70278485102571087e-01
8.83572933822129203e-01 9.68471696603862342e-01 4.65934153924540573e-01
8.83572933822129203e-01 9.53461704812318178e-01 4.60286538439694359e-01
8.83572933822129203e-01 9.39137042524456289e-01 4.53108342889168514e-01
8.83572933822129203e-01 9.25783698015195111e-01 4.44278406293080297e-01
8.83572933822129203e-01 9.13671839940757402e-01 4.33819414181912277e-01
8.83572933822129203e-01 9.03005160907994098e-01 4.21887777358407323e-01
8.83572933822129203e-01 8.93883555340925451e-01 4.08727715454947793e-01
8.83572933822129203e-01 8.86290423489214052e-01 3.94615447455399615e-01
8.83572933822129203e-01 8.80108300751899386e-01 3.79815101778002429e-01
8.83572933822129203e-01 8.75157345003438114e-01 3.64553001395311604e-01
8.83572933822129203e-01 8.71243307202503092e-01 3.49004960667558539e-01
8.83572933822129203e-01 8.68198198560889645e-01 3.33290259206071471e-01
8.83572933822129203e-01 8.65900234948385639e-01 3.17472797306155907e-01
8.83572933822129203e-01 8.64269234852179324e-01 3.01574375779499193e-01
8.83572933822129203e-01 8.63245266294159541e-01 2.85600180642634760e-01
8.83572933822129203e-01 8.62765744716281091e-01 2.69565742510819661e-01
8.83572933822129203e-01 8.62754818228701814e-01 2.53508797244361539e-01
8.83572933822129203e-01 8.63129302674052190e-01 2.37476901072485064e-01
8.83572933822129203e-01 8.63813723167385583e-01 2.21499293406900194e-01
8.83572933822129203e-01 8.64751148935687830e-01 2.05565795972811771e-01
8.83572933822129203e-01 8.65900782161547422e-01 1.89633129737363432e-01
8.83572933822129203e-01 8.67224810520649703e-01 1.73658851991541907e-01
8.83572933822129203e-01 8.68677295293915575e-01 1.57639354660932623e-01
8.83572933822129203e-01 8.70208537221710765e-01 1.41620619067674036e-01
8.83572933822129203e-01 8.71787754558619010e-01 1.25667879119768039e-01
8.83572933822129203e-01 8.73431911639385938e-01 1.09812602567063197e-01
8.83572933822129203e-01 8.75220242350416844e-01 9.40181176343671682e-02
8.83572933822129203e-01 8.77279736413170808e-01 7.81986762828494053e-02
8.83572933822129203e-01 8.79744264519209396e-01 6.22912720692144067e-02
8.83572933822129203e-01 8.82707943331235367e-01 4.63383549589360746e-02
8.83572933822129203e-01 8.86199185752204799e-01 3.05232217250075606e-02
8.83572933822129203e-01 8.90190602873693893e-01 1.51236022856017106e-02
8.83572933822129203e-01 8.94638111926354340e-01 4.00022514775596593e-04
8.83572933822129203e-01 8.99524435594147520e-01 -1.35197625409427050e-02
8.83572933822129203e-01 9.04879811496077324e-01 -2.66920611578593779e-02
8.83572933822129203e-01 9.10767842100375202e-01 -3.93135352969208804e-02
8.83572933822129203e-01 9.17246918446798176e-01 -5.16097396807498401e-02
8.83572933822129203e-01 9.24332608460251337e-01 -6.37233489653645790e-02
8.83572933822129203e-01 9.31984278928214782e-01 -7.56657240700406852e-02
8.83572933822129203e-01 9.40122256332250328e-01 -8.73516479932367473e-02
8.83572933822129203e-01 9.48662099714995155e-01 -9.86839589186473409e-02
8.83572933822129203e-01 9.57543291119224205e-01 -1.09627942573723172e-01
8.83572933822129203e-01 9.66736121550833438e-01 -1.20230338197281988e-01
8.83572933822129203e-01 9.76226956565246384e-01 -1.30580713854688918e-01
8.83572933822129203e-01 9.85996305732110279e-01 -1.40751866841800688e-01
8.83572933822129203e-01 9.96006697189634749e-01 -1.50764539031483957e-01
8.83572933822129203e-01 1.00620781878508336e+00 -1.60597536884973330e-01
8.83572933822129203e-01 1.01655286041603765e+00 -1.70228267074067074e-01
8.83572933822129203e-01 1.02701262031298901e+00 -1.79668109975892498e-01
8.83572933822129203e-01 1.03757737579259968e+00 -1.88965295256046578e-01
8.83572933822129203e-01 1.04824703486583259e+00 -1.98175794640714165e-01
8.83572933822129203e-01 1.05901905655982165e+00 -2.07327263163472941e-01
8.83572933822129203e-01 1.06988438098318217e+00 -2.16403959253884698e-01
8.83572933822129203e-01 1.08083426994400278e+00 -2.25361673076849706e-01
8.83572933822129203e-01 1.09187181897623864e+00 -2.34157577195020394e-01
8.83572933822129203e-01 1.10301817360728127e+00 -2.42769863556244248e-01
8.83572933822129203e-01 1.11430772085585850e+00 -2.51192851459323241e-01
8.83572933822129203e-01 1.12577499371594136e+00 -2.59414805248148028e-01
8.83572933822129203e-01 1.13744198738296420e+00 -2.67399968605182614e-01
8.83572933822129203e-01 1.14931368541205625e+00 -2.75092137280231741e-01
8.83572933822129203e-01 1.16138303872384641e+00 -2.82438666844840591e-01
8.83572933822129203e-01 1.17363987468545994e+00 -2.89416643262019990e-01
8.83572933822129203e-01 1.18607640089850674e+00 -2.96040923346430118e-01
8.83572933822129203e-01 1.19868600046651830e+00 -3.02348100067522163e-01
8.83572933822129203e-01 1.21145813498607158e+00 -3.08369200140435007e-01
8.83572933822129203e-01 1.22437527949552982e+00 -3.14111973963308422e-01
8.83572933822129203e-01 1.23741562493656798e+00 -3.19564947656004017e-01
8.83572933822129203e-01 1.25055997783432860e+00 -3.24717527452288879e-01
8.83572933822129203e-01 1.26379747494638650e+00 -3.29578023208631055e-01
8.83572933822129203e-01 1.27712556399209398e+00 -3.34174243128301962e-01
8.83572933822129203e-01 1.29054435515337196e+00 -3.38536481963858715e-01
8.83572933822129203e-01 1.30404995827211789e+00 -3.42677538829818551e-01
8.83572933822129203e-01 1.31763206079691209e+00 -3.46586774828768485e-01
8.83572933822129203e-01 1.33127734514750462e+00 -3.50243491767600723e-01
8.83572933822129203e-01 1.34497551998158249e+00 -3.53638936363193435e-01
8.83572933822129203e-01 1.35872275363899608e+00 -3.56789134308422073e-01
8.83572933822129203e-01 1.37251970282493052e+00 -3.59728209142526512e-01
8.83572933822129203e-01 1.38636600104955998e+00 -3.62487595451678857e-01
8.83572933822129203e-01 1.40025605064035030e+00 -3.65077725040288570e-01
8.83572933822129203e-01 1.41417978210028483e+00 -3.67486385556906436e-01
8.83572933822129203e-01 1.42812776012684250e+00 -3.69694192166617919e-01
8.83572933822129203e-01 1.44209627468332924e+00 -3.71693831096526539e-01
8.83572933822129203e-01 1.45608801937338939e+00 -3.73497108149886514e-01
8.83572933822129203e-01 1.47010765597442128e+00 -3.75124292211170884e-01
8.83572933822129203e-01 1.48415587695792484e+00 -3.76585036469298806e-01
8.83572933822129203e-01 1.49822686804712490e+00 -3.77867141613785096e-01
8.83572933822129203e-01 1.51231123697148551e+00 -3.78942981605743245e-01
8.83572933822129203e-01 1.52640188212655459e+00 -3.79788941226821719e-01
8.83572933822129203e-01 1.54049779303932866e+00 -3.80402578584194628e-01
8.83572933822129203e-01 1.55460252056146264e+00 -3.80804006865376188e-01
8.83572933822129203e-01 1.56871859086889431e+00 -3.81020553073788237e-01
8.83572933822129203e-01 1.58284264001916175e+00 -3.81066742729354702e-01
8.83572933822129203e-01 1.59696550391908554e+00 -3.80934597497587568e-01
8.83572933822129203e-01 1.61107728133937567e+00 -3.80600071446144494e-01
8.83572933822129203e-01 1.62517300735781034e+00 -3.80038087305086203e-01
8.83572933822129203e-01 1.63925378482452411e+00 -3.79232204912810567e-01
8.83572933822129203e-01 1.65332183381694553e+00 -3.78170556641394873e-01
8.83572933822129203e-01 1.66737301693047413e+00 -3.76832226899855127e-01
8.83572933822129203e-01 1.68139268126099495e+00 -3.75176860522310363e-01
8.83572933822129203e-01 1.69535804158813153e+00 -3.73147546094956317e-01
8.83572933822129203e-01 1.70924480876572016e+00 -3.70685302815387141e-01
8.83572933822129203e-01 1.72303191074431128e+00 -3.67742993103793658e-01
8.83572933822129203e-01 1.73669935912113194e+00 -3.64286537687106615e-01
8.83572933822129203e-01 1.75021988316787236e+00 -3.60282322258954513e-01
8.83572933822129203e-01 1.76355046998468801e+00 -3.55682460399026068e-01
8.83572933822129203e-01 1.77663079268239699e+00 -3.50422915713454686e-01
8.83572933822129203e-01 1.78939070165694858e+00 -3.44439783625874407e-01
8.83572933822129203e-01 1.80176215468694889e+00 -3.37693782074865445e-01
8.83572933822129203e-01 1.81368763723215953e+00 -3.30184947541153906e-01
8.83572933822129203e-01 1.82512009176234069e+00 -3.21946056186320495e-01
8.83572933822129203e-01 1.83601634235767897e+00 -3.13019795046269533e-01
8.83572933822129203e-01 1.84633125558131983e+00 -3.03437849623974520e-01
8.83572933822129203e-01 1.85601891888950932e+00 -2.93218581358914709e-01
8.83572933822129203e-01 1.86504051356313494e+00 -2.82384328837829213e-01
8.83572933822129203e-01 1.87337177015446854e+00 -2.70982120316430375e-01
8.83572933822129203e-01 1.88100195377625035e+00 -2.59087435514861297e-01
8.83572933822129203e-01 1.88792273392008458e+00 -2.46784116119802444e-01
8.83572933822129203e-01 1.89411433563301390e+00 -2.34134357529167614e-01
8.83572933822129203e-01 1.89954052479315361e+00 -2.21163510039097927e-01
8.83572933822129203e-01 1.90415897799896960e+00 -2.07874808132605476e-01
8.83572933822129203e-01 1.90794231481597110e+00 -1.94285211155911242e-01
8.83572933822129203e-01 1.91089594005160679e+00 -1.80454169384507923e-01
8.83572933822129203e-01 1.91305948571839024e+00 -1.66479348770643937e-01
8.83572933822129203e-01 1.91448964610480932e+00 -1.52457862542878714e-01
8.83572933822129203e-01 1.91523595933490043e+00 -1.38440507762966430e-01
8.83572933822129203e-01 1.91532708808601093e+00 -1.24416303132156694e-01
8.83572933822129203e-01 1.91477799929891024e+00 -1.10344717631271835e-01
8.83572933822129203e-01 1.91361253572303003e+00 -9.62158279889901158e-02
8.83572933822129203e-01 1.91188279105630654e+00 -8.20921220697732879e-02
8.83572933822129203e-01 1.90966684315909951e+00 -6.80924482069260872e-02
8.83572933822129203e-01 1.90704092714176232e+00 -5.43177512356486716e-02
8.83572933822129203e-01 1.90404140413369505e+00 -4.07635625815546271e-02
8.83572933822129203e-01 1.90064196073989367e+00 -2.72820624592367660e-02
8.83572933822129203e-01 1.89676420029886272e+00 -1.36305957380128198e-02
8.99935395559576135e-01 1.89383943917926967e+00 3.94686671687893560e-04
8.99935395559576135e-01 1.88886412291699446e+00 1.48154745203612232e-02
8.99935395559576135e-01 1.88328309925050164e+00 2.95659771036091840e-02
8.99935395559576135e-01 1.87716873773636417e+00 4.44050107396012778e-02
8.99935395559576135e-01 1.87061449796905865e+00 5.90781769015542857e-02
8.99935395559576135e-01 1.86369318185672994e+00 7.34292592236574088e-02
8.99935395559576135e-01 1.85643314431979123e+00 8.74436967175718227e-02
8.99935395559576135e-01 1.84882411340804098e+00 1.01207783838972665e-01
8.99935395559576135e-01 1.84084448817487845e+00 1.14820546041012508e-01
8.99935395559576135e-01 1.83248935139071345e+00 1.28319900429383682e-01
8.99935395559576135e-01 1.82378082006418629e+00 1.41666790922130081e-01
8.99935395559576135e-01 1.81475675577701634e+00 1.54786473075988279e-01
8.99935395559576135e-01 1.80544919955247751e+00 1.67627861735030859e-01
8.99935395559576135e-01 1.79586941884390794e+00 1.80195392883270245e-01
8.99935395559576135e-01 1.78600932272929969e+00 1.92534074078810319e-01
8.99935395559576135e-01 1.77585571263391095e+00 2.04685006482124426e-01
8.99935395559576135e-01 1.76540475175957057e+00 2.16648195719052888e-01
8.99935395559576135e-01 1.75466547662801187e+00 2.28379636600499730e-01
8.99935395559576135e-01 1.74365105451988600e+00 2.39820929435257152e-01
8.99935395559576135e-01 1.73236652201511543e+00 2.50935492973899610e-01
8.99935395559576135e-01 1.72080413537792487e+00 2.61723532057026198e-01
8.99935395559576135e-01 1.70895083218118082e+00 2.72207502553543756e-01
8.99935395559576135e-01 1.69680231852123109e+00 2.82403738156657313e-01
8.99935395559576135e-01 1.68437292649793191e+00 2.92305147856472491e-01
8.99935395559576135e-01 1.67169363161276419e+00 3.01888439305836309e-01
8.99935395559576135e-01 1.65879962640979906e+00 3.11137886693422405e-01
8.99935395559576135e-01 1.64571645235476405e+00 3.20064128474508436e-01
8.99935395559576135e-01 1.63245416266921661e+00 3.28701315948393358e-01
8.99935395559576135e-01 1.61901236873861687e+00 3.37084299483958183e-01
8.99935395559576135e-01 1.60539079891805692e+00 3.45223966741019461e-01
8.99935395559576135e-01 1.59159656722348353e+00 3.53100130892313291e-01
8.99935395559576135e-01 1.57764300508808186e+00 3.60677041108677543e-01
8.99935395559576135e-01 1.56354228227064351e+00 3.67928750919156500e-01
8.99935395559576135e-01 1.54929904377148464e+00 3.74854658290749598e-01
8.99935395559576135e-01 1.53491104863134842e+00 3.81474581927393086e-01
8.99935395559576135e-01 1.52037662530059681e+00 3.87809741729474133e-01
8.99935395559576135e-01 1.50570287859097429e+00 3.93866848206284093e-01
8.99935395559576135e-01 1.49090779684385355e+00 3.99638629845987081e-01
8.99935395559576135e-01 1.47601425818349319e+00 4.05119339753085173e-01
8.99935395559576135e-01 1.46104039740548819e+00 4.10320745983071056e-01
8.99935395559576135e-01 1.44599363358674404e+00 4.15273707022679073e-01
8.99935395559576135e-01 1.43087265741915970e+00 4.20012820886991711e-01
8.99935395559576135e-01 1.41567534831464270e+00 4.24556282559687859e-01
8.99935395559576135e-01 1.40040605361994430e+00 4.28897627240667045e-01
8.99935395559576135e-01 1.38507648459331301e+00 4.33016566111035561e-01
8.99935395559576135e-01 1.36969986170540792e+00 4.36900416500733746e-01
8.99935395559576135e-01 1.35428343891619907e+00 4.40558717822297441e-01
8.99935395559576135e-01 1.33882572139668787e+00 4.44018999249475743e-01
8.99935395559576135e-01 1.32332069888782833e+00 4.47307035535418562e-01
8.99935395559576135e-01 1.30776558186208813e+00 4.50427682794056927e-01
8.99935395559576135e-01 1.29216562929307743e+00 4.53361951157564336e-01
8.99935395559576135e-01 1.27653204153296862e+00 4.56082575360903741e-01
8.99935395559576135e-01 1.26087459975904004e+00 4.58574964758333481e-01
8.99935395559576135e-01 1.24519511085470214e+00 4.60845842260267258e-01
8.99935395559576135e-01 1.22948718455908979e+00 4.62912151151549101e-01
8.99935395559576135e-01 1.21374281046689747e+00 4.64779666016133353e-01
8.99935395559576135e-01 1.19796065769775395e+00 4.66430190680908852e-01
8.99935395559576135e-01 1.18214945970450080e+00 4.67829963803943871e-01
8.99935395559576135e-01 1.16632359582584022e+00 4.68954386724665606e-01
8.99935395559576135e-01 1.15049414479673273e+00 4.69809452813901407e-01
8.99935395559576135e-01 1.13466241322287997e+00 4.70430711813073887e-01
8.99935395559576135e-01 1.11882123770733899e+00 4.70856844323362833e-01
8.99935395559576135e-01 1.10296344488851816e+00 4.71094738025617521e-01
8.99935395559576135e-01 1.08709125876262958e+00 4.71100640747183497e-01
8.99935395559576135e-01 1.07121955073037856e+00 4.70790751352145653e-01
8.99935395559576135e-01 1.05537053615596021e+00 4.70072396984879515e-01
8.99935395559576135e-01 1.03956455590088592e+00 4.68870601635296202e-01
8.99935395559576135e-01 1.02381587662298235e+00 4.67127337481832883e-01
8.99935395559576135e-01 1.00814075762590849e+00 4.64771009755837516e-01
8.99935395559576135e-01 9.92578131508601968e-01 4.61677207467939721e-01
8.99935395559576135e-01 9.77215229898614202e-01 4.57651224133743706e-01
8.99935395559576135e-01 9.62205980353390222e-01 4.52451209021738188e-01
8.99935395559576135e-01 9.47771363209160667e-01 4.45846135876699468e-01
8.99935395559576135e-01 9.34177263800325286e-01 4.37682028866600514e-01
8.99935395559576135e-01 9.21693643853961464e-01 4.27926323728533842e-01
8.99935395559576135e-01 9.10545800853590603e-01 4.16674316033815939e-01
8.99935395559576135e-01 9.00871867370120594e-01 4.04121961693036935e-01
8.99935395559576135e-01 8.92699598457329491e-01 3.90522173699093478e-01
8.99935395559576135e-01 8.85950019405575606e-01 3.76141416093410008e-01
8.99935395559576135e-01 8.80466860633359993e-01 3.61224776461851860e-01
8.99935395559576135e-01 8.76061505968631637e-01 3.45970499655180119e-01
8.99935395559576135e-01 8.72557200501808516e-01 3.30514593385500988e-01
8.99935395559576135e-01 8.69816901479658733e-01 3.14929504011234318e-01
8.99935395559576135e-01 8.67747100317059039e-01 2.99240502392999097e-01
8.99935395559576135e-01 8.66281778595926699e-01 2.83455639713115604e-01
8.99935395559576135e-01 8.65360028761247180e-01 2.67594819682554719e-01
8.99935395559576135e-01 8.64912150766913856e-01 2.51700601567321713e-01
8.99935395559576135e-01 8.64861312305088004e-01 2.35823572015721988e-01
8.99935395559576135e-01 8.65136161301138573e-01 2.19993386931686630e-01
8.99935395559576135e-01 8.65682141883977185e-01 2.04199197233778135e-01
8.99935395559576135e-01 8.66461206656884642e-01 1.88398454905722990e-01
8.99935395559576135e-01 8.67439879725918184e-01 1.72551986684944814e-01
8.99935395559576135e-01 8.68576575138169771e-01 1.56660626922558305e-01
8.99935395559576135e-01 8.69821971924663928e-01 1.40773142145404540e-01
8.99935395559576135e-01 8.71137829447377388e-01 1.24953943035080256e-01
8.99935395559576135e-01 8.72525135131412166e-01 1.09230629968699186e-01
8.99935395559576135e-01 8.74042466493468617e-01 9.35621844219619303e-02
8.99935395559576135e-01 8.75798277688568105e-01 7.78602900282321514e-02
8.99935395559576135e-01 8.77916122298323942e-01 6.20609165679849306e-02
8.99935395559576135e-01 8.80489963792639108e-01 4.62041748734395227e-02
8.99935395559576135e-01 8.83555083158456545e-01 3.04664699401715373e-02
8.99935395559576135e-01 8.87091993916254928e-01 1.51134732625543486e-02
8.99935395559576135e-01 8.91060661935311527e-01 3.91856423416916760e-04
8.99935395559576135e-01 8.95443216873386127e-01 -1.35804830315704363e-02
8.99935395559576135e-01 9.00268052456946966e-01 -2.68610905106652399e-02
8.99935395559576135e-01 9.05600452383025112e-01 -3.96389099478877543e-02
8.99935395559576135e-01 9.11506539368342916e-01 -5.21271503500054384e-02
8.99935395559576135e-01 9.18014020874858727e-01 -6.44577817263331521e-02
8.99935395559576135e-01 9.25094088877390863e-01 -7.66373610978822728e-02
8.99935395559576135e-01 9.32674011092574640e-01 -8.85815662254242214e-02
8.99935395559576135e-01 9.40670020295425013e-01 -1.00195823323405445e-01
8.99935395559576135e-01 9.49018522275824061e-01 -1.11445031651460510e-01
8.99935395559576135e-01 9.57687397826043396e-01 -1.22370524811366621e-01
8.99935395559576135e-01 9.66664405699238838e-01 -1.33053160342467974e-01
8.99935395559576135e-01 9.75935067814849067e-01 -1.43557568522832912e-01
8.99935395559576135e-01 9.85467521215612874e-01 -1.53899863458043740e-01
8.99935395559576135e-01 9.95214325132882993e-01 -1.64057809224363277e-01
8.99935395559576135e-01 1.00512780062604712e+00 -1.74008650774471335e-01
8.99935395559576135e-01 1.01517630224062660e+00 -1.83761139147588515e-01
8.99935395559576135e-01 1.02534991389089059e+00 -1.93356706894823399e-01
8.99935395559576135e-01 1.03565339030622483e+00 -2.02841135078598550e-01
8.99935395559576135e-01 1.04609388507594159e+00 -2.12230751221410052e-01
8.99935395559576135e-01 1.05667379953847451e+00 -2.21499338264901507e-01
8.99935395559576135e-01 1.06739357197722740e+00 -2.30593757650695869e-01
8.99935395559576135e-01 1.07826046844498658e+00 -2.39463574920471600e-01
8.99935395559576135e-01 1.08929454831637718e+00 -2.48080728983745114e-01
8.99935395559576135e-01 1.10052550865295817e+00 -2.56435656912635312e-01
8.99935395559576135e-01 1.11198158233800259e+00 -2.64516617111062058e-01
8.99935395559576135e-01 1.12367791908030634e+00 -2.72292383584991360e-01
8.99935395559576135e-01 1.13561211252784489e+00 -2.79714665289557463e-01
8.99935395559576135e-01 1.14776894458625511e+00 -2.86739516042230191e-01
8.99935395559576135e-01 1.16012970714125307e+00 -2.93351034775303443e-01
8.99935395559576135e-01 1.17267887829247575e+00 -2.99568657366725832e-01
8.99935395559576135e-01 1.18540411757847530e+00 -3.05432435979650585e-01
8.99935395559576135e-01 1.19829149379500222e+00 -3.10977896544856469e-01
8.99935395559576135e-01 1.21132160180666926e+00 -3.16219512769314537e-01
8.99935395559576135e-01 1.22447091892923132e+00 -3.21153999095289300e-01
8.99935395559576135e-01 1.23771783002713920e+00 -3.25778374070611498e-01
8.99935395559576135e-01 1.25104851744511958e+00 -3.30106385782253264e-01
8.99935395559576135e-01 1.26445788851646390e+00 -3.34169276609103227e-01
8.99935395559576135e-01 1.27794478925348254e+00 -3.38000475023011782e-01
8.99935395559576135e-01 1.29150541902012805e+00 -3.41617190504666046e-01
8.99935395559576135e-01 1.30513021803666085e+00 -3.45014212954564747e-01
8.99935395559576135e-01 1.31880648853128890e+00 -3.48174964491404171e-01
8.99935395559576135e-01 1.33252421488159389e+00 -3.51090740908527377e-01
8.99935395559576135e-01 1.34627997555930046e+00 -3.53772685584861302e-01
8.99935395559576135e-01 1.36007557772469823e+00 -3.56247318893071874e-01
8.99935395559576135e-01 1.37391256893081204e+00 -3.58539920394315703e-01
8.99935395559576135e-01 1.38778727367818933e+00 -3.60659569908278910e-01
8.99935395559576135e-01 1.40169055567457246e+00 -3.62597606780003301e-01
8.99935395559576135e-01 1.41561252231216894e+00 -3.64339735961432765e-01
8.99935395559576135e-01 1.42954821745775207e+00 -3.65880771652671022e-01
8.99935395559576135e-01 1.44349948512821769e+00 -3.67229324210346264e-01
8.99935395559576135e-01 1.45747135624689683e+00 -3.68398731924256650e-01
8.99935395559576135e-01 1.47146587366399340e+00 -3.69392450366710423e-01
8.99935395559576135e-01 1.48547842025827181e+00 -3.70196881201657224e-01
8.99935395559576135e-01 1.49949954701581678e+00 -3.70788306479851226e-01
8.99935395559576135e-01 1.51352072049077258e+00 -3.71148591204316702e-01
8.99935395559576135e-01 1.52753913463896485e+00 -3.71276782501671787e-01
8.99935395559576135e-01 1.54155751093393234e+00 -3.71187051171792848e-01
8.99935395559576135e-01 1.55557902650395130e+00 -3.70894840340505350e-01
8.99935395559576135e-01 1.56960166070037466e+00 -3.70403003785056084e-01
8.99935395559576135e-01 1.58361684017258542e+00 -3.69699713497984694e-01
8.99935395559576135e-01 1.59761372429158999e+00 -3.68769855796160451e-01
8.99935395559576135e-01 1.61158569032307697e+00 -3.67609883085707079e-01
8.99935395559576135e-01 1.62553353778340637e+00 -3.66232595132476968e-01
8.99935395559576135e-01 1.63946241570757834e+00 -3.64656276004499291e-01
8.99935395559576135e-01 1.65337452993614131e+00 -3.62885618286911182e-01
8.99935395559576135e-01 1.66726316797388985e+00 -3.60899119235851940e-01
8.99935395559576135e-01 1.68111255923105984e+00 -3.58652883775342657e-01
8.99935395559576135e-01 1.69490331722942655e+00 -3.56097664639817846e-01
8.99935395559576135e-01 1.70861856756932684e+00 -3.53195234443937411e-01
8.99935395559576135e-01 1.72224520159555361e+00 -3.49920813030556332e-01
8.99935395559576135e-01 1.73576862885585537e+00 -3.46249969867926166e-01
8.99935395559576135e-01 1.74916473921771898e+00 -3.42141629378487966e-01
8.99935395559576135e-01 1.76239511564349982e+00 -3.37532495188839377e-01
8.99935395559576135e-01 1.77540890125574924e+00 -3.32349089127580544e-01
8.99935395559576135e-01 1.78814931583370251e+00 -3.26529090850665615e-01
8.99935395559576135e-01 1.80055923204898405e+00 -3.20035925025861923e-01
8.99935395559576135e-01 1.81258159957815557e+00 -3.12856321287659833e-01
8.99935395559576135e-01 1.82415576291941339e+00 -3.04985270937810693e-01
8.99935395559576135e-01 1.83521527706346421e+00 -2.96413960317110925e-01
8.99935395559576135e-01 1.84569239136397290e+00 -2.87133885114432053e-01
8.99935395559576135e-01 1.85552873296044574e+00 -2.77155684022381943e-01
8.99935395559576135e-01 1.86468530753320905e+00 -2.66526387281502242e-01
8.99935395559576135e-01 1.87314343415751483e+00 -2.55327035888509246e-01
8.99935395559576135e-01 1.88089380699589870e+00 -2.43647037136258515e-01
8.99935395559576135e-01 1.88791991805398696e+00 -2.31551461557192584e-01
8.99935395559576135e-01 1.89418757707795815e+00 -2.19066179067006678e-01
8.99935395559576135e-01 1.89964927086437929e+00 -2.06194416369638978e-01
8.99935395559576135e-01 1.90426198670731361e+00 -1.92954129119548456e-01
8.99935395559576135e-01 1.90800709634088506e+00 -1.79407278122498237e-01
8.99935395559576135e-01 1.91089875925690067e+00 -1.65655581967894872e-01
8.99935395559576135e-01 1.91297528596456501e+00 -1.51802162206140817e-01
8.99935395559576135e-01 1.91428045368195154e+00 -1.37906636421002371e-01
8.99935395559576135e-01 1.91484936559152596e+00 -1.23969934471534135e-01
8.99935395559576135e-01 1.91470981229790205e+00 -1.09965036321217166e-01
8.99935395559576135e-01 1.91389737149001316e+00 -9.58938351436714187e-02
8.99935395559576135e-01 1.91247015201246029e+00 -8.18254957372648029e-02
8.99935395559576135e-01 1.91050708346685605e+00 -6.78792334348913562e-02
8.99935395559576135e-01 1.90808463788516436e+00 -5.41525259718790841e-02
8.99935395559576135e-01 1.90524362861631724e+00 -4.06386983013635600e-02
8.99935395559576135e-01 1.90196796000137613e+00 -2.71935887245822773e-02
8.99935395559576135e-01 1.89819247919393463e+00 -1.35849542618674650e-02
9.16297857297022955e-01 1.89560116533872192e+00 3.57860028510350377e-04
9.16297857297022955e-01 1.89072974041680530e+00 1.46668507813395490e-02
9.16297857297022955e-01 1.88526273345007200e+00 2.92723109042997282e-02
9.16297857297022955e-01 1.87926229887176799e+00 4.39549672572195557e-02
9.16297857297022955e-01 1.87280659130809712e+00 5.84787618301791726e-02
9.16297857297022955e-01 1.86595784862724101e+00 7.26934200133331349e-02
9.16297857297022955e-01 1.85874401785950960e+00 8.65771708729474038e-02
9.16297857297022955e-01 1.85116314094050272e+00 1.00202993395165876e-01
9.16297857297022955e-01 1.84320450341929631e+00 1.13660176687782416e-01
9.16297857297022955e-01 1.83487050038268840e+00 1.26986437414587122e-01
9.16297857297022955e-01 1.82618469444974307e+00 1.40150982520073325e-01
9.16297857297022955e-01 1.81718267728951965e+00 1.53089376782088255e-01
9.16297857297022955e-01 1.80789459457911406e+00 1.65756192136090247e-01
9.16297857297022955e-01 1.79833290190720674e+00 1.78154541985781956e-01
9.16297857297022955e-01 1.78849346416235266e+00 1.90324231948088229e-01
9.16297857297022955e-01 1.77836738254672411e+00 2.02302886063590981e-01
9.16297857297022955e-01 1.76795326149807730e+00 2.14092428673916813e-01
9.16297857297022955e-01 1.75726043650506170e+00 2.25655294283093388e-01
9.16297857297022955e-01 1.74630167350903553e+00 2.36939573304722623e-01
9.16297857297022955e-01 1.73508240898418808e+00 2.47910679603028483e-01
9.16297857297022955e-01 1.72359610776479744e+00 2.58565005629618705e-01
9.16297857297022955e-01 1.71183015945805805e+00 2.68918006570415979e-01
9.16297857297022955e-01 1.69977825850498254e+00 2.78980189434189008e-01
9.16297857297022955e-01 1.68745009835292015e+00 2.88742709732373704e-01
9.16297857297022955e-01 1.67487125417471372e+00 2.98184258424059601e-01
9.16297857297022955e-01 1.66207348278812339e+00 3.07292073341228322e-01
9.16297857297022955e-01 1.64908252509717879e+00 3.16078067256104656e-01
9.16297857297022955e-01 1.63591172115712880e+00 3.24575498583525968e-01
9.16297857297022955e-01 1.62256476812303840e+00 3.32817982553541447e-01
9.16297857297022955e-01 1.60904394870015732e+00 3.40817163919718613e-01
9.16297857297022955e-01 1.59535659583486877e+00 3.48556319613081533e-01
9.16297857297022955e-01 1.58151490221167768e+00 3.56004213823286286e-01
9.16297857297022955e-01 1.56753015814320729e+00 3.63137590390648080e-01
9.16297857297022955e-01 1.55340713493401017e+00 3.69954674239171111e-01
9.16297857297022955e-01 1.53914399228294463e+00 3.76470400488721324e-01
9.16297857297022955e-01 1.52473828874676598e+00 3.82699457464690140e-01
9.16297857297022955e-01 1.51019447496287218e+00 3.88642837049447354e-01
9.16297857297022955e-01 1.49552688624596564e+00 3.94289767310831207e-01
9.16297857297022955e-01 1.48075574973092250e+00 3.99633222423359857e-01
9.16297857297022955e-01 1.46589918142208697e+00 4.04685272821840691e-01
9.16297857297022955e-01 1.45096717610105141e+00 4.09478317161343197e-01
9.16297857297022955e-01 1.43596184483406830e+00 4.14049867154433593e-01
9.16297857297022955e-01 1.42088314674198735e+00 4.18422344206936636e-01
9.16297857297022955e-01 1.40573515376497560e+00 4.22593827429232627e-01
9.16297857297022955e-01 1.39052778054879744e+00 4.26547082322988658e-01
9.16297857297022955e-01 1.37527284184086929e+00 4.30269498703262920e-01
9.16297857297022955e-01 1.35997798366690925e+00 4.33767805257732009e-01
9.16297857297022955e-01 1.34464368180282268e+00 4.37065794584520106e-01
9.16297857297022955e-01 1.32926586314790507e+00 4.40187228350033488e-01
9.16297857297022955e-01 1.31384201823863722e+00 4.43138185641021587e-01
9.16297857297022955e-01 1.29837578569634804e+00 4.45903438747247249e-01
9.16297857297022955e-01 1.28287623603143630e+00 4.48459701080703155e-01
9.16297857297022955e-01 1.26735242287744776e+00 4.50794446959056239e-01
9.16297857297022955e-01 1.25180766735606519e+00 4.52914197014173125e-01
9.16297857297022955e-01 1.23623833113366444e+00 4.54834875045872333e-01
9.16297857297022955e-01 1.22063826376688689e+00 4.56562109829115936e-01
9.16297857297022955e-01 1.20500552961709473e+00 4.58078581985725708e-01
9.16297857297022955e-01 1.18934609482993814e+00 4.59350704755319195e-01
9.16297857297022955e-01 1.17367145068776901e+00 4.60351384434313393e-01
9.16297857297022955e-01 1.15799189488467169e+00 4.61081595259476729e-01
9.16297857297022955e-01 1.14231067854509560e+00 4.61572569310629677e-01
9.16297857297022955e-01 1.12662371211389067e+00 4.61864017506315339e-01
9.16297857297022955e-01 1.11092535879440146e+00 4.61971853082683237e-01
9.16297857297022955e-01 1.09521619614696464e+00 4.61867380330446942e-01
9.16297857297022955e-01 1.07950705773485356e+00 4.61481882595385362e-01
9.16297857297022955e-01 1.06381646663505514e+00 4.60731690307409847e-01
9.16297857297022955e-01 1.04816383507587108e+00 4.59543294766549537e-01
9.16297857297022955e-01 1.03256484956578176e+00 4.57857753702711590e-01
9.16297857297022955e-01 1.01703543296271670e+00 4.55609034652047329e-01
9.16297857297022955e-01 1.00160639240892269e+00 4.52690896089942396e-01
9.16297857297022955e-01 9.86344729280710708e-01 4.48937014093385489e-01
9.16297857297022955e-01 9.71372897014666892e-01 4.44132332948473707e-01
9.16297857297022955e-01 9.56876307683766414e-01 4.38055194784697288e-01
9.16297857297022955e-01 9.43092449653525122e-01 4.30532502558736152e-01
9.16297857297022955e-01 9.30280852293074667e-01 4.21484740033395255e-01
9.16297857297022955e-01 9.18679870316648772e-01 4.10945482836615084e-01
9.16297857297022955e-01 9.08461780965111876e-01 3.99053515095185218e-01
9.16297857297022955e-01 8.99699996930575563e-01 3.86025346890340848e-01
9.16297857297022955e-01 8.92359757208863957e-01 3.72117832764603917e-01
9.16297857297022955e-01 8.86316281638800163e-01 3.57587982968818996e-01
9.16297857297022955e-01 8.81394186142581915e-01 3.42655733167128773e-01
9.16297857297022955e-01 8.77413287248761220e-01 3.27477359851552963e-01
9.16297857297022955e-01 8.74223461951879388e-01 3.12138525893580210e-01
9.16297857297022955e-01 8.71717082197459803e-01 2.96671157764373139e-01
9.16297857297022955e-01 8.69819212349663640e-01 2.81087002512446171e-01
9.16297857297022955e-01 8.68466875530801041e-01 2.65409714515769501e-01
9.16297857297022955e-01 8.67592677460614636e-01 2.49686296611189046e-01
9.16297857297022955e-01 8.67122533750275148e-01 2.33971428452844077e-01
9.16297857297022955e-01 8.66985988304041499e-01 2.18297571104851845e-01
9.16297857297022955e-01 8.67128430034137532e-01 2.02655581095404103e-01
9.16297857297022955e-01 8.67513894977061883e-01 1.87004345187179510e-01
9.16297857297022955e-01 8.68115500228619941e-01 1.71306139063784835e-01
9.16297857297022955e-01 8.68901630545532933e-01 1.55562510386483138e-01
9.16297857297022955e-01 8.69831152461639556e-01 1.39821219244548572e-01
9.16297857297022955e-01 8.70865539310404557e-01 1.24144056889501947e-01
9.16297857297022955e-01 8.71993035794170646e-01 1.08556022415319073e-01
9.16297857297022955e-01 8.73249028975556785e-01 9.30154990744443549e-02
9.16297857297022955e-01 8.74716283994490529e-01 7.74359138196168695e-02
9.16297857297022955e-01 8.76500255410569085e-01 6.17549243239856258e-02
9.16297857297022955e-01 8.78691112239442407e-01 4.60102198946377577e-02
9.16297857297022955e-01 8.81334093568534538e-01 3.03687952546791637e-02
9.16297857297022955e-01 8.84425852402848212e-01 1.50808353213915305e-02
9.16297857297022955e-01 8.87938484660486305e-01 3.76461528226229439e-04
9.16297857297022955e-01 8.91855377658481885e-01 -1.36374859683956618e-02
9.16297857297022955e-01 8.96195658940347917e-01 -2.70198854214553745e-02
9.16297857297022955e-01 9.01011875652301564e-01 -3.99519338522980674e-02
9.16297857297022955e-01 9.06363228243906249e-01 -5.26349822771148557e-02
9.16297857297022955e-01 9.12282234837469619e-01 -6.51910612295654029e-02
9.16297857297022955e-01 9.18755854980145115e-01 -7.76221338105870379e-02
9.16297857297022955e-01 9.25731350591186608e-01 -8.98439153034651800e-02
9.16297857297022955e-01 9.33140512340510431e-01 -1.01763119466670202e-01
9.16297857297022955e-01 9.40924922525787522e-01 -1.13344265013220008e-01
9.16297857297022955e-01 9.49046628948348125e-01 -1.24626459876946982e-01
9.16297857297022955e-01 9.57480718151533683e-01 -1.35688752243449923e-01
9.16297857297022955e-01 9.66199470050331577e-01 -1.46596548207363619e-01
9.16297857297022955e-01 9.75162676986427779e-01 -1.57368751623166936e-01
9.16297857297022955e-01 9.84322560191714491e-01 -1.67984062832587044e-01
9.16297857297022955e-01 9.93639880506828499e-01 -1.78413773207901027e-01
9.16297857297022955e-01 1.00309936991525461e+00 -1.88650922161958140e-01
9.16297857297022955e-01 1.01271343019534021e+00 -1.98712913638543071e-01
9.16297857297022955e-01 1.02251186728801047e+00 -2.08618358627007339e-01
9.16297857297022955e-01 1.03252522026772264e+00 -2.18359363578991800e-01
9.16297857297022955e-01 1.04277280268181105e+00 -2.27892418128601254e-01
9.16297857297022955e-01 1.05326184914245102e+00 -2.37154675875544008e-01
9.16297857297022955e-01 1.06399536873983314e+00 -2.46092046736193171e-01
9.16297857297022955e-01 1.07498031556358975e+00 -2.54677361642872968e-01
9.16297857297022955e-01 1.08622867699771342e+00 -2.62906406352367672e-01
9.16297857297022955e-01 1.09775062563497738e+00 -2.70778070383856873e-01
9.16297857297022955e-01 1.10954547191222530e+00 -2.78277011575784050e-01
9.16297857297022955e-01 1.12159771303896805e+00 -2.85373826692800370e-01
9.16297857297022955e-01 1.13388120303155837e+00 -2.92042379978915689e-01
9.16297857297022955e-01 1.14636814117850716e+00 -2.98279616252557445e-01
9.16297857297022955e-01 1.15903627297885858e+00 -3.04111349230041184e-01
9.16297857297022955e-01 1.17186975833474705e+00 -3.09579111197483492e-01
9.16297857297022955e-01 1.18485454857951877e+00 -3.14718322495033620e-01
9.16297857297022955e-01 1.19797331595377510e+00 -3.19544486534326710e-01
9.16297857297022955e-01 1.21120474685930724e+00 -3.24057026854468966e-01
9.16297857297022955e-01 1.22452786179446882e+00 -3.28255974694014574e-01
9.16297857297022955e-01 1.23792760323755191e+00 -3.32156810340499820e-01
9.16297857297022955e-01 1.25139689266642473e+00 -3.35791089080550609e-01
9.16297857297022955e-01 1.26493340109171171e+00 -3.39192644134568178e-01
9.16297857297022955e-01 1.27853371634011026e+00 -3.42380952789396564e-01
9.16297857297022955e-01 1.29218968600285233e+00 -3.45355185445801349e-01
9.16297857297022955e-01 1.30588978561737057e+00 -3.48103371448851284e-01
9.16297857297022955e-01 1.31962410405372976e+00 -3.50618804220906910e-01
9.16297857297022955e-01 1.33338853921917511e+00 -3.52910372519267601e-01
9.16297857297022955e-01 1.34718453010150041e+00 -3.54999069062369055e-01
9.16297857297022955e-01 1.36101445272252497e+00 -3.56904499136110887e-01
9.16297857297022955e-01 1.37487647693277126e+00 -3.58633079892920426e-01
9.16297857297022955e-01 1.38876316028161861e+00 -3.60177482063419985e-01
9.16297857297022955e-01 1.40266495753524412e+00 -3.61526905210757532e-01
9.16297857297022955e-01 1.41657573230578082e+00 -3.62678608206281061e-01
9.16297857297022955e-01 1.43049566960885377e+00 -3.63640438352302198e-01
9.16297857297022955e-01 1.44442910799772073e+00 -3.64422276158467007e-01
9.16297857297022955e-01 1.45837899096576229e+00 -3.65024180759602190e-01
9.16297857297022955e-01 1.47234242984860364e+00 -3.65432049831907857e-01
9.16297857297022955e-01 1.48631096746075664e+00 -3.65625150749557926e-01
9.16297857297022955e-01 1.50027527113451753e+00 -3.65589447508819998e-01
9.16297857297022955e-01 1.51423034398135559e+00 -3.65325264826249552e-01
9.16297857297022955e-01 1.52817692852510589e+00 -3.64842351840737600e-01
9.16297857297022955e-01 1.54211794167885419e+00 -3.64146261630525381e-01
9.16297857297022955e-01 1.55605292599802292e+00 -3.63227977153596671e-01
9.16297857297022955e-01 1.56997520436175453e+00 -3.62066778994274252e-01
9.16297857297022955e-01 1.58387424894033146e+00 -3.60645559121375747e-01
9.16297857297022955e-01 1.59774147179869552e+00 -3.58966836523962440e-01
9.16297857297022955e-01 1.61157473549065888e+00 -3.57055895980745219e-01
9.16297857297022955e-01 1.62537777965178010e+00 -3.54946826594775111e-01
9.16297857297022955e-01 1.63915477695762157e+00 -3.52660632807350938e-01
9.16297857297022955e-01 1.65290412187296898e+00 -3.50191230487395311e-01
9.16297857297022955e-01 1.66661615247762174e+00 -3.47509369601413376e-01
9.16297857297022955e-01 1.68027631422150381e+00 -3.44580649116420556e-01
9.16297857297022955e-01 1.69387088390671692e+00 -3.41382829983046143e-01
9.16297857297022955e-01 1.70739034243444943e+00 -3.37908490425863350e-01
9.16297857297022955e-01 1.72082743097952662e+00 -3.34151135833458568e-01
9.16297857297022955e-01 1.73417119745535908e+00 -3.30086441396434560e-01
9.16297857297022955e-01 1.74740139820559182e+00 -3.25664302699566199e-01
9.16297857297022955e-01 1.76048698050740149e+00 -3.20818485360272077e-01
9.16297857297022955e-01 1.77338868714119080e+00 -3.15486210282862944e-01
9.16297857297022955e-01 1.78606234149378884e+00 -3.09622039228262202e-01
9.16297857297022955e-01 1.79845917909711894e+00 -3.03195753680008173e-01
9.16297857297022955e-01 1.81052293599855751e+00 -2.96178250264465426e-01
9.16297857297022955e-01 1.82218736175491647e+00 -2.88530663118262143e-01
9.16297857297022955e-01 1.83337870100668776e+00 -2.80209994008974006e-01
9.16297857297022955e-01 1.84402422708529934e+00 -2.71190316632361372e-01
9.16297857297022955e-01 1.85406261380811954e+00 -2.61483676349542726e-01
9.16297857297022955e-01 1.86344923322942457e+00 -2.51142218234509385e-01
9.16297857297022955e-01 1.87215211299560114e+00 -2.40236384939796016e-01
9.16297857297022955e-01 1.88014082955095541e+00 -2.28823451972821251e-01
9.16297857297022955e-01 1.88737621303934855e+00 -2.16930296912434317e-01
9.16297857297022955e-01 1.89380884464596466e+00 -2.04564975741400507e-01
9.16297857297022955e-01 1.89938840252973518e+00 -1.91749277836210513e-01
9.16297857297022955e-01 1.90407816625014714e+00 -1.78546290323716605e-01
9.16297857297022955e-01 1.90786530723323744e+00 -1.65058573079549908e-01
9.16297857297022955e-01 1.91076093134668712e+00 -1.51394472718813733e-01
9.16297857297022955e-01 1.91279171142312876e+00 -1.37626353018327818e-01
9.16297857297022955e-01 1.91399114547672089e+00 -1.23773942533909428e-01
9.16297857297022955e-01 1.91439789316674869e+00 -1.09829044048177282e-01
9.16297857297022955e-01 1.91406148202225790e+00 -9.58053648692929610e-02
9.16297857297022955e-01 1.91304762522305327e+00 -8.17737102361964230e-02
9.16297857297022955e-01 1.91143337741520924e+00 -6.78482098599769989e-02
9.16297857297022955e-01 1.90928897381576412e+00 -5.41229265034872120e-02
9.16297857297022955e-01 1.90665421428215187e+00 -4.05973991218194219e-02
9.16297857297022955e-01 1.90352433146296907e+00 -2.71451573290780179e-02
9.16297857297022955e-01 1.89985717637081697e+00 -1.35568641902190784e-02
9.32660319034469776e-01 1.89760942473452765e+00 3.32110565266051133e-04
9.32660319034469776e-01 1.89287743430720412e+00 1.45461488694017486e-02
9.32660319034469776e-01 1.88754027235441213e+00 2.90213897487791063e-02
9.32660319034469776e-01 1.88165899820961302e+00 4.35583595214419986e-02
9.32660319034469776e-01 1.87530752098356190e+00 5.79381699158164620e-02
9.32660319034469776e-01 1.86854468015306363e+00 7.20174042799210934e-02
9.32660319034469776e-01 1.86139858965069283e+00 8.57698491374890709e-02
9.32660319034469776e-01 1.85387101185283121e+00 9.92582709756860831e-02
9.32660319034469776e-01 1.84595622867524356e+00 1.12563835349963615e-01
9.32660319034469776e-01 1.83766027145861921e+00 1.25723236066266564e-01
9.32660319034469776e-01 1.82900786549307415e+00 1.38711224801321364e-01
9.32660319034469776e-01 1.82003423061735847e+00 1.51470693363056352e-01
9.32660319034469776e-01 1.81076956308310577e+00 1.63960246795299580e-01
9.32660319034469776e-01 1.80122813106286839e+00 1.76181988577027798e-01
9.32660319034469776e-01 1.79140917307231939e+00 1.88172059380630308e-01
9.32660319034469776e-01 1.78130739532602345e+00 1.99966044413405097e-01
9.32660319034469776e-01 1.77092403324465764e+00 2.11568264538540968e-01
9.32660319034469776e-01 1.76026996153429671e+00 2.22947361704854519e-01
9.32660319034469776e-01 1.74935923266017035e+00 2.34058077877111026e-01
9.32660319034469776e-01 1.73819906018401849e+00 2.44869365232156716e-01
9.32660319034469776e-01 1.72678482506141839e+00 2.55376663719062702e-01
9.32660319034469776e-01 1.71510452181727491e+00 2.65591313478107605e-01
9.32660319034469776e-01 1.70314968468472472e+00 2.75519157390418934e-01
9.32660319034469776e-01 1.69092497304291478e+00 2.85148018281759341e-01
9.32660319034469776e-01 1.67844977187007260e+00 2.94454725330362710e-01
9.32660319034469776e-01 1.66575116509094046e+00 3.03425125631945625e-01
9.32660319034469776e-01 1.65285371278908100e+00 3.12069523095841073e-01
9.32660319034469776e-01 1.63977310508636287e+00 3.20419900176727002e-01
9.32660319034469776e-01 1.62651710787391002e+00 3.28510327194958873e-01
9.32660319034469776e-01 1.61309144460907605e+00 3.36355551884276793e-01
9.32660319034469776e-01 1.59950492131228073e+00 3.43943957179069726e-01
9.32660319034469776e-01 1.58576953783903485e+00 3.51249330235397506e-01
9.32660319034469776e-01 1.57189601380924904e+00 3.58251085865014973e-01
9.32660319034469776e-01 1.55788913482691638e+00 3.64946721390189077e-01
9.32660319034469776e-01 1.54374744069441361e+00 3.71347704135168766e-01
9.32660319034469776e-01 1.52946811737489141e+00 3.77464163579420642e-01
9.32660319034469776e-01 1.51505361275681616e+00 3.83292865965244811e-01
9.32660319034469776e-01 1.50051499129787258e+00 3.88819651190443094e-01
9.32660319034469776e-01 1.48586951280336366e+00 3.94034815699528973e-01
9.32660319034469776e-01 1.47113431510826254e+00 3.98948517316070672e-01
9.32660319034469776e-01 1.45632089852596058e+00 4.03592659372804752e-01
9.32660319034469776e-01 1.44143421537841099e+00 4.08006432261720897e-01
9.32660319034469776e-01 1.42647641805890135e+00 4.12215976163372300e-01
9.32660319034469776e-01 1.41145177055877946e+00 4.16223606405458690e-01
9.32660319034469776e-01 1.39636864055507171e+00 4.20014616859546830e-01
9.32660319034469776e-01 1.38123716168620647e+00 4.23575832999826540e-01
9.32660319034469776e-01 1.36606479625229915e+00 4.26910991378794791e-01
9.32660319034469776e-01 1.35085367816066726e+00 4.30040949968260366e-01
9.32660319034469776e-01 1.33560202893485336e+00 4.32989198033262801e-01
9.32660319034469776e-01 1.32030851413129158e+00 4.35764961812503127e-01
9.32660319034469776e-01 1.30497597691003442e+00 4.38357822844610279e-01
9.32660319034469776e-01 1.28961150422244275e+00 4.40747974483920946e-01
9.32660319034469776e-01 1.27422278186005289e+00 4.42923147389771121e-01
9.32660319034469776e-01 1.25881372145322890e+00 4.44887638456838430e-01
9.32660319034469776e-01 1.24338295749764027e+00 4.46655461953319843e-01
9.32660319034469776e-01 1.22792653870964497e+00 4.48233106839289464e-01
9.32660319034469776e-01 1.21244280119824066e+00 4.49606682476291430e-01
9.32660319034469776e-01 1.19693565462586582e+00 4.50745509123303356e-01
9.32660319034469776e-01 1.18141370701461179e+00 4.51621240976291971e-01
9.32660319034469776e-01 1.16588585405904954e+00 4.52228557225335115e-01
9.32660319034469776e-01 1.15035668764294918e+00 4.52590843422583045e-01
9.32660319034469776e-01 1.13482526393975114e+00 4.52744594225654218e-01
9.32660319034469776e-01 1.11928830668542045e+00 4.52711841427217765e-01
9.32660319034469776e-01 1.10374567895100051e+00 4.52478841055619474e-01
9.32660319034469776e-01 1.08820433699352415e+00 4.51994632017253539e-01
9.32660319034469776e-01 1.07267815856181437e+00 4.51188344894194904e-01
9.32660319034469776e-01 1.05718421311753552e+00 4.49990393451529580e-01
9.32660319034469776e-01 1.04173910818440585e+00 4.48340160656618358e-01
9.32660319034469776e-01 1.02636005354768489e+00 4.46173193091159159e-01
9.32660319034469776e-01 1.01107357185998592e+00 4.43396420668689395e-01
9.32660319034469776e-01 9.95931134071794788e-01 4.39869378496319796e-01
9.32660319034469776e-01 9.81026995957330561e-01 4.35406664271076937e-01
9.32660319034469776e-01 9.66510771224688536e-01 4.29804735012220274e-01
9.32660319034469776e-01 9.52587008134432311e-01 4.22883420456429460e-01
9.32660319034469776e-01 9.39496873395456733e-01 4.14526903273486957e-01
9.32660319034469776e-01 9.27482765681007626e-01 4.04711739501941170e-01
9.32660319034469776e-01 9.16743774247058552e-01 3.93516224739252685e-01
9.32660319034469776e-01 9.07395516609542763e-01 3.81110652624047530e-01
9.32660319034469776e-01 8.99448778390152914e-01 3.67730263492021980e-01
9.32660319034469776e-01 8.92815760204861530e-01 3.53634620999459304e-01
9.32660319034469776e-01 8.87342059550635054e-01 3.39061538411945917e-01
9.32660319034469776e-01 8.82851566189186365e-01 3.24189103640851184e-01
9.32660319034469776e-01 8.79186120172133267e-01 3.09120379727000794e-01
9.32660319034469776e-01 8.76225488199919633e-01 2.93897460884979311e-01
9.32660319034469776e-01 8.73884286486515727e-01 2.78536684818568747e-01
9.32660319034469776e-01 8.72094624044812416e-01 2.63063985302425085e-01
9.32660319034469776e-01 8.70789245223232755e-01 2.47528759417363103e-01
9.32660319034469776e-01 8.69896393081163954e-01 2.31988956549180281e-01
9.32660319034469776e-01 8.69347328137314190e-01 2.16480802944033240e-01
9.32660319034469776e-01 8.69087748929851744e-01 2.00998724646955479e-01
9.32660319034469776e-01 8.69082076317896468e-01 1.85504367686105870e-01
9.32660319034469776e-01 8.69306111072532861e-01 1.69961418779591644e-01
9.32660319034469776e-01 8.69733867905091995e-01 1.54371134761941114e-01
9.32660319034469776e-01 8.70330419902896946e-01 1.38779535155431621e-01
9.32660319034469776e-01 8.71059314319349687e-01 1.23246398961600598e-01
9.32660319034469776e-01 8.71902393808718146e-01 1.07796131758220781e-01
9.32660319034469776e-01 8.72879366432672055e-01 9.23888996266233886e-02
9.32660319034469776e-01 8.74052276548439755e-01 7.69412238290076017e-02
9.32660319034469776e-01 8.75508564080081486e-01 6.13919351325657101e-02
9.32660319034469776e-01 8.77330336214898532e-01 4.57741573671507015e-02
9.32660319034469776e-01 8.79567235841408390e-01 3.02427770542434762e-02
9.32660319034469776e-01 8.82228796964550144e-01 1.50304289508126059e-02
9.32660319034469776e-01 8.85300020117642417e-01 3.49889993766704273e-04
9.32660319034469776e-01 8.88769128899786987e-01 -1.37026920875550316e-02
9.32660319034469776e-01 8.92649040199946731e-01 -2.71865734753897227e-02
9.32660319034469776e-01 8.96978903605430422e-01 -4.02742655076977832e-02
9.32660319034469776e-01 9.01805606815917371e-01 -5.31547716640735982e-02
9.32660319034469776e-01 9.07158019466573262e-01 -6.59404745512248702e-02
9.32660319034469776e-01 9.13030388168977858e-01 -7.86301726382623162e-02
9.32660319034469776e-01 9.19383868811169624e-01 -9.11424786068828069e-02
9.32660319034469776e-01 9.26162570424927778e-01 -1.03389584838047513e-01
9.32660319034469776e-01 9.33311766411753618e-01 -1.15340365101029060e-01
9.32660319034469776e-01 9.40786791638477338e-01 -1.27035586542499829e-01
9.32660319034469776e-01 9.48550044097239864e-01 -1.38554057033713540e-01
9.32660319034469776e-01 9.56563228856029069e-01 -1.49960380764730228e-01
9.32660319034469776e-01 9.64785210682402972e-01 -1.61271721745666036e-01
9.32660319034469776e-01 9.73180538557877228e-01 -1.72461250602112204e-01
9.32660319034469776e-01 9.81734320131521510e-01 -1.83487093099485521e-01
9.32660319034469776e-01 9.90462982196897990e-01 -1.94319393641410459e-01
9.32660319034469776e-01 9.99412189056121392e-01 -2.04944643420456402e-01
9.32660319034469776e-01 1.00864142972223703e+00 -2.15347906885266532e-01
9.32660319034469776e-01 1.01820341695641803e+00 -2.25491886881562936e-01
9.32660319034469776e-01 1.02812932004114765e+00 -2.35313041233216502e-01
9.32660319034469776e-01 1.03842627987496461e+00 -2.44739761022170210e-01
9.32660319034469776e-01 1.04908534665773878e+00 -2.53719276762683243e-01
9.32660319034469776e-01 1.06009201367496253e+00 -2.62233257994654356e-01
9.32660319034469776e-01 1.07143175347126562e+00 -2.70291618905779740e-01
9.32660319034469776e-01 1.08308842140328165e+00 -2.77911331295151109e-01
9.32660319034469776e-01 1.09503942395618603e+00 -2.85097963587928105e-01
9.32660319034469776e-01 1.10725360920040727e+00 -2.91843948473528070e-01
9.32660319034469776e-01 1.11969486681884134e+00 -2.98143025373228288e-01
9.32660319034469776e-01 1.13232931737261788e+00 -3.04007107290791279e-01
9.32660319034469776e-01 1.14513098301777849e+00 -3.09470470517425489e-01
9.32660319034469776e-01 1.15808217172865069e+00 -3.14577164110320162e-01
9.32660319034469776e-01 1.17116907713619556e+00 -3.19361466113188386e-01
9.32660319034469776e-01 1.18437667693487914e+00 -3.23836706859855994e-01
9.32660319034469776e-01 1.19768709334727652e+00 -3.28000711771641473e-01
9.32660319034469776e-01 1.21108234078143395e+00 -3.31852629339931093e-01
9.32660319034469776e-01 1.22454866439657950e+00 -3.35407087235351620e-01
9.32660319034469776e-01 1.23807851769338750e+00 -3.38694387735568592e-01
9.32660319034469776e-01 1.25166842467552963e+00 -3.41747157597384055e-01
9.32660319034469776e-01 1.26531452946029588e+00 -3.44584748874496916e-01
9.32660319034469776e-01 1.27900954045755255e+00 -3.47208007619797976e-01
9.32660319034469776e-01 1.29274350627543910e+00 -3.49608096293929027e-01
9.32660319034469776e-01 1.30650757850287214e+00 -3.51781515271096301e-01
9.32660319034469776e-01 1.32029741760292985e+00 -3.53738809588807213e-01
9.32660319034469776e-01 1.33411325273165415e+00 -3.55500216408215053e-01
9.32660319034469776e-01 1.34795646568179750e+00 -3.57082592916732111e-01
9.32660319034469776e-01 1.36182550725190255e+00 -3.58489033224332232e-01
9.32660319034469776e-01 1.37571451658982524e+00 -3.59709886151370617e-01
9.32660319034469776e-01 1.38961575242375202e+00 -3.60733928370516321e-01
9.32660319034469776e-01 1.40352376345683250e+00 -3.61559748071876685e-01
9.32660319034469776e-01 1.41743777638300972e+00 -3.62197291315040526e-01
9.32660319034469776e-01 1.43136026146623108e+00 -3.62658047306465336e-01
9.32660319034469776e-01 1.44529280847746300e+00 -3.62942243086159411e-01
9.32660319034469776e-01 1.45923267463362105e+00 -3.63034251664788199e-01
9.32660319034469776e-01 1.47317280679378659e+00 -3.62910682606243706e-01
9.32660319034469776e-01 1.48710526245807362e+00 -3.62554892374201687e-01
9.32660319034469776e-01 1.50102514688774669e+00 -3.61965968452527154e-01
9.32660319034469776e-01 1.51493177416426450e+00 -3.61154553820465740e-01
9.32660319034469776e-01 1.52882608728091163e+00 -3.60128800623784939e-01
9.32660319034469776e-01 1.54270650593026959e+00 -3.58882235100931535e-01
9.32660319034469776e-01 1.55656670712190115e+00 -3.57394151963832118e-01
9.32660319034469776e-01 1.57039726374300059e+00 -3.55643015708075938e-01
9.32660319034469776e-01 1.58418986839916642e+00 -3.53622439460752835e-01
9.32660319034469776e-01 1.59794070456398818e+00 -3.51346713427348856e-01
9.32660319034469776e-01 1.61165020197255182e+00 -3.48840963647684577e-01
9.32660319034469776e-01 1.62531938419597544e+00 -3.46123398303635588e-01
9.32660319034469776e-01 1.63894582078834383e+00 -3.43193597664297301e-01
9.32660319034469776e-01 1.65252248768438958e+00 -3.40035908374343332e-01
9.32660319034469776e-01 1.66604034854040473e+00 -3.36634523651020645e-01
9.32660319034469776e-01 1.67949225874620689e+00 -3.32986977846178589e-01
9.32660319034469776e-01 1.69287456494540267e+00 -3.29103845589747146e-01
9.32660319034469776e-01 1.70618460882539313e+00 -3.24993827385885670e-01
9.32660319034469776e-01 1.71941575897146337e+00 -3.20645890887901241e-01
9.32660319034469776e-01 1.73255372051252787e+00 -3.16023264947962290e-01
9.32660319034469776e-01 1.74557684213945308e+00 -3.11074862977024136e-01
9.32660319034469776e-01 1.75845970648215588e+00 -3.05755390721814457e-01
9.32660319034469776e-01 1.77117629553478695e+00 -3.00037799468711952e-01
9.32660319034469776e-01 1.78369908916142506e+00 -2.93907593441387283e-01
9.32660319034469776e-01 1.79599375357953583e+00 -2.87343553598114199e-01
9.32660319034469776e-01 1.80801305145347380e+00 -2.80301537266291867e-01
9.32660319034469776e-01 1.81969495801358261e+00 -2.72716822775322776e-01
9.32660319034469776e-01 1.83096736265142357e+00 -2.64526188327382172e-01
9.32660319034469776e-01 1.84175701120832858e+00 -2.55694658274169040e-01
9.32660319034469776e-01 1.85199716822775384e+00 -2.46227003417606588e-01
9.32660319034469776e-01 1.86162944134639652e+00 -2.36155327427843120e-01
9.32660319034469776e-01 1.87059967823333650e+00 -2.25513024030472714e-01
9.32660319034469776e-01 1.87885236285050916e+00 -2.14316790568416432e-01
9.32660319034469776e-01 1.88632893803855439e+00 -2.02572322273467553e-01
9.32660319034469776e-01 1.89297218696354452e+00 -1.90299755462855796e-01
9.32660319034469776e-01 1.89873392468248658e+00 -1.77557332868566675e-01
9.32660319034469776e-01 1.90358082544990537e+00 -1.64441065367612688e-01
9.32660319034469776e-01 1.90749527719742606e+00 -1.51056380362401155e-01
9.32660319034469776e-01 1.91047293466621171e+00 -1.37481311225581659e-01
9.32660319034469776e-01 1.91252186722879380e+00 -1.23750441066434666e-01
9.32660319034469776e-01 1.91366663764458056e+00 -1.09874942935142619e-01
9.32660319034469776e-01 1.91395504992045362e+00 -9.58854030434686949e-02
9.32660319034469776e-01 1.91346020933293426e+00 -8.18624381171889209e-02
9.32660319034469776e-01 1.91227085655206541e+00 -6.79239785496014853e-02
9.32660319034469776e-01 1.91046980901328722e+00 -5.41677779920261768e-02
9.32660319034469776e-01 1.90810960334247715e+00 -4.06032879818139930e-02
9.32660319034469776e-01 1.90519921261085146e+00 -2.71219070639122546e-02
9.32660319034469776e-01 1.90171149392660710e+00 -1.35352234516338734e-02
9.49022780771916596e-01 1.89989305724398561e+00 3.13788614986888629e-04
9.49022780771916596e-01 1.89535153369691511e+00 1.45035760892052879e-02
9.49022780771916596e-01 1.89016400073344726e+00 2.89028810789051342e-02
9.49022780771916596e-01 1.88440085919819333e+00 4.33209372979141694e-02
9.49022780771916596e-01 1.87814924482772905e+00 5.75570025587444148e-02
9.49022780771916596e-01 1.87147973623755015e+00 7.14864823685601170e-02
9.49022780771916596e-01 1.86442613273108315e+00 8.50943490421633558e-02
9.49022780771916596e-01 1.85698862555998101e+00 9.84436738138977918e-02
9.49022780771916596e-01 1.84915520593813576e+00 1.11608076815580964e-01
9.49022780771916596e-01 1.84092543163937927e+00 1.24615471808272871e-01
9.49022780771916596e-01 1.83232127996678829e+00 1.37436296455691775e-01
9.49022780771916596e-01 1.82338028283147024e+00 1.50015145820259904e-01
9.49022780771916596e-01 1.81413850760569551e+00 1.62315695484267275e-01
9.49022780771916596e-01 1.80461667457388697e+00 1.74344354859186229e-01
9.49022780771916596e-01 1.79481859435925162e+00 1.86138462511858643e-01
9.49022780771916596e-01 1.78474109700140926e+00 1.97732636403054468e-01
9.49022780771916596e-01 1.77438640484463717e+00 2.09131191910876119e-01
9.49022780771916596e-01 1.76376716957317270e+00 2.20306401992619166e-01
9.49022780771916596e-01 1.75290094907516725e+00 2.31220338326112274e-01
9.49022780771916596e-01 1.74179928428949160e+00 2.41850210516942804e-01
9.49022780771916596e-01 1.73046041960514940e+00 2.52196744432459430e-01
9.49022780771916596e-01 1.71887157083769537e+00 2.62270904959516660e-01
9.49022780771916596e-01 1.70701931256922612e+00 2.72072456414086894e-01
9.49022780771916596e-01 1.69490082132368092e+00 2.81579850636211493e-01
9.49022780771916596e-01 1.68252851956779836e+00 2.90760685346546421e-01
9.49022780771916596e-01 1.66992579610833292e+00 2.99594539775289215e-01
9.49022780771916596e-01 1.65711774337404560e+00 3.08089689263279010e-01
9.49022780771916596e-01 1.64412361437514276e+00 3.16280035003933535e-01
9.49022780771916596e-01 1.63095534662906760e+00 3.24204211861728209e-01
9.49022780771916596e-01 1.61762136045186966e+00 3.31882520000624959e-01
9.49022780771916596e-01 1.60413108333797538e+00 3.39308359431141515e-01
9.49022780771916596e-01 1.59049596493704093e+00 3.46458939150350975e-01
9.49022780771916596e-01 1.57672641643871736e+00 3.53315115227951393e-01
9.49022780771916596e-01 1.56282787308879545e+00 3.59874158556623303e-01
9.49022780771916596e-01 1.54879997790997148e+00 3.66146379219078222e-01
9.49022780771916596e-01 1.53464024606290605e+00 3.72140466635468015e-01
9.49022780771916596e-01 1.52034980742622960e+00 3.77851582498737071e-01
9.49022780771916596e-01 1.50593703798023748e+00 3.83263381627046373e-01
9.49022780771916596e-01 1.49141645845091420e+00 3.88362954763914525e-01
9.49022780771916596e-01 1.47680385646348067e+00 3.93156431341042889e-01
9.49022780771916596e-01 1.46211130176943804e+00 3.97671935698244106e-01
9.49022780771916596e-01 1.44734550829729991e+00 4.01946570399469350e-01
9.49022780771916596e-01 1.43251017972569694e+00 4.06006923737284253e-01
9.49022780771916596e-01 1.41760989747513966e+00 4.09857842918761595e-01
9.49022780771916596e-01 1.40265218116550550e+00 4.13487673638174180e-01
9.49022780771916596e-01 1.38764615328268426e+00 4.16885172758817035e-01
9.49022780771916596e-01 1.37259916673852733e+00 4.20054315503330833e-01
9.49022780771916596e-01 1.35751439946292018e+00 4.23015355148972760e-01
9.49022780771916596e-01 1.34239152534929018e+00 4.25791843612344068e-01
9.49022780771916596e-01 1.32722996996579146e+00 4.28394611577736728e-01
9.49022780771916596e-01 1.31203212038025341e+00 4.30815854361716988e-01
9.49022780771916596e-01 1.29680389923581307e+00 4.33037892846734218e-01
9.49022780771916596e-01 1.28155225127474881e+00 4.35048985578824432e-01
9.49022780771916596e-01 1.26628157334188374e+00 4.36852735515987467e-01
9.49022780771916596e-01 1.25099196812213087e+00 4.38462927744480757e-01
9.49022780771916596e-01 1.23568077722389846e+00 4.39887777098810606e-01
9.49022780771916596e-01 1.22034630224217255e+00 4.41116704830808837e-01
9.49022780771916596e-01 1.20499093852077710e+00 4.42121399381439573e-01
9.49022780771916596e-01 1.18962138796143502e+00 4.42871915588524900e-01
9.49022780771916596e-01 1.17424579783093974e+00 4.43356492235414679e-01
9.49022780771916596e-01 1.15886992875065431e+00 4.43590101747232790e-01
9.49022780771916596e-01 1.14349514820152098e+00 4.43604436390797108e-01
9.49022780771916596e-01 1.12811975004265741e+00 4.43425247731781880e-01
9.49022780771916596e-01 1.11274281486162230e+00 4.43051701290074873e-01
9.49022780771916596e-01 1.09736816120805725e+00 4.42450287375586837e-01
9.49022780771916596e-01 1.08200598120203129e+00 4.41564792090967329e-01
9.49022780771916596e-01 1.06667144062351871e+00 4.40332376587841134e-01
9.49022780771916596e-01 1.05138183162824372e+00 4.38692287610213227e-01
9.49022780771916596e-01 1.03615551396316286e+00 4.36580136463221025e-01
9.49022780771916596e-01 1.02101595868133721e+00 4.33911722354943907e-01
9.49022780771916596e-01 1.00600244689427720e+00 4.30567996808293052e-01
9.49022780771916596e-01 9.91185756416671837e-01 4.26392354485224612e-01
9.49022780771916596e-01 9.76683512038015844e-01 4.21204615968658103e-01
9.49022780771916596e-01 9.62667380711918708e-01 4.14828360427059284e-01
9.49022780771916596e-01 9.49354730601188024e-01 4.07124137615033688e-01
9.49022780771916596e-01 9.36981744894137325e-01 3.98020835894452862e-01
9.49022780771916596e-01 9.25762440305556544e-01 3.87538382168969575e-01
9.49022780771916596e-01 9.15845543646373494e-01 3.75795088769888264e-01
9.49022780771916596e-01 9.07284603645160836e-01 3.62993745108560029e-01
9.49022780771916596e-01 9.00033199387939908e-01 3.49385200420178621e-01
9.49022780771916596e-01 8.93967277165799601e-01 3.35217491750744778e-01
9.49022780771916596e-01 8.88925010108126079e-01 3.20688127565754599e-01
9.49022780771916596e-01 8.84747335882755670e-01 3.05919403486551333e-01
9.49022780771916596e-01 8.81303675283216181e-01 2.90967028537415795e-01
9.49022780771916596e-01 8.78496561564880540e-01 2.75854475487650408e-01
9.49022780771916596e-01 8.76250516757778652e-01 2.60610373362285097e-01
9.49022780771916596e-01 8.74497540591226641e-01 2.45285085940780467e-01
9.49022780771916596e-01 8.73170132924077635e-01 2.29937750918932315e-01
9.49022780771916596e-01 8.72204617695317319e-01 2.14606852973375589e-01
9.49022780771916596e-01 8.71548860907072065e-01 1.99290132960839417e-01
9.49022780771916596e-01 8.71165519303648161e-01 1.83953004331930681e-01
9.49022780771916596e-01 8.71026566832052929e-01 1.68562406434712708e-01
9.49022780771916596e-01 8.71103155425712483e-01 1.53121422231082133e-01
9.49022780771916596e-01 8.71360155631807798e-01 1.37676257351615039e-01
9.49022780771916596e-01 8.71762458508244964e-01 1.22286134364595983e-01
9.49022780771916596e-01 8.72291490418089510e-01 1.06975750351019125e-01
9.49022780771916596e-01 8.72961645229992533e-01 9.17073754026878490e-02
9.49022780771916596e-01 8.73824281700794958e-01 7.64003801834153840e-02
9.49022780771916596e-01 8.74953816735708045e-01 6.09938593237267582e-02
9.49022780771916596e-01 8.76422017670690057e-01 4.55146543028278477e-02
9.49022780771916596e-01 8.78274900390921820e-01 3.01030640072034138e-02
9.49022780771916596e-01 8.80525632949954562e-01 1.49714528652017259e-02
9.49022780771916596e-01 8.83166822451364686e-01 3.13353132329791540e-04
9.49022780771916596e-01 8.86193133475019490e-01 -1.37856602876137279e-02
9.49022780771916596e-01 8.89618730041761729e-01 -2.73825398447844828e-02
9.49022780771916596e-01 8.93477863560741770e-01 -4.06367234571753111e-02
9.49022780771916596e-01 8.97808313881407138e-01 -5.37210977367350989e-02
9.49022780771916596e-01 9.02628538353960286e-01 -6.67381064203716179e-02
9.49022780771916596e-01 9.07922930152042063e-01 -7.96883334520277486e-02
9.49022780771916596e-01 9.13643632234676706e-01 -9.25027086378143182e-02
9.49022780771916596e-01 9.19726512704328925e-01 -1.05109236014750210e-01
9.49022780771916596e-01 9.26110775244143647e-01 -1.17487400097812791e-01
9.49022780771916596e-01 9.32751394844715365e-01 -1.29677793279049686e-01
9.49022780771916596e-01 9.39620426414134902e-01 -1.41748225480528289e-01
9.49022780771916596e-01 9.46701622752595839e-01 -1.53745872633159752e-01
9.49022780771916596e-01 9.53986568656793543e-01 -1.65669346589181976e-01
9.49022780771916596e-01 9.61477441870736027e-01 -1.77475010438293973e-01
9.49022780771916596e-01 9.69194524304267113e-01 -1.89105319562837659e-01
9.49022780771916596e-01 9.77181349077780204e-01 -2.00513414894528758e-01
9.49022780771916596e-01 9.85500862421281210e-01 -2.11665885134992071e-01
9.49022780771916596e-01 9.94221705310849746e-01 -2.22526156291729338e-01
9.49022780771916596e-01 1.00340034223272112e+00 -2.33037152266183406e-01
9.49022780771916596e-01 1.01306751690891050e+00 -2.43121462449921499e-01
9.49022780771916596e-01 1.02322468204333217e+00 -2.52701910666221108e-01
9.49022780771916596e-01 1.03384997292647052e+00 -2.61728344497918708e-01
9.49022780771916596e-01 1.04490835076242239e+00 -2.70191332919584748e-01
9.49022780771916596e-01 1.05635982873479128e+00 -2.78113732850366502e-01
9.49022780771916596e-01 1.06816296238551844e+00 -2.85527919279453757e-01
9.49022780771916596e-01 1.08027502630499384e+00 -2.92456361198697778e-01
9.49022780771916596e-01 1.09265229051833845e+00 -2.98908850522372649e-01
9.49022780771916596e-01 1.10525252823747233e+00 -3.04895342060171159e-01
9.49022780771916596e-01 1.11803897334505620e+00 -3.10440939318305464e-01
9.49022780771916596e-01 1.13098308445501172e+00 -3.15588785711959474e-01
9.49022780771916596e-01 1.14406414132716550e+00 -3.20387452300620823e-01
9.49022780771916596e-01 1.15726612058958511e+00 -3.24872557088597469e-01
9.49022780771916596e-01 1.17057429593002160e+00 -3.29057097776646934e-01
9.49022780771916596e-01 1.18397392454164474e+00 -3.32937824300671981e-01
9.49022780771916596e-01 1.19745140991579735e+00 -3.36512121917629747e-01
9.49022780771916596e-01 1.21099622936931306e+00 -3.39791864687384926e-01
9.49022780771916596e-01 1.22460144303177243e+00 -3.42803781612660396e-01
9.49022780771916596e-01 1.23826204903813641e+00 -3.45577141536595800e-01
9.49022780771916596e-01 1.25197247007617141e+00 -3.48129618920264561e-01
9.49022780771916596e-01 1.26572527755229114e+00 -3.50462997186732794e-01
9.49022780771916596e-01 1.27951220324347870e+00 -3.52571651935105757e-01
9.49022780771916596e-01 1.29332650902824176e+00 -3.54456027995653566e-01
9.49022780771916596e-01 1.30716461163879516e+00 -3.56129465222634556e-01
9.49022780771916596e-01 1.32102550080933279e+00 -3.57612703135602339e-01
9.49022780771916596e-01 1.33490838526106792e+00 -3.58920972349890954e-01
9.49022780771916596e-01 1.34881051928840234e+00 -3.60054830295378603e-01
9.49022780771916596e-01 1.36272700278317593e+00 -3.61002643020270242e-01
9.49022780771916596e-01 1.37665264945774402e+00 -3.61752668650590192e-01
9.49022780771916596e-01 1.39058423822813593e+00 -3.62304448984935579e-01
9.49022780771916596e-01 1.40452112889939928e+00 -3.62669615948771673e-01
9.49022780771916596e-01 1.41846362904547574e+00 -3.62861006521385254e-01
9.49022780771916596e-01 1.43241044756478786e+00 -3.62878887730975985e-01
9.49022780771916596e-01 1.44635738885119136e+00 -3.62705862434226645e-01
9.49022780771916596e-01 1.46029840912077957e+00 -3.62315241743879357e-01
9.49022780771916596e-01 1.47422813418827015e+00 -3.61686791745475689e-01
9.49022780771916596e-01 1.48814365354759781e+00 -3.60817671095084780e-01
9.49022780771916596e-01 1.50204398501713721e+00 -3.59720087082462836e-01
9.49022780771916596e-01 1.51592759170212110e+00 -3.58407731179539724e-01
9.49022780771916596e-01 1.52979004624625281e+00 -3.56881864343016997e-01
9.49022780771916596e-01 1.54362388407287598e+00 -3.55127892893122354e-01
9.49022780771916596e-01 1.55742085780230277e+00 -3.53124548675053940e-01
9.49022780771916596e-01 1.57117472880940401e+00 -3.50857614091905967e-01
9.49022780771916596e-01 1.58488221068979462e+00 -3.48326873714143614e-01
9.49022780771916596e-01 1.59854123674591175e+00 -3.45541183392340134e-01
9.49022780771916596e-01 1.61214809177043739e+00 -3.42506867387232461e-01
9.49022780771916596e-01 1.62569607887969170e+00 -3.39220293080501389e-01
9.49022780771916596e-01 1.63917719356523817e+00 -3.35671589446491170e-01
9.49022780771916596e-01 1.65258562540422749e+00 -3.31856321964555168e-01
9.49022780771916596e-01 1.66592002132116002e+00 -3.27784239536248689e-01
9.49022780771916596e-01 1.67918206201596676e+00 -3.23475851949770188e-01
9.49022780771916596e-01 1.69237174780307464e+00 -3.18947658028199910e-01
9.49022780771916596e-01 1.70548264185296872e+00 -3.14197063356513207e-01
9.49022780771916596e-01 1.71850074508431638e+00 -3.09199521895451301e-01
9.49022780771916596e-01 1.73140806963282001e+00 -3.03921255121332667e-01
9.49022780771916596e-01 1.74418820900931415e+00 -2.98338070326264748e-01
9.49022780771916596e-01 1.75682926038324450e+00 -2.92444902118818684e-01
9.49022780771916596e-01 1.76932106025625591e+00 -2.86247192853858301e-01
9.49022780771916596e-01 1.78164781508918524e+00 -2.79739571188100555e-01
9.49022780771916596e-01 1.79378073104006153e+00 -2.72888158270150838e-01
9.49022780771916596e-01 1.80567539209964134e+00 -2.65631119639593516e-01
9.49022780771916596e-01 1.81727521423191196e+00 -2.57898523765039800e-01
9.49022780771916596e-01 1.82851796498615427e+00 -2.49637630434130731e-01
9.49022780771916596e-01 1.83934051538830712e+00 -2.40825474534736544e-01
9.49022780771916596e-01 1.84967911661413820e+00 -2.31460856182767599e-01
9.49022780771916596e-01 1.85946675892485125e+00 -2.21544663696411820e-01
9.49022780771916596e-01 1.86863192520414945e+00 -2.11067151487496441e-01
9.49022780771916596e-01 1.87710182556381677e+00 -2.00014973433612409e-01
9.49022780771916596e-01 1.88480890056247286e+00 -1.88393586309967886e-01
9.49022780771916596e-01 1.89169575963001502e+00 -1.76246059479737649e-01
9.49022780771916596e-01 1.89771433836489756e+00 -1.63650099908603075e-01
9.49022780771916596e-01 1.90282010021062309e+00 -1.50691970625889293e-01
9.49022780771916596e-01 1.90696774483647968e+00 -1.37436095026628347e-01
9.49022780771916596e-01 1.91011599512836105e+00 -1.23915592461700239e-01
9.49022780771916596e-01 1.91224341145747290e+00 -1.10154512213677475e-01
9.49022780771916596e-01 1.91336792246347254e+00 -9.62064863362008388e-02
9.49022780771916596e-01 1.91355664038631845e+00 -8.21769917829810320e-02
9.49022780771916596e-01 1.91291516637649828e+00 -6.82030835242506683e-02
9.49022780771916596e-01 1.91155685351917337e+00 -5.43935927027921831e-02
9.49022780771916596e-01 1.90956574207349661e+00 -4.07647406462564726e-02
9.49022780771916596e-01 1.90697305628872305e+00 -2.72167931976809094e-02
9.49022780771916596e-01 1.90376111154831240e+00 -1.35761600745316069e-02
9.65385242509363417e-01 1.90239239835921548e+00 2.73820835842543972e-04
9.65385242509363417e-01 1.89809726543893897e+00 1.44723148888156235e-02
9.65385242509363417e-01 1.89312174294526536e+00 2.88152448443259046e-02
9.65385242509363417e-01 1.88753601330556875e+00 4.31263758291924593e-02
9.65385242509363417e-01 1.88142915909263331e+00 5.72292642344077868e-02
9.65385242509363417e-01 1.87487818112993532e+00 7.10218083300405562e-02
9.65385242509363417e-01 1.86792597195399623e+00 8.45003621495925977e-02
9.65385242509363417e-01 1.86058033123603339e+00 9.77260891075325822e-02
9.65385242509363417e-01 1.85283196414452545e+00 1.10762602775619723e-01
9.65385242509363417e-01 1.84467796090383551e+00 1.23628096207695951e-01
9.65385242509363417e-01 1.83613562796586294e+00 1.36289631761089935e-01
9.65385242509363417e-01 1.82723979585879737e+00 1.48695318019953310e-01
9.65385242509363417e-01 1.81802839025292462e+00 1.60815139163144799e-01
9.65385242509363417e-01 1.80852800257660928e+00 1.72659652687128656e-01
9.65385242509363417e-01 1.79874931884145450e+00 1.84266067168425945e-01
9.65385242509363417e-01 1.78869389087094799e+00 1.95666416032473978e-01
9.65385242509363417e-01 1.77836542566324662e+00 2.06863861359099260e-01
9.65385242509363417e-01 1.76777635421018697e+00 2.17833781600742765e-01
9.65385242509363417e-01 1.75694499824669692e+00 2.28545377705211633e-01
9.65385242509363417e-01 1.74588619858464500e+00 2.38984055327852191e-01
9.65385242509363417e-01 1.73460306401376618e+00 2.49156213411784844e-01
9.65385242509363417e-01 1.72308631589723538e+00 2.59073879654474315e-01
9.65385242509363417e-01 1.71132190595982170e+00 2.68733464921434073e-01
9.65385242509363417e-01 1.69930173074674773e+00 2.78107394669670327e-01
9.65385242509363417e-01 1.68703052914249296e+00 2.87156556556988241e-01
9.65385242509363417e-01 1.67452524975594574e+00 2.95854569351328589e-01
9.65385242509363417e-01 1.66180852099948639e+00 3.04205404342140384e-01
9.65385242509363417e-01 1.64890133400642358e+00 3.12241051991878182e-01
9.65385242509363417e-01 1.63581946304666204e+00 3.20001197100440893e-01
9.65385242509363417e-01 1.62257452150697845e+00 3.27510059087358973e-01
9.65385242509363417e-01 1.60917699723545327e+00 3.34766640730694676e-01
9.65385242509363417e-01 1.59563777292581710e+00 3.41753426963881390e-01
9.65385242509363417e-01 1.58196675104070650e+00 3.48454417691952678e-01
9.65385242509363417e-01 1.56817018579426648e+00 3.54867373141958320e-01
9.65385242509363417e-01 1.55424963452340914e+00 3.61001416249401796e-01
9.65385242509363417e-01 1.54020411608758168e+00 3.66863928503894432e-01
9.65385242509363417e-01 1.52603435261384512e+00 3.72449400097164929e-01
9.65385242509363417e-01 1.51174617059125427e+00 3.77740732553404845e-01
9.65385242509363417e-01 1.49735069136930488e+00 3.82722661444999446e-01
9.65385242509363417e-01 1.48286133773912221e+00 3.87396592050268218e-01
9.65385242509363417e-01 1.46828997043719656e+00 3.91784686486809142e-01
9.65385242509363417e-01 1.45364487652747254e+00 3.95919532129456297e-01
9.65385242509363417e-01 1.43893165840495918e+00 3.99827131146303638e-01
9.65385242509363417e-01 1.42415575316517962e+00 4.03516056935934675e-01
9.65385242509363417e-01 1.40932419782209406e+00 4.06980462917831798e-01
9.65385242509363417e-01 1.39444513246003021e+00 4.10213549948522327e-01
9.65385242509363417e-01 1.37952556586711705e+00 4.13220075024792743e-01
9.65385242509363417e-01 1.36456941295710821e+00 4.16017819984746628e-01
9.65385242509363417e-01 1.34957757512257048e+00 4.18627285573388186e-01
9.65385242509363417e-01 1.33455013264762301e+00 4.21058496932863457e-01
9.65385242509363417e-01 1.31948897327760628e+00 4.23305933561540726e-01
9.65385242509363417e-01 1.30439879976267092e+00 4.25355673170065784e-01
9.65385242509363417e-01 1.28928572400576913e+00 4.27198648024897265e-01
9.65385242509363417e-01 1.27415454484685320e+00 4.28838794993885386e-01
9.65385242509363417e-01 1.25900683914040723e+00 4.30288985448463779e-01
9.65385242509363417e-01 1.24384139097159085e+00 4.31557626303967046e-01
9.65385242509363417e-01 1.22865672942539250e+00 4.32636679989348738e-01
9.65385242509363417e-01 1.21345397478797379e+00 4.33501249686009782e-01
9.65385242509363417e-01 1.19823795464021754e+00 4.34122223356218362e-01
9.65385242509363417e-01 1.18301578005621977e+00 4.34483469410689438e-01
9.65385242509363417e-01 1.16779385664186686e+00 4.34591380397393090e-01
9.65385242509363417e-01 1.15257539980948098e+00 4.34469833967598640e-01
9.65385242509363417e-01 1.13736022383450663e+00 4.34143696946184376e-01
9.65385242509363417e-01 1.12214713165338287e+00 4.33621293187183343e-01
9.65385242509363417e-01 1.10693760166037247e+00 4.32885761525710455e-01
9.65385242509363417e-01 1.09173866189057822e+00 4.31898017863572903e-01
9.65385242509363417e-01 1.07656336355185456e+00 4.30605947965985780e-01
9.65385242509363417e-01 1.06142890295471970e+00 4.28951282535779410e-01
9.65385242509363417e-01 1.04635440832129456e+00 4.26868805752915415e-01
9.65385242509363417e-01 1.03136166146501362e+00 4.24278817467633018e-01
9.65385242509363417e-01 1.01648163772056610e+00 4.21078324250821590e-01
9.65385242509363417e-01 1.00176734221220642e+00 4.17136911100993990e-01
9.65385242509363417e-01 9.87309574429166004e-01 4.12300899000296983e-01
9.65385242509363417e-01 9.73248619663330539e-01 4.06406954830885236e-01
9.65385242509363417e-01 9.59773669938257079e-01 3.99304910821909831e-01
9.65385242509363417e-01 9.47104649692297129e-01 3.90887782288646513e-01
9.65385242509363417e-01 9.35457804802208193e-01 3.81123135273219504e-01
9.65385242509363417e-01 9.25004258351464381e-01 3.70075059559560882e-01
9.65385242509363417e-01 9.15835674251292864e-01 3.57904305263526068e-01
9.65385242509363417e-01 9.07949932627095446e-01 3.44839903518707969e-01
9.65385242509363417e-01 9.01262067674098333e-01 3.31128442867603345e-01
9.65385242509363417e-01 8.95635104254625780e-01 3.16980393888271539e-01
9.65385242509363417e-01 8.90917356444365982e-01 3.02537070329947477e-01
9.65385242509363417e-01 8.86971573093865651e-01 2.87871990235771202e-01
9.65385242509363417e-01 8.83687474702599007e-01 2.73021004870135087e-01
9.65385242509363417e-01 8.80978844625548985e-01 2.58018823005826847e-01
9.65385242509363417e-01 8.78773615119749940e-01 2.42917302257132289e-01
9.65385242509363417e-01 8.77006325549153476e-01 2.27775492305067356e-01
9.65385242509363417e-01 8.75617275981780852e-01 2.12633027106142347e-01
9.65385242509363417e-01 8.74555934819927328e-01 1.97491334439993005e-01
9.65385242509363417e-01 8.73782761739398728e-01 1.82321183593292302e-01
9.65385242509363417e-01 8.73265805806361817e-01 1.67094062530265430e-01
9.65385242509363417e-01 8.72974074592684834e-01 1.51814434584462726e-01
9.65385242509363417e-01 8.72873903946510321e-01 1.36526396943272121e-01
9.65385242509363417e-01 8.72933593949119624e-01 1.21285980957827513e-01
9.65385242509363417e-01 8.73135656744873256e-01 1.06117319174947600e-01
9.65385242509363417e-01 8.73489420694582130e-01 9.09868325859204824e-02
9.65385242509363417e-01 8.74034664643618342e-01 7.58207883647291775e-02
9.65385242509363417e-01 8.74831606230236702e-01 6.05620346829407394e-02
9.65385242509363417e-01 8.75941228207249845e-01 4.52314842416551358e-02
9.65385242509363417e-01 8.77406679802648526e-01 2.99512902204272027e-02
9.65385242509363417e-01 8.79246373309813367e-01 1.49078347772014768e-02
9.65385242509363417e-01 8.81462059081226101e-01 2.70874211228697452e-04
9.65385242509363417e-01 8.84055335981405843e-01 -1.38851217635794031e-02
9.65385242509363417e-01 8.87040394451879655e-01 -2.76109056210526553e-02
9.65385242509363417e-01 8.90443267724513099e-01 -4.10468692936920357e-02
9.65385242509363417e-01 8.94286964326258982e-01 -5.43454776394493785e-02
9.65385242509363417e-01 8.98571550344595460e-01 -6.75994194741783572e-02
9.65385242509363417e-01 9.03262118445987916e-01 -8.08158485100002183e-02
9.65385242509363417e-01 9.08293135363566928e-01 -9.39446320172840077e-02
9.65385242509363417e-01 9.13587932719012730e-01 -1.06933910499558499e-01
9.65385242509363417e-01 9.19083454980951231e-01 -1.19772539016608628e-01
9.65385242509363417e-01 9.24748143085486696e-01 -1.32493382870124188e-01
9.65385242509363417e-01 9.30585891275789945e-01 -1.45141443802497050e-01
9.65385242509363417e-01 9.36627526087658313e-01 -1.57734227381028880e-01
9.65385242509363417e-01 9.42917558982754533e-01 -1.70243125276804769e-01
9.65385242509363417e-01 9.49504450846498260e-01 -1.82605461784312001e-01
9.65385242509363417e-01 9.56437892735400363e-01 -1.94753308585302848e-01
9.65385242509363417e-01 9.63770574114488188e-01 -2.06634872568409789e-01
9.65385242509363417e-01 9.71558812158981544e-01 -2.18213421332697360e-01
9.65385242509363417e-01 9.79857926528930889e-01 -2.29448473403584013e-01
9.65385242509363417e-01 9.88712684003598907e-01 -2.40278269652392323e-01
9.65385242509363417e-01 9.98147064612449064e-01 -2.50620738308281188e-01
9.65385242509363417e-01 1.00815839217121672e+00 -2.60394759719743740e-01
9.65385242509363417e-01 1.01871838451072461e+00 -2.69547318811471759e-01
9.65385242509363417e-01 1.02977996837843899e+00 -2.78067713305358510e-01
9.65385242509363417e-01 1.04128628073548812e+00 -2.85980119361831930e-01
9.65385242509363417e-01 1.05317833905925462e+00 -2.93321890896970416e-01
9.65385242509363417e-01 1.06539974797068093e+00 -3.00124334078682165e-01
9.65385242509363417e-01 1.07789884903219191e+00 -3.06408675647785789e-01
9.65385242509363417e-01 1.09062961616942178e+00 -3.12196624606300710e-01
9.65385242509363417e-01 1.10355222992484414e+00 -3.17523335456327105e-01
9.65385242509363417e-01 1.11663344385898755e+00 -3.22439662552266193e-01
9.65385242509363417e-01 1.12984644787464794e+00 -3.27000343665314497e-01
9.65385242509363417e-01 1.14317014353377555e+00 -3.31246740534593576e-01
9.65385242509363417e-01 1.15658813915090630e+00 -3.35197273953572350e-01
9.65385242509363417e-01 1.17008783730894028e+00 -3.38852473420359401e-01
9.65385242509363417e-01 1.18365966571156145e+00 -3.42210083739515836e-01
9.65385242509363417e-01 1.19729619171739587e+00 -3.45278321132047428e-01
9.65385242509363417e-01 1.21099095560887893e+00 -3.48077773540340529e-01
9.65385242509363417e-01 1.22473730817191861e+00 -3.50632139603627435e-01
9.65385242509363417e-01 1.23852787067367864e+00 -3.52956822454615904e-01
9.65385242509363417e-01 1.25235501555522366e+00 -3.55055292623986885e-01
9.65385242509363417e-01 1.26621206261774666e+00 -3.56925839395792199e-01
9.65385242509363417e-01 1.28009427422705091e+00 -3.58572272968327999e-01
9.65385242509363417e-01 1.29399880422171298e+00 -3.60008926544976460e-01
9.65385242509363417e-01 1.30792355160286977e+00 -3.61255424277099002e-01
9.65385242509363417e-01 1.32186578007041433e+00 -3.62325597053145876e-01
9.65385242509363417e-01 1.33582160727615484e+00 -3.63220031009757416e-01
9.65385242509363417e-01 1.34978677734877084e+00 -3.63928725900429462e-01
9.65385242509363417e-01 1.36375803702962406e+00 -3.64441778909397884e-01
9.65385242509363417e-01 1.37773386269593545e+00 -3.64759111000488634e-01
9.65385242509363417e-01 1.39171376840386496e+00 -3.64890850966915203e-01
9.65385242509363417e-01 1.40569661642982902e+00 -3.64847676317338110e-01
9.65385242509363417e-01 1.41967926311209980e+00 -3.64628856702067905e-01
9.65385242509363417e-01 1.43365669147050645e+00 -3.64217945510910857e-01
9.65385242509363417e-01 1.44762358901924659e+00 -3.63590117349707309e-01
9.65385242509363417e-01 1.46157608789708870e+00 -3.62725844660436558e-01
9.65385242509363417e-01 1.47551216510944982e+00 -3.61620506760876481e-01
9.65385242509363417e-01 1.48943026193472594e+00 -3.60282763380363469e-01
9.65385242509363417e-01 1.50332719340989418e+00 -3.58723435359673493e-01
9.65385242509363417e-01 1.51719710630274029e+00 -3.56943960962676332e-01
9.65385242509363417e-01 1.53103245655648057e+00 -3.54933356373796471e-01
9.65385242509363417e-01 1.54482629235024826e+00 -3.52675301301351107e-01
9.65385242509363417e-01 1.55857394089122603e+00 -3.50158662330083803e-01
9.65385242509363417e-01 1.57227257497468020e+00 -3.47382343391002379e-01
9.65385242509363417e-01 1.58591887872193316e+00 -3.44350697912238213e-01
9.65385242509363417e-01 1.59950674518469849e+00 -3.41064190292456049e-01
9.65385242509363417e-01 1.61302713407860532e+00 -3.37514280136505751e-01
9.65385242509363417e-01 1.62647058238624465e+00 -3.33687875240415543e-01
9.65385242509363417e-01 1.63983061942768149e+00 -3.29578165513645660e-01
9.65385242509363417e-01 1.65310534168840118e+00 -3.25192522645225190e-01
9.65385242509363417e-01 1.66629561114596991e+00 -3.20549895416032793e-01
9.65385242509363417e-01 1.67940093983882233e+00 -3.15668627371213040e-01
9.65385242509363417e-01 1.69241606439496217e+00 -3.10553883861013069e-01
9.65385242509363417e-01 1.70533083131357310e+00 -3.05194778684793167e-01
9.65385242509363417e-01 1.71813344436307447e+00 -2.99573652084277442e-01
9.65385242509363417e-01 1.73081433231829096e+00 -2.93679805901092383e-01
9.65385242509363417e-01 1.74336716892521082e+00 -2.87515826160358312e-01
9.65385242509363417e-01 1.75578565538023734e+00 -2.81090280577298623e-01
9.65385242509363417e-01 1.76805801976002086e+00 -2.74401820484305226e-01
9.65385242509363417e-01 1.78016310224262009e+00 -2.67427357877303262e-01
9.65385242509363417e-01 1.79207069643579620e+00 -2.60124394229119760e-01
9.65385242509363417e-01 1.80374532198884219e+00 -2.52446390036989599e-01
9.65385242509363417e-01 1.81514963604595181e+00 -2.44359265519334512e-01
9.65385242509363417e-01 1.82624386012432693e+00 -2.35845874799492233e-01
9.65385242509363417e-01 1.83698105756076924e+00 -2.26895213796426076e-01
9.65385242509363417e-01 1.84730216157821170e+00 -2.17486436927952498e-01
9.65385242509363417e-01 1.85713578996734507e+00 -2.07583264867773593e-01
9.65385242509363417e-01 1.86640463254087585e+00 -1.97146674314412906e-01
9.65385242509363417e-01 1.87503471169401004e+00 -1.86158320006601485e-01
9.65385242509363417e-01 1.88296053693881515e+00 -1.74636528393434964e-01
9.65385242509363417e-01 1.89012142174128051e+00 -1.62630621141971771e-01
9.65385242509363417e-01 1.89645123567313156e+00 -1.50196120849108522e-01
9.65385242509363417e-01 1.90187072474772934e+00 -1.37370279229037606e-01
9.65385242509363417e-01 1.90629251443793901e+00 -1.24169938177891390e-01
9.65385242509363417e-01 1.90964189562319775e+00 -1.10617741422478030e-01
9.65385242509363417e-01 1.91188522399517757e+00 -9.67787585449470661e-02
9.65385242509363417e-01 1.91304986624013651e+00 -8.27762232960799205e-02
9.65385242509363417e-01 1.91322144829051055e+00 -6.87648532707081928e-02
9.65385242509363417e-01 1.91251594070149200e+00 -5.48689787359001313e-02
9.65385242509363417e-01 1.91103911039801067e+00 -4.11210515092059123e-02
9.65385242509363417e-01 1.90885442095921398e+00 -2.74426394977608304e-02
9.65385242509363417e-01 1.90597647220050415e+00 -1.36873183869746871e-02
9.81747704246810238e-01 1.90498451813857383e+00 2.12968468901409601e-04
9.81747704246810238e-01 1.90100163141316836e+00 1.43851132782964082e-02
9.81747704246810238e-01 1.89633045823928215e+00 2.86420776415602339e-02
9.81747704246810238e-01 1.89102726268424015e+00 4.28434996658043771e-02
9.81747704246810238e-01 1.88515538796823057e+00 5.68418315203724628e-02
9.81747704246810238e-01 1.87877560474976413e+00 7.05445845603072108e-02
9.81747704246810238e-01 1.87193558154891804e+00 8.39389816961772783e-02
9.81747704246810238e-01 1.86466536578913766e+00 9.70693358434298742e-02
9.81747704246810238e-01 1.85698140242260501e+00 1.09987814576770482e-01
9.81747704246810238e-01 1.84889597690915597e+00 1.22713292546986180e-01
9.81747704246810238e-01 1.84042586080666504e+00 1.35222840556358331e-01
9.81747704246810238e-01 1.83159517099411850e+00 1.47475212587524857e-01
9.81747704246810238e-01 1.82243178914636617e+00 1.59444151508697979e-01
9.81747704246810238e-01 1.81296092862729630e+00 1.71135881622625607e-01
9.81747704246810238e-01 1.80320075527040657e+00 1.82580168387613095e-01
9.81747704246810238e-01 1.79316279915953269e+00 1.93805036918484413e-01
9.81747704246810238e-01 1.78285610939150718e+00 2.04816049515718968e-01
9.81747704246810238e-01 1.77229150275899161e+00 2.15595082785069281e-01
9.81747704246810238e-01 1.76148254509120838e+00 2.26116972643376490e-01
9.81747704246810238e-01 1.75044260660732220e+00 2.36368733406436216e-01
9.81747704246810238e-01 1.73918032708839010e+00 2.46355481697914880e-01
9.81747704246810238e-01 1.72769697376340714e+00 2.56089112265630525e-01
9.81747704246810238e-01 1.71598781366808395e+00 2.65570042185820643e-01
9.81747704246810238e-01 1.70404689154700328e+00 2.74777675534234656e-01
9.81747704246810238e-01 1.69187247542835872e+00 2.83677947783086692e-01
9.81747704246810238e-01 1.67947025896549151e+00 2.92242681516016012e-01
9.81747704246810238e-01 1.66685306582834225e+00 3.00466389184383620e-01
9.81747704246810238e-01 1.65403794756991607e+00 3.08368403702845850e-01
9.81747704246810238e-01 1.64104273461419226e+00 3.15979524968321934e-01
9.81747704246810238e-01 1.62788372882309873e+00 3.23323625236420720e-01
9.81747704246810238e-01 1.61457491318315194e+00 3.30407314134786301e-01
9.81747704246810238e-01 1.60112794289192362e+00 3.37223408485859411e-01
9.81747704246810238e-01 1.58755203882338591e+00 3.43762968139422032e-01
9.81747704246810238e-01 1.57385360587265555e+00 3.50024810831498612e-01
9.81747704246810238e-01 1.56003616257915723e+00 3.56014875298463374e-01
9.81747704246810238e-01 1.54610126286461869e+00 3.61737137809679477e-01
9.81747704246810238e-01 1.53205042539762459e+00 3.67185111935211250e-01
9.81747704246810238e-01 1.51788723661648728e+00 3.72342409611983727e-01
9.81747704246810238e-01 1.50361849031302319e+00 3.77193152491160144e-01
9.81747704246810238e-01 1.48925375261794013e+00 3.81734669027548768e-01
9.81747704246810238e-01 1.47480371704767310e+00 3.85982704234503426e-01
9.81747704246810238e-01 1.46027841686987681e+00 3.89964993820493933e-01
9.81747704246810238e-01 1.44568629557875816e+00 3.93707898607746298e-01
9.81747704246810238e-01 1.43103440007795979e+00 3.97225816054866177e-01
9.81747704246810238e-01 1.41632914332973670e+00 4.00520478972591687e-01
9.81747704246810238e-01 1.40157678904305039e+00 4.03589347761252881e-01
9.81747704246810238e-01 1.38678320685021617e+00 4.06435497017240466e-01
9.81747704246810238e-01 1.37195316359974262e+00 4.09070939489969587e-01
9.81747704246810238e-01 1.35708986474838422e+00 4.11511224655113694e-01
9.81747704246810238e-01 1.34219529033966012e+00 4.13766378359316456e-01
9.81747704246810238e-01 1.32727122999375724e+00 4.15835974669641062e-01
9.81747704246810238e-01 1.31232032329594972e+00 4.17712371981424968e-01
9.81747704246810238e-01 1.29734633424742585e+00 4.19389204490541012e-01
9.81747704246810238e-01 1.28235341415195747e+00 4.20867836269691042e-01
9.81747704246810238e-01 1.26734486359302378e+00 4.22156156831632878e-01
9.81747704246810238e-01 1.25232233373238877e+00 4.23260366753458184e-01
9.81747704246810238e-01 1.23728616931989288e+00 4.24176183996331668e-01
9.81747704246810238e-01 1.22223681491361003e+00 4.24886631280346927e-01
9.81747704246810238e-01 1.20717640111491353e+00 4.25368760368553311e-01
9.81747704246810238e-01 1.19210937392003036e+00 4.25605123577642686e-01
9.81747704246810238e-01 1.17704156963640805e+00 4.25592436448619382e-01
9.81747704246810238e-01 1.16197818951090293e+00 4.25341916523530539e-01
9.81747704246810238e-01 1.14692202520080944e+00 4.24871309666931540e-01
9.81747704246810238e-01 1.13187337569783986e+00 4.24193407904814301e-01
9.81747704246810238e-01 1.11683218218008085e+00 4.23306817299523297e-01
9.81747704246810238e-01 1.10180146262041645e+00 4.22191995152477850e-01
9.81747704246810238e-01 1.08679010315251356e+00 4.20811853295209926e-01
9.81747704246810238e-01 1.07181333081779639e+00 4.19114221190479530e-01
9.81747704246810238e-01 1.05689091186583739e+00 4.17033801564236861e-01
9.81747704246810238e-01 1.04204542912116782e+00 4.14492591800685539e-01
9.81747704246810238e-01 1.02730432473839794e+00 4.11398644105322231e-01
9.81747704246810238e-01 1.01270837807054326e+00 4.07643524824314207e-01
9.81747704246810238e-01 9.98325760284909158e-01 4.03100056460735212e-01
9.81747704246810238e-01 9.84266282169020124e-01 3.97624246958608263e-01
9.81747704246810238e-01 9.70687568230729547e-01 3.91066933362190228e-01
9.81747704246810238e-01 9.57785965638034975e-01 3.83298618881414699e-01
9.81747704246810238e-01 9.45770454274602046e-01 3.74244083848973508e-01
9.81747704246810238e-01 9.34825522417116916e-01 3.63914585044434635e-01
9.81747704246810238e-01 9.25075050385741005e-01 3.52421076883525253e-01
9.81747704246810238e-01 9.16560194710185461e-01 3.39957076426992133e-01
9.81747704246810238e-01 9.09239076587338269e-01 3.26753891501191385e-01
9.81747704246810238e-01 9.03007082001549000e-01 3.13026321111798900e-01
9.81747704246810238e-01 8.97728324212731854e-01 2.98933386872749729e-01
9.81747704246810238e-01 8.93265511470163975e-01 2.84570610783171474e-01
9.81747704246810238e-01 8.89498514554332043e-01 2.69991831301140017e-01
9.81747704246810238e-01 8.86329146941970514e-01 2.55241364720383890e-01
9.81747704246810238e-01 8.83676664361177644e-01 2.40373195257489652e-01
9.81747704246810238e-01 8.81471420168689401e-01 2.25445816487387679e-01
9.81747704246810238e-01 8.79652007786629553e-01 2.10500839549068008e-01
9.81747704246810238e-01 8.78166366110336494e-01 1.95546200361121442e-01
9.81747704246810238e-01 8.76973498061002665e-01 1.80561057354225285e-01
9.81747704246810238e-01 8.76042263323511428e-01 1.65521802610911484e-01
9.81747704246810238e-01 8.75346859569097524e-01 1.50430421325792929e-01
9.81747704246810238e-01 8.74862291531273595e-01 1.35322253226664330e-01
9.81747704246810238e-01 8.74564194993013633e-01 1.20244479860022763e-01
9.81747704246810238e-01 8.74434727337974893e-01 1.05219638360579071e-01
9.81747704246810238e-01 8.74471654936100462e-01 9.02227784250378972e-02
9.81747704246810238e-01 8.74694668471631798e-01 7.51943977788295803e-02
9.81747704246810238e-01 8.75143845365372153e-01 6.00867989269380232e-02
9.81747704246810238e-01 8.75869745323870186e-01 4.49157000444081536e-02
9.81747704246810238e-01 8.76919854210421179e-01 2.97808527403744007e-02
9.81747704246810238e-01 8.78328346912308322e-01 1.48364962797401349e-02
9.81747704246810238e-01 8.80113767692880522e-01 2.24410651521150860e-04
9.81747704246810238e-01 8.82283800864605228e-01 -1.39923159543938365e-02
9.81747704246810238e-01 8.84841594002304443e-01 -2.78555821984506173e-02
9.81747704246810238e-01 8.87787442846575070e-01 -4.14838431460280294e-02
9.81747704246810238e-01 8.91113595745514631e-01 -5.50079235172197187e-02
9.81747704246810238e-01 8.94795787859596237e-01 -6.85106352758669823e-02
9.81747704246810238e-01 8.98788750904259803e-01 -8.20040608186580477e-02
9.81747704246810238e-01 9.03031654193692135e-01 -9.54514609242878703e-02
9.81747704246810238e-01 9.07463809976389535e-01 -1.08811848490168353e-01
9.81747704246810238e-01 9.12044559738749205e-01 -1.22073762524902513e-01
9.81747704246810238e-01 9.16768185867551932e-01 -1.35256886583367236e-01
9.81747704246810238e-01 9.21666968102984874e-01 -1.48385349039482445e-01
9.81747704246810238e-01 9.26801716265568065e-01 -1.61456051325086780e-01
9.81747704246810238e-01 9.32245422400549972e-01 -1.74426038200086619e-01
9.81747704246810238e-01 9.38068347361240118e-01 -1.87226163337953194e-01
9.81747704246810238e-01 9.44330594281606817e-01 -1.99787970831338896e-01
9.81747704246810238e-01 9.51082829191804868e-01 -2.12062104989113986e-01
9.81747704246810238e-01 9.58370837497323103e-01 -2.24015103728950449e-01
9.81747704246810238e-01 9.66238000047192513e-01 -2.35609393427311381e-01
9.81747704246810238e-01 9.74722111073929365e-01 -2.46784458588610950e-01
9.81747704246810238e-01 9.83847340433828266e-01 -2.57455842046126149e-01
9.81747704246810238e-01 9.93615632495216339e-01 -2.67534674711025489e-01
9.81747704246810238e-01 1.00400239638969246e+00 -2.76955057465980425e-01
9.81747704246810238e-01 1.01495896778700456e+00 -2.85691397351548637e-01
9.81747704246810238e-01 1.02642076219186551e+00 -2.93755943487302440e-01
9.81747704246810238e-01 1.03831749553236974e+00 -3.01181260041867183e-01
9.81747704246810238e-01 1.05058158410718905e+00 -3.08001966717163511e-01
9.81747704246810238e-01 1.06315258642899479e+00 -3.14248090009012493e-01
9.81747704246810238e-01 1.07597794921366030e+00 -3.19951415278016571e-01
9.81747704246810238e-01 1.08901191633041550e+00 -3.25155531803491715e-01
9.81747704246810238e-01 1.10221457716539506e+00 -3.29918080998909513e-01
9.81747704246810238e-01 1.11555199345876077e+00 -3.34301045687426357e-01
9.81747704246810238e-01 1.12899705922136184e+00 -3.38355234899065938e-01
9.81747704246810238e-01 1.14253004642839096e+00 -3.42110007608451339e-01
9.81747704246810238e-01 1.15613796181404438e+00 -3.45575165330607226e-01
9.81747704246810238e-01 1.16981260293463607e+00 -3.48752601570389120e-01
9.81747704246810238e-01 1.18354798942250783e+00 -3.51648403833048406e-01
9.81747704246810238e-01 1.19733818738128872e+00 -3.54276912557687229e-01
9.81747704246810238e-01 1.21117629816979555e+00 -3.56655544249792456e-01
9.81747704246810238e-01 1.22505474369788225e+00 -3.58796673436235780e-01
9.81747704246810238e-01 1.23896632898399739e+00 -3.60704500162785602e-01
9.81747704246810238e-01 1.25290524931420255e+00 -3.62379706784396738e-01
9.81747704246810238e-01 1.26686738047259584e+00 -3.63827526921480127e-01
9.81747704246810238e-01 1.28084972168488331e+00 -3.65061775509186504e-01
9.81747704246810238e-01 1.29484942495554733e+00 -3.66100894162893542e-01
9.81747704246810238e-01 1.30886309444753834e+00 -3.66959004223307295e-01
9.81747704246810238e-01 1.32288681989900136e+00 -3.67639352593250368e-01
9.81747704246810238e-01 1.33691686689371880e+00 -3.68135641491606436e-01
9.81747704246810238e-01 1.35095045715688955e+00 -3.68440151905420454e-01
9.81747704246810238e-01 1.36498598731141341e+00 -3.68551846135719674e-01
9.81747704246810238e-01 1.37902243227960963e+00 -3.68477588365378084e-01
9.81747704246810238e-01 1.39305828425010336e+00 -3.68225324609990523e-01
9.81747704246810238e-01 1.40709074334296380e+00 -3.67794786885201730e-01
9.81747704246810238e-01 1.42111571321513130e+00 -3.67173445459836212e-01
9.81747704246810238e-01 1.43512856640210340e+00 -3.66341225923619285e-01
9.81747704246810238e-01 1.44912506856924095e+00 -3.65280407573207178e-01
9.81747704246810238e-01 1.46310173774933028e+00 -3.63982988474126523e-01
9.81747704246810238e-01 1.47705536929701564e+00 -3.62450029132579510e-01
9.81747704246810238e-01 1.49098213685696201e+00 -3.60684179568204200e-01
9.81747704246810238e-01 1.50487704358982777e+00 -3.58682159597226768e-01
9.81747704246810238e-01 1.51873423399162788e+00 -3.56433759787194493e-01
9.81747704246810238e-01 1.53254796813572391e+00 -3.53928150525024354e-01
9.81747704246810238e-01 1.54631346610076248e+00 -3.51161811742326135e-01
9.81747704246810238e-01 1.56002685174211275e+00 -3.48140742118807189e-01
9.81747704246810238e-01 1.57368409159700917e+00 -3.44874292077770150e-01
9.81747704246810238e-01 1.58727964151210066e+00 -3.41365167606056508e-01
9.81747704246810238e-01 1.60080583186142511e+00 -3.37603822486450433e-01
9.81747704246810238e-01 1.61425355668724335e+00 -3.33572353826117107e-01
9.81747704246810238e-01 1.62761390914402271e+00 -3.29255492075479994e-01
9.81747704246810238e-01 1.64087972632969770e+00 -3.24650444189161780e-01
9.81747704246810238e-01 1.65404609519855450e+00 -3.19768066181254862e-01
9.81747704246810238e-01 1.66710964773249914e+00 -3.14624640373880715e-01
9.81747704246810238e-01 1.68006730779525926e+00 -3.09230900480924775e-01
9.81747704246810238e-01 1.69291537494594735e+00 -3.03586827204735177e-01
9.81747704246810238e-01 1.70564929355177664e+00 -2.97685575505266697e-01
9.81747704246810238e-01 1.71826366863918945e+00 -2.91522026632074382e-01
9.81747704246810238e-01 1.73075179558662318e+00 -2.85097566777248845e-01
9.81747704246810238e-01 1.74310448775398563e+00 -2.78416192199566370e-01
9.81747704246810238e-01 1.75530887895245757e+00 -2.71475050027030151e-01
9.81747704246810238e-01 1.76734827481032530e+00 -2.64258114081701301e-01
9.81747704246810238e-01 1.77920347727066974e+00 -2.56739695862727157e-01
9.81747704246810238e-01 1.79085465456316983e+00 -2.48896096320880278e-01
9.81747704246810238e-01 1.80228187448059396e+00 -2.40715867259144622e-01
9.81747704246810238e-01 1.81346287098403369e+00 -2.32198968475910789e-01
9.81747704246810238e-01 1.82436846961939558e+00 -2.23343652731771258e-01
9.81747704246810238e-01 1.83495812455105245e+00 -2.14130742536451119e-01
9.81747704246810238e-01 1.84517855709234824e+00 -2.04518931903566792e-01
9.81747704246810238e-01 1.85496675160439506e+00 -1.94457557954886173e-01
9.81747704246810238e-01 1.86425548479166192e+00 -1.83909666436574248e-01
9.81747704246810238e-01 1.87297735038502644e+00 -1.72868858427759009e-01
9.81747704246810238e-01 1.88106386067392117e+00 -1.61356713887512632e-01
9.81747704246810238e-01 1.88843978130385470e+00 -1.49402315682591241e-01
9.81747704246810238e-01 1.89501723282801282e+00 -1.37020685938258419e-01
9.81747704246810238e-01 1.90069609001671824e+00 -1.24210154501282505e-01
9.81747704246810238e-01 1.90537482884451781e+00 -1.10975500413274641e-01
9.81747704246810238e-01 1.90897004263640335e+00 -9.73626010748085829e-02
9.81747704246810238e-01 1.91143683739933801e+00 -8.34771957853802371e-02
9.81747704246810238e-01 1.91278021696933842e+00 -6.94668308552879449e-02
9.81747704246810238e-01 1.91305121482668716e+00 -5.54689001357733316e-02
9.81747704246810238e-01 1.91232915876082243e+00 -4.15531882313903839e-02
9.81747704246810238e-01 1.91069862239196420e+00 -2.76958076552706045e-02
9.81747704246810238e-01 1.90823197113309573e+00 -1.38049669584541391e-02
9.98110165984257169e-01 1.90757731257017138e+00 1.62800133969608735e-04
9.98110165984257169e-01 1.90402086445861052e+00 1.43233051907308111e-02
9.98110165984257169e-01 1.89973365873579025e+00 2.85111749602284664e-02
9.98110165984257169e-01 1.89477776780988649e+00 4.26247091234982362e-02
9.98110165984257169e-01 1.88920114141745388e+00 5.65452874707762232e-02
9.98110165984257169e-01 1.88304855440168861e+00 7.01863111994819877e-02
9.98110165984257169e-01 1.87636740572819383e+00 8.35207007042030741e-02
9.98110165984257169e-01 1.86920603158731868e+00 9.65728075959786658e-02
9.98110165984257169e-01 1.86160753560903203e+00 1.09384260389714022e-01
9.98110165984257169e-01 1.85360464006133618e+00 1.21978567827364617e-01
9.98110165984257169e-01 1.84521951577561483e+00 1.34346770360532386e-01
9.98110165984257169e-01 1.83646852434605368e+00 1.46459438564821354e-01
9.98110165984257169e-01 1.82736834122605929e+00 1.58291865791659159e-01
9.98110165984257169e-01 1.81793934164019655e+00 1.69842216847300415e-01
9.98110165984257169e-01 1.80820450846761482e+00 1.81130340646981303e-01
9.98110165984257169e-01 1.79818546515753042e+00 1.92180627306781704e-01
9.98110165984257169e-01 1.78789905725664289e+00 2.03003593292635870e-01
9.98110165984257169e-01 1.77735703226844732e+00 2.13590069910424007e-01
9.98110165984257169e-01 1.76656868317203641e+00 2.23920807949497869e-01
9.98110165984257169e-01 1.75554397177461818e+00 2.33982248705306733e-01
9.98110165984257169e-01 1.74429438814333282e+00 2.43775319751549369e-01
9.98110165984257169e-01 1.73283072715694986e+00 2.53310650121871594e-01
9.98110165984257169e-01 1.72115952762589619e+00 2.62594764230327238e-01
9.98110165984257169e-01 1.70928115701410865e+00 2.71618737475754601e-01
9.98110165984257169e-01 1.69719151598759121e+00 2.80358473942385500e-01
9.98110165984257169e-01 1.68488684177563797e+00 2.88786570499582340e-01
9.98110165984257169e-01 1.67236892482316901e+00 2.96887084461635309e-01
9.98110165984257169e-01 1.65964773393638132e+00 3.04662898962229201e-01
9.98110165984257169e-01 1.64674011330696168e+00 3.12131460247588810e-01
9.98110165984257169e-01 1.63366562066881715e+00 3.19313247191362615e-01
9.98110165984257169e-01 1.62044205804758734e+00 3.26221770982010162e-01
9.98110165984257169e-01 1.60708293634614341e+00 3.32861288764618235e-01
9.98110165984257169e-01 1.59359747427784249e+00 3.39231523999453610e-01
9.98110165984257169e-01 1.57999208469152785e+00 3.45333352534688665e-01
9.98110165984257169e-01 1.56627178237289510e+00 3.51169714762590846e-01
9.98110165984257169e-01 1.55244069696090747e+00 3.56741177079855920e-01
9.98110165984257169e-01 1.53850205610929547e+00 3.62040917915693428e-01
9.98110165984257169e-01 1.52445856405889302e+00 3.67054888995177464e-01
9.98110165984257169e-01 1.51031362654269130e+00 3.71768745603258455e-01
9.98110165984257169e-01 1.49607287179171444e+00 3.76177367915806249e-01
9.98110165984257169e-01 1.48174483549893798e+00 3.80290202273731615e-01
9.98110165984257169e-01 1.46734008382843073e+00 3.84128391705264027e-01
9.98110165984257169e-01 1.45286915735355393e+00 3.87715587399420691e-01
9.98110165984257169e-01 1.43834062986505051e+00 3.91068799218262653e-01
9.98110165984257169e-01 1.42376052188924551e+00 3.94195260979022133e-01
9.98110165984257169e-01 1.40913329493938289e+00 3.97096523627310627e-01
9.98110165984257169e-01 1.39446346757172068e+00 3.99775659904558489e-01
9.98110165984257169e-01 1.37975648006206941e+00 4.02241619725049737e-01
9.98110165984257169e-01 1.36501812305301207e+00 4.04507566390682916e-01
9.98110165984257169e-01 1.35025308051226167e+00 4.06584979965080862e-01
9.98110165984257169e-01 1.33546391183159296e+00 4.08478477248972516e-01
9.98110165984257169e-01 1.32065146586729298e+00 4.10185373824775046e-01
9.98110165984257169e-01 1.30581653169066447e+00 4.11700026199043279e-01
9.98110165984257169e-01 1.29096145316702393e+00 4.13019249193315674e-01
9.98110165984257169e-01 1.27609037924280910e+00 4.14144473354676967e-01
9.98110165984257169e-01 1.26120789256829258e+00 4.15079048655095928e-01
9.98110165984257169e-01 1.24631712574198428e+00 4.15822891111044035e-01
9.98110165984257169e-01 1.23141900611195232e+00 4.16368607828677018e-01
9.98110165984257169e-01 1.21651344987595222e+00 4.16702083630636433e-01
9.98110165984257169e-01 1.20160172256215336e+00 4.16807405445697166e-01
9.98110165984257169e-01 1.18668806817494987e+00 4.16673279592137957e-01
9.98110165984257169e-01 1.17177907606183673e+00 4.16297416782940743e-01
9.98110165984257169e-01 1.15688097714969196e+00 4.15686667016122668e-01
9.98110165984257169e-01 1.14199688499281793e+00 4.14852711697076826e-01
9.98110165984257169e-01 1.12712643506498034e+00 4.13804667455802855e-01
9.98110165984257169e-01 1.11226878247675698e+00 4.12540715409400127e-01
9.98110165984257169e-01 1.09742744243703294e+00 4.11041132318162639e-01
9.98110165984257169e-01 1.08261387821339383e+00 4.09264929832066970e-01
9.98110165984257169e-01 1.06784750672998507e+00 4.07151254026776432e-01
9.98110165984257169e-01 1.05315271997522397e+00 4.04624500424944966e-01
9.98110165984257169e-01 1.03855668449483063e+00 4.01599657121509634e-01
9.98110165984257169e-01 1.02409259285630472e+00 3.97983716327630854e-01
9.98110165984257169e-01 1.00981040651854426e+00 3.93671711941951719e-01
9.98110165984257169e-01 9.95791979994216980e-01 3.88541329115367207e-01
9.98110165984257169e-01 9.82162785183966602e-01 3.82454557840028520e-01
9.98110165984257169e-01 9.69091467823320896e-01 3.75274212715566102e-01
9.98110165984257169e-01 9.56772502327069674e-01 3.66895718497359136e-01
9.98110165984257169e-01 9.45394677122175842e-01 3.57283743146925736e-01
9.98110165984257169e-01 9.35105239856417247e-01 3.46496110703777171e-01
9.98110165984257169e-01 9.25982381166474799e-01 3.34680072497110348e-01
9.98110165984257169e-01 9.18025647241936471e-01 3.22038743534189598e-01
9.98110165984257169e-01 9.11166363652501587e-01 3.08781451889231728e-01
9.98110165984257169e-01 9.05292093495187578e-01 2.95080792497676159e-01
9.98110165984257169e-01 9.00274549021301107e-01 2.81054869359412096e-01
9.98110165984257169e-01 8.95991152137880498e-01 2.66777754965604741e-01
9.98110165984257169e-01 8.92335512835584654e-01 2.52304568854651468e-01
9.98110165984257169e-01 8.89218228772170716e-01 2.37690871211781118e-01
9.98110165984257169e-01 8.86563236811727218e-01 2.22993584754981961e-01
9.98110165984257169e-01 8.84304892078201954e-01 2.08256582769545312e-01
9.98110165984257169e-01 8.82387914643034232e-01 1.93496490938372873e-01
9.98110165984257169e-01 8.80768855685146401e-01 1.78703835153559032e-01
9.98110165984257169e-01 8.79416198250660530e-01 1.63861794228540025e-01
9.98110165984257169e-01 8.78307408116316801e-01 1.48969512931773129e-01
9.98110165984257169e-01 8.77424015223661202e-01 1.34051483905105878e-01
9.98110165984257169e-01 8.76747945096403636e-01 1.19144007761168957e-01
9.98110165984257169e-01 8.76262157348452808e-01 1.04267730946952450e-01
9.98110165984257169e-01 8.75956136665520524e-01 8.94080764501755387e-02
9.98110165984257169e-01 8.75833499196170151e-01 7.45223025542958856e-02
9.98110165984257169e-01 8.75917068433183288e-01 5.95736647946803685e-02
9.98110165984257169e-01 8.76247549088382205e-01 4.45721383459689383e-02
9.98110165984257169e-01 8.76875027111922667e-01 2.95929279631826810e-02
9.98110165984257169e-01 8.77846167144383127e-01 1.47558016065682650e-02
9.98110165984257169e-01 8.79192089497160434e-01 1.73239375763562843e-04
9.98110165984257169e-01 8.80921388878555311e-01 -1.41032558377738020e-02
9.98110165984257169e-01 8.83020096112458464e-01 -2.81065497526390498e-02
9.98110165984257169e-01 8.85457257922426133e-01 -4.19330859577290646e-02
9.98110165984257169e-01 8.88192972555977733e-01 -5.56913204234187054e-02
9.98110165984257169e-01 8.91185928593979826e-01 -6.94509133687388619e-02
9.98110165984257169e-01 8.94399153758881349e-01 -8.32214269428035169e-02
9.98110165984257169e-01 8.97804379168274158e-01 -9.69683206161319894e-02
9.98110165984257169e-01 9.01385966582349485e-01 -1.10649827965576264e-01
9.98110165984257169e-01 9.05144552520946832e-01 -1.24247177256464753e-01
9.98110165984257169e-01 9.09099313518595742e-01 -1.37768964615355927e-01
9.98110165984257169e-01 9.13287277572587763e-01 -1.51230845216721976e-01
9.98110165984257169e-01 9.17759025655346061e-01 -1.64628857270193413e-01
9.98110165984257169e-01 9.22571969853284379e-01 -1.77926905094961951e-01
9.98110165984257169e-01 9.27783884729213026e-01 -1.91066054994913276e-01
9.98110165984257169e-01 9.33449327186723132e-01 -2.03986062112991806e-01
9.98110165984257169e-01 9.39619802227829592e-01 -2.16641010928228073e-01
9.98110165984257169e-01 9.46346017633005410e-01 -2.28996832057781236e-01
9.98110165984257169e-01 9.53678927254130504e-01 -2.41013415160846206e-01
9.98110165984257169e-01 9.61666658050700507e-01 -2.52626325497237569e-01
9.98110165984257169e-01 9.70346776362014496e-01 -2.63743679305413425e-01
9.98110165984257169e-01 9.79736344362374556e-01 -2.74262693839373461e-01
9.98110165984257169e-01 9.89824061020979862e-01 -2.84096495326848275e-01
9.98110165984257169e-01 1.00056833155947356e+00 -2.93195211445136161e-01
9.98110165984257169e-01 1.01190257122747762e+00 -3.01550363037309199e-01
9.98110165984257169e-01 1.02374583863358648e+00 -3.09183544776763464e-01
9.98110165984257169e-01 1.03601476385894187e+00 -3.16130103957573794e-01
9.98110165984257169e-01 1.04863273734522644e+00 -3.22429286789549796e-01
9.98110165984257169e-01 1.06153424235136074e+00 -3.28124711414767956e-01
9.98110165984257169e-01 1.07466479609962384e+00 -3.33269813474235788e-01
9.98110165984257169e-01 1.08797874891886948e+00 -3.37929344863165393e-01
9.98110165984257169e-01 1.10143736707244022e+00 -3.42172241374347430e-01
9.98110165984257169e-01 1.11500842113416776e+00 -3.46059064004794414e-01
9.98110165984257169e-01 1.12866690262390890e+00 -3.49632096954070493e-01
9.98110165984257169e-01 1.14239554345165617e+00 -3.52914318981265795e-01
9.98110165984257169e-01 1.15618398652355658e+00 -3.55916783265494974e-01
9.98110165984257169e-01 1.17002645015594098e+00 -3.58648086462497073e-01
9.98110165984257169e-01 1.18391877312107452e+00 -3.61119159570211790e-01
9.98110165984257169e-01 1.19785612908105832e+00 -3.63341475687371851e-01
9.98110165984257169e-01 1.21183226538074806e+00 -3.65322552607575290e-01
9.98110165984257169e-01 1.22584020900398816e+00 -3.67064489823521301e-01
9.98110165984257169e-01 1.23987360480030873e+00 -3.68567932743293469e-01
9.98110165984257169e-01 1.25392766424169766e+00 -3.69838460152504711e-01
9.98110165984257169e-01 1.26799914633153299e+00 -3.70889724644831442e-01
9.98110165984257169e-01 1.28208551607469756e+00 -3.71740068221823705e-01
9.98110165984257169e-01 1.29618395120371543e+00 -3.72404748815826914e-01
9.98110165984257169e-01 1.31029089245269170e+00 -3.72889724910085429e-01
9.98110165984257169e-01 1.32440239551425010e+00 -3.73191866920671300e-01
9.98110165984257169e-01 1.33851496652444824e+00 -3.73305309237310257e-01
9.98110165984257169e-01 1.35262623172508878e+00 -3.73228664077671801e-01
9.98110165984257169e-01 1.36673491019845672e+00 -3.72967121781537181e-01
9.98110165984257169e-01 1.38084003328002902e+00 -3.72527657622890085e-01
9.98110165984257169e-01 1.39493986481339749e+00 -3.71911215567781173e-01
9.98110165984257169e-01 1.40903118369225067e+00 -3.71108217357386472e-01
9.98110165984257169e-01 1.42310935593403465e+00 -3.70101050515929453e-01
9.98110165984257169e-01 1.43716910326439029e+00 -3.68871582184530755e-01
9.98110165984257169e-01 1.45120542044409606e+00 -3.67407857368631852e-01
9.98110165984257169e-01 1.46521401924361738e+00 -3.65705127810840358e-01
9.98110165984257169e-01 1.47919104132010415e+00 -3.63761299522681381e-01
9.98110165984257169e-01 1.49313233244476296e+00 -3.61571572240259209e-01
9.98110165984257169e-01 1.50703290598335560e+00 -3.59127505102460109e-01
9.98110165984257169e-01 1.52088707956450042e+00 -3.56421593542248949e-01
9.98110165984257169e-01 1.53468922496843585e+00 -3.53453231614614449e-01
9.98110165984257169e-01 1.54843452165981543e+00 -3.50230189960382077e-01
9.98110165984257169e-01 1.56211898748415479e+00 -3.46763140383443247e-01
9.98110165984257169e-01 1.57573852530055247e+00 -3.43056628504020300e-01
9.98110165984257169e-01 1.58928748390822139e+00 -3.39103339918799040e-01
9.98110165984257169e-01 1.60275773190771620e+00 -3.34886466430390495e-01
9.98110165984257169e-01 1.61613906046992839e+00 -3.30388875182784036e-01
9.98110165984257169e-01 1.62942091206813755e+00 -3.25602472556797751e-01
9.98110165984257169e-01 1.64259451057888239e+00 -3.20530994736869412e-01
9.98110165984257169e-01 1.65565410941827484e+00 -3.15184671353027468e-01
9.98110165984257169e-01 1.66859658557952883e+00 -3.09571594734299793e-01
9.98110165984257169e-01 1.68141967458349262e+00 -3.03692946126228602e-01
9.98110165984257169e-01 1.69412001829875258e+00 -2.97545553623595416e-01
9.98110165984257169e-01 1.70669223984956520e+00 -2.91128664654569769e-01
9.98110165984257169e-01 1.71912941962351029e+00 -2.84447935942806707e-01
9.98110165984257169e-01 1.73142424240225257e+00 -2.77511951857534356e-01
9.98110165984257169e-01 1.74356956112124339e+00 -2.70323337710578149e-01
9.98110165984257169e-01 1.75555759972511649e+00 -2.62872012993481841e-01
9.98110165984257169e-01 1.76737814043744956e+00 -2.55137320793467959e-01
9.98110165984257169e-01 1.77901691396391426e+00 -2.47098756996921326e-01
9.98110165984257169e-01 1.79045528809649457e+00 -2.38747311214273172e-01
9.98110165984257169e-01 1.80167125718738164e+00 -2.30087678594056433e-01
9.98110165984257169e-01 1.81264051916537094e+00 -2.21128030694532685e-01
9.98110165984257169e-01 1.82333613286922813e+00 -2.11864126785123008e-01
9.98110165984257169e-01 1.83372626311228171e+00 -2.02270211496159147e-01
9.98110165984257169e-01 1.84377116038108269e+00 -1.92305147811520027e-01
9.98110165984257169e-01 1.85342145712016748e+00 -1.81930837297338222e-01
9.98110165984257169e-01 1.86261914218725955e+00 -1.71129795795315814e-01
9.98110165984257169e-01 1.87130049556758205e+00 -1.59908282921841144e-01
9.98110165984257169e-01 1.87939835321997561e+00 -1.48282051962928846e-01
9.98110165984257169e-01 1.88684105679263525e+00 -1.36256087149198429e-01
9.98110165984257169e-01 1.89354788234683236e+00 -1.23816370605131329e-01
9.98110165984257169e-01 1.89942432634207869e+00 -1.10944418743666409e-01
9.98110165984257169e-01 1.90436281384267736e+00 -9.76481412913254576e-02
9.98110165984257169e-01 1.90825309643048668e+00 -8.39878538114369327e-02
9.98110165984257169e-01 1.91100182661525064e+00 -7.00758002584177808e-02
9.98110165984257169e-01 1.91255498854308881e+00 -5.60434210782939576e-02
9.98110165984257169e-01 1.91291361845891639e+00 -4.19928239244183391e-02
9.98110165984257169e-01 1.91213500086636556e+00 -2.79618800774899083e-02
9.98110165984257169e-01 1.91031782422526497e+00 -1.39260132124667552e-02
1.01447262772170399e+00 1.91001394561079585e+00 1.29649053641386517e-04
1.01447262772170399e+00 1.90709997672372533e+00 1.44113404454113414e-02
1.01447262772170399e+00 1.90329731422194426e+00 2.86433556007413860e-02
1.01447262772170399e+00 1.89871796389234282e+00 4.27327941858810442e-02
1.01447262772170399e+00 1.89345192229602910e+00 5.65887877024650807e-02
1.01447262772170399e+00 1.88756849023242612e+00 7.01528501952997513e-02
1.01447262772170399e+00 1.88112273859967782e+00 8.34123265884901821e-02
1.01447262772170399e+00 1.87416163174976447e+00 9.63895358635384475e-02
1.01447262772170399e+00 1.86672674787405501e+00 1.09115115395061191e-01
1.01447262772170399e+00 1.85885398739699648e+00 1.21603362844469501e-01
1.01447262772170399e+00 1.85057277944663934e+00 1.33844214854134225e-01
1.01447262772170399e+00 1.84190699760917131e+00 1.45813973545710129e-01
1.01447262772170399e+00 1.83287779656330629e+00 1.57494296314233867e-01
1.01447262772170399e+00 1.82350667330664340e+00 1.68884913614779086e-01
1.01447262772170399e+00 1.81381671645820086e+00 1.80001959090201336e-01
1.01447262772170399e+00 1.80383136225517182e+00 1.90865090639620177e-01
1.01447262772170399e+00 1.79357183988760838e+00 2.01484228204635518e-01
1.01447262772170399e+00 1.78305536059587921e+00 2.11855636156436933e-01
1.01447262772170399e+00 1.77229533778655757e+00 2.21968944008783226e-01
1.01447262772170399e+00 1.76130318538998210e+00 2.31818214269769507e-01
1.01447262772170399e+00 1.75008994257769079e+00 2.41407672024035153e-01
1.01447262772170399e+00 1.73866615449086304e+00 2.50747562027253845e-01
1.01447262772170399e+00 1.72703995995799242e+00 2.59843571951485219e-01
1.01447262772170399e+00 1.71521499539256039e+00 2.68688141255101487e-01
1.01447262772170399e+00 1.70319019051327070e+00 2.77260341984233771e-01
1.01447262772170399e+00 1.69096237839567820e+00 2.85534559795520781e-01
1.01447262772170399e+00 1.67853067516412291e+00 2.93492039607252508e-01
1.01447262772170399e+00 1.66590023614490690e+00 3.01127938053816546e-01
1.01447262772170399e+00 1.65308325210330076e+00 3.08450377537501041e-01
1.01447262772170399e+00 1.64009672738039125e+00 3.15473727886890820e-01
1.01447262772170399e+00 1.62695848802256848e+00 3.22211568788673297e-01
1.01447262772170399e+00 1.61368370183952559e+00 3.28673542081017678e-01
1.01447262772170399e+00 1.60028349101304967e+00 3.34866255121138268e-01
1.01447262772170399e+00 1.58676563681405858e+00 3.40795144189165011e-01
1.01447262772170399e+00 1.57313612544800252e+00 3.46464244904795993e-01
1.01447262772170399e+00 1.55940019029549659e+00 3.51873662943627874e-01
1.01447262772170399e+00 1.54556242979157932e+00 3.57017410909928334e-01
1.01447262772170399e+00 1.53162661817394019e+00 3.61884576665921665e-01
1.01447262772170399e+00 1.51759609106101445e+00 3.66464255668454697e-01
1.01447262772170399e+00 1.50347492352254375e+00 3.70751499933087481e-01
1.01447262772170399e+00 1.48926918255360885e+00 3.74750421788491883e-01
1.01447262772170399e+00 1.47498720827525087e+00 3.78472511946583323e-01
1.01447262772170399e+00 1.46063850099380188e+00 3.81931660230748538e-01
1.01447262772170399e+00 1.44623187301080103e+00 3.85139583944825836e-01
1.01447262772170399e+00 1.43177414932856117e+00 3.88104688162873745e-01
1.01447262772170399e+00 1.41727030519396768e+00 3.90834462423954143e-01
1.01447262772170399e+00 1.40272479075088530e+00 3.93338741421705496e-01
1.01447262772170399e+00 1.38814283349760781e+00 3.95630667099087729e-01
1.01447262772170399e+00 1.37353053634348465e+00 3.97724220627208858e-01
1.01447262772170399e+00 1.35889361611259685e+00 3.99630002948275720e-01
1.01447262772170399e+00 1.34423582796361685e+00 4.01352305643407958e-01
1.01447262772170399e+00 1.32955848559241296e+00 4.02889486084521964e-01
1.01447262772170399e+00 1.31486166057236997e+00 4.04237204757738944e-01
1.01447262772170399e+00 1.30014625795358207e+00 4.05392148871985047e-01
1.01447262772170399e+00 1.28541536038779447e+00 4.06353798384238407e-01
1.01447262772170399e+00 1.27067373277123608e+00 4.07123383621595392e-01
1.01447262772170399e+00 1.25592585553157576e+00 4.07701069364818980e-01
1.01447262772170399e+00 1.24117413142061905e+00 4.08083277666455801e-01
1.01447262772170399e+00 1.22641888861754333e+00 4.08261653983635453e-01
1.01447262772170399e+00 1.21166038618067251e+00 4.08224169213009469e-01
1.01447262772170399e+00 1.19690128818097863e+00 4.07958019867924460e-01
1.01447262772170399e+00 1.18214745880270233e+00 4.07453510879787817e-01
1.01447262772170399e+00 1.16740609686872876e+00 4.06707640291287531e-01
1.01447262772170399e+00 1.15268241220706114e+00 4.05725533630780011e-01
1.01447262772170399e+00 1.13797754928806305e+00 4.04517781665108156e-01
1.01447262772170399e+00 1.12328994437269225e+00 4.03092963934684301e-01
1.01447262772170399e+00 1.10861991584527741e+00 4.01447218734099942e-01
1.01447262772170399e+00 1.09397473949486179e+00 3.99555224302460377e-01
1.01447262772170399e+00 1.07937082774052695e+00 3.97367229844763470e-01
1.01447262772170399e+00 1.06483174862847263e+00 3.94813732493546454e-01
1.01447262772170399e+00 1.05038444726940772e+00 3.91814461563691041e-01
1.01447262772170399e+00 1.03605852502322038e+00 3.88285016382669157e-01
1.01447262772170399e+00 1.02189255782088728e+00 3.84135974159141025e-01
1.01447262772170399e+00 1.00794709653901449e+00 3.79265556740773391e-01
1.01447262772170399e+00 9.94318585635823982e-01 3.73554065936235913e-01
1.01447262772170399e+00 9.81145477004981226e-01 3.66870642787551826e-01
1.01447262772170399e+00 9.68599667462315739e-01 3.59097341776227263e-01
1.01447262772170399e+00 9.56862599780269996e-01 3.50164371869212454e-01
1.01447262772170399e+00 9.46092769228954689e-01 3.40080665664980131e-01
1.01447262772170399e+00 9.36395923484032777e-01 3.28942882034361950e-01
1.01447262772170399e+00 9.27808429023886827e-01 3.16915582713933663e-01
1.01447262772170399e+00 9.20298597304451516e-01 3.04190455111938207e-01
1.01447262772170399e+00 9.13783325296614990e-01 2.90943634580695221e-01
1.01447262772170399e+00 9.08152011089734201e-01 2.77310065014484297e-01
1.01447262772170399e+00 9.03288682617634509e-01 2.63382459168603200e-01
1.01447262772170399e+00 8.99086369353457315e-01 2.49227427002558177e-01
1.01447262772170399e+00 8.95452622564538392e-01 2.34902761192737369e-01
1.01447262772170399e+00 8.92308964674729088e-01 2.20463031457577563e-01
1.01447262772170399e+00 8.89588293791583218e-01 2.05952389356951482e-01
1.01447262772170399e+00 8.87233064093254198e-01 1.91394584101580528e-01
1.01447262772170399e+00 8.85194873028825935e-01 1.76792225405023096e-01
1.01447262772170399e+00 8.83434515696125855e-01 1.62139039699283533e-01
1.01447262772170399e+00 8.81921390695223573e-01 1.47437092915281509e-01
1.01447262772170399e+00 8.80632058740933088e-01 1.32705398902444843e-01
1.01447262772170399e+00 8.79548830940268478e-01 1.17971997050212093e-01
1.01447262772170399e+00 8.78659634760715069e-01 1.03254636079212203e-01
1.01447262772170399e+00 8.77959776339546139e-01 8.85455895843284130e-02
1.01447262772170399e+00 8.77454934701250577e-01 7.38151488628784325e-02
1.01447262772170399e+00 8.77163514621627227e-01 5.90355424111094693e-02
1.01447262772170399e+00 8.77116075763556102e-01 4.42111342637091717e-02
1.01447262772170399e+00 8.77350336216376148e-01 2.93935777380077180e-02
1.01447262772170399e+00 8.77902072253967658e-01 1.46683450367065746e-02
1.01447262772170399e+00 8.78794400180897828e-01 1.17335621842222857e-04
1.01447262772170399e+00 8.80029387808406782e-01 -1.42212086742113455e-02
1.01447262772170399e+00 8.81585776229185547e-01 -2.83711298607538381e-02
1.01447262772170399e+00 8.83424533165509174e-01 -4.24036846089218752e-02
1.01447262772170399e+00 8.85500729715199220e-01 -5.63988677566453281e-02
1.01447262772170399e+00 8.87777346860666117e-01 -7.04062503266496414e-02
1.01447262772170399e+00 8.90235638834209086e-01 -8.44277605760952593e-02
1.01447262772170399e+00 8.92878288649459839e-01 -9.84295048313263699e-02
1.01447262772170399e+00 8.95725062437891961e-01 -1.12371001683285468e-01
1.01447262772170399e+00 8.98804176153972567e-01 -1.26230681866113664e-01
1.01447262772170399e+00 9.02144237630477019e-01 -1.40011778320348418e-01
1.01447262772170399e+00 9.05770611073400400e-01 -1.53727918690030468e-01
1.01447262772170399e+00 9.09707146354116314e-01 -1.67381533453642678e-01
1.01447262772170399e+00 9.13981261474849149e-01 -1.80951211463466682e-01
1.01447262772170399e+00 9.18629051870653246e-01 -1.94395351072566086e-01
1.01447262772170399e+00 9.23697883387044838e-01 -2.07666322389080366e-01
1.01447262772170399e+00 9.29245843297231922e-01 -2.20721837717146874e-01
1.01447262772170399e+00 9.35338906462543695e-01 -2.33523437820293389e-01
1.01447262772170399e+00 9.42046758741088452e-01 -2.46022852782277424e-01
1.01447262772170399e+00 9.49437247781031557e-01 -2.58147009413851436e-01
1.01447262772170399e+00 9.57568701999212957e-01 -2.69794290029112038e-01
1.01447262772170399e+00 9.66480005242420392e-01 -2.80847335389058206e-01
1.01447262772170399e+00 9.76180272315229969e-01 -2.91196879083711502e-01
1.01447262772170399e+00 9.86641867569777675e-01 -3.00764505080465094e-01
1.01447262772170399e+00 9.97800628981074245e-01 -3.09513922134580677e-01
1.01447262772170399e+00 1.00956479453016135e+00 -3.17448263897528837e-01
1.01447262772170399e+00 1.02183029161283123e+00 -3.24598934991579158e-01
1.01447262772170399e+00 1.03449696557841375e+00 -3.31014305615221327e-01
1.01447262772170399e+00 1.04747996305103119e+00 -3.36753275370072214e-01
1.01447262772170399e+00 1.06071318949624027e+00 -3.41883001804563103e-01
1.01447262772170399e+00 1.07414592793605368e+00 -3.46476672751570458e-01
1.01447262772170399e+00 1.08773681902290709e+00 -3.50608241402060095e-01
1.01447262772170399e+00 1.10144968924827058e+00 -3.54344827828011022e-01
1.01447262772170399e+00 1.11525329197957590e+00 -3.57740358000781800e-01
1.01447262772170399e+00 1.12912374290107698e+00 -3.60833563622897813e-01
1.01447262772170399e+00 1.14304653559484803e+00 -3.63650390510155852e-01
1.01447262772170399e+00 1.15701562472332120e+00 -3.66208024235275431e-01
1.01447262772170399e+00 1.17102946486065118e+00 -3.68517541141047289e-01
1.01447262772170399e+00 1.18508620819188537e+00 -3.70584536611948012e-01
1.01447262772170399e+00 1.19918083482926696e+00 -3.72409625514958154e-01
1.01447262772170399e+00 1.21330553674537334e+00 -3.73991040342998682e-01
1.01447262772170399e+00 1.22745239594667455e+00 -3.75329354310591889e-01
1.01447262772170399e+00 1.24161599006959467e+00 -3.76431677105491580e-01
1.01447262772170399e+00 1.25579396266053900e+00 -3.77312098021154729e-01
1.01447262772170399e+00 1.26998536067949686e+00 -3.77987494679384917e-01
1.01447262772170399e+00 1.28418825877672260e+00 -3.78471317224657988e-01
1.01447262772170399e+00 1.29839859512105815e+00 -3.78769681260125668e-01
1.01447262772170399e+00 1.31261104378300053e+00 -3.78882464153709853e-01
1.01447262772170399e+00 1.32682109128579273e+00 -3.78808250297349103e-01
1.01447262772170399e+00 1.34102657307005635e+00 -3.78548951616728302e-01
1.01447262772170399e+00 1.35522741425907856e+00 -3.78110202596136091e-01
1.01447262772170399e+00 1.36942375755964774e+00 -3.77497032765597373e-01
1.01447262772170399e+00 1.38361389662625500e+00 -3.76708150457219670e-01
1.01447262772170399e+00 1.39779352597707973e+00 -3.75733357660599343e-01
1.01447262772170399e+00 1.41195674948335248e+00 -3.74556213316613151e-01
1.01447262772170399e+00 1.42609793268347729e+00 -3.73160025582640942e-01
1.01447262772170399e+00 1.44021289818098452e+00 -3.71532836201199368e-01
1.01447262772170399e+00 1.45429857011994557e+00 -3.69668156010951210e-01
1.01447262772170399e+00 1.46835145711322079e+00 -3.67561819662441003e-01
1.01447262772170399e+00 1.48236629817871979e+00 -3.65208410338913603e-01
1.01447262772170399e+00 1.49633605615681864e+00 -3.62600719631548774e-01
1.01447262772170399e+00 1.51025335312395237e+00 -3.59732723307998881e-01
1.01447262772170399e+00 1.52411226584571846e+00 -3.56603181559022375e-01
1.01447262772170399e+00 1.53790905896793872e+00 -3.53216157313806567e-01
1.01447262772170399e+00 1.55164119985078797e+00 -3.49577259206855395e-01
1.01447262772170399e+00 1.56530528860553830e+00 -3.45688157670109797e-01
1.01447262772170399e+00 1.57889536577238254e+00 -3.41543662239955081e-01
1.01447262772170399e+00 1.59240279515933714e+00 -3.37133772920115982e-01
1.01447262772170399e+00 1.60581775813824090e+00 -3.32449083905064113e-01
1.01447262772170399e+00 1.61913121499394674e+00 -3.27485117130333347e-01
1.01447262772170399e+00 1.63233588328285095e+00 -3.22242083320879114e-01
1.01447262772170399e+00 1.64542559115526310e+00 -3.16720592764392850e-01
1.01447262772170399e+00 1.65839368299917678e+00 -3.10917603317896307e-01
1.01447262772170399e+00 1.67123198165208753e+00 -3.04827030808682953e-01
1.01447262772170399e+00 1.68393148061208731e+00 -2.98445505844279813e-01
1.01447262772170399e+00 1.69648462730788796e+00 -2.91778827158210130e-01
1.01447262772170399e+00 1.70888768203796348e+00 -2.84842995213914152e-01
1.01447262772170399e+00 1.72114121923527708e+00 -2.77657193545609804e-01
1.01447262772170399e+00 1.73324777800325114e+00 -2.70232396735844538e-01
1.01447262772170399e+00 1.74520743276531598e+00 -2.62563457338799766e-01
1.01447262772170399e+00 1.75701349958360509e+00 -2.54630855219094343e-01
1.01447262772170399e+00 1.76865072046516314e+00 -2.46411521398369748e-01
1.01447262772170399e+00 1.78009690173366675e+00 -2.37891236889893637e-01
1.01447262772170399e+00 1.79132692585715247e+00 -2.29069545367995342e-01
1.01447262772170399e+00 1.80231660391168380e+00 -2.19953523418970287e-01
1.01447262772170399e+00 1.81304394961230364e+00 -2.10545284429830309e-01
1.01447262772170399e+00 1.82348711955053466e+00 -2.00833165509268829e-01
1.01447262772170399e+00 1.83362044279130898e+00 -1.90793926378208772e-01
1.01447262772170399e+00 1.84341121822208009e+00 -1.80404637776159255e-01
1.01447262772170399e+00 1.85281936793060176e+00 -1.69654867452914221e-01
1.01447262772170399e+00 1.86179984973314849e+00 -1.58548878635006635e-01
1.01447262772170399e+00 1.87030532807033434e+00 -1.47095132636353376e-01
1.01447262772170399e+00 1.87828569685192548e+00 -1.35291009831414705e-01
1.01447262772170399e+00 1.88568259890085299e+00 -1.23116005887459232e-01
1.01447262772170399e+00 1.89242054780007019e+00 -1.10541869121231109e-01
1.01447262772170399e+00 1.89839970338323361e+00 -9.75559290673718160e-02
1.01447262772170399e+00 1.90349650464752895e+00 -8.41829730497539452e-02
1.01447262772170399e+00 1.90757598701821918e+00 -7.04899438727099870e-02
1.01447262772170399e+00 1.91051443185263392e+00 -5.65681821469630544e-02
1.01447262772170399e+00 1.91222552422074821e+00 -4.25031306297931344e-02
1.01447262772170399e+00 1.91268042614624489e+00 -2.83506143006916483e-02
1.01447262772170399e+00 1.91191386959152210e+00 -1.41350535536650841e-02
1.03083508945915070e+00 1.91187590604427737e+00 8.07531057748089192e-05
1.03083508945915070e+00 1.90992274006090912e+00 1.45866160521039619e-02
1.03083508945915070e+00 1.90683512356244189e+00 2.89607198003280671e-02
1.03083508945915070e+00 1.90277703716718527e+00 4.30914075675632238e-02
1.03083508945915070e+00 1.89791225507668893e+00 5.69120521715670083e-02
1.03083508945915070e+00 1.89237094621131230e+00 7.04086661651927848e-02
1.03083508945915070e+00 1.88623637465521665e+00 8.36044681372968557e-02
1.03083508945915070e+00 1.87955318782568237e+00 9.65314701675087511e-02
1.03083508945915070e+00 1.87234795310435964e+00 1.09205840476835722e-01
1.03083508945915070e+00 1.86464832942330982e+00 1.21619760452205905e-01
1.03083508945915070e+00 1.85649124820435096e+00 1.33750992308288408e-01
1.03083508945915070e+00 1.84791919534206617e+00 1.45580418385773624e-01
1.03083508945915070e+00 1.83897109808340664e+00 1.57104475564272844e-01
1.03083508945915070e+00 1.82967604719541455e+00 1.68335054740986506e-01
1.03083508945915070e+00 1.82005405911623042e+00 1.79289220885092387e-01
1.03083508945915070e+00 1.81012203988724729e+00 1.89977842187903256e-01
1.03083508945915070e+00 1.79989955689100500e+00 2.00401584450388998e-01
1.03083508945915070e+00 1.78941002953466133e+00 2.10556068364593812e-01
1.03083508945915070e+00 1.77867704690414241e+00 2.20440806222543362e-01
1.03083508945915070e+00 1.76771923091409766e+00 2.30064144040646790e-01
1.03083508945915070e+00 1.75654768853275622e+00 2.39440119769377957e-01
1.03083508945915070e+00 1.74516759810435040e+00 2.48579602468473826e-01
1.03083508945915070e+00 1.73358216924747532e+00 2.57482264743895073e-01
1.03083508945915070e+00 1.72179574272144009e+00 2.66134978740723782e-01
1.03083508945915070e+00 1.70981406531620039e+00 2.74517321176355300e-01
1.03083508945915070e+00 1.69764244931896280e+00 2.82610026399918279e-01
1.03083508945915070e+00 1.68528429550119507e+00 2.90400960858232138e-01
1.03083508945915070e+00 1.67274195006810955e+00 2.97885950461933169e-01
1.03083508945915070e+00 1.66001965840502153e+00 3.05065932568173270e-01
1.03083508945915070e+00 1.64712639451229070e+00 3.11944068239077388e-01
1.03083508945915070e+00 1.63407622165039101e+00 3.18525259707242325e-01
1.03083508945915070e+00 1.62088563334285740e+00 3.24817458197754760e-01
1.03083508945915070e+00 1.60756955254983525e+00 3.30832085404200560e-01
1.03083508945915070e+00 1.59413857113780177e+00 3.36581593797826262e-01
1.03083508945915070e+00 1.58059896131186672e+00 3.42074917812547008e-01
1.03083508945915070e+00 1.56695491331929171e+00 3.47313834590009363e-01
1.03083508945915070e+00 1.55321100741688278e+00 3.52293011235182085e-01
1.03083508945915070e+00 1.53937314923687207e+00 3.57003892506011611e-01
1.03083508945915070e+00 1.52544773226477726e+00 3.61439742956979282e-01
1.03083508945915070e+00 1.51144028353639093e+00 3.65598454858049038e-01
1.03083508945915070e+00 1.49735510301191010e+00 3.69481731625082799e-01
1.03083508945915070e+00 1.48319633871034262e+00 3.73092270009604654e-01
1.03083508945915070e+00 1.46896956083879071e+00 3.76432079239362394e-01
1.03083508945915070e+00 1.45468240825371287e+00 3.79503850825715472e-01
1.03083508945915070e+00 1.44034365733408398e+00 3.82314388119602777e-01
1.03083508945915070e+00 1.42596139139292677e+00 3.84876988522532937e-01
1.03083508945915070e+00 1.41154167468703373e+00 3.87210162951653614e-01
1.03083508945915070e+00 1.39708866125266318e+00 3.89332832121709327e-01
1.03083508945915070e+00 1.38260583963748607e+00 3.91258929630554197e-01
1.03083508945915070e+00 1.36809720369581478e+00 3.92994893728145001e-01
1.03083508945915070e+00 1.35356731390708163e+00 3.94541391479844517e-01
1.03083508945915070e+00 1.33902028317308441e+00 3.95897518753588085e-01
1.03083508945915070e+00 1.32445872310620283e+00 3.97064125300647386e-01
1.03083508945915070e+00 1.30988373432434213e+00 3.98044004447736910e-01
1.03083508945915070e+00 1.29529608078131719e+00 3.98839418060518536e-01
1.03083508945915070e+00 1.28069759934677152e+00 3.99449465772092838e-01
1.03083508945915070e+00 1.26609164718107414e+00 3.99869524852084490e-01
1.03083508945915070e+00 1.25148223019959115e+00 4.00092824610654541e-01
1.03083508945915070e+00 1.23687265556585735e+00 4.00112253654203442e-01
1.03083508945915070e+00 1.22226502027944028e+00 3.99920575008110124e-01
1.03083508945915070e+00 1.20766110663112314e+00 3.99509266836137411e-01
1.03083508945915070e+00 1.19306390719831357e+00 3.98868207691912613e-01
1.03083508945915070e+00 1.17847826564502145e+00 3.97988207943856143e-01
1.03083508945915070e+00 1.16390977118819405e+00 3.96865672359337673e-01
1.03083508945915070e+00 1.14936266617261196e+00 3.95505610607948477e-01
1.03083508945915070e+00 1.13483874968296528e+00 3.93918738021169057e-01
1.03083508945915070e+00 1.12033888580143470e+00 3.92111693109566450e-01
1.03083508945915070e+00 1.10586682183932195e+00 3.90074466401408193e-01
1.03083508945915070e+00 1.09143304834077615e+00 3.87772072046132898e-01
1.03083508945915070e+00 1.07705616199834409e+00 3.85145490943691160e-01
1.03083508945915070e+00 1.06276121503076837e+00 3.82120808554590685e-01
1.03083508945915070e+00 1.04857754909250978e+00 3.78619582849301972e-01
1.03083508945915070e+00 1.03454019445463308e+00 3.74562562142888855e-01
1.03083508945915070e+00 1.02069731937676589e+00 3.69864331412495251e-01
1.03083508945915070e+00 1.00712188571429229e+00 3.64424801651618058e-01
1.03083508945915070e+00 9.93921252050027237e-01 3.58128428359659301e-01
1.03083508945915070e+00 9.81237156044980297e-01 3.50859198468984057e-01
1.03083508945915070e+00 9.69231803635397737e-01 3.42529699306501345e-01
1.03083508945915070e+00 9.58062284403985998e-01 3.33112147402071512e-01
1.03083508945915070e+00 9.47851626606345365e-01 3.22655415609825968e-01
1.03083508945915070e+00 9.38666963601144988e-01 3.11278088584700796e-01
1.03083508945915070e+00 9.30512262659938916e-01 2.99140032642099096e-01
1.03083508945915070e+00 9.23336649958803379e-01 2.86406038876550362e-01
1.03083508945915070e+00 9.17053136977112993e-01 2.73217825798800773e-01
1.03083508945915070e+00 9.11559625783217919e-01 2.59683782336436408e-01
1.03083508945915070e+00 9.06755315452935751e-01 2.45884439949363154e-01
1.03083508945915070e+00 9.02549513465413678e-01 2.31883564660794933e-01
1.03083508945915070e+00 8.98863774120375991e-01 2.17734822071441320e-01
1.03083508945915070e+00 8.95630330845473166e-01 2.03480901419702459e-01
1.03083508945915070e+00 8.92789684698765518e-01 1.89149707893996349e-01
1.03083508945915070e+00 8.90288978727272862e-01 1.74754689588112744e-01
1.03083508945915070e+00 8.88081642600724419e-01 1.60302093807360879e-01
1.03083508945915070e+00 8.86128244554544864e-01 1.45800967685036059e-01
1.03083508945915070e+00 8.84398272526721985e-01 1.31268165483169247e-01
1.03083508945915070e+00 8.82872247500208096e-01 1.16723792401855625e-01
1.03083508945915070e+00 8.81543141211690418e-01 1.02180166753210622e-01
1.03083508945915070e+00 8.80415969971456769e-01 8.76334282977491302e-02
1.03083508945915070e+00 8.79505040207411604e-01 7.30661721637432537e-02
1.03083508945915070e+00 8.78829427522089257e-01 5.84618405266248697e-02
1.03083508945915070e+00 8.78408143053397539e-01 4.38223896565379245e-02
1.03083508945915070e+00 8.78256410307965418e-01 2.91769009297359258e-02
1.03083508945915070e+00 8.78383570237063260e-01 1.45736604962042465e-02
1.03083508945915070e+00 8.78792126597995216e-01 5.88794633951921219e-05
1.03083508945915070e+00 8.79477219977843117e-01 -1.43455911123991729e-02
1.03083508945915070e+00 8.80426561197521718e-01 -2.86519401009088341e-02
1.03083508945915070e+00 8.81621801765083757e-01 -4.28975713580355619e-02
1.03083508945915070e+00 8.83042366884894347e-01 -5.71234071404466970e-02
1.03083508945915070e+00 8.84671483904177047e-01 -7.13526030171814513e-02
1.03083508945915070e+00 8.86502275120694350e-01 -8.55818235330626231e-02
1.03083508945915070e+00 8.88540868765217651e-01 -9.97884823124523257e-02
1.03083508945915070e+00 8.90804588548044562e-01 -1.13947179936698395e-01
1.03083508945915070e+00 8.93316036447647788e-01 -1.28043710402023225e-01
1.03083508945915070e+00 8.96096535915692161e-01 -1.42078135039216735e-01
1.03083508945915070e+00 8.99163034195548216e-01 -1.56056655885472961e-01
1.03083508945915070e+00 9.02530555357210273e-01 -1.69979319022534603e-01
1.03083508945915070e+00 9.06218908807183809e-01 -1.83832139652468252e-01
1.03083508945915070e+00 9.10259880246090503e-01 -1.97587668025128421e-01
1.03083508945915070e+00 9.14701195952427382e-01 -2.11211170700580070e-01
1.03083508945915070e+00 9.19605896071319040e-01 -2.24665538460638997e-01
1.03083508945915070e+00 9.25048432823050382e-01 -2.37909404675607172e-01
1.03083508945915070e+00 9.31109737881087640e-01 -2.50888435466669169e-01
1.03083508945915070e+00 9.37872139728136656e-01 -2.63525316441550583e-01
1.03083508945915070e+00 9.45412839564378937e-01 -2.75715869436249927e-01
1.03083508945915070e+00 9.53793994871360629e-01 -2.87335948792378559e-01
1.03083508945915070e+00 9.63049505569508857e-01 -2.98258285838176040e-01
1.03083508945915070e+00 9.73172226061942758e-01 -3.08373631662528291e-01
1.03083508945915070e+00 9.84107728047481478e-01 -3.17608870974087298e-01
1.03083508945915070e+00 9.95759505412217805e-01 -3.25936578616173533e-01
1.03083508945915070e+00 1.00800563560532996e+00 -3.33374260322588767e-01
1.03083508945915070e+00 1.02072111037982971e+00 -3.39975204998197666e-01
1.03083508945915070e+00 1.03379703877215556e+00 -3.45815062411637286e-01
1.03083508945915070e+00 1.04714981279244568e+00 -3.50978577296741867e-01
1.03083508945915070e+00 1.06071902781686456e+00 -3.55549733220951347e-01
1.03083508945915070e+00 1.07445884962476801e+00 -3.59606550364839128e-01
1.03083508945915070e+00 1.08832994521802151e+00 -3.63219677083505499e-01
1.03083508945915070e+00 1.10229683199890749e+00 -3.66452490666114572e-01
1.03083508945915070e+00 1.11633054061411618e+00 -3.69360326556722574e-01
1.03083508945915070e+00 1.13041248403680861e+00 -3.71987813099088349e-01
1.03083508945915070e+00 1.14453503612998331e+00 -3.74365385891772928e-01
1.03083508945915070e+00 1.15869739535976057e+00 -3.76507545101164798e-01
1.03083508945915070e+00 1.17289920261805203e+00 -3.78415136689789100e-01
1.03083508945915070e+00 1.18713608376285729e+00 -3.80081819648065644e-01
1.03083508945915070e+00 1.20139967358162503e+00 -3.81502214587268407e-01
1.03083508945915070e+00 1.21568122281650659e+00 -3.82677886849562443e-01
1.03083508945915070e+00 1.22997537299955706e+00 -3.83618407714994225e-01
1.03083508945915070e+00 1.24428097831870499e+00 -3.84337681399263165e-01
1.03083508945915070e+00 1.25859853510707786e+00 -3.84848548291396586e-01
1.03083508945915070e+00 1.27292658598936881e+00 -3.85159398678349363e-01
1.03083508945915070e+00 1.28726016717179492e+00 -3.85274662547688107e-01
1.03083508945915070e+00 1.30159252247815838e+00 -3.85197989664259499e-01
1.03083508945915070e+00 1.31591853298238814e+00 -3.84934982098428580e-01
1.03083508945915070e+00 1.33023690526900751e+00 -3.84492912854537072e-01
1.03083508945915070e+00 1.34454923386439718e+00 -3.83877431548925785e-01
1.03083508945915070e+00 1.35885666469010391e+00 -3.83088758952467912e-01
1.03083508945915070e+00 1.37315686212055676e+00 -3.82120333150930913e-01
1.03083508945915070e+00 1.38744370733632283e+00 -3.80960962919470625e-01
1.03083508945915070e+00 1.40170988198057977e+00 -3.79598834133559937e-01
1.03083508945915070e+00 1.41595010824775325e+00 -3.78024393214134113e-01
1.03083508945915070e+00 1.43016229119636074e+00 -3.76230240094826529e-01
1.03083508945915070e+00 1.44434557336758296e+00 -3.74208751774287529e-01
1.03083508945915070e+00 1.45849691202725151e+00 -3.71950063656112051e-01
1.03083508945915070e+00 1.47260907746232372e+00 -3.69442666863089464e-01
1.03083508945915070e+00 1.48667186556179232e+00 -3.66676541369536257e-01
1.03083508945915070e+00 1.50067569991910044e+00 -3.63646409847414587e-01
1.03083508945915070e+00 1.51461480418258687e+00 -3.60352375291907112e-01
1.03083508945915070e+00 1.52848740595749488e+00 -3.56797243422681876e-01
1.03083508945915070e+00 1.54229279456358137e+00 -3.52982565051913499e-01
1.03083508945915070e+00 1.55602758949211273e+00 -3.48906533186938705e-01
1.03083508945915070e+00 1.56968420428174071e+00 -3.44565301401316748e-01
1.03083508945915070e+00 1.58325266431065592e+00 -3.39956272768217937e-01
1.03083508945915070e+00 1.59672412319549761e+00 -3.35079999947153984e-01
1.03083508945915070e+00 1.61009294141890558e+00 -3.29938323264235223e-01
1.03083508945915070e+00 1.62335532866461985e+00 -3.24529675678053353e-01
1.03083508945915070e+00 1.63650546895519122e+00 -3.18845455242866227e-01
1.03083508945915070e+00 1.64953239569910060e+00 -3.12871362680134102e-01
1.03083508945915070e+00 1.66242066912568420e+00 -3.06594214197637494e-01
1.03083508945915070e+00 1.67515513274558470e+00 -3.00010344632981707e-01
1.03083508945915070e+00 1.68772676322025572e+00 -2.93129771784699733e-01
1.03083508945915070e+00 1.70013544130324612e+00 -2.85972617508282567e-01
1.03083508945915070e+00 1.71238738766994469e+00 -2.78559461178275958e-01
1.03083508945915070e+00 1.72448866656933331e+00 -2.70901588285612172e-01
1.03083508945915070e+00 1.73643883300916513e+00 -2.62997219459331688e-01
1.03083508945915070e+00 1.74822849737685959e+00 -2.54835549010774154e-01
1.03083508945915070e+00 1.75984160260363409e+00 -2.46404917818363767e-01
1.03083508945915070e+00 1.77125988915046606e+00 -2.37698834317093988e-01
1.03083508945915070e+00 1.78246588598984879e+00 -2.28715785489036039e-01
1.03083508945915070e+00 1.79344253784218921e+00 -2.19454031467168298e-01
1.03083508945915070e+00 1.80417065369242002e+00 -2.09906647093255710e-01
1.03083508945915070e+00 1.81462714199573805e+00 -2.00061675815224521e-01
1.03083508945915070e+00 1.82478603274428353e+00 -1.89907693733353478e-01
1.03083508945915070e+00 1.83462146262757275e+00 -1.79440084008041428e-01
1.03083508945915070e+00 1.84410960130933077e+00 -1.68662138338632334e-01
1.03083508945915070e+00 1.85322691517791793e+00 -1.57579009913534851e-01
1.03083508945915070e+00 1.86194496948774280e+00 -1.46188633574876881e-01
1.03083508945915070e+00 1.87022481256010531e+00 -1.34477048067725702e-01
1.03083508945915070e+00 1.87801433273523610e+00 -1.22423038321554822e-01
1.03083508945915070e+00 1.88524933382315085e+00 -1.10010149963978454e-01
1.03083508945915070e+00 1.89185561821418480e+00 -9.72381018832413624e-02
1.03083508945915070e+00 1.89774832985289921e+00 -8.41254206704970392e-02
1.03083508945915070e+00 1.90282774547177680e+00 -7.07014880456737771e-02
1.03083508945915070e+00 1.90697583988128438e+00 -5.69946699939516202e-02
1.03083508945915070e+00 1.91006112740807854e+00 -4.30272074696756296e-02
1.03083508945915070e+00 1.91195700677028380e+00 -2.88233895180111700e-02
1.03083508945915070e+00 1.91257126971879643e+00 -1.44275065281211212e-02
1.04719755119659763e+00 1.91258986202625092e+00 3.37966145954465835e-19
1.04719755119659763e+00 1.91190439810073953e+00 1.46258059940006929e-02
1.04719755119659763e+00 1.90990124972431619e+00 2.90909588821867023e-02
1.04719755119659763e+00 1.90672082122387065e+00 4.32784003601708808e-02
1.04719755119659763e+00 1.90254277926214543e+00 5.71361758424712915e-02
1.04719755119659763e+00 1.89753374332667990e+00 7.06680850048859999e-02
1.04719755119659763e+00 1.89181453574052583e+00 8.39026262261939604e-02
1.04719755119659763e+00 1.88545745957902700e+00 9.68604817958794162e-02
1.04719755119659763e+00 1.87850641071317415e+00 1.09538585509944650e-01
1.04719755119659763e+00 1.87100181144682653e+00 1.21915887748775140e-01
1.04719755119659763e+00 1.86299402332675834e+00 1.33971651763950012e-01
1.04719755119659763e+00 1.85454016299561508e+00 1.45700871859875125e-01
1.04719755119659763e+00 1.84569142489480997e+00 1.57116280430514677e-01
1.04719755119659763e+00 1.83648301655955382e+00 1.68237646408544606e-01
1.04719755119659763e+00 1.82693449198134172e+00 1.79078092127129523e-01
1.04719755119659763e+00 1.81705915717825039e+00 1.89637938169686715e-01
1.04719755119659763e+00 1.80687454645349055e+00 1.99909624813521480e-01
1.04719755119659763e+00 1.79640621476326023e+00 2.09888548796117541e-01
1.04719755119659763e+00 1.78568312691021491e+00 2.19580790613721127e-01
1.04719755119659763e+00 1.77472948742912484e+00 2.29002009760595038e-01
1.04719755119659763e+00 1.76355991556024772e+00 2.38169012562678195e-01
1.04719755119659763e+00 1.75218136603602037e+00 2.47090805147268278e-01
1.04719755119659763e+00 1.74059943489078006e+00 2.55765525294446794e-01
1.04719755119659763e+00 1.72882340107303967e+00 2.64184430105421031e-01
1.04719755119659763e+00 1.71686592045627751e+00 2.72338630534825321e-01
1.04719755119659763e+00 1.70473808081624600e+00 2.80222827602318647e-01
1.04719755119659763e+00 1.69244447725812641e+00 2.87833671178880257e-01
1.04719755119659763e+00 1.67998292994141218e+00 2.95165388984583221e-01
1.04719755119659763e+00 1.66734963605420772e+00 3.02207747135928628e-01
1.04719755119659763e+00 1.65454612703025083e+00 3.08949296940826013e-01
1.04719755119659763e+00 1.64158292051728827e+00 3.15384123569361075e-01
1.04719755119659763e+00 1.62847728236868439e+00 3.21516947159728006e-01
1.04719755119659763e+00 1.61524693245248629e+00 3.27362246333326445e-01
1.04719755119659763e+00 1.60190435042151624e+00 3.32937447239394446e-01
1.04719755119659763e+00 1.58845549134054309e+00 3.38254656712545621e-01
1.04719755119659763e+00 1.57490308965442938e+00 3.43316419349407209e-01
1.04719755119659763e+00 1.56125129891835224e+00 3.48117830512323645e-01
1.04719755119659763e+00 1.54750781774180335e+00 3.52652606944671321e-01
1.04719755119659763e+00 1.53368212861503572e+00 3.56918128603630869e-01
1.04719755119659763e+00 1.51978182624241431e+00 3.60915918225665655e-01
1.04719755119659763e+00 1.50581048499226267e+00 3.64648145480694796e-01
1.04719755119659763e+00 1.49176903381026893e+00 3.68114087188507522e-01
1.04719755119659763e+00 1.47765954240156816e+00 3.71310353064529197e-01
1.04719755119659763e+00 1.46348826750287042e+00 3.74235302682578819e-01
1.04719755119659763e+00 1.44926542212834164e+00 3.76894297871513295e-01
1.04719755119659763e+00 1.43500182890203098e+00 3.79301403876283805e-01
1.04719755119659763e+00 1.42070513014915201e+00 3.81475743221458663e-01
1.04719755119659763e+00 1.40637850364280714e+00 3.83434830074474098e-01
1.04719755119659763e+00 1.39202271211321849e+00 3.85189541815852798e-01
1.04719755119659763e+00 1.37763959838802852e+00 3.86744052303745534e-01
1.04719755119659763e+00 1.36323406303051375e+00 3.88100147923230498e-01
1.04719755119659763e+00 1.34881295652439537e+00 3.89262013420215602e-01
1.04719755119659763e+00 1.33438196066694537e+00 3.90237450080800685e-01
1.04719755119659763e+00 1.31994320402829901e+00 3.91034592592952590e-01
1.04719755119659763e+00 1.30549568975886410e+00 3.91656937771701741e-01
1.04719755119659763e+00 1.29103821415047948e+00 3.92100826946994996e-01
1.04719755119659763e+00 1.27657235934733526e+00 3.92357396227538957e-01
1.04719755119659763e+00 1.26210310984159824e+00 3.92417247499102284e-01
1.04719755119659763e+00 1.24763667893322339e+00 3.92273872066974671e-01
1.04719755119659763e+00 1.23317750165187423e+00 3.91923074003656002e-01
1.04719755119659763e+00 1.21872703651376080e+00 3.91359304720226286e-01
1.04719755119659763e+00 1.20428542546258166e+00 3.90572821469307219e-01
1.04719755119659763e+00 1.18985453860245038e+00 3.89551226719135835e-01
1.04719755119659763e+00 1.17543965484943369e+00 3.88285245585853089e-01
1.04719755119659763e+00 1.16104816568533953e+00 3.86774418419346011e-01
1.04719755119659763e+00 1.14668635747028524e+00 3.85027241052344649e-01
1.04719755119659763e+00 1.13235727652615159e+00 3.83053495159060620e-01
1.04719755119659763e+00 1.11806215260887654e+00 3.80851972796842742e-01
1.04719755119659763e+00 1.10380512376530304e+00 3.78400442414544291e-01
1.04719755119659763e+00 1.08959827226100536e+00 3.75653587635428277e-01
1.04719755119659763e+00 1.07546363835111447e+00 3.72549331376102799e-01
1.04719755119659763e+00 1.06143148009074517e+00 3.69018248530830983e-01
1.04719755119659763e+00 1.04753766598889686e+00 3.64988975141305239e-01
1.04719755119659763e+00 1.03382467682037982e+00 3.60386185347228050e-01
1.04719755119659763e+00 1.02034848778078402e+00 3.55124329794635984e-01
1.04719755119659763e+00 1.00718869764898655e+00 3.49105067692127458e-01
1.04719755119659763e+00 9.94455074422305740e-01 3.42225474156490017e-01
1.04719755119659763e+00 9.82283528539083295e-01 3.34397819602122781e-01
1.04719755119659763e+00 9.70819163187656820e-01 3.25573991611147529e-01
1.04719755119659763e+00 9.60190935373616994e-01 3.15763551842887236e-01
1.04719755119659763e+00 9.50487361386544771e-01 3.05036700900600255e-01
1.04719755119659763e+00 9.41742560347077817e-01 2.93510636548356574e-01
1.04719755119659763e+00 9.33936905132174533e-01 2.81325486296810534e-01
1.04719755119659763e+00 9.27009803307925040e-01 2.68619762771925452e-01
1.04719755119659763e+00 9.20877605620337381e-01 2.55513543936135012e-01
1.04719755119659763e+00 9.15449469639938895e-01 2.42102217170162087e-01
1.04719755119659763e+00 9.10637375233015356e-01 2.28458334448078088e-01
1.04719755119659763e+00 9.06360600715783171e-01 2.14636772523068259e-01
1.04719755119659763e+00 9.02547221826549007e-01 2.00679384892888696e-01
1.04719755119659763e+00 8.99134877942727839e-01 1.86617916563451225e-01
1.04719755119659763e+00 8.96071406941663318e-01 1.72475904885963316e-01
1.04719755119659763e+00 8.93314812918848733e-01 1.58270560121182069e-01
1.04719755119659763e+00 8.90832255725960254e-01 1.44014751728960333e-01
1.04719755119659763e+00 8.88598715930995819e-01 1.29718491795830254e-01
1.04719755119659763e+00 8.86596411408168805e-01 1.15389472453713962e-01
1.04719755119659763e+00 8.84815280999953768e-01 1.01032993329789239e-01
1.04719755119659763e+00 8.83253520734356257e-01 8.66521295248207646e-02
1.04719755119659763e+00 8.81916553161685601e-01 7.22486862881824982e-02
1.04719755119659763e+00 8.80813686782980887e-01 5.78246422529197085e-02
1.04719755119659763e+00 8.79953533063048354e-01 4.33832015346325567e-02
1.04719755119659763e+00 8.79340522166232819e-01 2.89288054707887397e-02
1.04719755119659763e+00 8.78974426199600867e-01 1.44662848682613043e-02
1.04719755119659763e+00 8.78852828675202313e-01 9.12054868967460169e-17
1.04719755119659763e+00 8.78974426199600867e-01 -1.44662848682612227e-02
1.04719755119659763e+00 8.79340522166232708e-01 -2.89288054707883720e-02
1.04719755119659763e+00 8.79953533063048243e-01 -4.33832015346322306e-02
1.04719755119659763e+00 8.80813686782980887e-01 -5.78246422529195350e-02
1.04719755119659763e+00 8.81916553161685601e-01 -7.22486862881824010e-02
1.04719755119659763e+00 8.83253520734356035e-01 -8.66521295248206119e-02
1.04719755119659763e+00 8.84815280999953657e-01 -1.01032993329789045e-01
1.04719755119659763e+00 8.86596411408168805e-01 -1.15389472453713615e-01
1.04719755119659763e+00 8.88598715930995930e-01 -1.29718491795829921e-01
1.04719755119659763e+00 8.90832255725960587e-01 -1.44014751728960472e-01
1.04719755119659763e+00 8.93314812918848511e-01 -1.58270560121181930e-01
1.04719755119659763e+00 8.96071406941663318e-01 -1.72475904885963149e-01
1.04719755119659763e+00 8.99134877942727506e-01 -1.86617916563451031e-01
1.04719755119659763e+00 9.02547221826549229e-01 -2.00679384892888668e-01
1.04719755119659763e+00 9.06360600715782838e-01 -2.14636772523068065e-01
1.04719755119659763e+00 9.10637375233015023e-01 -2.28458334448077671e-01
1.04719755119659763e+00 9.15449469639939228e-01 -2.42102217170162254e-01
1.04719755119659763e+00 9.20877605620337270e-01 -2.55513543936134901e-01
1.04719755119659763e+00 9.27009803307925151e-01 -2.68619762771925341e-01
1.04719755119659763e+00 9.33936905132174644e-01 -2.81325486296810201e-01
1.04719755119659763e+00 9.41742560347078039e-01 -2.93510636548356296e-01
1.04719755119659763e+00 9.50487361386544771e-01 -3.05036700900599977e-01
1.04719755119659763e+00 9.60190935373617105e-01 -3.15763551842887402e-01
1.04719755119659763e+00 9.70819163187656708e-01 -3.25573991611147529e-01
1.04719755119659763e+00 9.82283528539083517e-01 -3.34397819602122837e-01
1.04719755119659763e+00 9.94455074422305851e-01 -3.42225474156489851e-01
1.04719755119659763e+00 1.00718869764898633e+00 -3.49105067692127402e-01
1.04719755119659763e+00 1.02034848778078380e+00 -3.55124329794635651e-01
1.04719755119659763e+00 1.03382467682037915e+00 -3.60386185347227772e-01
1.04719755119659763e+00 1.04753766598889642e+00 -3.64988975141305072e-01
1.04719755119659763e+00 1.06143148009074495e+00 -3.69018248530830817e-01
1.04719755119659763e+00 1.07546363835111447e+00 -3.72549331376102633e-01
1.04719755119659763e+00 1.08959827226100514e+00 -3.75653587635428110e-01
1.04719755119659763e+00 1.10380512376530282e+00 -3.78400442414544236e-01
1.04719755119659763e+00 1.11806215260887631e+00 -3.80851972796842575e-01
1.04719755119659763e+00 1.13235727652615137e+00 -3.83053495159060620e-01
1.04719755119659763e+00 1.14668635747028502e+00 -3.85027241052344649e-01
1.04719755119659763e+00 1.16104816568533953e+00 -3.86774418419345789e-01
1.04719755119659763e+00 1.17543965484943391e+00 -3.88285245585852978e-01
1.04719755119659763e+00 1.18985453860245038e+00 -3.89551226719135668e-01
1.04719755119659763e+00 1.20428542546258166e+00 -3.90572821469306997e-01
1.04719755119659763e+00 1.21872703651376080e+00 -3.91359304720226175e-01
1.04719755119659763e+00 1.23317750165187423e+00 -3.91923074003655669e-01
1.04719755119659763e+00 1.24763667893322294e+00 -3.92273872066974560e-01
1.04719755119659763e+00 1.26210310984159801e+00 -3.92417247499102062e-01
1.04719755119659763e+00 1.27657235934733504e+00 -3.92357396227538680e-01
1.04719755119659763e+00 1.29103821415047926e+00 -3.92100826946994885e-01
1.04719755119659763e+00 1.30549568975886321e+00 -3.91656937771701463e-01
1.04719755119659763e+00 1.31994320402829901e+00 -3.91034592592952646e-01
1.04719755119659763e+00 1.33438196066694492e+00 -3.90237450080800519e-01
1.04719755119659763e+00 1.34881295652439537e+00 -3.89262013420215436e-01
1.04719755119659763e+00 1.36323406303051331e+00 -3.88100147923230498e-01
1.04719755119659763e+00 1.37763959838802830e+00 -3.86744052303745312e-01
1.04719755119659763e+00 1.39202271211321849e+00 -3.85189541815852576e-01
1.04719755119659763e+00 1.40637850364280759e+00 -3.83434830074473876e-01
1.04719755119659763e+00 1.42070513014915201e+00 -3.81475743221458719e-01
1.04719755119659763e+00 1.43500182890203121e+00 -3.79301403876283694e-01
1.04719755119659763e+00 1.44926542212834164e+00 -3.76894297871513295e-01
1.04719755119659763e+00 1.46348826750287064e+00 -3.74235302682578763e-01
1.04719755119659763e+00 1.47765954240156816e+00 -3.71310353064529142e-01
1.04719755119659763e+00 1.49176903381026937e+00 -3.68114087188507411e-01
1.04719755119659763e+00 1.50581048499226267e+00 -3.64648145480694685e-01
1.04719755119659763e+00 1.51978182624241387e+00 -3.60915918225665600e-01
1.04719755119659763e+00 1.53368212861503550e+00 -3.56918128603631091e-01
1.04719755119659763e+00 1.54750781774180290e+00 -3.52652606944671376e-01
1.04719755119659763e+00 1.56125129891835202e+00 -3.48117830512323589e-01
1.04719755119659763e+00 1.57490308965442893e+00 -3.43316419349407376e-01
1.04719755119659763e+00 1.58845549134054309e+00 -3.38254656712545509e-01
1.04719755119659763e+00 1.60190435042151624e+00 -3.32937447239394446e-01
1.04719755119659763e+00 1.61524693245248629e+00 -3.27362246333326390e-01
1.04719755119659763e+00 1.62847728236868439e+00 -3.21516947159728006e-01
1.04719755119659763e+00 1.64158292051728827e+00 -3.15384123569361019e-01
1.04719755119659763e+00 1.65454612703025061e+00 -3.08949296940826290e-01
1.04719755119659763e+00 1.66734963605420794e+00 -3.02207747135928295e-01
1.04719755119659763e+00 1.67998292994141241e+00 -2.95165388984583166e-01
1.04719755119659763e+00 1.69244447725812686e+00 -2.87833671178880146e-01
1.04719755119659763e+00 1.70473808081624600e+00 -2.80222827602318814e-01
1.04719755119659763e+00 1.71686592045627751e+00 -2.72338630534825432e-01
1.04719755119659763e+00 1.72882340107303967e+00 -2.64184430105421197e-01
1.04719755119659763e+00 1.74059943489077984e+00 -2.55765525294447293e-01
1.04719755119659763e+00 1.75218136603602037e+00 -2.47090805147268305e-01
1.04719755119659763e+00 1.76355991556024772e+00 -2.38169012562678389e-01
1.04719755119659763e+00 1.77472948742912462e+00 -2.29002009760595149e-01
1.04719755119659763e+00 1.78568312691021469e+00 -2.19580790613721266e-01
1.04719755119659763e+00 1.79640621476326001e+00 -2.09888548796117652e-01
1.04719755119659763e+00 1.80687454645349033e+00 -1.99909624813521841e-01
1.04719755119659763e+00 1.81705915717825084e+00 -1.89637938169686687e-01
1.04719755119659763e+00 1.82693449198134195e+00 -1.79078092127129440e-01
1.04719755119659763e+00 1.83648301655955337e+00 -1.68237646408544606e-01
1.04719755119659763e+00 1.84569142489480997e+00 -1.57116280430514677e-01
1.04719755119659763e+00 1.85454016299561553e+00 -1.45700871859875153e-01
1.04719755119659763e+00 1.86299402332675812e+00 -1.33971651763950012e-01
1.04719755119659763e+00 1.87100181144682653e+00 -1.21915887748775223e-01
1.04719755119659763e+00 1.87850641071317370e+00 -1.09538585509944941e-01
1.04719755119659763e+00 1.88545745957902677e+00 -9.68604817958796938e-02
1.04719755119659763e+00 1.89181453574052538e+00 -8.39026262261940992e-02
1.04719755119659763e+00 1.89753374332667990e+00 -7.06680850048862358e-02
1.04719755119659763e+00 1.90254277926214521e+00 -5.71361758424716662e-02
1.04719755119659763e+00 1.90672082122387043e+00 -4.32784003601715261e-02
1.04719755119659763e+00 1.90990124972431619e+00 -2.90909588821867508e-02
1.04719755119659763e+00 1.91190439810073931e+00 -1.46258059940006426e-02
