HINT_COILS 1
nfp 5
stellarator_symmetric true
coil AAE10_SC_001 -1.45476000000000000e+06 none
6.84262071100000036e+00 4.31191869499999991e-01 1.74495433399999983e-02
6.84090959099999996e+00 4.34967999200000011e-01 -7.15008086900000006e-02
6.83429519700000032e+00 4.39031496999999993e-01 -1.60225412000000011e-01
6.82271632800000027e+00 4.44917065000000000e-01 -2.48458953600000004e-01
6.80628477900000028e+00 4.53466544099999980e-01 -3.35488630800000021e-01
6.78505999199999987e+00 4.65414389200000000e-01 -4.21241332600000018e-01
6.75928790800000012e+00 4.81485787399999976e-01 -5.04959361800000006e-01
6.72922038699999980e+00 5.01786984799999947e-01 -5.86314234499999976e-01
6.69511161500000007e+00 5.25647002100000038e-01 -6.65177014199999972e-01
6.65731582400000033e+00 5.52066523299999945e-01 -7.41282581500000037e-01
6.61598894200000043e+00 5.81300075399999949e-01 -8.14565732900000006e-01
6.57132749600000032e+00 6.12592866600000008e-01 -8.85007124200000050e-01
6.52297020700000019e+00 6.42415130199999962e-01 -9.53741958900000020e-01
6.47039985099999981e+00 6.65245123599999988e-01 -1.02191720899999994e+00
6.41358406600000031e+00 6.77897781500000018e-01 -1.08926367399999990e+00
6.35299417299999991e+00 6.79486507799999973e-01 -1.15453905799999990e+00
6.28892203000000016e+00 6.74152506999999956e-01 -1.21624657500000000e+00
6.22076920900000019e+00 6.69139855900000025e-01 -1.27344174199999993e+00
6.14845334399999999e+00 6.64565721999999970e-01 -1.32528569800000007e+00
6.07218096099999993e+00 6.58097327300000035e-01 -1.37074944699999990e+00
5.99198559999999958e+00 6.49177218800000011e-01 -1.40860805300000003e+00
5.90846156499999964e+00 6.38100121000000020e-01 -1.43734869599999993e+00
5.82185128199999991e+00 6.27710073000000035e-01 -1.45563949300000006e+00
5.73321802099999989e+00 6.21579576399999945e-01 -1.46207221500000006e+00
5.64436233899999973e+00 6.20630680400000023e-01 -1.45566788399999991e+00
5.55763966800000020e+00 6.25094338499999957e-01 -1.43595856100000008e+00
5.47541426899999983e+00 6.34944955100000041e-01 -1.40304295200000007e+00
5.40020927399999984e+00 6.50169363499999986e-01 -1.35778514899999991e+00
5.33398293499999987e+00 6.70570371000000054e-01 -1.30180800399999996e+00
5.27799740599999989e+00 6.95963729699999978e-01 -1.23734147300000008e+00
5.23254983799999973e+00 7.25927323499999999e-01 -1.16681292299999995e+00
5.19674113000000037e+00 7.58670967399999951e-01 -1.09210786199999998e+00
5.16823114700000019e+00 7.88103441399999993e-01 -1.01302453600000009e+00
5.14582069500000028e+00 8.04084407099999954e-01 -9.28272620899999956e-01
5.13298849600000029e+00 8.07961045899999952e-01 -8.40209904600000002e-01
5.13159747799999977e+00 8.00672691399999970e-01 -7.51488013200000027e-01
5.14151583599999995e+00 7.82509066000000031e-01 -6.64789909000000012e-01
5.16037813300000003e+00 7.51905348299999998e-01 -5.83300031399999974e-01
5.18415135800000026e+00 7.07264720800000024e-01 -5.09989224300000044e-01
5.20915143399999980e+00 6.50954091200000029e-01 -4.45633867399999994e-01
5.23347777199999964e+00 5.87901673399999991e-01 -3.87553904599999999e-01
5.25607063300000021e+00 5.22179754599999990e-01 -3.31866703200000002e-01
5.27744370599999968e+00 4.59414815400000009e-01 -2.72389066100000021e-01
5.29410708799999963e+00 3.95107414400000023e-01 -2.13010172800000008e-01
5.30646737699999971e+00 3.33921565799999986e-01 -1.49478332999999991e-01
5.31202497600000001e+00 2.72389820000000005e-01 -8.53008159099999941e-02
5.30753829599999971e+00 2.13944744599999986e-01 -1.81966169400000002e-02
5.29195583599999964e+00 1.55456769800000005e-01 4.71862759699999967e-02
5.26956185900000040e+00 9.64260079400000025e-02 1.10011766999999996e-01
5.24866481599999979e+00 3.27808933199999972e-02 1.68760640399999995e-01
5.22840032099999963e+00 -3.10117140200000009e-02 2.27517521700000003e-01
5.20652121000000001e+00 -9.23272602199999987e-02 2.88294880099999984e-01
5.17907214299999996e+00 -1.45822507099999998e-01 3.54058778700000021e-01
5.14463974199999985e+00 -1.85365475400000007e-01 4.26058482299999985e-01
5.10616844599999986e+00 -2.07562901900000013e-01 5.03287117299999975e-01
5.06839560199999983e+00 -2.12981671300000008e-01 5.83763262700000007e-01
5.03456162200000001e+00 -2.04335268900000006e-01 6.65754104100000021e-01
5.00593454399999960e+00 -1.84021199899999988e-01 7.47589677000000008e-01
4.98218720800000003e+00 -1.52435432099999990e-01 8.27430147700000007e-01
4.96330490500000021e+00 -1.12972883900000001e-01 9.05019850500000000e-01
4.95181194300000005e+00 -7.33079477600000057e-02 9.84019988200000029e-01
4.95217028899999967e+00 -3.91439939599999981e-02 1.06625950899999999e+00
4.96732732400000021e+00 -1.02995256799999994e-02 1.14916445699999992e+00
4.99827394199999997e+00 1.50116763299999994e-02 1.22877147299999989e+00
5.04454176299999979e+00 3.75285110300000030e-02 1.30145524799999990e+00
5.10445968299999997e+00 5.67702520399999966e-02 1.36460902099999992e+00
5.17563872900000010e+00 7.01163323200000022e-02 1.41648754599999993e+00
5.25503619599999983e+00 7.49567751300000001e-02 1.45647327999999998e+00
5.33930575599999990e+00 6.95150711899999996e-02 1.48480144199999997e+00
5.42525936499999961e+00 5.43379382099999989e-02 1.50253250699999996e+00
5.51154660699999965e+00 3.40071613500000022e-02 1.51150248399999998e+00
5.59823397200000006e+00 1.32960774500000007e-02 1.51298411800000010e+00
5.68550033999999993e+00 -3.28652099200000018e-03 1.50745079099999990e+00
5.77324862199999966e+00 -1.19705669099999992e-02 1.49478746799999995e+00
5.86007426499999973e+00 -1.36970400000000006e-02 1.47478658299999998e+00
5.94480749800000030e+00 -1.00851396100000001e-02 1.44763304900000001e+00
6.02664571800000015e+00 -3.78665300500000026e-04 1.41379362500000005e+00
6.10468923799999974e+00 1.62633623699999993e-02 1.37401825100000008e+00
6.17794186400000012e+00 4.01374947799999979e-02 1.32940064600000007e+00
6.24592462699999995e+00 7.15062469300000031e-02 1.28097524599999990e+00
6.30765370000000036e+00 1.10743629100000004e-01 1.23028775000000001e+00
6.36361098400000014e+00 1.56207865800000012e-01 1.17785383299999991e+00
6.41535225899999961e+00 2.03628046799999990e-01 1.12301204000000010e+00
6.46414379800000027e+00 2.50153245400000002e-01 1.06492056600000007e+00
6.51159669399999963e+00 2.91827055700000004e-01 1.00206122299999989e+00
6.55870889599999973e+00 3.23509967399999987e-01 9.33417592700000021e-01
6.60431769000000024e+00 3.45729294099999973e-01 8.60160919799999979e-01
6.64695321000000039e+00 3.62620394000000013e-01 7.83724147499999968e-01
6.68597997200000016e+00 3.76126808699999982e-01 7.04798590999999974e-01
6.72114965699999978e+00 3.87087106100000022e-01 6.23652054699999958e-01
6.75211333900000010e+00 3.96362397600000027e-01 5.40776822700000048e-01
6.77878805100000026e+00 4.04681401100000004e-01 4.56066133900000004e-01
6.80095607700000038e+00 4.11580039399999986e-01 3.70161730799999977e-01
6.81861741200000004e+00 4.16776902000000005e-01 2.82965108700000023e-01
6.83150609800000019e+00 4.21528663999999997e-01 1.94931003699999994e-01
6.83949856799999978e+00 4.26508290399999990e-01 1.06373998100000006e-01
6.84262071100000036e+00 4.31191869499999991e-01 1.74495433399999983e-02
end
coil AAE29_SC_002 -1.45476000000000000e+06 none
6.64364041999999966e+00 1.37870528700000006e+00 2.78678482399999979e-03
6.64401641999999981e+00 1.38941124099999991e+00 -8.48906156800000034e-02
6.64014404799999980e+00 1.39975281800000007e+00 -1.72486975200000003e-01
6.63249698100000007e+00 1.40798065399999994e+00 -2.60086019399999979e-01
6.62161361899999967e+00 1.41184537699999990e+00 -3.47726933199999977e-01
6.60722741200000030e+00 1.41164296100000008e+00 -4.34835605299999983e-01
6.58895176800000026e+00 1.40782487000000001e+00 -5.21219862499999964e-01
6.56718327300000038e+00 1.39842829100000010e+00 -6.06252378700000039e-01
6.54241503600000041e+00 1.38095465800000006e+00 -6.89279826699999987e-01
6.51417395899999985e+00 1.35687677999999989e+00 -7.69401928900000032e-01
6.48285958000000040e+00 1.32521317500000002e+00 -8.45773240600000031e-01
6.44778462900000005e+00 1.28903111699999995e+00 -9.18236506299999977e-01
6.40690141299999993e+00 1.25391850499999991e+00 -9.88192380300000006e-01
6.36009578100000006e+00 1.22087550499999997e+00 -1.05547147099999994e+00
6.30611322299999966e+00 1.19441615500000009e+00 -1.12019668500000003e+00
6.24457009600000035e+00 1.17780183200000010e+00 -1.18132792100000006e+00
6.17647023199999978e+00 1.16961974599999996e+00 -1.23705962200000008e+00
6.10240912200000007e+00 1.17093316599999997e+00 -1.28519478500000006e+00
6.02340177499999996e+00 1.18200666000000010e+00 -1.32306780699999993e+00
5.94079272799999991e+00 1.20048972199999993e+00 -1.34828118300000011e+00
5.85661319599999963e+00 1.22520890200000010e+00 -1.35856906699999991e+00
5.77368522799999973e+00 1.25519404700000003e+00 -1.35308516699999992e+00
5.69549283899999992e+00 1.29106600999999999e+00 -1.33301426099999998e+00
5.62293513200000028e+00 1.33045744199999993e+00 -1.30172047699999993e+00
5.55531188999999959e+00 1.37127814000000003e+00 -1.26208573400000001e+00
5.49039830899999970e+00 1.40910644199999990e+00 -1.21571442500000004e+00
5.42619553699999990e+00 1.43843785500000010e+00 -1.16263869200000003e+00
5.36405045800000035e+00 1.45773396299999991e+00 -1.10295157899999996e+00
5.30532231699999990e+00 1.46305854900000010e+00 -1.03713904300000004e+00
5.25270841800000010e+00 1.45359371399999993e+00 -9.66786724099999994e-01
5.20908611900000018e+00 1.43011160699999995e+00 -8.93698191100000039e-01
5.17803711699999969e+00 1.39482261800000007e+00 -8.18890524700000011e-01
5.16363207900000010e+00 1.35349779500000000e+00 -7.42145053699999946e-01
5.16686131199999998e+00 1.30760891400000001e+00 -6.66747498799999949e-01
5.18121927600000021e+00 1.25278727399999990e+00 -5.98963435900000007e-01
5.19839752399999977e+00 1.18923999700000005e+00 -5.40071751900000008e-01
5.21566638699999974e+00 1.12647024100000004e+00 -4.80383682199999995e-01
5.22885104900000020e+00 1.06079620400000008e+00 -4.22826417800000021e-01
5.23551075199999971e+00 9.92660010100000045e-01 -3.67045805100000011e-01
5.23514534600000037e+00 9.24122368599999966e-01 -3.11240956999999985e-01
5.22959774999999993e+00 8.57414189400000026e-01 -2.53612347000000016e-01
5.22227431099999961e+00 7.92047379999999968e-01 -1.94645235299999997e-01
5.21566168000000019e+00 7.25989475100000003e-01 -1.36400377900000008e-01
5.20902963200000002e+00 6.58585492699999997e-01 -7.96677523299999940e-02
5.20044286099999997e+00 5.89816345699999967e-01 -2.49478487299999996e-02
5.18609607700000019e+00 5.21481009399999973e-01 2.91697134999999996e-02
5.16176208999999986e+00 4.57449686299999991e-01 8.49414953499999931e-02
5.12599457099999967e+00 4.02776437699999990e-01 1.44366938000000000e-01
5.08289537499999966e+00 3.59631529599999999e-01 2.08312674000000003e-01
5.03629097900000033e+00 3.29693421499999972e-01 2.77076304399999973e-01
4.98952182699999991e+00 3.11333301600000001e-01 3.49770285000000014e-01
4.94144933000000020e+00 3.09081834100000008e-01 4.23815620399999982e-01
4.89251803899999960e+00 3.23183616600000001e-01 4.95980558899999979e-01
4.84416810400000042e+00 3.49777051700000008e-01 5.64959770600000022e-01
4.79784291200000013e+00 3.83968973699999994e-01 6.31974551700000053e-01
4.75642394199999963e+00 4.18877072899999980e-01 7.01722420199999974e-01
4.72379150899999978e+00 4.49823985199999998e-01 7.77758922399999997e-01
4.70279413999999996e+00 4.76584530800000017e-01 8.59260935799999959e-01
4.69508705400000004e+00 5.00433993300000046e-01 9.43992550599999980e-01
4.70145401999999990e+00 5.22693479500000002e-01 1.02922564299999997e+00
4.72201713699999992e+00 5.44151284200000029e-01 1.11241435500000008e+00
4.75650926199999979e+00 5.64242857999999958e-01 1.19120472199999994e+00
4.80357733099999962e+00 5.82623793100000009e-01 1.26364754000000001e+00
4.86101213099999985e+00 6.00006111000000009e-01 1.32849212900000002e+00
4.92686041199999991e+00 6.16432471700000040e-01 1.38506107400000000e+00
4.99998917799999987e+00 6.29092338099999981e-01 1.43291364999999993e+00
5.07884765399999960e+00 6.36615617699999969e-01 1.47201131399999996e+00
5.16127841099999962e+00 6.43851897400000039e-01 1.50292601100000001e+00
5.24565035500000043e+00 6.55716003400000025e-01 1.52594120899999997e+00
5.33097318200000014e+00 6.73322544499999953e-01 1.54095584599999991e+00
5.41579408800000017e+00 6.96692410399999962e-01 1.54783606000000007e+00
5.49933989500000031e+00 7.25431508400000036e-01 1.54670218000000004e+00
5.58053615299999972e+00 7.59199954199999971e-01 1.53781075699999992e+00
5.65792535200000035e+00 7.98496945799999969e-01 1.52165311900000000e+00
5.73089024300000016e+00 8.42756941099999990e-01 1.49884666299999991e+00
5.80051822200000000e+00 8.88847354399999956e-01 1.46985226500000010e+00
5.86770309300000026e+00 9.34266605000000028e-01 1.43505092700000003e+00
5.93321391699999978e+00 9.77599107900000042e-01 1.39462432200000008e+00
5.99733431199999956e+00 1.01752599999999993e+00 1.34888033899999993e+00
6.05990599200000002e+00 1.05385670800000009e+00 1.29813495799999989e+00
6.12061886399999988e+00 1.08637793000000005e+00 1.24282243100000001e+00
6.17964709700000014e+00 1.11408545900000000e+00 1.18324034999999994e+00
6.23695362499999995e+00 1.13639757100000005e+00 1.11971359499999989e+00
6.29136866899999969e+00 1.15538152400000005e+00 1.05291023900000003e+00
6.34205785400000011e+00 1.17408458100000002e+00 9.82930533999999967e-01
6.38872579700000021e+00 1.19269091600000010e+00 9.10374739800000055e-01
6.43169613199999990e+00 1.21075259800000001e+00 8.35259036700000013e-01
6.47054401299999959e+00 1.22901404800000003e+00 7.58153013199999948e-01
6.50516823899999963e+00 1.24821483199999994e+00 6.79084104099999974e-01
6.53585124199999967e+00 1.26713597100000008e+00 5.98435221300000042e-01
6.56309260000000005e+00 1.28431627799999992e+00 5.16277416700000047e-01
6.58685817599999979e+00 1.29997081900000011e+00 4.32634373899999980e-01
6.60667606099999993e+00 1.31527157499999992e+00 3.47887754900000012e-01
6.62204904800000005e+00 1.33148717200000011e+00 2.62437444299999989e-01
6.63277883199999962e+00 1.34917440000000011e+00 1.76521934800000002e-01
6.63968743700000008e+00 1.36579203400000004e+00 9.01240613200000040e-02
6.64364041999999966e+00 1.37870528700000006e+00 2.78678482399999979e-03
end
coil AAE38_SC_003 -1.45476000000000000e+06 none
6.36371395599999978e+00 2.12816237899999994e+00 3.63268553800000019e-02
6.37990836699999964e+00 2.10811530400000002e+00 -4.80547979299999969e-02
6.39146193900000004e+00 2.08728401599999991e+00 -1.33002260200000000e-01
6.40014873700000031e+00 2.06194265900000007e+00 -2.17047761899999997e-01
6.40616353700000030e+00 2.03238117499999982e+00 -2.99954731699999977e-01
6.41018595700000038e+00 1.99771914399999995e+00 -3.81031338399999975e-01
6.41113507599999988e+00 1.96095175799999999e+00 -4.61159949999999985e-01
6.40688199600000008e+00 1.92641888499999991e+00 -5.42218334199999985e-01
6.39627812999999978e+00 1.89574234999999991e+00 -6.24303358699999977e-01
6.37810192700000034e+00 1.87057972399999994e+00 -7.06884603200000017e-01
6.35231866899999975e+00 1.84984817399999990e+00 -7.88588002899999974e-01
6.31819107200000030e+00 1.83379615600000001e+00 -8.68414351700000031e-01
6.27418689100000027e+00 1.82589827599999999e+00 -9.44419961899999993e-01
6.22001309499999966e+00 1.82735651999999993e+00 -1.01402675699999989e+00
6.15634754800000028e+00 1.83768309200000002e+00 -1.07429228500000007e+00
6.08461244799999967e+00 1.85531162599999999e+00 -1.12246628300000006e+00
6.00673250899999989e+00 1.87869399599999998e+00 -1.15657041999999999e+00
5.92543445500000043e+00 1.90727811900000011e+00 -1.17572795600000002e+00
5.84482661499999967e+00 1.94280159299999999e+00 -1.18021257599999996e+00
5.76957572299999999e+00 1.98809308300000009e+00 -1.17200982199999992e+00
5.69928695199999957e+00 2.03877314899999984e+00 -1.15551869899999993e+00
5.62556006099999983e+00 2.08220803700000001e+00 -1.13389370999999994e+00
5.54620025300000030e+00 2.10920563999999988e+00 -1.10643044699999993e+00
5.46657977599999967e+00 2.12086468399999983e+00 -1.07033591600000011e+00
5.39235096500000033e+00 2.12096412600000006e+00 -1.02260499500000002e+00
5.32885841099999968e+00 2.11519131299999996e+00 -9.61666465600000020e-01
5.27782264599999973e+00 2.09977169800000008e+00 -8.91339521699999970e-01
5.23476934700000029e+00 2.06855985000000020e+00 -8.20966165700000028e-01
5.19381728499999973e+00 2.02127642100000005e+00 -7.58739591400000024e-01
5.15628098500000043e+00 1.95921475099999998e+00 -7.08505398000000008e-01
5.12820113400000022e+00 1.88589195499999995e+00 -6.68307024900000046e-01
5.11199436400000007e+00 1.80762586700000005e+00 -6.30946366900000055e-01
5.10719758800000001e+00 1.72924724399999996e+00 -5.90738726200000008e-01
5.11186667700000008e+00 1.65228626500000009e+00 -5.47858385199999964e-01
5.11769377099999989e+00 1.57898524100000004e+00 -4.99112188000000012e-01
5.11821510900000032e+00 1.50848508099999989e+00 -4.46135897399999981e-01
5.10950947899999974e+00 1.43915940200000003e+00 -3.92250906999999982e-01
5.09187520800000026e+00 1.37003481400000005e+00 -3.40386099499999983e-01
5.07001786799999987e+00 1.29979017500000005e+00 -2.91638284199999986e-01
5.05197817799999971e+00 1.22637690999999993e+00 -2.46207449299999992e-01
5.04268707299999974e+00 1.14988431100000010e+00 -2.03194236299999997e-01
5.03006787999999982e+00 1.07706027199999999e+00 -1.55061923600000012e-01
5.00923026799999960e+00 1.01165396599999990e+00 -9.96242936500000009e-02
4.97695853400000043e+00 9.56861819999999974e-01 -3.84543599799999983e-02
4.93428123400000018e+00 9.12184931500000018e-01 2.44855574900000005e-02
4.88107627000000033e+00 8.78835291699999965e-01 8.64963690400000068e-02
4.81950077900000018e+00 8.57873007300000046e-01 1.46050049799999998e-01
4.75336888000000002e+00 8.48135146800000017e-01 2.03642462999999996e-01
4.68630904800000003e+00 8.47050988300000030e-01 2.60963036599999976e-01
4.61999474000000010e+00 8.54684228500000032e-01 3.18597383700000014e-01
4.55541449800000020e+00 8.71305833400000007e-01 3.76446650200000010e-01
4.49383165199999990e+00 8.95698735900000043e-01 4.34665846999999994e-01
4.43878847299999979e+00 9.20857830800000055e-01 4.98840449600000013e-01
4.39281986100000044e+00 9.45980443800000015e-01 5.69793616699999950e-01
4.35665574899999974e+00 9.73023282899999953e-01 6.45631270500000021e-01
4.33167273799999997e+00 1.00167647199999998e+00 7.25226004200000052e-01
4.31879140599999989e+00 1.03139874100000006e+00 8.07282821599999978e-01
4.31752689799999967e+00 1.06263434499999998e+00 8.89785658999999951e-01
4.32707514099999990e+00 1.09559974900000001e+00 9.71044803900000031e-01
4.34772446100000032e+00 1.12889385700000000e+00 1.05013872099999994e+00
4.37819858000000028e+00 1.16274306200000010e+00 1.12560114899999997e+00
4.41891527499999981e+00 1.19528068699999990e+00 1.19681402799999992e+00
4.46916256100000009e+00 1.22558284100000003e+00 1.26269180399999992e+00
4.52494538000000013e+00 1.25862819600000009e+00 1.32250439799999997e+00
4.58320778900000025e+00 1.29832031000000003e+00 1.37565566800000005e+00
4.64459498600000043e+00 1.34185110900000004e+00 1.42158353200000009e+00
4.71053917999999960e+00 1.38607991800000008e+00 1.46018898599999991e+00
4.78141136600000038e+00 1.42843976699999997e+00 1.49106999600000001e+00
4.85761931800000024e+00 1.46651285199999992e+00 1.51397810099999997e+00
4.93742750000000008e+00 1.50103881099999992e+00 1.52868073099999990e+00
5.01916392499999997e+00 1.53381525900000004e+00 1.53521966299999990e+00
5.10151230199999972e+00 1.56522069500000005e+00 1.53375038500000005e+00
5.18380301599999971e+00 1.59567319000000007e+00 1.52458314200000000e+00
5.26509753900000010e+00 1.62598637700000004e+00 1.50809349000000004e+00
5.34424492800000017e+00 1.65690445700000000e+00 1.48479746999999995e+00
5.42090449099999994e+00 1.68896347699999994e+00 1.45509358900000008e+00
5.49441896300000021e+00 1.72247868300000007e+00 1.41949391599999997e+00
5.56427289400000014e+00 1.75744124700000004e+00 1.37857760099999993e+00
5.63020973199999997e+00 1.79407535700000009e+00 1.33277095100000009e+00
5.69204530399999964e+00 1.83207562500000010e+00 1.28261207500000007e+00
5.74977372299999967e+00 1.87109120600000001e+00 1.22857523599999996e+00
5.80382630300000013e+00 1.91040129000000003e+00 1.17099892200000011e+00
5.85469672199999991e+00 1.94918753599999994e+00 1.11018212100000002e+00
5.90298810999999990e+00 1.98646493299999993e+00 1.04641713000000003e+00
5.94937067199999969e+00 2.02115123500000005e+00 9.79965794700000004e-01
5.99458169600000002e+00 2.05231998100000013e+00 9.10870260599999981e-01
6.03895657999999980e+00 2.07913443999999981e+00 8.39433635300000036e-01
6.08167330499999981e+00 2.10256432499999990e+00 7.65909673699999960e-01
6.12184453700000031e+00 2.12386163899999980e+00 6.90351039900000019e-01
6.15978566899999969e+00 2.14222951800000017e+00 6.12788699100000001e-01
6.19576266199999992e+00 2.15648715800000002e+00 5.33570148000000022e-01
6.22988026300000008e+00 2.16590477299999984e+00 4.52715687199999994e-01
6.26199076999999971e+00 2.16975066600000011e+00 3.70654934599999986e-01
6.29225011599999995e+00 2.16669398699999993e+00 2.87918458699999991e-01
6.31964740200000019e+00 2.15819974500000011e+00 2.04432523199999994e-01
6.34379603599999964e+00 2.14457186000000011e+00 1.20636243700000007e-01
6.36371395599999978e+00 2.12816237899999994e+00 3.63268553800000019e-02
end
coil AAE47_SC_004 -1.45476000000000000e+06 none
6.10934773500000006e+00 2.63427665599999994e+00 3.18753746400000024e-02
6.14153297100000017e+00 2.60624799800000018e+00 -4.63584191500000034e-02
6.16695141100000033e+00 2.57952974499999987e+00 -1.27464878799999987e-01
6.18373776999999958e+00 2.55738319800000014e+00 -2.12082220699999990e-01
6.19022566100000038e+00 2.54304847600000006e+00 -2.99798396700000025e-01
6.18609320499999971e+00 2.53753559700000020e+00 -3.88635120999999972e-01
6.17130981700000003e+00 2.54171541699999981e+00 -4.76436617399999984e-01
6.14591491300000037e+00 2.55658589299999983e+00 -5.60500341699999960e-01
6.11016387000000005e+00 2.58279398899999979e+00 -6.37805176400000007e-01
6.06526588300000036e+00 2.61798162299999992e+00 -7.06210498000000020e-01
6.01200943300000024e+00 2.65923642500000001e+00 -7.64527188400000002e-01
5.95088055100000002e+00 2.70468105100000011e+00 -8.10847304599999985e-01
5.88307136899999961e+00 2.75257761099999998e+00 -8.43235471399999992e-01
5.81074902900000012e+00 2.80152243499999987e+00 -8.60736980600000035e-01
5.73639900399999991e+00 2.85056905599999988e+00 -8.64006078600000005e-01
5.66064383899999957e+00 2.89679745300000002e+00 -8.56222056000000009e-01
5.57965588099999987e+00 2.93151200000000012e+00 -8.42726270000000000e-01
5.49442602400000002e+00 2.94976146100000003e+00 -8.24317421599999989e-01
5.40844534799999987e+00 2.95281799300000003e+00 -8.01220802100000018e-01
5.32337965999999962e+00 2.94120470000000012e+00 -7.77368948799999959e-01
5.24041462000000013e+00 2.91516724500000013e+00 -7.57881605999999985e-01
5.16215044499999998e+00 2.87443407499999992e+00 -7.45282051999999973e-01
5.09273900400000024e+00 2.81928968800000002e+00 -7.36638867300000055e-01
5.03418444600000026e+00 2.75283798500000021e+00 -7.27054068499999984e-01
4.98826437900000030e+00 2.67753619600000015e+00 -7.14296083699999973e-01
4.95513532300000037e+00 2.59640525199999983e+00 -6.98249362400000018e-01
4.93522181899999968e+00 2.51149755399999997e+00 -6.80021746700000040e-01
4.92474799499999971e+00 2.42505305699999996e+00 -6.61036838100000024e-01
4.91929336900000003e+00 2.33814253499999980e+00 -6.42136441200000019e-01
4.91461957200000032e+00 2.25123407199999992e+00 -6.23090778400000045e-01
4.90852298300000012e+00 2.16472823299999995e+00 -6.02680429700000020e-01
4.89821538699999959e+00 2.07964547999999994e+00 -5.78390463399999999e-01
4.88627110899999995e+00 1.99674899199999989e+00 -5.47909209700000011e-01
4.87321913700000042e+00 1.91719956600000008e+00 -5.09963223700000023e-01
4.86856593500000034e+00 1.83876886899999992e+00 -4.67947451000000014e-01
4.86175853800000013e+00 1.76235879600000001e+00 -4.22680122599999986e-01
4.84664063299999981e+00 1.68821162700000005e+00 -3.75635333299999985e-01
4.81848046300000021e+00 1.61813836400000000e+00 -3.28319357400000011e-01
4.77591525600000022e+00 1.55497429399999998e+00 -2.82078106800000006e-01
4.71932042200000001e+00 1.50238172500000000e+00 -2.37698387099999991e-01
4.65179603400000019e+00 1.46242967799999990e+00 -1.95412843700000005e-01
4.57600438700000023e+00 1.43721203600000003e+00 -1.56045665000000000e-01
4.49404760100000011e+00 1.42898773100000009e+00 -1.21918128599999995e-01
4.40990190299999973e+00 1.43482497499999995e+00 -9.34626844800000023e-02
4.32594979399999957e+00 1.44783884799999996e+00 -6.64228338400000007e-02
4.24376205400000028e+00 1.46298117200000011e+00 -3.55883712899999968e-02
4.16511158199999976e+00 1.47751610299999991e+00 3.75417234000000001e-03
4.09268568099999985e+00 1.49085213400000005e+00 5.38809128499999970e-02
4.02798098800000037e+00 1.50454548199999993e+00 1.13574852899999995e-01
3.97147882900000004e+00 1.51989051600000002e+00 1.80756533299999994e-01
3.92402034599999983e+00 1.53671335899999995e+00 2.54219115300000020e-01
3.88623926300000022e+00 1.55462403899999990e+00 3.32902353900000003e-01
3.85843596899999985e+00 1.57339233700000003e+00 4.15517101100000008e-01
3.84060752099999991e+00 1.59292440000000002e+00 5.00618719500000031e-01
3.83273155899999995e+00 1.61302148999999995e+00 5.87038428900000020e-01
3.83475777300000020e+00 1.63342279100000010e+00 6.73710826300000010e-01
3.84634164499999986e+00 1.65414124999999990e+00 7.59645091899999958e-01
3.86627692099999987e+00 1.67608788200000003e+00 8.43632726299999969e-01
3.89292986000000019e+00 1.70108339799999997e+00 9.24904669000000013e-01
3.92562613599999999e+00 1.72984286900000006e+00 1.00263706200000002e+00
3.96463024300000022e+00 1.76174595899999997e+00 1.07611424500000008e+00
4.00961884600000040e+00 1.79672117500000006e+00 1.14459348499999991e+00
4.06009708499999977e+00 1.83480131999999996e+00 1.20738038000000003e+00
4.11626119800000012e+00 1.87459066900000004e+00 1.26384274800000007e+00
4.17888701399999984e+00 1.91383676299999994e+00 1.31375184099999998e+00
4.24690920200000033e+00 1.95222494399999991e+00 1.35666921499999993e+00
4.31826271300000020e+00 1.99179922700000001e+00 1.39227624400000005e+00
4.39108991500000023e+00 2.03510245699999981e+00 1.42015147199999991e+00
4.46325720699999984e+00 2.08348946200000018e+00 1.43946523200000009e+00
4.53421530199999978e+00 2.13649406999999991e+00 1.44988418600000002e+00
4.60366293099999968e+00 2.19230866400000002e+00 1.45143201699999991e+00
4.67018671499999982e+00 2.25097516800000008e+00 1.44397809599999993e+00
4.73239240100000025e+00 2.31262612299999981e+00 1.42751962999999993e+00
4.79020820100000044e+00 2.37580475599999996e+00 1.40278419499999996e+00
4.84515546799999974e+00 2.43828361500000002e+00 1.37106277900000006e+00
4.89926747700000043e+00 2.49831818899999991e+00 1.33359547099999998e+00
4.95542835499999956e+00 2.55353524499999995e+00 1.29188861699999991e+00
5.01545807399999966e+00 2.60204140500000003e+00 1.24732749900000006e+00
5.08015688199999982e+00 2.64225529700000017e+00 1.20117316900000004e+00
5.14925646200000031e+00 2.67334548899999991e+00 1.15417063500000006e+00
5.22100686100000022e+00 2.69570474799999982e+00 1.10639146499999996e+00
5.29352161300000024e+00 2.71110803600000017e+00 1.05686351799999989e+00
5.36484364399999958e+00 2.72181575500000017e+00 1.00452139500000004e+00
5.43296527499999993e+00 2.73127073499999984e+00 9.47979885400000000e-01
5.49800713099999960e+00 2.73951828200000014e+00 8.87617636400000021e-01
5.55954260900000019e+00 2.74745573399999987e+00 8.23690316400000011e-01
5.61885269400000009e+00 2.75299803399999998e+00 7.57471184999999991e-01
5.67664113300000039e+00 2.75517517800000000e+00 6.89583891099999957e-01
5.73304620399999987e+00 2.75350171899999996e+00 6.20704232300000047e-01
5.78797375899999977e+00 2.74861903499999993e+00 5.50619274700000050e-01
5.84099719600000000e+00 2.74112730899999990e+00 4.79435484999999995e-01
5.89201236600000033e+00 2.73108214699999996e+00 4.07171545299999993e-01
5.94088922899999972e+00 2.71844647899999980e+00 3.33712420299999979e-01
5.98740712800000008e+00 2.70278399399999980e+00 2.59301328499999983e-01
6.03126773400000005e+00 2.68371957600000011e+00 1.84091074399999999e-01
6.07215448200000019e+00 2.66069775900000005e+00 1.08425082100000000e-01
6.10934773500000006e+00 2.63427665599999994e+00 3.18753746400000024e-02
end
coil AAE56_SC_005 -1.45476000000000000e+06 none
5.75224272200000009e+00 3.29099245399999996e+00 -3.20663596400000001e-02
5.73586413299999975e+00 3.35057615300000000e+00 -9.55895915100000021e-02
5.70786842700000019e+00 3.41436850500000011e+00 -1.50260900199999992e-01
5.66871397899999963e+00 3.47830148900000014e+00 -1.97510329799999995e-01
5.61813188400000030e+00 3.53810143099999985e+00 -2.38927185799999997e-01
5.55728250000000035e+00 3.59155823800000018e+00 -2.74820717900000011e-01
5.49023473000000006e+00 3.63899200799999978e+00 -3.08056315199999986e-01
5.41824072599999962e+00 3.67636355200000020e+00 -3.43669098800000017e-01
5.34003656899999957e+00 3.70214180900000001e+00 -3.76304878399999987e-01
5.25854845699999984e+00 3.72149661100000007e+00 -4.05229364500000022e-01
5.17713095499999998e+00 3.72959146399999986e+00 -4.39228396000000021e-01
5.09884324300000014e+00 3.72227508599999979e+00 -4.80033721199999985e-01
5.02569241099999964e+00 3.70004263000000000e+00 -5.24734514399999963e-01
4.95921658299999990e+00 3.66332040499999989e+00 -5.70436572700000033e-01
4.90069644799999971e+00 3.61343264199999981e+00 -6.14456015599999961e-01
4.85159922300000002e+00 3.55169769000000013e+00 -6.54745703699999959e-01
4.81332328199999981e+00 3.47992434299999998e+00 -6.89865742900000023e-01
4.78631229199999986e+00 3.40085168299999996e+00 -7.19162366399999975e-01
4.76993458599999975e+00 3.31693988000000006e+00 -7.42629467800000054e-01
4.75765491000000029e+00 3.23146377200000012e+00 -7.62480232200000052e-01
4.74811196200000030e+00 3.14478552600000016e+00 -7.77913970199999971e-01
4.73949371199999980e+00 3.05713080300000017e+00 -7.87700154799999996e-01
4.72806017999999995e+00 2.96935722000000002e+00 -7.91383277600000046e-01
4.70981542699999967e+00 2.88267926900000004e+00 -7.89552638600000023e-01
4.68912786000000015e+00 2.79697661900000005e+00 -7.81184760000000034e-01
4.67100785099999971e+00 2.71156759000000003e+00 -7.66137096799999973e-01
4.65310908699999981e+00 2.62687672300000008e+00 -7.47173371699999977e-01
4.63190783199999956e+00 2.54330620300000021e+00 -7.26931972200000054e-01
4.60500157999999971e+00 2.46123849899999980e+00 -7.06956316500000015e-01
4.56927613199999971e+00 2.38230558799999992e+00 -6.88550851699999966e-01
4.52224013300000038e+00 2.30899441300000019e+00 -6.72308702499999966e-01
4.46482563300000024e+00 2.24323057000000015e+00 -6.57277220700000053e-01
4.39813915099999964e+00 2.18679269499999984e+00 -6.42712060200000046e-01
4.32312480399999988e+00 2.14157343300000003e+00 -6.29191780600000028e-01
4.24084321099999961e+00 2.11017932400000019e+00 -6.19337927799999965e-01
4.15399167699999960e+00 2.09327527900000021e+00 -6.15316465299999948e-01
4.06624486699999999e+00 2.08203518899999995e+00 -6.10840634200000010e-01
3.97972313999999994e+00 2.06844407899999982e+00 -5.97649868400000006e-01
3.89623382100000004e+00 2.05192941899999992e+00 -5.73060912700000036e-01
3.81640327999999984e+00 2.03525691599999980e+00 -5.38397006700000014e-01
3.74078080299999982e+00 2.02011562200000006e+00 -4.94762130999999994e-01
3.67072504500000019e+00 2.00665999400000006e+00 -4.42194238600000011e-01
3.60758583600000016e+00 1.99493284299999996e+00 -3.81220330599999990e-01
3.55295660800000013e+00 1.98435913500000005e+00 -3.12247223700000021e-01
3.50419478099999981e+00 1.97762720200000008e+00 -2.38630715500000007e-01
3.45771336399999996e+00 1.97783491400000000e+00 -1.63228324899999999e-01
3.41724821800000012e+00 1.98202517900000008e+00 -8.45281599500000008e-02
3.38274344200000021e+00 1.99023506800000005e+00 -3.26818841100000009e-03
3.35306045000000008e+00 2.00346665499999999e+00 7.91150816099999987e-02
3.32937283899999992e+00 2.02066932199999982e+00 1.62763659300000002e-01
3.31078886299999997e+00 2.04267141199999980e+00 2.46525690999999991e-01
3.29968896400000000e+00 2.06727239400000018e+00 3.30922183500000022e-01
3.29598134800000020e+00 2.09442519300000018e+00 4.15141360100000023e-01
3.29941505499999987e+00 2.12430044999999978e+00 4.98521159900000010e-01
3.31049700800000002e+00 2.15611733800000005e+00 5.80410425600000002e-01
3.33003245399999992e+00 2.18862076000000005e+00 6.60451142200000008e-01
3.35931826500000019e+00 2.21931156399999985e+00 7.38227741100000001e-01
3.39817232600000008e+00 2.24694318699999984e+00 8.13000396500000000e-01
3.44330626700000009e+00 2.27510850499999995e+00 8.83734451899999995e-01
3.49123901400000003e+00 2.30980539900000004e+00 9.49669009900000027e-01
3.54052894599999979e+00 2.35324087500000001e+00 1.00915216299999999e+00
3.59161031299999989e+00 2.40395212700000016e+00 1.06085953299999991e+00
3.64479644800000013e+00 2.46029762100000005e+00 1.10383589600000009e+00
3.70006646100000003e+00 2.52075306000000010e+00 1.13745642799999991e+00
3.75721029000000017e+00 2.58409027099999999e+00 1.16146627100000011e+00
3.81506080599999997e+00 2.64966435000000011e+00 1.17542595100000002e+00
3.87250443199999994e+00 2.71699161800000022e+00 1.17928133300000004e+00
3.92809130900000003e+00 2.78578345599999988e+00 1.17313803800000005e+00
3.98089614899999988e+00 2.85523226099999983e+00 1.15788281199999998e+00
4.03243412800000023e+00 2.92385522299999989e+00 1.13566852300000010e+00
4.08467703100000001e+00 2.99010097999999980e+00 1.10868099500000006e+00
4.14107621700000017e+00 3.05173560699999991e+00 1.07933126800000001e+00
4.20488651600000019e+00 3.10561401399999992e+00 1.04971947299999990e+00
4.27449125099999971e+00 3.15129783200000002e+00 1.01949594700000001e+00
4.34889188000000004e+00 3.18821688299999995e+00 9.88570070099999976e-01
4.42670650500000029e+00 3.21636087100000001e+00 9.57075047200000029e-01
4.50749675500000002e+00 3.23533055399999991e+00 9.25997285999999975e-01
4.59081896400000034e+00 3.24426831499999979e+00 8.97180002299999946e-01
4.67577785399999968e+00 3.24362517500000003e+00 8.71992148399999945e-01
4.76137958999999977e+00 3.23451883300000009e+00 8.51165126399999972e-01
4.84695514199999966e+00 3.21937327199999990e+00 8.33880669799999974e-01
4.93233357300000019e+00 3.20385848000000006e+00 8.16103266599999988e-01
5.01736160300000034e+00 3.19128341899999990e+00 7.94506816099999957e-01
5.10135637199999969e+00 3.18069367699999983e+00 7.68544826399999992e-01
5.18394011699999968e+00 3.17009540299999992e+00 7.38292466800000047e-01
5.26440497200000035e+00 3.15907346899999997e+00 7.02915435999999949e-01
5.34195422099999995e+00 3.14790766700000013e+00 6.61453437100000041e-01
5.41539278800000012e+00 3.13805227000000020e+00 6.12908074300000050e-01
5.48357561400000026e+00 3.13133843100000009e+00 5.56785444199999979e-01
5.54621319700000015e+00 3.12758021100000017e+00 4.94180811800000008e-01
5.60294895899999990e+00 3.12708241099999995e+00 4.26202166499999979e-01
5.65275905000000023e+00 3.13218898799999979e+00 3.53041773499999989e-01
5.69505505700000025e+00 3.14338273999999984e+00 2.76010754600000019e-01
5.72781753000000027e+00 3.16353219900000004e+00 1.96273238099999997e-01
5.74846449600000042e+00 3.19561328599999994e+00 1.16229533300000007e-01
5.75657935500000040e+00 3.23858449999999998e+00 3.92222948000000016e-02
5.75224272200000009e+00 3.29099245399999996e+00 -3.20663596400000001e-02
end
coil AAE56_SC_006 -1.45476000000000000e+06 none
5.75224272200000009e+00 -3.29099245399999996e+00 3.20663596400000001e-02
5.75657935500000040e+00 -3.23858449999999998e+00 -3.92222948000000016e-02
5.74846449600000042e+00 -3.19561328599999994e+00 -1.16229533300000007e-01
5.72781753000000027e+00 -3.16353219900000004e+00 -1.96273238099999997e-01
5.69505505700000025e+00 -3.14338273999999984e+00 -2.76010754600000019e-01
5.65275905000000023e+00 -3.13218898799999979e+00 -3.53041773499999989e-01
5.60294895899999990e+00 -3.12708241099999995e+00 -4.26202166499999979e-01
5.54621319700000015e+00 -3.12758021100000017e+00 -4.94180811800000008e-01
5.48357561400000026e+00 -3.13133843100000009e+00 -5.56785444199999979e-01
5.41539278800000012e+00 -3.13805227000000020e+00 -6.12908074300000050e-01
5.34195422099999995e+00 -3.14790766700000013e+00 -6.61453437100000041e-01
5.26440497200000035e+00 -3.15907346899999997e+00 -7.02915435999999949e-01
5.18394011699999968e+00 -3.17009540299999992e+00 -7.38292466800000047e-01
5.10135637199999969e+00 -3.18069367699999983e+00 -7.68544826399999992e-01
5.01736160300000034e+00 -3.19128341899999990e+00 -7.94506816099999957e-01
4.93233357300000019e+00 -3.20385848000000006e+00 -8.16103266599999988e-01
4.84695514199999966e+00 -3.21937327199999990e+00 -8.33880669799999974e-01
4.76137958999999977e+00 -3.23451883300000009e+00 -8.51165126399999972e-01
4.67577785399999968e+00 -3.24362517500000003e+00 -8.71992148399999945e-01
4.59081896400000034e+00 -3.24426831499999979e+00 -8.97180002299999946e-01
4.50749675500000002e+00 -3.23533055399999991e+00 -9.25997285999999975e-01
4.42670650500000029e+00 -3.21636087100000001e+00 -9.57075047200000029e-01
4.34889188000000004e+00 -3.18821688299999995e+00 -9.88570070099999976e-01
4.27449125099999971e+00 -3.15129783200000002e+00 -1.01949594700000001e+00
4.20488651600000019e+00 -3.10561401399999992e+00 -1.04971947299999990e+00
4.14107621700000017e+00 -3.05173560699999991e+00 -1.07933126800000001e+00
4.08467703100000001e+00 -2.99010097999999980e+00 -1.10868099500000006e+00
4.03243412800000023e+00 -2.92385522299999989e+00 -1.13566852300000010e+00
3.98089614899999988e+00 -2.85523226099999983e+00 -1.15788281199999998e+00
3.92809130900000003e+00 -2.78578345599999988e+00 -1.17313803800000005e+00
3.87250443199999994e+00 -2.71699161800000022e+00 -1.17928133300000004e+00
3.81506080599999997e+00 -2.64966435000000011e+00 -1.17542595100000002e+00
3.75721029000000017e+00 -2.58409027099999999e+00 -1.16146627100000011e+00
3.70006646100000003e+00 -2.52075306000000010e+00 -1.13745642799999991e+00
3.64479644800000013e+00 -2.46029762100000005e+00 -1.10383589600000009e+00
3.59161031299999989e+00 -2.40395212700000016e+00 -1.06085953299999991e+00
3.54052894599999979e+00 -2.35324087500000001e+00 -1.00915216299999999e+00
3.49123901400000003e+00 -2.30980539900000004e+00 -9.49669009900000027e-01
3.44330626700000009e+00 -2.27510850499999995e+00 -8.83734451899999995e-01
3.39817232600000008e+00 -2.24694318699999984e+00 -8.13000396500000000e-01
3.35931826500000019e+00 -2.21931156399999985e+00 -7.38227741100000001e-01
3.33003245399999992e+00 -2.18862076000000005e+00 -6.60451142200000008e-01
3.31049700800000002e+00 -2.15611733800000005e+00 -5.80410425600000002e-01
3.29941505499999987e+00 -2.12430044999999978e+00 -4.98521159900000010e-01
3.29598134800000020e+00 -2.09442519300000018e+00 -4.15141360100000023e-01
3.29968896400000000e+00 -2.06727239400000018e+00 -3.30922183500000022e-01
3.31078886299999997e+00 -2.04267141199999980e+00 -2.46525690999999991e-01
3.32937283899999992e+00 -2.02066932199999982e+00 -1.62763659300000002e-01
3.35306045000000008e+00 -2.00346665499999999e+00 -7.91150816099999987e-02
3.38274344200000021e+00 -1.99023506800000005e+00 3.26818841100000009e-03
3.41724821800000012e+00 -1.98202517900000008e+00 8.45281599500000008e-02
3.45771336399999996e+00 -1.97783491400000000e+00 1.63228324899999999e-01
3.50419478099999981e+00 -1.97762720200000008e+00 2.38630715500000007e-01
3.55295660800000013e+00 -1.98435913500000005e+00 3.12247223700000021e-01
3.60758583600000016e+00 -1.99493284299999996e+00 3.81220330599999990e-01
3.67072504500000019e+00 -2.00665999400000006e+00 4.42194238600000011e-01
3.74078080299999982e+00 -2.02011562200000006e+00 4.94762130999999994e-01
3.81640327999999984e+00 -2.03525691599999980e+00 5.38397006700000014e-01
3.89623382100000004e+00 -2.05192941899999992e+00 5.73060912700000036e-01
3.97972313999999994e+00 -2.06844407899999982e+00 5.97649868400000006e-01
4.06624486699999999e+00 -2.08203518899999995e+00 6.10840634200000010e-01
4.15399167699999960e+00 -2.09327527900000021e+00 6.15316465299999948e-01
4.24084321099999961e+00 -2.11017932400000019e+00 6.19337927799999965e-01
4.32312480399999988e+00 -2.14157343300000003e+00 6.29191780600000028e-01
4.39813915099999964e+00 -2.18679269499999984e+00 6.42712060200000046e-01
4.46482563300000024e+00 -2.24323057000000015e+00 6.57277220700000053e-01
4.52224013300000038e+00 -2.30899441300000019e+00 6.72308702499999966e-01
4.56927613199999971e+00 -2.38230558799999992e+00 6.88550851699999966e-01
4.60500157999999971e+00 -2.46123849899999980e+00 7.06956316500000015e-01
4.63190783199999956e+00 -2.54330620300000021e+00 7.26931972200000054e-01
4.65310908699999981e+00 -2.62687672300000008e+00 7.47173371699999977e-01
4.67100785099999971e+00 -2.71156759000000003e+00 7.66137096799999973e-01
4.68912786000000015e+00 -2.79697661900000005e+00 7.81184760000000034e-01
4.70981542699999967e+00 -2.88267926900000004e+00 7.89552638600000023e-01
4.72806017999999995e+00 -2.96935722000000002e+00 7.91383277600000046e-01
4.73949371199999980e+00 -3.05713080300000017e+00 7.87700154799999996e-01
4.74811196200000030e+00 -3.14478552600000016e+00 7.77913970199999971e-01
4.75765491000000029e+00 -3.23146377200000012e+00 7.62480232200000052e-01
4.76993458599999975e+00 -3.31693988000000006e+00 7.42629467800000054e-01
4.78631229199999986e+00 -3.40085168299999996e+00 7.19162366399999975e-01
4.81332328199999981e+00 -3.47992434299999998e+00 6.89865742900000023e-01
4.85159922300000002e+00 -3.55169769000000013e+00 6.54745703699999959e-01
4.90069644799999971e+00 -3.61343264199999981e+00 6.14456015599999961e-01
4.95921658299999990e+00 -3.66332040499999989e+00 5.70436572700000033e-01
5.02569241099999964e+00 -3.70004263000000000e+00 5.24734514399999963e-01
5.09884324300000014e+00 -3.72227508599999979e+00 4.80033721199999985e-01
5.17713095499999998e+00 -3.72959146399999986e+00 4.39228396000000021e-01
5.25854845699999984e+00 -3.72149661100000007e+00 4.05229364500000022e-01
5.34003656899999957e+00 -3.70214180900000001e+00 3.76304878399999987e-01
5.41824072599999962e+00 -3.67636355200000020e+00 3.43669098800000017e-01
5.49023473000000006e+00 -3.63899200799999978e+00 3.08056315199999986e-01
5.55728250000000035e+00 -3.59155823800000018e+00 2.74820717900000011e-01
5.61813188400000030e+00 -3.53810143099999985e+00 2.38927185799999997e-01
5.66871397899999963e+00 -3.47830148900000014e+00 1.97510329799999995e-01
5.70786842700000019e+00 -3.41436850500000011e+00 1.50260900199999992e-01
5.73586413299999975e+00 -3.35057615300000000e+00 9.55895915100000021e-02
5.75224272200000009e+00 -3.29099245399999996e+00 3.20663596400000001e-02
end
coil AAE47_SC_007 -1.45476000000000000e+06 none
6.10934773500000006e+00 -2.63427665599999994e+00 -3.18753746400000024e-02
6.07215448200000019e+00 -2.66069775900000005e+00 -1.08425082100000000e-01
6.03126773400000005e+00 -2.68371957600000011e+00 -1.84091074399999999e-01
5.98740712800000008e+00 -2.70278399399999980e+00 -2.59301328499999983e-01
5.94088922899999972e+00 -2.71844647899999980e+00 -3.33712420299999979e-01
5.89201236600000033e+00 -2.73108214699999996e+00 -4.07171545299999993e-01
5.84099719600000000e+00 -2.74112730899999990e+00 -4.79435484999999995e-01
5.78797375899999977e+00 -2.74861903499999993e+00 -5.50619274700000050e-01
5.73304620399999987e+00 -2.75350171899999996e+00 -6.20704232300000047e-01
5.67664113300000039e+00 -2.75517517800000000e+00 -6.89583891099999957e-01
5.61885269400000009e+00 -2.75299803399999998e+00 -7.57471184999999991e-01
5.55954260900000019e+00 -2.74745573399999987e+00 -8.23690316400000011e-01
5.49800713099999960e+00 -2.73951828200000014e+00 -8.87617636400000021e-01
5.43296527499999993e+00 -2.73127073499999984e+00 -9.47979885400000000e-01
5.36484364399999958e+00 -2.72181575500000017e+00 -1.00452139500000004e+00
5.29352161300000024e+00 -2.71110803600000017e+00 -1.05686351799999989e+00
5.22100686100000022e+00 -2.69570474799999982e+00 -1.10639146499999996e+00
5.14925646200000031e+00 -2.67334548899999991e+00 -1.15417063500000006e+00
5.08015688199999982e+00 -2.64225529700000017e+00 -1.20117316900000004e+00
5.01545807399999966e+00 -2.60204140500000003e+00 -1.24732749900000006e+00
4.95542835499999956e+00 -2.55353524499999995e+00 -1.29188861699999991e+00
4.89926747700000043e+00 -2.49831818899999991e+00 -1.33359547099999998e+00
4.84515546799999974e+00 -2.43828361500000002e+00 -1.37106277900000006e+00
4.79020820100000044e+00 -2.37580475599999996e+00 -1.40278419499999996e+00
4.73239240100000025e+00 -2.31262612299999981e+00 -1.42751962999999993e+00
4.67018671499999982e+00 -2.25097516800000008e+00 -1.44397809599999993e+00
4.60366293099999968e+00 -2.19230866400000002e+00 -1.45143201699999991e+00
4.53421530199999978e+00 -2.13649406999999991e+00 -1.44988418600000002e+00
4.46325720699999984e+00 -2.08348946200000018e+00 -1.43946523200000009e+00
4.39108991500000023e+00 -2.03510245699999981e+00 -1.42015147199999991e+00
4.31826271300000020e+00 -1.99179922700000001e+00 -1.39227624400000005e+00
4.24690920200000033e+00 -1.95222494399999991e+00 -1.35666921499999993e+00
4.17888701399999984e+00 -1.91383676299999994e+00 -1.31375184099999998e+00
4.11626119800000012e+00 -1.87459066900000004e+00 -1.26384274800000007e+00
4.06009708499999977e+00 -1.83480131999999996e+00 -1.20738038000000003e+00
4.00961884600000040e+00 -1.79672117500000006e+00 -1.14459348499999991e+00
3.96463024300000022e+00 -1.76174595899999997e+00 -1.07611424500000008e+00
3.92562613599999999e+00 -1.72984286900000006e+00 -1.00263706200000002e+00
3.89292986000000019e+00 -1.70108339799999997e+00 -9.24904669000000013e-01
3.86627692099999987e+00 -1.67608788200000003e+00 -8.43632726299999969e-01
3.84634164499999986e+00 -1.65414124999999990e+00 -7.59645091899999958e-01
3.83475777300000020e+00 -1.63342279100000010e+00 -6.73710826300000010e-01
3.83273155899999995e+00 -1.61302148999999995e+00 -5.87038428900000020e-01
3.84060752099999991e+00 -1.59292440000000002e+00 -5.00618719500000031e-01
3.85843596899999985e+00 -1.57339233700000003e+00 -4.15517101100000008e-01
3.88623926300000022e+00 -1.55462403899999990e+00 -3.32902353900000003e-01
3.92402034599999983e+00 -1.53671335899999995e+00 -2.54219115300000020e-01
3.97147882900000004e+00 -1.51989051600000002e+00 -1.80756533299999994e-01
4.02798098800000037e+00 -1.50454548199999993e+00 -1.13574852899999995e-01
4.09268568099999985e+00 -1.49085213400000005e+00 -5.38809128499999970e-02
4.16511158199999976e+00 -1.47751610299999991e+00 -3.75417234000000001e-03
4.24376205400000028e+00 -1.46298117200000011e+00 3.55883712899999968e-02
4.32594979399999957e+00 -1.44783884799999996e+00 6.64228338400000007e-02
4.40990190299999973e+00 -1.43482497499999995e+00 9.34626844800000023e-02
4.49404760100000011e+00 -1.42898773100000009e+00 1.21918128599999995e-01
4.57600438700000023e+00 -1.43721203600000003e+00 1.56045665000000000e-01
4.65179603400000019e+00 -1.46242967799999990e+00 1.95412843700000005e-01
4.71932042200000001e+00 -1.50238172500000000e+00 2.37698387099999991e-01
4.77591525600000022e+00 -1.55497429399999998e+00 2.82078106800000006e-01
4.81848046300000021e+00 -1.61813836400000000e+00 3.28319357400000011e-01
4.84664063299999981e+00 -1.68821162700000005e+00 3.75635333299999985e-01
4.86175853800000013e+00 -1.76235879600000001e+00 4.22680122599999986e-01
4.86856593500000034e+00 -1.83876886899999992e+00 4.67947451000000014e-01
4.87321913700000042e+00 -1.91719956600000008e+00 5.09963223700000023e-01
4.88627110899999995e+00 -1.99674899199999989e+00 5.47909209700000011e-01
4.89821538699999959e+00 -2.07964547999999994e+00 5.78390463399999999e-01
4.90852298300000012e+00 -2.16472823299999995e+00 6.02680429700000020e-01
4.91461957200000032e+00 -2.25123407199999992e+00 6.23090778400000045e-01
4.91929336900000003e+00 -2.33814253499999980e+00 6.42136441200000019e-01
4.92474799499999971e+00 -2.42505305699999996e+00 6.61036838100000024e-01
4.93522181899999968e+00 -2.51149755399999997e+00 6.80021746700000040e-01
4.95513532300000037e+00 -2.59640525199999983e+00 6.98249362400000018e-01
4.98826437900000030e+00 -2.67753619600000015e+00 7.14296083699999973e-01
5.03418444600000026e+00 -2.75283798500000021e+00 7.27054068499999984e-01
5.09273900400000024e+00 -2.81928968800000002e+00 7.36638867300000055e-01
5.16215044499999998e+00 -2.87443407499999992e+00 7.45282051999999973e-01
5.24041462000000013e+00 -2.91516724500000013e+00 7.57881605999999985e-01
5.32337965999999962e+00 -2.94120470000000012e+00 7.77368948799999959e-01
5.40844534799999987e+00 -2.95281799300000003e+00 8.01220802100000018e-01
5.49442602400000002e+00 -2.94976146100000003e+00 8.24317421599999989e-01
5.57965588099999987e+00 -2.93151200000000012e+00 8.42726270000000000e-01
5.66064383899999957e+00 -2.89679745300000002e+00 8.56222056000000009e-01
5.73639900399999991e+00 -2.85056905599999988e+00 8.64006078600000005e-01
5.81074902900000012e+00 -2.80152243499999987e+00 8.60736980600000035e-01
5.88307136899999961e+00 -2.75257761099999998e+00 8.43235471399999992e-01
5.95088055100000002e+00 -2.70468105100000011e+00 8.10847304599999985e-01
6.01200943300000024e+00 -2.65923642500000001e+00 7.64527188400000002e-01
6.06526588300000036e+00 -2.61798162299999992e+00 7.06210498000000020e-01
6.11016387000000005e+00 -2.58279398899999979e+00 6.37805176400000007e-01
6.14591491300000037e+00 -2.55658589299999983e+00 5.60500341699999960e-01
6.17130981700000003e+00 -2.54171541699999981e+00 4.76436617399999984e-01
6.18609320499999971e+00 -2.53753559700000020e+00 3.88635120999999972e-01
6.19022566100000038e+00 -2.54304847600000006e+00 2.99798396700000025e-01
6.18373776999999958e+00 -2.55738319800000014e+00 2.12082220699999990e-01
6.16695141100000033e+00 -2.57952974499999987e+00 1.27464878799999987e-01
6.14153297100000017e+00 -2.60624799800000018e+00 4.63584191500000034e-02
6.10934773500000006e+00 -2.63427665599999994e+00 -3.18753746400000024e-02
end
coil AAE38_SC_008 -1.45476000000000000e+06 none
6.36371395599999978e+00 -2.12816237899999994e+00 -3.63268553800000019e-02
6.34379603599999964e+00 -2.14457186000000011e+00 -1.20636243700000007e-01
6.31964740200000019e+00 -2.15819974500000011e+00 -2.04432523199999994e-01
6.29225011599999995e+00 -2.16669398699999993e+00 -2.87918458699999991e-01
6.26199076999999971e+00 -2.16975066600000011e+00 -3.70654934599999986e-01
6.22988026300000008e+00 -2.16590477299999984e+00 -4.52715687199999994e-01
6.19576266199999992e+00 -2.15648715800000002e+00 -5.33570148000000022e-01
6.15978566899999969e+00 -2.14222951800000017e+00 -6.12788699100000001e-01
6.12184453700000031e+00 -2.12386163899999980e+00 -6.90351039900000019e-01
6.08167330499999981e+00 -2.10256432499999990e+00 -7.65909673699999960e-01
6.03895657999999980e+00 -2.07913443999999981e+00 -8.39433635300000036e-01
5.99458169600000002e+00 -2.05231998100000013e+00 -9.10870260599999981e-01
5.94937067199999969e+00 -2.02115123500000005e+00 -9.79965794700000004e-01
5.90298810999999990e+00 -1.98646493299999993e+00 -1.04641713000000003e+00
5.85469672199999991e+00 -1.94918753599999994e+00 -1.11018212100000002e+00
5.80382630300000013e+00 -1.91040129000000003e+00 -1.17099892200000011e+00
5.74977372299999967e+00 -1.87109120600000001e+00 -1.22857523599999996e+00
5.69204530399999964e+00 -1.83207562500000010e+00 -1.28261207500000007e+00
5.63020973199999997e+00 -1.79407535700000009e+00 -1.33277095100000009e+00
5.56427289400000014e+00 -1.75744124700000004e+00 -1.37857760099999993e+00
5.49441896300000021e+00 -1.72247868300000007e+00 -1.41949391599999997e+00
5.42090449099999994e+00 -1.68896347699999994e+00 -1.45509358900000008e+00
5.34424492800000017e+00 -1.65690445700000000e+00 -1.48479746999999995e+00
5.26509753900000010e+00 -1.62598637700000004e+00 -1.50809349000000004e+00
5.18380301599999971e+00 -1.59567319000000007e+00 -1.52458314200000000e+00
5.10151230199999972e+00 -1.56522069500000005e+00 -1.53375038500000005e+00
5.01916392499999997e+00 -1.53381525900000004e+00 -1.53521966299999990e+00
4.93742750000000008e+00 -1.50103881099999992e+00 -1.52868073099999990e+00
4.85761931800000024e+00 -1.46651285199999992e+00 -1.51397810099999997e+00
4.78141136600000038e+00 -1.42843976699999997e+00 -1.49106999600000001e+00
4.71053917999999960e+00 -1.38607991800000008e+00 -1.46018898599999991e+00
4.64459498600000043e+00 -1.34185110900000004e+00 -1.42158353200000009e+00
4.58320778900000025e+00 -1.29832031000000003e+00 -1.37565566800000005e+00
4.52494538000000013e+00 -1.25862819600000009e+00 -1.32250439799999997e+00
4.46916256100000009e+00 -1.22558284100000003e+00 -1.26269180399999992e+00
4.41891527499999981e+00 -1.19528068699999990e+00 -1.19681402799999992e+00
4.37819858000000028e+00 -1.16274306200000010e+00 -1.12560114899999997e+00
4.34772446100000032e+00 -1.12889385700000000e+00 -1.05013872099999994e+00
4.32707514099999990e+00 -1.09559974900000001e+00 -9.71044803900000031e-01
4.31752689799999967e+00 -1.06263434499999998e+00 -8.89785658999999951e-01
4.31879140599999989e+00 -1.03139874100000006e+00 -8.07282821599999978e-01
4.33167273799999997e+00 -1.00167647199999998e+00 -7.25226004200000052e-01
4.35665574899999974e+00 -9.73023282899999953e-01 -6.45631270500000021e-01
4.39281986100000044e+00 -9.45980443800000015e-01 -5.69793616699999950e-01
4.43878847299999979e+00 -9.20857830800000055e-01 -4.98840449600000013e-01
4.49383165199999990e+00 -8.95698735900000043e-01 -4.34665846999999994e-01
4.55541449800000020e+00 -8.71305833400000007e-01 -3.76446650200000010e-01
4.61999474000000010e+00 -8.54684228500000032e-01 -3.18597383700000014e-01
4.68630904800000003e+00 -8.47050988300000030e-01 -2.60963036599999976e-01
4.75336888000000002e+00 -8.48135146800000017e-01 -2.03642462999999996e-01
4.81950077900000018e+00 -8.57873007300000046e-01 -1.46050049799999998e-01
4.88107627000000033e+00 -8.78835291699999965e-01 -8.64963690400000068e-02
4.93428123400000018e+00 -9.12184931500000018e-01 -2.44855574900000005e-02
4.97695853400000043e+00 -9.56861819999999974e-01 3.84543599799999983e-02
5.00923026799999960e+00 -1.01165396599999990e+00 9.96242936500000009e-02
5.03006787999999982e+00 -1.07706027199999999e+00 1.55061923600000012e-01
5.04268707299999974e+00 -1.14988431100000010e+00 2.03194236299999997e-01
5.05197817799999971e+00 -1.22637690999999993e+00 2.46207449299999992e-01
5.07001786799999987e+00 -1.29979017500000005e+00 2.91638284199999986e-01
5.09187520800000026e+00 -1.37003481400000005e+00 3.40386099499999983e-01
5.10950947899999974e+00 -1.43915940200000003e+00 3.92250906999999982e-01
5.11821510900000032e+00 -1.50848508099999989e+00 4.46135897399999981e-01
5.11769377099999989e+00 -1.57898524100000004e+00 4.99112188000000012e-01
5.11186667700000008e+00 -1.65228626500000009e+00 5.47858385199999964e-01
5.10719758800000001e+00 -1.72924724399999996e+00 5.90738726200000008e-01
5.11199436400000007e+00 -1.80762586700000005e+00 6.30946366900000055e-01
5.12820113400000022e+00 -1.88589195499999995e+00 6.68307024900000046e-01
5.15628098500000043e+00 -1.95921475099999998e+00 7.08505398000000008e-01
5.19381728499999973e+00 -2.02127642100000005e+00 7.58739591400000024e-01
5.23476934700000029e+00 -2.06855985000000020e+00 8.20966165700000028e-01
5.27782264599999973e+00 -2.09977169800000008e+00 8.91339521699999970e-01
5.32885841099999968e+00 -2.11519131299999996e+00 9.61666465600000020e-01
5.39235096500000033e+00 -2.12096412600000006e+00 1.02260499500000002e+00
5.46657977599999967e+00 -2.12086468399999983e+00 1.07033591600000011e+00
5.54620025300000030e+00 -2.10920563999999988e+00 1.10643044699999993e+00
5.62556006099999983e+00 -2.08220803700000001e+00 1.13389370999999994e+00
5.69928695199999957e+00 -2.03877314899999984e+00 1.15551869899999993e+00
5.76957572299999999e+00 -1.98809308300000009e+00 1.17200982199999992e+00
5.84482661499999967e+00 -1.94280159299999999e+00 1.18021257599999996e+00
5.92543445500000043e+00 -1.90727811900000011e+00 1.17572795600000002e+00
6.00673250899999989e+00 -1.87869399599999998e+00 1.15657041999999999e+00
6.08461244799999967e+00 -1.85531162599999999e+00 1.12246628300000006e+00
6.15634754800000028e+00 -1.83768309200000002e+00 1.07429228500000007e+00
6.22001309499999966e+00 -1.82735651999999993e+00 1.01402675699999989e+00
6.27418689100000027e+00 -1.82589827599999999e+00 9.44419961899999993e-01
6.31819107200000030e+00 -1.83379615600000001e+00 8.68414351700000031e-01
6.35231866899999975e+00 -1.84984817399999990e+00 7.88588002899999974e-01
6.37810192700000034e+00 -1.87057972399999994e+00 7.06884603200000017e-01
6.39627812999999978e+00 -1.89574234999999991e+00 6.24303358699999977e-01
6.40688199600000008e+00 -1.92641888499999991e+00 5.42218334199999985e-01
6.41113507599999988e+00 -1.96095175799999999e+00 4.61159949999999985e-01
6.41018595700000038e+00 -1.99771914399999995e+00 3.81031338399999975e-01
6.40616353700000030e+00 -2.03238117499999982e+00 2.99954731699999977e-01
6.40014873700000031e+00 -2.06194265900000007e+00 2.17047761899999997e-01
6.39146193900000004e+00 -2.08728401599999991e+00 1.33002260200000000e-01
6.37990836699999964e+00 -2.10811530400000002e+00 4.80547979299999969e-02
6.36371395599999978e+00 -2.12816237899999994e+00 -3.63268553800000019e-02
end
coil AAE29_SC_009 -1.45476000000000000e+06 none
6.64364041999999966e+00 -1.37870528700000006e+00 -2.78678482399999979e-03
6.63968743700000008e+00 -1.36579203400000004e+00 -9.01240613200000040e-02
6.63277883199999962e+00 -1.34917440000000011e+00 -1.76521934800000002e-01
6.62204904800000005e+00 -1.33148717200000011e+00 -2.62437444299999989e-01
6.60667606099999993e+00 -1.31527157499999992e+00 -3.47887754900000012e-01
6.58685817599999979e+00 -1.29997081900000011e+00 -4.32634373899999980e-01
6.56309260000000005e+00 -1.28431627799999992e+00 -5.16277416700000047e-01
6.53585124199999967e+00 -1.26713597100000008e+00 -5.98435221300000042e-01
6.50516823899999963e+00 -1.24821483199999994e+00 -6.79084104099999974e-01
6.47054401299999959e+00 -1.22901404800000003e+00 -7.58153013199999948e-01
6.43169613199999990e+00 -1.21075259800000001e+00 -8.35259036700000013e-01
6.38872579700000021e+00 -1.19269091600000010e+00 -9.10374739800000055e-01
6.34205785400000011e+00 -1.17408458100000002e+00 -9.82930533999999967e-01
6.29136866899999969e+00 -1.15538152400000005e+00 -1.05291023900000003e+00
6.23695362499999995e+00 -1.13639757100000005e+00 -1.11971359499999989e+00
6.17964709700000014e+00 -1.11408545900000000e+00 -1.18324034999999994e+00
6.12061886399999988e+00 -1.08637793000000005e+00 -1.24282243100000001e+00
6.05990599200000002e+00 -1.05385670800000009e+00 -1.29813495799999989e+00
5.99733431199999956e+00 -1.01752599999999993e+00 -1.34888033899999993e+00
5.93321391699999978e+00 -9.77599107900000042e-01 -1.39462432200000008e+00
5.86770309300000026e+00 -9.34266605000000028e-01 -1.43505092700000003e+00
5.80051822200000000e+00 -8.88847354399999956e-01 -1.46985226500000010e+00
5.73089024300000016e+00 -8.42756941099999990e-01 -1.49884666299999991e+00
5.65792535200000035e+00 -7.98496945799999969e-01 -1.52165311900000000e+00
5.58053615299999972e+00 -7.59199954199999971e-01 -1.53781075699999992e+00
5.49933989500000031e+00 -7.25431508400000036e-01 -1.54670218000000004e+00
5.41579408800000017e+00 -6.96692410399999962e-01 -1.54783606000000007e+00
5.33097318200000014e+00 -6.73322544499999953e-01 -1.54095584599999991e+00
5.24565035500000043e+00 -6.55716003400000025e-01 -1.52594120899999997e+00
5.16127841099999962e+00 -6.43851897400000039e-01 -1.50292601100000001e+00
5.07884765399999960e+00 -6.36615617699999969e-01 -1.47201131399999996e+00
4.99998917799999987e+00 -6.29092338099999981e-01 -1.43291364999999993e+00
4.92686041199999991e+00 -6.16432471700000040e-01 -1.38506107400000000e+00
4.86101213099999985e+00 -6.00006111000000009e-01 -1.32849212900000002e+00
4.80357733099999962e+00 -5.82623793100000009e-01 -1.26364754000000001e+00
4.75650926199999979e+00 -5.64242857999999958e-01 -1.19120472199999994e+00
4.72201713699999992e+00 -5.44151284200000029e-01 -1.11241435500000008e+00
4.70145401999999990e+00 -5.22693479500000002e-01 -1.02922564299999997e+00
4.69508705400000004e+00 -5.00433993300000046e-01 -9.43992550599999980e-01
4.70279413999999996e+00 -4.76584530800000017e-01 -8.59260935799999959e-01
4.72379150899999978e+00 -4.49823985199999998e-01 -7.77758922399999997e-01
4.75642394199999963e+00 -4.18877072899999980e-01 -7.01722420199999974e-01
4.79784291200000013e+00 -3.83968973699999994e-01 -6.31974551700000053e-01
4.84416810400000042e+00 -3.49777051700000008e-01 -5.64959770600000022e-01
4.89251803899999960e+00 -3.23183616600000001e-01 -4.95980558899999979e-01
4.94144933000000020e+00 -3.09081834100000008e-01 -4.23815620399999982e-01
4.98952182699999991e+00 -3.11333301600000001e-01 -3.49770285000000014e-01
5.03629097900000033e+00 -3.29693421499999972e-01 -2.77076304399999973e-01
5.08289537499999966e+00 -3.59631529599999999e-01 -2.08312674000000003e-01
5.12599457099999967e+00 -4.02776437699999990e-01 -1.44366938000000000e-01
5.16176208999999986e+00 -4.57449686299999991e-01 -8.49414953499999931e-02
5.18609607700000019e+00 -5.21481009399999973e-01 -2.91697134999999996e-02
5.20044286099999997e+00 -5.89816345699999967e-01 2.49478487299999996e-02
5.20902963200000002e+00 -6.58585492699999997e-01 7.96677523299999940e-02
5.21566168000000019e+00 -7.25989475100000003e-01 1.36400377900000008e-01
5.22227431099999961e+00 -7.92047379999999968e-01 1.94645235299999997e-01
5.22959774999999993e+00 -8.57414189400000026e-01 2.53612347000000016e-01
5.23514534600000037e+00 -9.24122368599999966e-01 3.11240956999999985e-01
5.23551075199999971e+00 -9.92660010100000045e-01 3.67045805100000011e-01
5.22885104900000020e+00 -1.06079620400000008e+00 4.22826417800000021e-01
5.21566638699999974e+00 -1.12647024100000004e+00 4.80383682199999995e-01
5.19839752399999977e+00 -1.18923999700000005e+00 5.40071751900000008e-01
5.18121927600000021e+00 -1.25278727399999990e+00 5.98963435900000007e-01
5.16686131199999998e+00 -1.30760891400000001e+00 6.66747498799999949e-01
5.16363207900000010e+00 -1.35349779500000000e+00 7.42145053699999946e-01
5.17803711699999969e+00 -1.39482261800000007e+00 8.18890524700000011e-01
5.20908611900000018e+00 -1.43011160699999995e+00 8.93698191100000039e-01
5.25270841800000010e+00 -1.45359371399999993e+00 9.66786724099999994e-01
5.30532231699999990e+00 -1.46305854900000010e+00 1.03713904300000004e+00
5.36405045800000035e+00 -1.45773396299999991e+00 1.10295157899999996e+00
5.42619553699999990e+00 -1.43843785500000010e+00 1.16263869200000003e+00
5.49039830899999970e+00 -1.40910644199999990e+00 1.21571442500000004e+00
5.55531188999999959e+00 -1.37127814000000003e+00 1.26208573400000001e+00
5.62293513200000028e+00 -1.33045744199999993e+00 1.30172047699999993e+00
5.69549283899999992e+00 -1.29106600999999999e+00 1.33301426099999998e+00
5.77368522799999973e+00 -1.25519404700000003e+00 1.35308516699999992e+00
5.85661319599999963e+00 -1.22520890200000010e+00 1.35856906699999991e+00
5.94079272799999991e+00 -1.20048972199999993e+00 1.34828118300000011e+00
6.02340177499999996e+00 -1.18200666000000010e+00 1.32306780699999993e+00
6.10240912200000007e+00 -1.17093316599999997e+00 1.28519478500000006e+00
6.17647023199999978e+00 -1.16961974599999996e+00 1.23705962200000008e+00
6.24457009600000035e+00 -1.17780183200000010e+00 1.18132792100000006e+00
6.30611322299999966e+00 -1.19441615500000009e+00 1.12019668500000003e+00
6.36009578100000006e+00 -1.22087550499999997e+00 1.05547147099999994e+00
6.40690141299999993e+00 -1.25391850499999991e+00 9.88192380300000006e-01
6.44778462900000005e+00 -1.28903111699999995e+00 9.18236506299999977e-01
6.48285958000000040e+00 -1.32521317500000002e+00 8.45773240600000031e-01
6.51417395899999985e+00 -1.35687677999999989e+00 7.69401928900000032e-01
6.54241503600000041e+00 -1.38095465800000006e+00 6.89279826699999987e-01
6.56718327300000038e+00 -1.39842829100000010e+00 6.06252378700000039e-01
6.58895176800000026e+00 -1.40782487000000001e+00 5.21219862499999964e-01
6.60722741200000030e+00 -1.41164296100000008e+00 4.34835605299999983e-01
6.62161361899999967e+00 -1.41184537699999990e+00 3.47726933199999977e-01
6.63249698100000007e+00 -1.40798065399999994e+00 2.60086019399999979e-01
6.64014404799999980e+00 -1.39975281800000007e+00 1.72486975200000003e-01
6.64401641999999981e+00 -1.38941124099999991e+00 8.48906156800000034e-02
6.64364041999999966e+00 -1.37870528700000006e+00 -2.78678482399999979e-03
end
coil AAE10_SC_010 -1.45476000000000000e+06 none
6.84262071100000036e+00 -4.31191869499999991e-01 -1.74495433399999983e-02
6.83949856799999978e+00 -4.26508290399999990e-01 -1.06373998100000006e-01
6.83150609800000019e+00 -4.21528663999999997e-01 -1.94931003699999994e-01
6.81861741200000004e+00 -4.16776902000000005e-01 -2.82965108700000023e-01
6.80095607700000038e+00 -4.11580039399999986e-01 -3.70161730799999977e-01
6.77878805100000026e+00 -4.04681401100000004e-01 -4.56066133900000004e-01
6.75211333900000010e+00 -3.96362397600000027e-01 -5.40776822700000048e-01
6.72114965699999978e+00 -3.87087106100000022e-01 -6.23652054699999958e-01
6.68597997200000016e+00 -3.76126808699999982e-01 -7.04798590999999974e-01
6.64695321000000039e+00 -3.62620394000000013e-01 -7.83724147499999968e-01
6.60431769000000024e+00 -3.45729294099999973e-01 -8.60160919799999979e-01
6.55870889599999973e+00 -3.23509967399999987e-01 -9.33417592700000021e-01
6.51159669399999963e+00 -2.91827055700000004e-01 -1.00206122299999989e+00
6.46414379800000027e+00 -2.50153245400000002e-01 -1.06492056600000007e+00
6.41535225899999961e+00 -2.03628046799999990e-01 -1.12301204000000010e+00
6.36361098400000014e+00 -1.56207865800000012e-01 -1.17785383299999991e+00
6.30765370000000036e+00 -1.10743629100000004e-01 -1.23028775000000001e+00
6.24592462699999995e+00 -7.15062469300000031e-02 -1.28097524599999990e+00
6.17794186400000012e+00 -4.01374947799999979e-02 -1.32940064600000007e+00
6.10468923799999974e+00 -1.62633623699999993e-02 -1.37401825100000008e+00
6.02664571800000015e+00 3.78665300500000026e-04 -1.41379362500000005e+00
5.94480749800000030e+00 1.00851396100000001e-02 -1.44763304900000001e+00
5.86007426499999973e+00 1.36970400000000006e-02 -1.47478658299999998e+00
5.77324862199999966e+00 1.19705669099999992e-02 -1.49478746799999995e+00
5.68550033999999993e+00 3.28652099200000018e-03 -1.50745079099999990e+00
5.59823397200000006e+00 -1.32960774500000007e-02 -1.51298411800000010e+00
5.51154660699999965e+00 -3.40071613500000022e-02 -1.51150248399999998e+00
5.42525936499999961e+00 -5.43379382099999989e-02 -1.50253250699999996e+00
5.33930575599999990e+00 -6.95150711899999996e-02 -1.48480144199999997e+00
5.25503619599999983e+00 -7.49567751300000001e-02 -1.45647327999999998e+00
5.17563872900000010e+00 -7.01163323200000022e-02 -1.41648754599999993e+00
5.10445968299999997e+00 -5.67702520399999966e-02 -1.36460902099999992e+00
5.04454176299999979e+00 -3.75285110300000030e-02 -1.30145524799999990e+00
4.99827394199999997e+00 -1.50116763299999994e-02 -1.22877147299999989e+00
4.96732732400000021e+00 1.02995256799999994e-02 -1.14916445699999992e+00
4.95217028899999967e+00 3.91439939599999981e-02 -1.06625950899999999e+00
4.95181194300000005e+00 7.33079477600000057e-02 -9.84019988200000029e-01
4.96330490500000021e+00 1.12972883900000001e-01 -9.05019850500000000e-01
4.98218720800000003e+00 1.52435432099999990e-01 -8.27430147700000007e-01
5.00593454399999960e+00 1.84021199899999988e-01 -7.47589677000000008e-01
5.03456162200000001e+00 2.04335268900000006e-01 -6.65754104100000021e-01
5.06839560199999983e+00 2.12981671300000008e-01 -5.83763262700000007e-01
5.10616844599999986e+00 2.07562901900000013e-01 -5.03287117299999975e-01
5.14463974199999985e+00 1.85365475400000007e-01 -4.26058482299999985e-01
5.17907214299999996e+00 1.45822507099999998e-01 -3.54058778700000021e-01
5.20652121000000001e+00 9.23272602199999987e-02 -2.88294880099999984e-01
5.22840032099999963e+00 3.10117140200000009e-02 -2.27517521700000003e-01
5.24866481599999979e+00 -3.27808933199999972e-02 -1.68760640399999995e-01
5.26956185900000040e+00 -9.64260079400000025e-02 -1.10011766999999996e-01
5.29195583599999964e+00 -1.55456769800000005e-01 -4.71862759699999967e-02
5.30753829599999971e+00 -2.13944744599999986e-01 1.81966169400000002e-02
5.31202497600000001e+00 -2.72389820000000005e-01 8.53008159099999941e-02
5.30646737699999971e+00 -3.33921565799999986e-01 1.49478332999999991e-01
5.29410708799999963e+00 -3.95107414400000023e-01 2.13010172800000008e-01
5.27744370599999968e+00 -4.59414815400000009e-01 2.72389066100000021e-01
5.25607063300000021e+00 -5.22179754599999990e-01 3.31866703200000002e-01
5.23347777199999964e+00 -5.87901673399999991e-01 3.87553904599999999e-01
5.20915143399999980e+00 -6.50954091200000029e-01 4.45633867399999994e-01
5.18415135800000026e+00 -7.07264720800000024e-01 5.09989224300000044e-01
5.16037813300000003e+00 -7.51905348299999998e-01 5.83300031399999974e-01
5.14151583599999995e+00 -7.82509066000000031e-01 6.64789909000000012e-01
5.13159747799999977e+00 -8.00672691399999970e-01 7.51488013200000027e-01
5.13298849600000029e+00 -8.07961045899999952e-01 8.40209904600000002e-01
5.14582069500000028e+00 -8.04084407099999954e-01 9.28272620899999956e-01
5.16823114700000019e+00 -7.88103441399999993e-01 1.01302453600000009e+00
5.19674113000000037e+00 -7.58670967399999951e-01 1.09210786199999998e+00
5.23254983799999973e+00 -7.25927323499999999e-01 1.16681292299999995e+00
5.27799740599999989e+00 -6.95963729699999978e-01 1.23734147300000008e+00
5.33398293499999987e+00 -6.70570371000000054e-01 1.30180800399999996e+00
5.40020927399999984e+00 -6.50169363499999986e-01 1.35778514899999991e+00
5.47541426899999983e+00 -6.34944955100000041e-01 1.40304295200000007e+00
5.55763966800000020e+00 -6.25094338499999957e-01 1.43595856100000008e+00
5.64436233899999973e+00 -6.20630680400000023e-01 1.45566788399999991e+00
5.73321802099999989e+00 -6.21579576399999945e-01 1.46207221500000006e+00
5.82185128199999991e+00 -6.27710073000000035e-01 1.45563949300000006e+00
5.90846156499999964e+00 -6.38100121000000020e-01 1.43734869599999993e+00
5.99198559999999958e+00 -6.49177218800000011e-01 1.40860805300000003e+00
6.07218096099999993e+00 -6.58097327300000035e-01 1.37074944699999990e+00
6.14845334399999999e+00 -6.64565721999999970e-01 1.32528569800000007e+00
6.22076920900000019e+00 -6.69139855900000025e-01 1.27344174199999993e+00
6.28892203000000016e+00 -6.74152506999999956e-01 1.21624657500000000e+00
6.35299417299999991e+00 -6.79486507799999973e-01 1.15453905799999990e+00
6.41358406600000031e+00 -6.77897781500000018e-01 1.08926367399999990e+00
6.47039985099999981e+00 -6.65245123599999988e-01 1.02191720899999994e+00
6.52297020700000019e+00 -6.42415130199999962e-01 9.53741958900000020e-01
6.57132749600000032e+00 -6.12592866600000008e-01 8.85007124200000050e-01
6.61598894200000043e+00 -5.81300075399999949e-01 8.14565732900000006e-01
6.65731582400000033e+00 -5.52066523299999945e-01 7.41282581500000037e-01
6.69511161500000007e+00 -5.25647002100000038e-01 6.65177014199999972e-01
6.72922038699999980e+00 -5.01786984799999947e-01 5.86314234499999976e-01
6.75928790800000012e+00 -4.81485787399999976e-01 5.04959361800000006e-01
6.78505999199999987e+00 -4.65414389200000000e-01 4.21241332600000018e-01
6.80628477900000028e+00 -4.53466544099999980e-01 3.35488630800000021e-01
6.82271632800000027e+00 -4.44917065000000000e-01 2.48458953600000004e-01
6.83429519700000032e+00 -4.39031496999999993e-01 1.60225412000000011e-01
6.84090959099999996e+00 -4.34967999200000011e-01 7.15008086900000006e-02
6.84262071100000036e+00 -4.31191869499999991e-01 -1.74495433399999983e-02
end
coil AAE14_SC_011 -0.00000000000000000e+00 none
6.80182999999999982e+00 1.73561999999999994e+00 -7.06089999999999995e-01
6.76151999999999997e+00 1.75726000000000004e+00 -8.02960000000000007e-01
6.71694000000000013e+00 1.77645999999999993e+00 -8.98349999999999982e-01
6.66741000000000028e+00 1.79279999999999995e+00 -9.91870000000000029e-01
6.61099000000000014e+00 1.80488000000000004e+00 -1.08213000000000004e+00
6.54781000000000013e+00 1.81238999999999995e+00 -1.16823000000000010e+00
6.47846000000000011e+00 1.81537999999999999e+00 -1.24963000000000002e+00
6.40261999999999976e+00 1.81316999999999995e+00 -1.32501000000000002e+00
6.32031999999999972e+00 1.80516999999999994e+00 -1.39285999999999999e+00
6.23207999999999984e+00 1.79098000000000002e+00 -1.45162999999999998e+00
6.13891999999999971e+00 1.77055000000000007e+00 -1.50011000000000005e+00
6.04222000000000037e+00 1.74418999999999991e+00 -1.53757000000000010e+00
5.94346999999999959e+00 1.71249000000000007e+00 -1.56394999999999995e+00
5.84400999999999993e+00 1.67622000000000004e+00 -1.57966999999999991e+00
5.74493000000000009e+00 1.63612000000000002e+00 -1.58546000000000009e+00
5.64705999999999975e+00 1.59285999999999994e+00 -1.58210999999999991e+00
5.55104000000000042e+00 1.54699999999999993e+00 -1.57027000000000005e+00
5.45744000000000007e+00 1.49895000000000000e+00 -1.55041999999999991e+00
5.36681000000000008e+00 1.44907000000000008e+00 -1.52283999999999997e+00
5.27977000000000007e+00 1.39765000000000006e+00 -1.48758999999999997e+00
5.19697000000000031e+00 1.34501000000000004e+00 -1.44477000000000011e+00
5.11873000000000022e+00 1.29150999999999994e+00 -1.39495999999999998e+00
5.04579999999999984e+00 1.23748999999999998e+00 -1.33818999999999999e+00
4.97926000000000002e+00 1.18328999999999995e+00 -1.27417000000000002e+00
4.91978999999999989e+00 1.12936999999999999e+00 -1.20328999999999997e+00
4.86836999999999964e+00 1.07624999999999993e+00 -1.12579999999999991e+00
4.82284999999999986e+00 1.02397000000000005e+00 -1.04414000000000007e+00
4.78106999999999971e+00 9.72339999999999982e-01 -9.60089999999999999e-01
4.74368999999999996e+00 9.21570000000000000e-01 -8.73500000000000054e-01
4.71021999999999963e+00 8.71630000000000016e-01 -7.84819999999999962e-01
4.67910000000000004e+00 8.22239999999999971e-01 -6.94989999999999997e-01
4.64907999999999966e+00 7.73120000000000029e-01 -6.04639999999999955e-01
4.62100000000000044e+00 7.24469999999999947e-01 -5.13419999999999987e-01
4.59564000000000039e+00 6.76520000000000010e-01 -4.21030000000000015e-01
4.57472999999999974e+00 6.29800000000000026e-01 -3.26940000000000008e-01
4.55991000000000035e+00 5.84860000000000047e-01 -2.30830000000000007e-01
4.54399999999999959e+00 5.39590000000000014e-01 -1.35039999999999993e-01
4.52688999999999986e+00 4.93960000000000010e-01 -3.96299999999999986e-02
4.51186000000000043e+00 4.48969999999999980e-01 5.64199999999999979e-02
4.50075000000000003e+00 4.05210000000000015e-01 1.53570000000000012e-01
4.49244999999999983e+00 3.62370000000000025e-01 2.51400000000000012e-01
4.48420000000000041e+00 3.19560000000000011e-01 3.49250000000000005e-01
4.48076000000000008e+00 2.78409999999999991e-01 4.48089999999999988e-01
4.48252000000000006e+00 2.39150000000000001e-01 5.47740000000000005e-01
4.48845999999999989e+00 2.01500000000000012e-01 6.47859999999999991e-01
4.49598999999999993e+00 1.64479999999999987e-01 7.48110000000000053e-01
4.50687000000000015e+00 1.28830000000000000e-01 8.48500000000000032e-01
4.52433999999999958e+00 9.59900000000000059e-02 9.48930000000000051e-01
4.54861999999999966e+00 6.62599999999999995e-02 1.04889999999999994e+00
4.57998999999999956e+00 3.99600000000000025e-02 1.14785000000000004e+00
4.61880000000000024e+00 1.75400000000000000e-02 1.24510000000000010e+00
4.66549999999999976e+00 -4.69999999999999986e-04 1.33976000000000006e+00
4.72078000000000042e+00 -1.32499999999999996e-02 1.43054999999999999e+00
4.78488000000000024e+00 -2.01099999999999994e-02 1.51601000000000008e+00
4.85749000000000031e+00 -2.05800000000000011e-02 1.59462999999999999e+00
4.93794999999999984e+00 -1.43300000000000007e-02 1.66486000000000001e+00
5.02521000000000040e+00 -1.19999999999999989e-03 1.72523000000000004e+00
5.11781000000000041e+00 1.85799999999999993e-02 1.77471000000000001e+00
5.21401000000000003e+00 4.41599999999999979e-02 1.81360000000000010e+00
5.31238000000000010e+00 7.44800000000000045e-02 1.84301000000000004e+00
5.41192000000000029e+00 1.10250000000000001e-01 1.86004999999999998e+00
5.51107000000000014e+00 1.49469999999999992e-01 1.86812000000000000e+00
5.60972000000000026e+00 1.90920000000000006e-01 1.87010000000000010e+00
5.70645000000000024e+00 2.36040000000000000e-01 1.86085999999999996e+00
5.80133999999999972e+00 2.82830000000000026e-01 1.84553999999999996e+00
5.89405000000000001e+00 3.31560000000000021e-01 1.82302999999999993e+00
5.98367000000000004e+00 3.81850000000000023e-01 1.79336000000000007e+00
6.07141000000000020e+00 4.33070000000000010e-01 1.75934999999999997e+00
6.15442999999999962e+00 4.85570000000000002e-01 1.71711999999999998e+00
6.23507999999999996e+00 5.38719999999999977e-01 1.67076000000000002e+00
6.31017000000000028e+00 5.92450000000000032e-01 1.61699999999999999e+00
6.38133999999999979e+00 6.46610000000000018e-01 1.55800999999999989e+00
6.44927000000000028e+00 7.00760000000000050e-01 1.49557999999999991e+00
6.51226000000000038e+00 7.54900000000000015e-01 1.42791000000000001e+00
6.57355000000000000e+00 8.08889999999999998e-01 1.35880000000000001e+00
6.62453999999999965e+00 8.61979999999999968e-01 1.28096000000000010e+00
6.67553999999999981e+00 9.15059999999999985e-01 1.20310999999999990e+00
6.71847999999999956e+00 9.66870000000000007e-01 1.11986999999999992e+00
6.75973000000000024e+00 1.01841000000000004e+00 1.03547999999999996e+00
6.79685000000000006e+00 1.06909000000000010e+00 9.48829999999999951e-01
6.82988999999999979e+00 1.11892999999999998e+00 8.59940000000000038e-01
6.86047999999999991e+00 1.16813999999999996e+00 7.69979999999999998e-01
6.88166000000000011e+00 1.21494999999999997e+00 6.75969999999999960e-01
6.90284000000000031e+00 1.26175999999999999e+00 5.81960000000000033e-01
6.91668000000000038e+00 1.30638999999999994e+00 4.85559999999999992e-01
6.93034999999999979e+00 1.35097000000000000e+00 3.89100000000000001e-01
6.93801999999999985e+00 1.39358000000000004e+00 2.91150000000000020e-01
6.94444000000000017e+00 1.43578000000000006e+00 1.92879999999999996e-01
6.94420000000000037e+00 1.47557999999999989e+00 9.34900000000000037e-02
6.94195000000000029e+00 1.51465999999999990e+00 -6.23999999999999989e-03
6.93311000000000011e+00 1.55112999999999990e+00 -1.06530000000000000e-01
6.92281000000000013e+00 1.58704000000000001e+00 -2.06940000000000013e-01
6.90564999999999962e+00 1.62002000000000002e+00 -3.07410000000000017e-01
6.88670999999999989e+00 1.65220999999999996e+00 -4.07770000000000021e-01
6.86221999999999976e+00 1.68185999999999991e+00 -5.07770000000000055e-01
6.83361000000000018e+00 1.70951000000000009e+00 -6.07160000000000033e-01
6.80182999999999982e+00 1.73561999999999994e+00 -7.06089999999999995e-01
end
coil AAE23_SC_012 -0.00000000000000000e+00 none
6.11599999999999966e+00 3.29368999999999978e+00 -7.21389999999999976e-01
6.10163000000000011e+00 3.23843000000000014e+00 -8.08459999999999956e-01
6.08185999999999982e+00 3.18001999999999985e+00 -8.92310000000000048e-01
6.05691999999999986e+00 3.11879999999999979e+00 -9.72650000000000015e-01
6.02695000000000025e+00 3.05505000000000004e+00 -1.04919999999999991e+00
5.99146999999999963e+00 2.98878000000000021e+00 -1.12105000000000010e+00
5.94833999999999996e+00 2.91943000000000019e+00 -1.18554000000000004e+00
5.89752999999999972e+00 2.84764999999999979e+00 -1.24126000000000003e+00
5.84116000000000035e+00 2.77464999999999984e+00 -1.28957000000000011e+00
5.77935999999999961e+00 2.70099000000000000e+00 -1.32953000000000010e+00
5.71241000000000021e+00 2.62739000000000011e+00 -1.36019000000000001e+00
5.64083000000000023e+00 2.55468999999999991e+00 -1.38074000000000008e+00
5.56526000000000032e+00 2.48388000000000009e+00 -1.39033000000000007e+00
5.48625000000000007e+00 2.41633999999999993e+00 -1.38710000000000000e+00
5.40538999999999970e+00 2.35227999999999993e+00 -1.37349999999999994e+00
5.32371999999999979e+00 2.29174999999999995e+00 -1.35124000000000000e+00
5.24188000000000009e+00 2.23505000000000020e+00 -1.32085999999999992e+00
5.16035000000000021e+00 2.18161000000000005e+00 -1.28438000000000008e+00
5.07936999999999994e+00 2.13127999999999984e+00 -1.24255000000000004e+00
4.99903000000000031e+00 2.08343999999999996e+00 -1.19676999999999989e+00
4.91908000000000012e+00 2.03696000000000010e+00 -1.14893000000000001e+00
4.83931000000000022e+00 1.99106999999999990e+00 -1.10020999999999991e+00
4.75992000000000015e+00 1.94628000000000001e+00 -1.04990999999999990e+00
4.68099000000000043e+00 1.90280999999999989e+00 -9.97730000000000006e-01
4.60243000000000002e+00 1.86033000000000004e+00 -9.44219999999999948e-01
4.52416999999999980e+00 1.81862999999999997e+00 -8.89639999999999986e-01
4.44620999999999977e+00 1.77764999999999995e+00 -8.34110000000000018e-01
4.36861999999999995e+00 1.73760000000000003e+00 -7.77390000000000025e-01
4.29135000000000044e+00 1.69826999999999995e+00 -7.19740000000000046e-01
4.21431999999999984e+00 1.65948999999999991e+00 -6.61399999999999988e-01
4.13809999999999967e+00 1.62247000000000008e+00 -6.00910000000000055e-01
4.06292000000000009e+00 1.58760999999999997e+00 -5.37880000000000025e-01
3.98912000000000022e+00 1.55539999999999989e+00 -4.71909999999999996e-01
3.91707999999999990e+00 1.52635000000000010e+00 -4.02610000000000023e-01
3.84728000000000003e+00 1.50106000000000006e+00 -3.29670000000000019e-01
3.78028999999999993e+00 1.48012999999999995e+00 -2.52829999999999999e-01
3.71673000000000009e+00 1.46415999999999991e+00 -1.72020000000000006e-01
3.65732999999999997e+00 1.45375000000000010e+00 -8.72700000000000004e-02
3.60264000000000006e+00 1.44924999999999993e+00 1.12999999999999993e-03
3.55426000000000020e+00 1.45212000000000008e+00 9.32800000000000018e-02
3.51315000000000000e+00 1.46270999999999995e+00 1.88230000000000008e-01
3.47743000000000002e+00 1.47866000000000009e+00 2.84490000000000021e-01
3.44760000000000000e+00 1.50031000000000003e+00 3.81869999999999987e-01
3.42830000000000013e+00 1.53113000000000010e+00 4.79150000000000020e-01
3.41195000000000004e+00 1.56451999999999991e+00 5.76409999999999978e-01
3.40566000000000013e+00 1.60569999999999991e+00 6.71610000000000040e-01
3.40190999999999999e+00 1.64884999999999993e+00 7.66299999999999981e-01
3.40526999999999980e+00 1.69681999999999999e+00 8.58129999999999948e-01
3.41706999999999983e+00 1.75049999999999994e+00 9.46559999999999957e-01
3.42885999999999980e+00 1.80417999999999989e+00 1.03499000000000008e+00
3.45246999999999993e+00 1.86464000000000008e+00 1.11616000000000004e+00
3.47813000000000017e+00 1.92626000000000008e+00 1.19605999999999990e+00
3.50961999999999996e+00 1.99055000000000004e+00 1.27098000000000000e+00
3.55039999999999978e+00 2.05906000000000011e+00 1.33793999999999991e+00
3.59419999999999984e+00 2.12850999999999990e+00 1.40144000000000002e+00
3.64719000000000015e+00 2.20082999999999984e+00 1.45439000000000007e+00
3.70473000000000008e+00 2.27367000000000008e+00 1.50028000000000006e+00
3.76993000000000000e+00 2.34737999999999980e+00 1.53428999999999993e+00
3.83987999999999996e+00 2.42037000000000013e+00 1.55834000000000006e+00
3.91239999999999988e+00 2.49266999999999994e+00 1.57641000000000009e+00
3.98849000000000009e+00 2.56327000000000016e+00 1.58462999999999998e+00
4.06670999999999960e+00 2.63179000000000007e+00 1.58479999999999999e+00
4.14625000000000021e+00 2.69858000000000020e+00 1.57912000000000008e+00
4.22696999999999967e+00 2.76319999999999988e+00 1.56688000000000005e+00
4.30848999999999993e+00 2.82487000000000021e+00 1.54720999999999997e+00
4.39024000000000036e+00 2.88452999999999982e+00 1.52303999999999995e+00
4.47210000000000019e+00 2.94214999999999982e+00 1.49449999999999994e+00
4.55386999999999986e+00 2.99745999999999979e+00 1.46141999999999994e+00
4.63530999999999960e+00 3.05018000000000011e+00 1.42365000000000008e+00
4.71637000000000040e+00 3.10097999999999985e+00 1.38260999999999989e+00
4.79697999999999958e+00 3.14983000000000013e+00 1.33843000000000001e+00
4.87704000000000004e+00 3.19670999999999994e+00 1.29120999999999997e+00
4.95643000000000011e+00 3.24147000000000007e+00 1.24085000000000001e+00
5.03497000000000039e+00 3.28391000000000011e+00 1.18727000000000005e+00
5.11268999999999973e+00 3.32430000000000003e+00 1.13100000000000001e+00
5.18947000000000003e+00 3.36255000000000015e+00 1.07201999999999997e+00
5.26518999999999959e+00 3.39853000000000005e+00 1.01029999999999998e+00
5.33968000000000043e+00 3.43204999999999982e+00 9.45779999999999954e-01
5.41275999999999957e+00 3.46294000000000013e+00 8.78380000000000050e-01
5.48420000000000041e+00 3.49094000000000015e+00 8.08039999999999980e-01
5.55374999999999996e+00 3.51581000000000010e+00 7.34680000000000000e-01
5.62108000000000008e+00 3.53723000000000010e+00 6.58240000000000047e-01
5.68588000000000005e+00 3.55493000000000015e+00 5.78729999999999967e-01
5.74777000000000005e+00 3.56857999999999986e+00 4.96170000000000000e-01
5.80637000000000025e+00 3.57792999999999983e+00 4.10669999999999980e-01
5.86132000000000009e+00 3.58272000000000013e+00 3.22409999999999974e-01
5.91216000000000008e+00 3.58266999999999980e+00 2.31610000000000010e-01
5.95812999999999970e+00 3.57719999999999994e+00 1.38429999999999997e-01
5.99873999999999974e+00 3.56605999999999979e+00 4.32700000000000029e-02
6.03383999999999965e+00 3.54943000000000008e+00 -5.32600000000000018e-02
6.06325000000000003e+00 3.52742000000000022e+00 -1.50620000000000004e-01
6.08687999999999985e+00 3.50023000000000017e+00 -2.48230000000000006e-01
6.10477999999999987e+00 3.46815000000000007e+00 -3.45569999999999988e-01
6.11706000000000039e+00 3.43152999999999997e+00 -4.42180000000000017e-01
6.12366999999999972e+00 3.39054000000000011e+00 -5.37569999999999992e-01
6.12384000000000039e+00 3.34485000000000010e+00 -6.31050000000000000e-01
6.11599999999999966e+00 3.29368999999999978e+00 -7.21389999999999976e-01
end
coil AAE23_SC_013 -0.00000000000000000e+00 none
5.02242999999999995e+00 4.79886000000000035e+00 7.21389999999999976e-01
5.07352000000000025e+00 4.79051000000000027e+00 6.31050000000000000e-01
5.11690999999999985e+00 4.77622000000000035e+00 5.37569999999999992e-01
5.15385999999999989e+00 4.75727000000000011e+00 4.42180000000000017e-01
5.18489000000000022e+00 4.73427000000000042e+00 3.45569999999999988e-01
5.20986999999999956e+00 4.70734000000000030e+00 2.48230000000000006e-01
5.22841999999999985e+00 4.67645999999999962e+00 1.50620000000000004e-01
5.24026999999999976e+00 4.64168999999999965e+00 5.32600000000000018e-02
5.24523999999999990e+00 4.60315999999999992e+00 -4.32700000000000029e-02
5.24328000000000038e+00 4.56111000000000022e+00 -1.38429999999999997e-01
5.23428000000000004e+00 4.51569000000000020e+00 -2.31610000000000010e-01
5.21861999999999959e+00 4.46731999999999996e+00 -3.22409999999999974e-01
5.19707999999999970e+00 4.41654999999999998e+00 -4.10669999999999980e-01
5.17007999999999956e+00 4.36369999999999969e+00 -4.96159999999999990e-01
5.13797000000000015e+00 4.30905999999999967e+00 -5.78729999999999967e-01
5.10111999999999988e+00 4.25290000000000035e+00 -6.58240000000000047e-01
5.05992999999999959e+00 4.19547999999999988e+00 -7.34680000000000000e-01
5.01480000000000015e+00 4.13703000000000021e+00 -8.08039999999999980e-01
4.96609000000000034e+00 4.07774000000000036e+00 -8.78380000000000050e-01
4.91413000000000011e+00 4.01778000000000013e+00 -9.45779999999999954e-01
4.85921999999999965e+00 3.95728999999999997e+00 -1.01029999999999998e+00
4.80161000000000016e+00 3.89639999999999986e+00 -1.07201999999999997e+00
4.74150999999999989e+00 3.83518999999999988e+00 -1.13100000000000001e+00
4.67907000000000028e+00 3.77375999999999978e+00 -1.18727000000000005e+00
4.61444000000000010e+00 3.71218000000000004e+00 -1.24085000000000001e+00
4.54734000000000016e+00 3.65051000000000014e+00 -1.29120999999999997e+00
4.47801000000000027e+00 3.58884999999999987e+00 -1.33843000000000001e+00
4.40664000000000033e+00 3.52728000000000019e+00 -1.38260999999999989e+00
4.33328999999999986e+00 3.46587999999999985e+00 -1.42365000000000008e+00
4.25797000000000025e+00 3.40472000000000019e+00 -1.46141999999999994e+00
4.18010000000000037e+00 3.34404000000000012e+00 -1.49449999999999994e+00
4.10001000000000015e+00 3.28399999999999981e+00 -1.52303999999999995e+00
4.01799999999999979e+00 3.22468999999999983e+00 -1.54720999999999997e+00
3.93415999999999988e+00 3.16622000000000003e+00 -1.56688000000000005e+00
3.84776000000000007e+00 3.10941000000000001e+00 -1.57912000000000008e+00
3.75965999999999978e+00 3.05440999999999985e+00 -1.58479999999999999e+00
3.67031999999999980e+00 3.00118000000000018e+00 -1.58462999999999998e+00
3.57967000000000013e+00 2.95062999999999986e+00 -1.57641000000000009e+00
3.48850000000000016e+00 2.90400999999999998e+00 -1.55834000000000006e+00
3.39747000000000021e+00 2.86003000000000007e+00 -1.53428999999999993e+00
3.30720999999999998e+00 2.82080000000000020e+00 -1.50028000000000006e+00
3.22015999999999991e+00 2.78859000000000012e+00 -1.45439000000000007e+00
3.13500999999999985e+00 2.76054000000000022e+00 -1.40144000000000002e+00
3.05541999999999980e+00 2.74034999999999984e+00 -1.33793999999999991e+00
2.97766000000000020e+00 2.72273999999999994e+00 -1.27098000000000000e+00
2.90678999999999998e+00 2.71265000000000001e+00 -1.19605999999999990e+00
2.84025000000000016e+00 2.70728999999999997e+00 -1.11616000000000004e+00
2.77545999999999982e+00 2.70352000000000015e+00 -1.03499000000000008e+00
2.72075999999999985e+00 2.70888999999999980e+00 -9.46559999999999957e-01
2.66604999999999981e+00 2.71425999999999989e+00 -8.58119999999999994e-01
2.61940000000000017e+00 2.72589000000000015e+00 -7.66299999999999981e-01
2.57952000000000004e+00 2.74278000000000022e+00 -6.71610000000000040e-01
2.54230000000000000e+00 2.76149999999999984e+00 -5.76409999999999978e-01
2.51558999999999999e+00 2.78736000000000006e+00 -4.79150000000000020e-01
2.49224999999999985e+00 2.81524000000000019e+00 -3.81869999999999987e-01
2.48086999999999991e+00 2.85029999999999983e+00 -2.84490000000000021e-01
2.47673999999999994e+00 2.88920000000000021e+00 -1.88230000000000008e-01
2.47936999999999985e+00 2.93156999999999979e+00 -9.32800000000000018e-02
2.49158999999999997e+00 2.97847000000000017e+00 -1.12999999999999993e-03
2.51277999999999979e+00 3.02910000000000013e+00 8.72700000000000004e-02
2.54103000000000012e+00 3.08238000000000012e+00 1.72020000000000006e-01
2.57586000000000004e+00 3.13789000000000007e+00 2.52829999999999999e-01
2.61647000000000007e+00 3.19512999999999980e+00 3.29670000000000019e-01
2.66209000000000007e+00 3.25369000000000019e+00 4.02619999999999978e-01
2.71196999999999999e+00 3.31322999999999990e+00 4.71909999999999996e-01
2.76542000000000021e+00 3.37347000000000019e+00 5.37880000000000025e-01
2.82180000000000009e+00 3.43419000000000008e+00 6.00910000000000055e-01
2.88056000000000001e+00 3.49524999999999997e+00 6.61399999999999988e-01
2.94125000000000014e+00 3.55652999999999997e+00 7.19740000000000046e-01
3.00253000000000014e+00 3.61785999999999985e+00 7.77390000000000025e-01
3.06459999999999999e+00 3.67926999999999982e+00 8.34110000000000018e-01
3.12767000000000017e+00 3.74075999999999986e+00 8.89639999999999986e-01
3.19151000000000007e+00 3.80229000000000017e+00 9.44219999999999948e-01
3.25619000000000014e+00 3.86387999999999998e+00 9.97730000000000006e-01
3.32191999999999998e+00 3.92552000000000012e+00 1.04990999999999990e+00
3.38906000000000018e+00 3.98719000000000001e+00 1.10020999999999991e+00
3.45733999999999986e+00 4.04886999999999997e+00 1.14893000000000001e+00
3.52626000000000017e+00 4.11054000000000030e+00 1.19676999999999989e+00
3.59657999999999989e+00 4.17217000000000038e+00 1.24255000000000004e+00
3.66947000000000001e+00 4.23362999999999978e+00 1.28438000000000008e+00
3.74549000000000021e+00 4.29466000000000037e+00 1.32085999999999992e+00
3.82469999999999999e+00 4.35496999999999979e+00 1.35124000000000000e+00
3.90750999999999982e+00 4.41394000000000020e+00 1.37349999999999994e+00
3.99341999999999997e+00 4.47104000000000035e+00 1.38710000000000000e+00
4.08206999999999987e+00 4.52531999999999979e+00 1.39033000000000007e+00
4.17276999999999987e+00 4.57530000000000037e+00 1.38074000000000008e+00
4.26402999999999999e+00 4.62091999999999992e+00 1.36017999999999994e+00
4.35470999999999986e+00 4.66183999999999976e+00 1.32953000000000010e+00
4.44385999999999992e+00 4.69786000000000037e+00 1.28957000000000011e+00
4.53071000000000002e+00 4.72890999999999995e+00 1.24126000000000003e+00
4.61467999999999989e+00 4.75506000000000029e+00 1.18554000000000004e+00
4.69395999999999969e+00 4.77463999999999977e+00 1.12105000000000010e+00
4.76794999999999991e+00 4.78791000000000011e+00 1.04919999999999991e+00
4.83785000000000043e+00 4.79671000000000003e+00 9.72650000000000015e-01
4.90378000000000025e+00 4.80152000000000001e+00 8.92310000000000048e-01
4.96544000000000008e+00 4.80227000000000004e+00 8.08459999999999956e-01
5.02242999999999995e+00 4.79886000000000035e+00 7.21389999999999976e-01
end
coil AAE14_SC_014 -0.00000000000000000e+00 none
3.75255999999999990e+00 5.93257999999999974e+00 7.06089999999999995e-01
3.73755000000000015e+00 5.97088000000000019e+00 6.07160000000000033e-01
3.72008999999999990e+00 6.00663000000000036e+00 5.07770000000000055e-01
3.69945000000000013e+00 6.03908999999999985e+00 4.07770000000000021e-01
3.67469000000000001e+00 6.06705000000000005e+00 3.07410000000000017e-01
3.64862999999999982e+00 6.09356000000000009e+00 2.06940000000000013e-01
3.61766999999999994e+00 6.11444999999999972e+00 1.06530000000000000e-01
3.58571000000000017e+00 6.13414000000000037e+00 6.23999999999999989e-03
3.54924000000000017e+00 6.14834999999999976e+00 -9.34900000000000037e-02
3.51146000000000003e+00 6.16087000000000007e+00 -1.92879999999999996e-01
3.46933999999999987e+00 6.16781000000000024e+00 -2.91150000000000020e-01
3.42643999999999993e+00 6.17368000000000006e+00 -3.89100000000000001e-01
3.37983000000000011e+00 6.17445999999999984e+00 -4.85559999999999992e-01
3.33309999999999995e+00 6.17508000000000035e+00 -5.81960000000000033e-01
3.28203999999999985e+00 6.16940000000000044e+00 -6.75969999999999960e-01
3.23097000000000012e+00 6.16373000000000015e+00 -7.69979999999999998e-01
3.17472000000000021e+00 6.14984999999999982e+00 -8.59940000000000038e-01
3.11710999999999983e+00 6.13382000000000005e+00 -9.48829999999999951e-01
3.05743000000000009e+00 6.11418000000000017e+00 -1.03547999999999996e+00
2.99567000000000005e+00 6.09088000000000029e+00 -1.11986999999999992e+00
2.93312999999999979e+00 6.06604999999999972e+00 -1.20310999999999990e+00
2.86688000000000009e+00 6.03394999999999992e+00 -1.28096000000000010e+00
2.80064000000000002e+00 6.00185999999999975e+00 -1.35880000000000001e+00
2.73035000000000005e+00 5.96025000000000027e+00 -1.42791000000000001e+00
2.65940000000000021e+00 5.91706999999999983e+00 -1.49557999999999991e+00
2.58691000000000004e+00 5.86920000000000019e+00 -1.55800999999999989e+00
2.51340999999999992e+00 5.81824999999999992e+00 -1.61699999999999999e+00
2.43909000000000020e+00 5.76344000000000012e+00 -1.67076000000000002e+00
2.36363000000000012e+00 5.70315999999999956e+00 -1.71711999999999998e+00
2.28804000000000007e+00 5.64043000000000028e+00 -1.75934999999999997e+00
2.21220999999999979e+00 5.57280999999999960e+00 -1.79336000000000007e+00
2.13669999999999982e+00 5.50312000000000001e+00 -1.82302999999999993e+00
2.06170000000000009e+00 5.42999999999999972e+00 -1.84553999999999996e+00
1.98788000000000009e+00 5.35421000000000014e+00 -1.86085999999999996e+00
1.91507000000000005e+00 5.27616999999999958e+00 -1.87010000000000010e+00
1.84516999999999998e+00 5.19514999999999993e+00 -1.86812000000000000e+00
1.77723000000000009e+00 5.11296999999999979e+00 -1.86004999999999998e+00
1.71245000000000003e+00 5.02935999999999961e+00 -1.84301000000000004e+00
1.65321999999999991e+00 4.94517000000000007e+00 -1.81360000000000010e+00
1.59915999999999991e+00 4.86158000000000001e+00 -1.77471000000000001e+00
1.55173000000000005e+00 4.77963000000000005e+00 -1.72523000000000004e+00
1.51228000000000007e+00 4.70070000000000032e+00 -1.66486000000000001e+00
1.48147000000000006e+00 4.62610999999999972e+00 -1.59462999999999999e+00
1.45948000000000011e+00 4.55691000000000024e+00 -1.51601000000000008e+00
1.44619999999999993e+00 4.49382000000000037e+00 -1.43054999999999999e+00
1.44127000000000005e+00 4.43729999999999958e+00 -1.33976000000000006e+00
1.44396999999999998e+00 4.38731999999999989e+00 -1.24510000000000010e+00
1.45330000000000004e+00 4.34347999999999956e+00 -1.14785000000000004e+00
1.46860999999999997e+00 4.30551999999999957e+00 -1.04889999999999994e+00
1.48938999999999999e+00 4.27324000000000037e+00 -9.48930000000000051e-01
1.51523000000000008e+00 4.24648000000000003e+00 -8.48500000000000032e-01
1.54577000000000009e+00 4.22512000000000043e+00 -7.48110000000000053e-01
1.57865000000000011e+00 4.20650999999999975e+00 -6.47859999999999991e-01
1.61261999999999994e+00 4.18923000000000023e+00 -5.47740000000000005e-01
1.64941000000000004e+00 4.17543000000000042e+00 -4.48089999999999988e-01
1.68961000000000006e+00 4.16598000000000024e+00 -3.49250000000000005e-01
1.73287999999999998e+00 4.16059000000000001e+00 -2.51400000000000012e-01
1.77618999999999994e+00 4.15526000000000018e+00 -1.53570000000000012e-01
1.82122999999999990e+00 4.15230000000000032e+00 -5.64199999999999979e-02
1.86867000000000005e+00 4.15268000000000015e+00 3.96299999999999986e-02
1.91735999999999995e+00 4.15486000000000022e+00 1.35039999999999993e-01
1.96531999999999996e+00 4.15599999999999969e+00 2.30830000000000007e-01
2.01264000000000021e+00 4.15620999999999974e+00 3.26940000000000008e-01
2.06354000000000015e+00 4.16166000000000036e+00 4.21030000000000015e-01
2.11697999999999986e+00 4.17095000000000038e+00 5.13410000000000033e-01
2.17192000000000007e+00 4.18262999999999963e+00 6.04639999999999955e-01
2.22792000000000012e+00 4.19599999999999973e+00 6.94989999999999997e-01
2.28451000000000004e+00 4.21034000000000042e+00 7.84819999999999962e-01
2.34234000000000009e+00 4.22672999999999988e+00 8.73500000000000054e-01
2.40217999999999998e+00 4.24659999999999993e+00 9.60089999999999999e-01
2.46418999999999988e+00 4.27038000000000029e+00 1.04414000000000007e+00
2.52797999999999989e+00 4.29751999999999956e+00 1.12579999999999991e+00
2.59439999999999982e+00 4.33000000000000007e+00 1.20328999999999997e+00
2.66406000000000009e+00 4.36990000000000034e+00 1.27417000000000002e+00
2.73615999999999993e+00 4.41643000000000008e+00 1.33818999999999999e+00
2.81007000000000007e+00 4.46910000000000007e+00 1.39495999999999998e+00
2.88513000000000019e+00 4.52698999999999963e+00 1.44477000000000011e+00
2.96078000000000019e+00 4.58945999999999987e+00 1.48758999999999997e+00
3.03657999999999983e+00 4.65634999999999977e+00 1.52283999999999997e+00
3.11202999999999985e+00 4.72712999999999983e+00 1.55041999999999991e+00
3.18665000000000020e+00 4.80130000000000035e+00 1.57027000000000005e+00
3.25993999999999984e+00 4.87844999999999995e+00 1.58210999999999991e+00
3.33131999999999984e+00 4.95816000000000034e+00 1.58546000000000009e+00
3.40007999999999999e+00 5.04000000000000004e+00 1.57966999999999991e+00
3.46531000000000011e+00 5.12338999999999967e+00 1.56394999999999995e+00
3.52597000000000005e+00 5.20751000000000008e+00 1.53757000000000010e+00
3.58092999999999995e+00 5.29133000000000031e+00 1.50011000000000005e+00
3.62914000000000003e+00 5.37361999999999984e+00 1.45162999999999998e+00
3.66990000000000016e+00 5.45315999999999956e+00 1.39285999999999999e+00
3.70294999999999996e+00 5.52895000000000003e+00 1.32502000000000009e+00
3.72847999999999979e+00 5.60039999999999960e+00 1.24963000000000002e+00
3.74706999999999990e+00 5.66727000000000025e+00 1.16823000000000010e+00
3.75945000000000018e+00 5.72968000000000011e+00 1.08214000000000010e+00
3.76540000000000008e+00 5.78707999999999956e+00 9.91870000000000029e-01
3.76515999999999984e+00 5.83922999999999970e+00 8.98349999999999982e-01
3.76067000000000018e+00 5.88755999999999968e+00 8.02960000000000007e-01
3.75255999999999990e+00 5.93257999999999974e+00 7.06089999999999995e-01
end
coil AAE10_SC_015 -1.45476000000000000e+06 none
1.70439824849999999e+00 6.64096463124499969e+00 1.74495433399999983e-02
1.70027817058299990e+00 6.64050414766899966e+00 -7.15008086900000006e-02
1.69436959436700008e+00 6.63546917502999989e+00 -1.60225412000000011e-01
1.68519401927200008e+00 6.62627575675000013e+00 -2.48458953600000004e-01
1.67198535357800004e+00 6.61329035933600018e+00 -3.35488630800000021e-01
1.65406345775499997e+00 6.59679647453500007e+00 -4.21241332600000018e-01
1.63081463783499991e+00 6.57725210127499960e+00 -5.04959361800000006e-01
1.60221567679100008e+00 6.55492960450200002e+00 -5.86314234499999976e-01
1.56898326165400004e+00 6.52986338545999967e+00 -6.65177014199999972e-01
1.53217726212399996e+00 6.50208153317499971e+00 -7.41282581500000037e-01
1.49160379304299995e+00 6.47181099715600006e+00 -8.14565732900000006e-01
1.44804143425200005e+00 6.43900544219300031e+00 -8.85007124200000050e-01
1.40473555202100009e+00 6.40223051364200035e+00 -9.53741958900000020e-01
1.36677780462700005e+00 6.35928798994599997e+00 -1.02191720899999994e+00
1.33718736876899991e+00 6.30916285370900010e+00 -1.08926367399999990e+00
1.31695309364399993e+00 6.25202938457499968e+00 -1.15453905799999990e+00
1.30222664881000005e+00 6.18944485856699966e+00 -1.21624657500000000e+00
1.28593358339899999e+00 6.12307867967400021e+00 -1.27344174199999993e+00
1.26793701200300002e+00 6.05288871992499988e+00 -1.32528569800000007e+00
1.25051935838399997e+00 5.97835052917100018e+00 -1.37074944699999990e+00
1.23422115628000006e+00 5.89932374339699983e+00 -1.40860805300000003e+00
1.21894575607000011e+00 5.81646465417400016e+00 -1.43734869599999993e+00
1.20206322959100009e+00 5.73088267874500001e+00 -1.45563949300000006e+00
1.18050449441500005e+00 5.64469301067699991e+00 -1.46207221500000006e+00
1.15394903235400004e+00 5.55989301031099981e+00 -1.45566788399999991e+00
1.12290506209500007e+00 5.47879419515600041e+00 -1.43595856100000008e+00
1.08812752332700002e+00 5.40363720156600014e+00 -1.40304295200000007e+00
1.05040862899500009e+00 5.33681760193899990e+00 -1.35778514899999991e+00
1.01054105364700009e+00 5.28013686870199983e+00 -1.30180800399999996e+00
9.69090054484599950e-01 5.23473844591099979e+00 -1.23734147300000008e+00
9.26548912484499998e-01 5.20077449991199980e+00 -1.16681292299999995e+00
8.84342357267600021e-01 5.17683673725099958e+00 -1.09210786199999998e+00
8.47540341822800025e-01 5.15881726679200003e+00 -1.01302453600000009e+00
8.25416329737500010e-01 5.14244205037199986e+00 -9.28272620899999956e-01
8.17764059579299984e-01 5.13143585116499956e+00 -8.40209904600000002e-01
8.24265848418100022e-01 5.12786068903000025e+00 -7.51488013200000027e-01
8.44605423892599960e-01 5.13168073910900002e+00 -6.64789909000000012e-01
8.79540059360000015e-01 5.14016278072300015e+00 -5.83300031399999974e-01
9.29342149571400045e-01 5.14897774873499969e+00 -5.09989224300000044e-01
9.90622189133899989e-01 5.15535329241300033e+00 -4.45633867399999994e-01
1.05810585380400002e+00 5.15900474604899983e+00 -3.87553904599999999e-01
1.12759269094199999e+00 5.16018264391199999e+00 -3.31866703200000002e-01
1.19389033814200007e+00 5.16111421139799997e+00 -2.72389066100000021e-01
1.26019957913099989e+00 5.15708994965999956e+00 -2.13010172800000008e-01
1.32221031850399995e+00 5.14993781602399991e+00 -1.49478332999999991e-01
1.38244787884500009e+00 5.13620905162200003e+00 -8.53008159099999941e-02
1.43664598828100010e+00 5.11388144383499998e+00 -1.81966169400000002e-02
1.48745611288499990e+00 5.08098786553300030e+00 4.71862759699999967e-02
1.53667758414899991e+00 5.04144841917599962e+00 1.10011766999999996e-01
1.59075014372000001e+00 5.00190672823300009e+00 1.68760640399999995e-01
1.64515844528500010e+00 4.96292104843000015e+00 2.27517521700000003e-01
1.69671197792799999e+00 4.92316523154700025e+00 2.88294880099999984e-01
1.73910675288100003e+00 4.88052867710699978e+00 3.54058778700000021e-01
1.76607415348999996e+00 4.83556206855099990e+00 4.26058482299999985e-01
1.77529687634799993e+00 4.79211430977999964e+00 5.03287117299999975e-01
1.76877798157499999e+00 4.75451570852199978e+00 5.83763262700000007e-01
1.75009948942200011e+00 4.72500956665200000e+00 6.65754104100000021e-01
1.72193340812600004e+00 4.70406099012399981e+00 7.47589677000000008e-01
1.68455522744199993e+00 4.69123647050700043e+00 8.27430147700000007e-01
1.64118916130699999e+00 4.68547293123099973e+00 9.05019850500000000e-01
1.59991404474899990e+00 4.68679961417799973e+00 9.84019988200000029e-01
1.56753292886900009e+00 4.69769766379500009e+00 1.06625950899999999e+00
1.54478399075200001e+00 4.72102629159199960e+00 1.14916445699999992e+00
1.53027463802500008e+00 4.75827986586700025e+00 1.22877147299999989e+00
1.52315739863899990e+00 4.80924126310600020e+00 1.30145524799999990e+00
1.52337307101400010e+00 4.87217261633800014e+00 1.36460902099999992e+00
1.53267572925499995e+00 4.94399207747500036e+00 1.41648754599999993e+00
1.55260736119199994e+00 5.02099933493100004e+00 1.45647327999999998e+00
1.58382345533200009e+00 5.09946287009899990e+00 1.48480144199999997e+00
1.62481889246000000e+00 5.17651961802099958e+00 1.50253250699999996e+00
1.67081883444999990e+00 5.25230110623899993e+00 1.51150248399999998e+00
1.71730411473500011e+00 5.32834561270600027e+00 1.51298411800000010e+00
1.76004189378999998e+00 5.40621655591600003e+00 1.50745079099999990e+00
1.79541662261299995e+00 5.48698661353799988e+00 1.49478746799999995e+00
1.82388919533000005e+00 5.56902919756899983e+00 1.47478658299999998e+00
1.84663808291300002e+00 5.65073142956299979e+00 1.44763304900000001e+00
1.86269607804100001e+00 5.73156366749299995e+00 1.41379362500000005e+00
1.87098534316099996e+00 5.81093013511500001e+00 1.37401825100000008e+00
1.87091600027800009e+00 5.88797503504800002e+00 1.32940064600000007e+00
1.86209037322899995e+00 5.96232396230200035e+00 1.28097524599999990e+00
1.84384873783799996e+00 6.03315681732900000e+00 1.23028775000000001e+00
1.81790143098099999e+00 6.10042457868800003e+00 1.17785383299999991e+00
1.78879109212299992e+00 6.16428709724300017e+00 1.12301204000000010e+00
1.75962041355499998e+00 6.22506768538300026e+00 1.06492056600000007e+00
1.73465001600699997e+00 6.28307598694399960e+00 1.00206122299999989e+00
1.71907624744000009e+00 6.33767291180000036e+00 9.33417592700000021e-01
1.71203830443300009e+00 6.38791560208800036e+00 8.60160919799999979e-01
1.70914901405000008e+00 6.43368402813200024e+00 7.83724147499999968e-01
1.70836358303100000e+00 6.47497439611800019e+00 7.04798590999999974e-01
1.70880775111999994e+00 6.51180967237300035e+00 6.23652054699999958e-01
1.70955472864499991e+00 6.54412410660899990e+00 5.40776822700000048e-01
1.70988582548500001e+00 6.57206397873499970e+00 4.56066133900000004e-01
1.71017512734200006e+00 6.59527882078799976e+00 3.70161730799999977e-01
1.71069026996100004e+00 6.61368166738699959e+00 2.82965108700000023e-01
1.71015389875600010e+00 6.62740791140500018e+00 1.94931003699999994e-01
1.70788780167599996e+00 6.63654799126299988e+00 1.06373998100000006e-01
1.70439824849999999e+00 6.64096463124499969e+00 1.74495433399999983e-02
end
coil AAE29_SC_016 -1.45476000000000000e+06 none
7.41771147044399948e-01 6.74452087728000027e+00 2.78678482399999979e-03
7.31705370119399956e-01 6.74818679625800044e+00 -8.48906156800000034e-02
7.20673317168299965e-01 6.74769967467500020e+00 -1.72486975200000003e-01
7.10485106465300054e-01 6.74296942292500034e+00 -2.60086019399999979e-01
7.03446392658599984e-01 6.73381299566100022e+00 -3.47726933199999977e-01
6.99193319266799951e-01 6.72006834976499956e+00 -4.34835605299999983e-01
6.97177055012999980e-01 6.70150732444500008e+00 -5.21219862499999964e-01
6.99386897804800012e-01 6.67790055282500017e+00 -6.06252378700000039e-01
7.08351504179099978e-01 6.64894491007799981e+00 -6.89279826699999987e-01
7.22523954217100028e-01 6.61464557628000005e+00 -7.69401928900000032e-01
7.42961156802499967e-01 6.57507924002999999e+00 -8.45773240600000031e-01
7.66533582900499999e-01 6.53054010850900024e+00 -9.18236506299999977e-01
7.87294052818499956e-01 6.48080746570099997e+00 -9.88192380300000006e-01
8.04256077566000038e-01 6.42608181584200011e+00 -1.05547147099999994e+00
8.12738886978599973e-01 6.36656496348000012e+00 -1.12019668500000003e+00
8.09522175001599953e-01 6.30289986335700014e+00 -1.18132792100000006e+00
7.96259785918200014e-01 6.23560464031699979e+00 -1.23705962200000008e+00
7.72124507656300030e-01 6.16557420814799961e+00 -1.28519478500000006e+00
7.37178376126000012e-01 6.09385565378199967e+00 -1.32306780699999993e+00
6.94072340157599998e-01 6.02100136159400012e+00 -1.34828118300000011e+00
6.44550096974599973e-01 5.94858051585300007e+00 -1.35856906699999991e+00
5.90406378009399990e-01 5.87897725088800005e+00 -1.35308516699999992e+00
5.32127336814099960e-01 5.81569691599299965e+00 -1.33301426099999998e+00
4.72242294188500000e-01 5.75886305786399966e+00 -1.30172047699999993e+00
4.12522772363099977e-01 5.70716382231100017e+00 -1.26208573400000001e+00
3.56486519550899994e-01 5.65711692629199980e+00 -1.21571442500000004e+00
3.08750940451100020e-01 5.60512036670299985e+00 -1.16263869200000003e+00
2.71195365670799993e-01 5.55197970966100041e+00 -1.10295157899999996e+00
2.47983389841899993e-01 5.49777131603600022e+00 -1.03713904300000004e+00
2.40726393912999992e-01 5.44480772967999993e+00 -9.66786724099999994e-01
2.49579173067000004e-01 5.39606408783300040e+00 -8.93698191100000039e-01
2.73546326732500011e-01 5.35562983484200039e+00 -8.18890524700000011e-01
3.08397167384799997e-01 5.32915975698800004e+00 -7.42145053699999946e-01
3.53037974561099976e-01 5.31805049599299995e+00 -6.66747498799999949e-01
4.09613307397700022e-01 5.31476491279700003e+00 -5.98963435900000007e-01
4.75358729847000006e-01 5.31146520895600016e+00 -5.40071751900000008e-01
5.40392687457600052e-01 5.30849195230500026e+00 -4.80383682199999995e-01
6.06926692920899957e-01 5.30073691749300036e+00 -4.22826417800000021e-01
6.73786025529499955e-01 5.28601542957999992e+00 -3.67045805100000011e-01
7.38856279425800011e-01 5.26448861184499961e+00 -3.11240956999999985e-01
8.00585226502199987e-01 5.23859857348300029e+00 -2.53612347000000016e-01
8.60489689423200033e-01 5.21143411412699997e+00 -1.94645235299999997e-01
9.21271074974600035e-01 5.18473211309799975e+00 -1.36400377900000008e-01
9.83326656120899978e-01 5.15759568458099960e+00 -7.96677523299999940e-02
1.04607654332900002e+00 5.12817834495599989e+00 -2.49478487299999996e-02
1.10663391014000001e+00 5.09341696231200025e+00 2.91697134999999996e-02
1.16001170169800005e+00 5.05048719839799976e+00 8.49414953499999931e-02
1.20095627982800002e+00 4.99957530342599998e+00 1.44366938000000000e-01
1.22867114181399995e+00 4.94525302240000020e+00 2.08312674000000003e-01
1.24274242423099990e+00 4.89167822371399996e+00 2.77076304399999973e-01
1.24575147312099999e+00 4.84152452787500032e+00 3.49770285000000014e-01
1.23303752742300010e+00 4.79510912462800043e+00 4.23815620399999982e-01
1.20450533481000011e+00 4.75293039191500011e+00 4.95980558899999979e-01
1.16427252347499999e+00 4.71516469455599996e+00 5.64959770600000022e-01
1.11743880165700005e+00 4.68167270380399980e+00 6.31974551700000053e-01
1.07144006082200005e+00 4.65306811838200041e+00 7.01722420199999974e-01
1.03192382185499998e+00 4.63159595215800035e+00 7.77758922399999997e-01
9.99984486724100008e-01 4.61989573091500016e+00 8.59260935799999959e-01
9.74920679452199956e-01 4.61993574577199961e+00 9.43992550599999980e-01
9.55718150749000017e-01 4.63286964979799976e+00 1.02922564299999997e+00
9.41664918373899984e-01 4.65905716252999991e+00 1.11241435500000008e+00
9.33215348985899973e-01 4.69806976052000014e+00 1.19120472199999994e+00
9.30278874096900021e-01 4.74851417557000044e+00 1.26364754000000001e+00
9.31495636658300041e-01 4.80850934800499985e+00 1.32849212900000002e+00
9.36221477154900006e-01 4.87621080934899975e+00 1.38506107400000000e+00
9.46779260191500049e-01 4.94967251264599994e+00 1.43291364999999993e+00
9.63992805338499958e-01 5.02699620136100034e+00 1.47201131399999996e+00
9.82583199148299946e-01 5.10762864335200018e+00 1.50292601100000001e+00
9.97372128371399991e-01 5.19153734086300034e+00 1.52594120899999997e+00
1.00699351627999989e+00 5.27812489188200029e+00 1.54095584599999991e+00
1.01097855446299989e+00 5.36601605297100015e+00 1.54783606000000007e+00
1.00946312220900003e+00 5.45435370681200027e+00 1.54670218000000004e+00
1.00243844538799998e+00 5.54201096070799970e+00 1.53781075699999992e+00
9.88979363128000055e-01 5.62775590093999956e+00 1.52165311900000000e+00
9.69432997498399951e-01 5.71082672670500013e+00 1.49884666299999991e+00
9.47114638385699981e-01 5.79128959083699968e+00 1.46985226500000010e+00
9.24679631041199990e-01 5.86922152050499957e+00 1.43505092700000003e+00
9.03711929722299967e-01 5.94491649636299968e+00 1.39462432200000008e+00
8.85553490556200029e-01 6.01823670404600009e+00 1.34888033899999993e+00
8.70336646457799956e-01 6.08897271423600017e+00 1.29813495799999989e+00
8.58168435582099987e-01 6.15676369704999971e+00 1.24282243100000001e+00
8.50057736721199997e-01 6.22146498002299975e+00 1.18324034999999994e+00
8.46546348251900005e-01 6.28286154869199986e+00 1.11971359499999989e+00
8.45306709391900002e-01 6.34047969496999997e+00 1.05291023900000003e+00
8.43182864753399985e-01 6.39446753712999971e+00 9.82930533999999967e-01
8.39908376086800024e-01 6.44460106214000028e+00 9.10374739800000055e-01
8.36009259494399970e-01 6.49104964593500000e+00 8.35259036700000013e-01
8.30646243899400005e-01 6.53363927469600014e+00 7.58153013199999948e-01
8.23084687409299964e-01 6.57250223901599995e+00 6.79084104099999974e-01
8.14571184233100043e-01 6.60753046246300002e+00 5.98435221300000042e-01
8.06649783880600046e-01 6.63874754033300007e+00 5.16277416700000047e-01
7.99105397518099947e-01 6.66618746545900009e+00 4.32634373899999980e-01
7.90677577077600002e-01 6.68976358775899982e+00 3.47887754900000012e-01
7.80006142122400048e-01 6.70939506226700022e+00 2.62437444299999989e-01
7.66500274279800053e-01 6.72506534729399963e+00 1.76521934800000002e-01
7.52830841531100026e-01 6.73677095240999968e+00 9.01240613200000040e-02
7.41771147044399948e-01 6.74452087728000027e+00 2.78678482399999979e-03
end
coil AAE38_SC_017 -1.45476000000000000e+06 none
-5.75069385371200018e-02 6.70988996759299994e+00 3.63268553800000019e-02
-3.34366890128200006e-02 6.71909688083900036e+00 -4.80547979299999969e-02
-1.00547067238599998e-02 6.72364775877000032e+00 -1.33002260200000000e-01
1.67307241914500006e-02 6.72407848463999969e+00 -2.17047761899999997e-01
4.67040415987700006e-02 6.72066389843899969e+00 -2.99954731699999977e-01
8.09125881878599990e-02 6.71377829055299991e+00 -3.81031338399999975e-01
1.16173744130999998e-01 6.70331920925000002e+00 -4.61159949999999985e-01
1.47702184025600008e-01 6.68860304517999982e+00 -5.42218334199999985e-01
1.73600527734599996e-01 6.66903859867900017e+00 -6.24303358699999977e-01
1.91914851538800002e-01 6.64397632331700017e+00 -7.06884603200000017e-01
2.03664262366899995e-01 6.61304858651500016e+00 -7.88588002899999974e-01
2.08384631235299989e-01 6.57563096664700009e+00 -8.68414351700000031e-01
2.02297921721599994e-01 6.53133992442300038e+00 -9.44419961899999993e-01
1.84170425649300001e-01 6.48026820490300004e+00 -1.01402675699999989e+00
1.54675536078499987e-01 6.42290975780700002e+00 -1.07429228500000007e+00
1.15742438951900006e-01 6.36013314009599995e+00 -1.12246628300000006e+00
6.94382589250899934e-02 6.29329046632100031e+00 -1.15657041999999999e+00
1.71306621877399985e-02 6.22480440207800001e+00 -1.17572795600000002e+00
-4.15633616812599999e-02 6.15911914774699998e+00 -1.18021257599999996e+00
-1.07891932848299996e-01 6.10154713666400017e+00 -1.17200982199999992e+00
-1.77811964616600010e-01 6.05035954465200021e+00 -1.15551869899999993e+00
-2.41903860145000010e-01 5.99366322308099964e+00 -1.13389370999999994e+00
-2.92103635744900003e-01 5.92653027868500004e+00 -1.10643044699999993e+00
-3.27796126008099986e-01 5.85440954793800028e+00 -1.07033591600000011e+00
-3.50828665041399979e-01 5.78384448280699992e+00 -1.02260499500000002e+00
-3.64958671822699976e-01 5.72167557826699991e+00 -9.61666465600000020e-01
-3.66064665204100026e-01 5.66837275831800014e+00 -8.91339521699999970e-01
-3.49684634832999997e-01 5.61778164629799992e+00 -8.20966165700000028e-01
-3.17370304682400017e-01 5.56422253776400044e+00 -7.58739591400000024e-01
-2.69945503622699978e-01 5.50934528432200032e+00 -7.08505398000000008e-01
-2.08888531852500003e-01 5.45998176901299992e+00 -6.68307024900000046e-01
-1.39461226209100009e-01 5.42038266352099996e+00 -6.30946366900000055e-01
-6.64010113688899978e-02 5.39160033194599997e+00 -5.90738726200000008e-01
8.23605705875899916e-03 5.37225864904999995e+00 -5.47858385199999964e-01
7.97501446588899932e-02 5.35514928264900014e+00 -4.99112188000000012e-01
1.46960883528600011e-01 5.33385935700500013e+00 -4.46135897399999981e-01
2.10203334671300007e-01 5.30415699790699957e+00 -3.92250906999999982e-01
2.70495435102599990e-01 5.26602513714099985e+00 -3.40386099499999983e-01
3.30547767246499979e-01 5.22353078429100037e+00 -2.91638284199999986e-01
3.94793360523999992e-01 5.18368807306699964e+00 -2.46207449299999992e-01
4.64671035909699992e-01 5.15121419407800030e+00 -2.03194236299999997e-01
5.30031267651300042e-01 5.11670876269499963e+00 -1.55061923600000012e-01
5.85797184949199967e-01 5.07667935592500008e+00 -9.96242936500000009e-02
6.27935098200400055e-01 5.02905540873999968e+00 -3.84543599799999983e-02
6.57237333162099979e-01 4.97466096667499968e+00 2.44855574900000005e-02
6.72513487348800010e-01 4.91375443350900021e+00 8.64963690400000068e-02
6.73421931367899962e-01 4.84871495942900044e+00 1.46050049799999998e-01
6.62247306389900037e-01 4.78281062156600001e+00 2.03642462999999996e-01
6.42555774668099988e-01 4.71869790796000022e+00 2.60963036599999976e-01
6.14803883693200048e-01 4.65798805415700024e+00 3.18597383700000014e-01
5.79039405762999948e-01 4.60170495256700018e+00 3.76446650200000010e-01
5.36810230912999953e-01 4.55067400700099967e+00 4.34665846999999994e-01
4.95873232028899991e-01 4.50609942082300030e+00 4.98840449600000013e-01
4.57775124912999987e-01 4.47014398719499972e+00 5.69793616699999950e-01
4.20880531373399980e-01 4.44410656967999973e+00 6.45631270500000021e-01
3.85909554197500004e-01 4.42920063664699981e+00 7.25226004200000052e-01
3.53661446087799980e-01 4.42613444814200019e+00 8.07282821599999978e-01
3.23563866901700026e-01 4.43458416203399963e+00 8.89785658999999951e-01
2.95162473968600014e-01 4.45385195082099994e+00 9.71044803900000031e-01
2.69878886403200013e-01 4.48377906634800016e+00 1.05013872099999994e+00
2.47103400076199992e-01 4.52322165539299981e+00 1.12560114899999997e+00
2.28740430504900005e-01 4.57200021257600042e+00 1.19681402799999992e+00
2.15448634780700005e-01 4.62915210190500037e+00 1.26269180399999992e+00
2.01258473639800012e-01 4.69241629169200003e+00 1.32250439799999997e+00
1.81513104488800009e-01 4.76009267319500040e+00 1.37565566800000005e+00
1.59082541550299994e-01 4.83192712358899978e+00 1.42158353200000009e+00
1.37396321169300006e-01 4.90831123262599966e+00 1.46018898599999991e+00
1.19010420651099999e-01 4.98880460016599958e+00 1.49106999600000001e+00
1.06350317340900002e-01 5.07304789980199988e+00 1.51397810099999997e+00
9.81762635807300055e-02 5.15961909942499997e+00 1.52868073099999990e+00
9.22619535137799984e-02 5.24748353848699978e+00 1.53521966299999990e+00
8.78406569110800062e-02 5.33550631247899965e+00 1.53375038500000005e+00
8.43078422091299989e-02 5.42317977073599966e+00 1.52458314200000000e+00
8.05996773397100047e-02 5.50986274651099972e+00 1.50809349000000004e+00
7.56527241457800037e-02 5.59469059871999974e+00 1.48479746999999995e+00
6.88518920170999998e-02 5.67750495765100016e+00 1.45509358900000008e+00
5.96942581363300029e-02 5.75777814351199968e+00 1.41949391599999997e+00
4.80289356206399995e-02 5.83501720622200004e+00 1.37857760099999993e+00
3.35634300838099989e-02 5.90904742822899998e+00 1.33277095100000009e+00
1.65312701863499986e-02 5.97959928052199974e+00 1.28261207500000007e+00
-2.73568983134600020e-03 6.04655874716099984e+00 1.22857523599999996e+00
-2.34186355658400000e-02 6.11011328959900002e+00 1.17099892200000011e+00
-4.45867235848000018e-02 6.17047954223799966e+00 1.11018212100000002e+00
-6.51167753382100034e-02 6.22792673065499969e+00 1.04641713000000003e+00
-8.37724089808500050e-02 6.28275782527799986e+00 9.79965794700000004e-01
-9.94446732197999950e-02 6.33538773646900033e+00 9.10870260599999981e-01
-1.11234145903299997e-01 6.38587688258300012e+00 8.39433635300000036e-01
-1.20317096739500001e-01 6.43374313489000027e+00 7.65909673699999960e-01
-1.28158452625800001e-01 6.47852947881199981e+00 6.90351039900000019e-01
-1.33902889065499991e-01 6.52028962639800014e+00 6.12788699100000001e-01
-1.36345208250999994e-01 6.55891163308699987e+00 5.33570148000000022e-01
-1.34758973848399993e-01 6.59426960291999986e+00 4.52715687199999994e-01
-1.28493943086000012e-01 6.62599695613899975e+00 3.70654934599999986e-01
-1.16236216452100000e-01 6.65383073857400031e+00 2.87918458699999991e-01
-9.96914852733000040e-02 6.67726224082100028e+00 2.04432523199999994e-01
-7.92682581437900019e-02 6.69601770848299971e+00 1.20636243700000007e-01
-5.75069385371200018e-02 6.70988996759299994e+00 3.63268553800000019e-02
end
coil AAE47_SC_018 -1.45476000000000000e+06 none
-6.17453704751899979e-01 6.62437122827399971e+00 3.18753746400000024e-02
-5.80851082025999998e-01 6.64631987504899957e+00 -4.63584191500000034e-02
-5.47585783475900034e-01 6.66223785380799960e+00 -1.27464878799999987e-01
-5.21335895433399976e-01 6.67135897053000004e+00 -2.12082220699999990e-01
-5.05697896089399968e-01 6.67309964883499962e+00 -2.99798396700000025e-01
-5.01731835725400033e-01 6.66746587632899956e+00 -3.88635120999999972e-01
-5.10275398899800003e-01 6.65469767425199965e+00 -4.76436617399999984e-01
-5.32265518906499979e-01 6.63514091512000004e+00 -5.60500341699999960e-01
-5.68238579240599950e-01 6.60923839976500016e+00 -6.37805176400000007e-01
-6.15578248845500053e-01 6.57741145355799972e+00 -7.06210498000000020e-01
-6.71271045226199958e-01 6.53950999466800020e+00 -7.64527188400000002e-01
-7.33381316299200003e-01 6.49541613484599978e+00 -8.10847304599999985e-01
-7.99887841407999955e-01 6.44572662145199970e+00 -8.43235471399999992e-01
-8.68785967345100052e-01 6.39206877112400029e+00 -8.60736980600000035e-01
-9.38407497106599986e-01 6.33651393476699987e+00 -8.64006078600000005e-01
-1.00578294870799989e+00 6.27875185174599970e+00 -8.56222056000000009e-01
-1.06382510020400001e+00 6.21245511152400010e+00 -8.42726270000000000e-01
-1.10751884324800010e+00 6.13703609422799978e+00 -8.24317421599999989e-01
-1.13699526799600004e+00 6.05620813237499966e+00 -8.01220802100000018e-01
-1.15223711324300004e+00 5.97171715059200015e+00 -7.77368948799999959e-01
-1.15311162929700006e+00 5.88476669259000040e+00 -7.57881605999999985e-01
-1.13855704266399993e+00 5.79774579719900007e+00 -7.45282051999999973e-01
-1.10756092894400004e+00 5.71469104120300031e+00 -7.36638867300000055e-01
-1.06245595730700004e+00 5.63846764172599979e+00 -7.27054068499999984e-01
-1.00502978127600007e+00 5.57152553026899966e+00 -7.14296083699999973e-01
-9.38107109623000035e-01 5.51494708521599986e+00 -6.98249362400000018e-01
-8.63508701310000015e-01 5.46977029583899998e+00 -6.80021746700000040e-01
-7.84531688752399980e-01 5.43309627862999989e+00 -6.61036838100000024e-01
-7.03560442601600000e-01 5.40105179274099978e+00 -6.42136441200000019e-01
-6.22349865245499956e-01 5.36975055562600012e+00 -6.23090778400000045e-01
-5.41961872975699976e-01 5.33722058056700011e+00 -6.02680429700000020e-01
-4.64228588645899998e-01 5.30112545761900034e+00 -5.78390463399999999e-01
-3.89080328443099976e-01 5.26414935062800016e+00 -5.47909209700000011e-01
-3.17457609636299987e-01 5.22715406308000041e+00 -5.09963223700000023e-01
-2.44303502673200001e-01 5.19849218674299962e+00 -4.67947451000000014e-01
-1.73736806196400001e-01 5.16840595636899991e+00 -4.22680122599999986e-01
-1.07890347518400001e-01 5.13111523899999966e+00 -3.75635333299999985e-01
-4.99486852187100011e-02 5.08267949670300023e+00 -3.28319357400000011e-01
-3.02945718157800019e-03 5.02267880815399970e+00 -2.82078106800000006e-01
2.95002827747499995e-02 4.95260192489099982e+00 -2.37698387099999991e-01
4.66307539866600007e-02 4.87603655419199988e+00 -1.95412843700000005e-01
4.71932497816899971e-02 4.79616173449599970e+00 -1.56045665000000000e-01
2.96889889655899998e-02 4.71567474910400009e+00 -1.21918128599999995e-01
-1.86501066336000002e-03 4.63745124229899996e+00 -9.34626844800000023e-02
-4.01845677768700033e-02 4.56162954989799996e+00 -6.64228338400000007e-02
-7.99831820781899960e-02 4.48814359966099996e+00 -3.55883712899999968e-02
-1.18111055383200006e-01 4.41783409644699976e+00 3.75417234000000001e-03
-1.53175208809199992e-01 4.35307403156900019e+00 5.38809128499999970e-02
-1.86193206407299999e-01 4.29576768889799965e+00 1.13574852899999995e-01
-2.18247328335700014e-01 4.24677281868200041e+00 1.80756533299999994e-01
-2.48912280567700012e-01 4.20683566355199989e+00 2.54219115300000020e-01
-2.77621346205900010e-01 4.17643842287299982e+00 3.32902353900000003e-01
-3.04062748664099991e-01 4.15579564197699991e+00 4.15517101100000008e-01
-3.28148137872300016e-01 4.14487551973399970e+00 5.00618719500000031e-01
-3.49695412380399973e-01 4.14359537709900039e+00 5.87038428900000020e-01
-3.68472068077099979e-01 4.15182676984299981e+00 6.73710826300000010e-01
-3.84596880207999980e-01 4.16924604272100030e+00 7.59645091899999958e-01
-3.99309028510800024e-01 4.19498749912300006e+00 8.43632726299999969e-01
-4.14844965779699981e-01 4.22805998966399965e+00 9.24904669000000013e-01
-4.32093143142699976e-01 4.26804316130099970e+00 1.00263706200000002e+00
-4.50381852863700027e-01 4.31499686840799956e+00 1.07611424500000008e+00
-4.69743017069200020e-01 4.36859150857600032e+00 1.14459348499999991e+00
-4.90360753415799988e-01 4.42836657866199968e+00 1.20738038000000003e+00
-5.10847007670400033e-01 4.49407740934799982e+00 1.26384274800000007e+00
-5.28819819677599945e-01 4.56576580975200041e+00 1.31375184099999998e+00
-5.44309137279800015e-01 4.64232135521499956e+00 1.35666921499999993e+00
-5.59897069497300004e-01 4.72241170279899958e+00 1.39227624400000005e+00
-5.78576045494699986e-01 4.80505592180599983e+00 1.42015147199999991e+00
-6.02293902237900025e-01 4.88864350197799968e+00 1.43946523200000009e+00
-6.30777022826499945e-01 4.97250798526400040e+00 1.44988418600000002e+00
-6.62399358574500052e-01 5.05580426344500022e+00 1.45143201699999991e+00
-6.97637539705900034e-01 5.13720108844399981e+00 1.44397809599999993e+00
-7.37048468073699947e-01 5.21541340427900035e+00 1.42751962999999993e+00
-7.79268853935599970e-01 5.28992276889199964e+00 1.40278419499999996e+00
-8.21710140620799945e-01 5.36148775444500014e+00 1.37106277900000006e+00
-8.62084883045699968e-01 5.43150303683099978e+00 1.33359547099999998e+00
-8.97244758244099994e-01 5.50197821449699997e+00 1.29188861699999991e+00
-9.24826654454000030e-01 5.57405909769499974e+00 1.24732749900000006e+00
-9.43079307298399949e-01 5.64801809667800025e+00 1.20117316900000004e+00
-9.51294892468700026e-01 5.72334310019699988e+00 1.15417063500000006e+00
-9.50387718796000036e-01 5.79849117572500017e+00 1.10639146499999996e+00
-9.42628825509900015e-01 5.87221668090299964e+00 1.05686351799999989e+00
-9.30772751787099950e-01 5.94335683038300022e+00 1.00452139500000004e+00
-9.18714230464000026e-01 6.01106610094799976e+00 9.47979885400000000e-01
-9.06459074932200015e-01 6.07547321411399999e+00 8.87617636400000021e-01
-8.94992531920600021e-01 6.13644973900899959e+00 8.23690316400000011e-01
-8.81935748248000029e-01 6.19456964671799959e+00 7.57471184999999991e-01
-8.66148725506699968e-01 6.25020249269099981e+00 6.89583891099999957e-01
-8.47127045912099974e-01 6.30332977574699971e+00 6.20704232300000047e-01
-8.25509789522399950e-01 6.35406015251999978e+00 5.50619274700000050e-01
-8.01999591558600011e-01 6.40217336714399998e+00 4.79435484999999995e-01
-7.76681520280400051e-01 6.44758755123300009e+00 4.07171545299999993e-01
-7.49560504592500010e-01 6.49016757413799983e+00 3.33712420299999979e-01
-7.20289774838200003e-01 6.52956875106699997e+00 2.59301328499999983e-01
-6.88604763232400052e-01 6.56539143706199990e+00 1.84091074399999999e-01
-6.54075014180899972e-01 6.59716291248300024e+00 1.08425082100000000e-01
-6.17453704751899979e-01 6.62437122827399971e+00 3.18753746400000024e-02
end
coil AAE56_SC_019 -1.45476000000000000e+06 none
-1.35237906158699994e+00 6.48768052071500012e+00 -3.20663596400000001e-02
-1.41410778913100010e+00 6.49051593249799996e+00 -9.55895915100000021e-02
-1.48342907011400005e+00 6.48360335475700023e+00 -1.50260900199999992e-01
-1.55633234099099993e+00 6.46612164040200010e+00 -1.97510329799999995e-01
-1.62883619247000011e+00 6.43649440768500014e+00 -2.38927185799999997e-01
-1.69848013086100003e+00 6.39514226634700034e+00 -2.74820717900000011e-01
-1.76431122727700007e+00 6.34603388882300035e+00 -3.08056315199999986e-01
-1.82210104845100007e+00 6.28911196438699971e+00 -3.43669098800000017e-01
-1.87078404129299991e+00 6.22270131076899968e+00 -3.76304878399999987e-01
-1.91437276330500006e+00 6.15118247359099968e+00 -4.05229364500000022e-01
-1.94723081775600004e+00 6.07625127491800043e+00 -4.39228396000000021e-01
-1.96446476224300004e+00 5.99953435113499989e+00 -4.80033721199999985e-01
-1.96592529033100005e+00 5.92309356895800043e+00 -5.24734514399999963e-01
-1.95154253951900003e+00 5.84852350796700016e+00 -5.70436572700000033e-01
-1.92218017366299998e+00 5.77745138566200023e+00 -6.14456015599999961e-01
-1.87863862218199995e+00 5.71168000057900027e+00 -6.54745703699999959e-01
-1.82220602906600004e+00 5.65309823350700036e+00 -6.89865742900000023e-01
-1.75535031545700004e+00 5.60297445972600006e+00 -7.19162366399999975e-01
-1.68060643790200004e+00 5.56146816255700038e+00 -7.42629467800000054e-01
-1.60310845697099991e+00 5.52337592669400035e+00 -7.62480232200000052e-01
-1.52362147940000003e+00 5.48751499275700017e+00 -7.77913970199999971e-01
-1.44292006961900010e+00 5.45223175089200041e+00 -7.87700154799999996e-01
-1.36297558724199996e+00 5.41423428697499975e+00 -7.91383277600000046e-01
-1.28617789585900000e+00 5.37009753584900018e+00 -7.89552638600000023e-01
-1.21106264188799995e+00 5.32393891513499984e+00 -7.81184760000000034e-01
-1.13543321902599992e+00 5.28031292106599981e+00 -7.66137096799999973e-01
-1.06041844035000010e+00 5.23711926775899972e+00 -7.47173371699999977e-01
-9.87489700830599948e-01 5.19113096512799999e+00 -7.26931972200000054e-01
-9.17753165287000017e-01 5.14018128360900040e+00 -7.06956316500000015e-01
-8.53723276493900007e-01 5.08181275257700005e+00 -6.88550851699999966e-01
-7.98535128831299956e-01 5.01442446027500033e+00 -6.72308702499999966e-01
-7.53732053633100030e-01 4.93949788081800012e+00 -6.57277220700000053e-01
-7.20663701081600050e-01 4.85863500506100010e+00 -6.42712060200000046e-01
-7.00838335339399987e-01 4.77331860109999973e+00 -6.29191780600000028e-01
-6.96407173962899972e-01 4.68536284270200021e+00 -6.19337927799999965e-01
-7.07169071807399963e-01 4.59753848816299993e+00 -6.15316465299999948e-01
-7.23594366461399963e-01 4.51061293390000007e+00 -6.10840634200000010e-01
-7.37405136757799951e-01 4.42412599767300030e+00 -5.97649868400000006e-01
-7.47498380170199983e-01 4.33961962620100028e+00 -5.73060912700000036e-01
-7.56310881388300049e-01 4.25854418321700035e+00 -5.38397006700000014e-01
-7.65279285614200000e-01 4.18194401652499970e+00 -4.94762130999999994e-01
-7.74130642699700000e-01 4.11115901365300029e+00 -4.42194238600000011e-01
-7.82488547915999977e-01 4.04748616854600041e+00 -3.81220330599999990e-01
-7.89313713862800026e-01 3.99226322980999981e+00 -3.12247223700000021e-01
-7.97979498335700033e-01 3.94380769479400017e+00 -2.38630715500000007e-01
-8.12540591962400027e-01 3.89966542680700012e+00 -1.63228324899999999e-01
-8.29030188589499950e-01 3.86247564911700003e+00 -8.45281599500000008e-02
-8.47500819192099963e-01 3.83219665228200013e+00 -3.26818841100000009e-03
-8.69257355201299986e-01 3.80805523456300010e+00 7.91150816099999987e-02
-8.92937938104400031e-01 3.79084289421700005e+00 1.62763659300000002e-01
-9.19605933578100054e-01 3.77996750246499991e+00 2.46525690999999991e-01
-9.46432915243299977e-01 3.77701299270799984e+00 3.30922183500000022e-01
-9.73402478020499951e-01 3.78187751668700001e+00 4.15141360100000023e-01
-1.00075446204999996e+00 3.79437512822799983e+00 4.98521159900000010e-01
-1.02758960890200002e+00 3.81474665094199983e+00 5.80410425600000002e-01
-1.05246541539100003e+00 3.84337007393299990e+00 6.60451142200000008e-01
-1.07260429123199996e+00 3.88070651532600008e+00 7.38227741100000001e-01
-1.08687696119300004e+00 3.92619756431400013e+00 8.13000396500000000e-01
-1.09971661561800005e+00 3.97782605492200014e+00 8.83734451899999995e-01
-1.11790328934200001e+00 4.03413473619900032e+00 9.49669009900000027e-01
-1.14398145519000005e+00 4.09443454745800040e+00 1.00915216299999999e+00
-1.17642571135599994e+00 4.15868645307800033e+00 1.06085953299999991e+00
-1.21357804100799993e+00 4.22668118854899966e+00 1.10383589600000009e+00
-1.25399520691800004e+00 4.29792785262200017e+00 1.13745642799999991e+00
-1.29657405987900010e+00 4.37184713813400005e+00 1.16146627100000011e+00
-1.34106192243500000e+00 4.44712975314800030e+00 1.17542595100000002e+00
-1.38734290273799998e+00 4.52256715797200037e+00 1.17928133300000004e+00
-1.43559053887900001e+00 4.59669126657899962e+00 1.17313803800000005e+00
-1.48532268447700000e+00 4.66837251473700032e+00 1.15788281199999998e+00
-1.53466088828799996e+00 4.73859370696400006e+00 1.13566852300000010e+00
-1.58152040229800006e+00 4.80875072501100043e+00 1.10868099500000006e+00
-1.62271010899199997e+00 4.88143568555500007e+00 1.07933126800000001e+00
-1.65423305224999995e+00 4.95877222961799990e+00 1.04971947299999990e+00
-1.67617189904399999e+00 5.03908734253499979e+00 1.01949594700000001e+00
-1.68829294432000010e+00 5.12125515973700018e+00 9.88570070099999976e-01
-1.69101342596599991e+00 5.20395823648799993e+00 9.57075047200000029e-01
-1.68408910636599995e+00 5.28665628462900017e+00 9.25997285999999975e-01
-1.66684144361599995e+00 5.36866233449099983e+00 8.97180002299999946e-01
-1.63997604029500010e+00 5.44926429925299960e+00 8.71992148399999945e-01
-1.60486300322400011e+00 5.52786237364700028e+00 8.51165126399999972e-01
-1.56401441887099990e+00 5.60456932427400023e+00 8.33880669799999974e-01
-1.52287558870800011e+00 5.68097470303499996e+00 8.16103266599999988e-01
-1.48464088873300004e+00 5.75795525747999992e+00 7.94506816099999957e-01
-1.44861363453899994e+00 5.83456661962800016e+00 7.68544826399999992e-01
-1.41301429632500009e+00 5.90983338167399985e+00 7.38292466800000047e-01
-1.37766680652800000e+00 5.98295404143699994e+00 7.02915435999999949e-01
-1.34308346193399997e+00 6.05325733745899974e+00 6.61453437100000041e-01
-1.31101665715100002e+00 6.12005607999199963e+00 6.12908074300000050e-01
-1.28356176486199991e+00 6.18282711060999990e+00 5.56785444199999979e-01
-1.26063140760800008e+00 6.24123763823900024e+00 4.94180811800000008e-01
-1.24262565702700001e+00 6.29504272573599977e+00 4.26202166499999979e-01
-1.23209013574899995e+00 6.34399295643499972e+00 3.53041773499999989e-01
-1.22966584157299996e+00 6.38767790910400013e+00 2.76010754600000019e-01
-1.23870495491999999e+00 6.42506339779899971e+00 1.96273238099999997e-01
-1.26283561838500002e+00 6.45461343043699998e+00 1.16229533300000007e-01
-1.30119604213499995e+00 6.47560995536199968e+00 3.92222948000000016e-02
-1.35237906158699994e+00 6.48768052071500012e+00 -3.20663596400000001e-02
end
coil AAE56_SC_020 -1.45476000000000000e+06 none
4.90746057532200020e+00 4.45373532742399991e+00 3.20663596400000001e-02
4.85895774246000034e+00 4.47405465892399956e+00 -3.92222948000000016e-02
4.81558206003500011e+00 4.47961580478799970e+00 -1.16229533300000007e-01
4.77869086981699986e+00 4.46989297431299981e+00 -1.96273238099999997e-01
4.74940343460099967e+00 4.44496053613500042e+00 -2.76010754600000019e-01
4.72568735886200031e+00 4.40819370266299959e+00 -3.53041773499999989e-01
4.70543855092000030e+00 4.36239951011600002e+00 -4.26202166499999979e-01
4.68837967220699969e+00 4.30828676529900001e+00 -4.94180811800000008e-01
4.67259787419400041e+00 4.24755352997399971e+00 -5.56785444199999979e-01
4.65791346256600036e+00 4.18063311865800014e+00 -6.12908074300000050e-01
4.64459273685799978e+00 4.10774340580599961e+00 -6.61453437100000041e-01
4.63124800976800000e+00 4.03053926463700041e+00 -7.02915435999999949e-01
4.61686548427600041e+00 3.95060667503999996e+00 -7.38292466800000047e-01
4.60142526116100026e+00 3.86878981943999989e+00 -7.68544826399999992e-01
4.58554089323599978e+00 3.78563363680400000e+00 -7.94506816099999957e-01
4.57122538067500006e+00 3.70088126725099986e+00 -8.16103266599999988e-01
4.55959743857300026e+00 3.61488721970499993e+00 -8.33880669799999974e-01
4.54755742318400014e+00 3.52881979760099984e+00 -8.51165126399999972e-01
4.52976567791099960e+00 3.44459369433799978e+00 -8.71992148399999945e-01
4.50412359956500019e+00 3.36359424719600009e+00 -8.97180002299999946e-01
4.46987530513499998e+00 3.28711203741500002e+00 -9.25997285999999975e-01
4.42686850427600032e+00 3.21613789812499995e+00 -9.57075047200000029e-01
4.37605593955900041e+00 3.15082876253699995e+00 -9.88570070099999976e-01
4.31795277677599998e+00 3.09147817368500011e+00 -1.01949594700000001e+00
4.25299583797399983e+00 3.03939721302799981e+00 -1.04971947299999990e+00
4.18203596110199971e+00 2.99535935575099987e+00 -1.07933126800000001e+00
4.10598964052199999e+00 2.96076668957699995e+00 -1.10868099500000006e+00
4.02684223678700004e+00 2.93155180096599999e+00 -1.13566852300000010e+00
3.94565181024300005e+00 2.90374193166399985e+00 -1.15788281199999998e+00
3.86328447875400016e+00 2.87498240547399986e+00 -1.17313803800000005e+00
3.78068226329900003e+00 2.84337399089899989e+00 -1.17928133300000004e+00
3.69889916969000021e+00 2.80954712606899992e+00 -1.17542595100000002e+00
3.61865772198000002e+00 2.77479152065799983e+00 -1.16146627100000011e+00
3.54076204045000020e+00 2.74001678429700002e+00 -1.13745642799999991e+00
3.46618612794700010e+00 2.70613363633099979e+00 -1.10383589600000009e+00
3.39616295913400013e+00 2.67296233126499994e+00 -1.06085953299999991e+00
3.33214868197099978e+00 2.64005170299199987e+00 -1.00915216299999999e+00
3.27560766284400007e+00 2.60659649221899992e+00 -9.49669009900000027e-01
3.22779692230000004e+00 2.57173167073800002e+00 -8.83734451899999995e-01
3.18706295828999986e+00 2.53751030395799981e+00 -8.13000396500000000e-01
3.14877715803099978e+00 2.50909653714899994e+00 -7.38227741100000001e-01
3.11053865560299991e+00 2.49072805576899992e+00 -6.60451142200000008e-01
3.07358927950099980e+00 2.48219285232599995e+00 -5.80410425600000002e-01
3.03990510903300004e+00 2.48148524781199997e+00 -4.98521159900000010e-01
3.01043097736999998e+00 2.48745156051900018e+00 -4.15141360100000023e-01
2.98575284729799995e+00 2.49936838921099991e+00 -3.30922183500000022e-01
2.96578598048699993e+00 2.51752714200199978e+00 -2.46525690999999991e-01
2.95060351382700015e+00 2.54200057319699990e+00 -1.62763659300000002e-01
2.94156267963399998e+00 2.56984474644599992e+00 -7.91150816099999987e-02
2.93815124156899987e+00 2.60216373465600004e+00 3.26818841100000009e-03
2.94100573530900000e+00 2.63751672193700015e+00 8.45281599500000008e-02
2.94952497426899996e+00 2.67729622581900006e+00 1.63228324899999999e-01
2.96369097619400002e+00 2.72156686688100002e+00 2.38630715500000007e-01
2.98516165816000001e+00 2.76586183849400014e+00 3.12247223700000021e-01
3.01209921189700003e+00 2.81454986629799997e+00 3.81220330599999990e-01
3.04276348386499995e+00 2.87097493349700006e+00 4.42194238600000011e-01
3.07720896633099983e+00 2.93344390092499996e+00 4.94762130999999994e-01
3.11497782320499983e+00 3.00068623329099982e+00 5.38397006700000014e-01
3.15550330966499981e+00 3.07145750274299978e+00 5.73060912700000036e-01
3.19700930309199993e+00 3.14575725302199993e+00 5.97649868400000006e-01
3.23667190084699996e+00 3.22384442132399984e+00 6.10840634200000010e-01
3.27447711717799983e+00 3.30382321793099987e+00 6.15316465299999948e-01
3.31739241931999995e+00 3.38120029811299982e+00 6.19337927799999965e-01
3.37267640181900008e+00 3.44975343010300017e+00 6.29191780600000028e-01
3.43886318365100019e+00 3.50712279320099984e+00 6.42712060200000046e-01
3.51314604866899982e+00 3.55310514395499988e+00 6.57277220700000053e-01
3.59343323631400002e+00 3.58738743320700015e+00 6.72308702499999966e-01
3.67769123005400012e+00 3.60946692760400012e+00 6.88550851699999966e-01
3.76380065997400015e+00 3.61905223680799981e+00 7.06956316500000015e-01
3.85016617376300019e+00 3.61928128787599990e+00 7.26931972200000054e-01
3.93619800947700016e+00 3.61362016868900016e+00 7.47173371699999977e-01
4.02227483266200014e+00 3.60447198765300003e+00 7.66137096799999973e-01
4.10910303696199986e+00 3.59531229885400005e+00 7.81184760000000034e-01
4.19700391048399979e+00 3.58850376894200007e+00 7.89552638600000023e-01
4.28507747933699967e+00 3.57907060027500012e+00 7.91383277600000046e-01
4.37208827310100023e+00 3.56282100658299994e+00 7.87700154799999996e-01
4.45811605430600011e+00 3.54393065036100019e+00 7.77913970199999971e-01
4.54350089809399993e+00 3.52622148218399989e+00 7.62480232200000052e-01
4.62858813616399978e+00 3.51148657807700015e+00 7.42629467800000054e-01
4.71345399268400023e+00 3.50113252893499993e+00 7.19162366399999975e-01
4.79700341618300019e+00 3.50238671125499978e+00 6.89865742900000023e-01
4.87709184178800026e+00 3.51661011039400018e+00 6.54745703699999959e-01
4.95097714707299996e+00 3.54422719684799992e+00 6.14456015599999961e-01
5.01650694538500019e+00 3.58446698599599989e+00 5.70436572700000033e-01
5.07197401733199982e+00 3.63634146379500001e+00 5.24734514399999963e-01
5.11572318972400009e+00 3.69904183250999985e+00 4.80033721199999985e-01
5.14687371215600020e+00 3.77123698601399981e+00 4.39228396000000021e-01
5.16433444121900020e+00 3.85117107897599986e+00 4.05229364500000022e-01
5.17110814210299985e+00 3.93465184163500004e+00 3.76304878399999987e-01
5.17075797634799983e+00 4.01699433424900043e+00 3.43669098800000017e-01
5.15746289663200042e+00 4.09701314308999986e+00 3.08056315199999986e-01
5.13306960094600040e+00 4.17543720268900032e+00 2.74820717900000011e-01
5.10103265006099971e+00 4.24982746768199959e+00 2.38927185799999997e-01
5.05979025251400039e+00 4.31641309708099996e+00 1.97510329799999995e-01
5.01108576131199968e+00 4.37340756855000024e+00 1.50260900199999992e-01
4.95906677817700015e+00 4.41974598804899976e+00 9.55895915100000021e-02
4.90746057532200020e+00 4.45373532742399991e+00 3.20663596400000001e-02
end
coil AAE47_SC_021 -1.45476000000000000e+06 none
4.39323825407400026e+00 4.99629871909599999e+00 -3.18753746400000024e-02
4.40687286899699959e+00 4.95276126363100033e+00 -1.08425082100000000e-01
4.41613321809500015e+00 4.90676152282100020e+00 -1.84091074399999999e-01
4.42071088442599969e+00 4.85915637852600035e+00 -2.59301328499999983e-01
4.42123197151300040e+00 4.81007525351799980e+00 -3.33712420299999979e-01
4.41814542460299986e+00 4.75968595831900032e+00 -4.07171545299999993e-01
4.41193438687900041e+00 4.70806352269099992e+00 -4.79435484999999995e-01
4.40267429857699977e+00 4.65532016676499971e+00 -5.50619274700000050e-01
4.39034445905800030e+00 4.60157212532400006e+00 -6.20704232300000047e-01
4.37450588763600035e+00 4.54741058772699969e+00 -6.89583891099999957e-01
4.35457769091900015e+00 4.49312329074400019e+00 -7.57471184999999991e-01
4.33097882618599961e+00 4.43842871281099960e+00 -8.23690316400000011e-01
4.30441435227900016e+00 4.38235780303600020e+00 -8.87617636400000021e-01
4.27647143011200015e+00 4.32304795423999977e+00 -9.47979885400000000e-01
4.24642846810800023e+00 4.26118218267799964e+00 -1.00452139500000004e+00
4.21420510252599989e+00 4.19665976748200009e+00 -1.05686351799999989e+00
4.17714741439000026e+00 4.13245401782700039e+00 -1.10639146499999996e+00
4.13371040277499979e+00 4.07112472432299999e+00 -1.15417063500000006e+00
4.08278892855599995e+00 4.01501451617799976e+00 -1.20117316900000004e+00
4.02455021333600005e+00 3.96590906927099995e+00 -1.24732749900000006e+00
3.95986791044900022e+00 3.92380664161599979e+00 -1.29188861699999991e+00
3.88999870380899981e+00 3.88745748131699997e+00 -1.33359547099999998e+00
3.81618090062200022e+00 3.85454560616400022e+00 -1.37106277900000006e+00
3.73978033534200005e+00 3.82159467905100003e+00 -1.40278419499999996e+00
3.66182781999299989e+00 3.78613185699399990e+00 -1.42751962999999993e+00
3.58397166338400019e+00 3.74602192678799994e+00 -1.44397809599999993e+00
3.50761952268099986e+00 3.70088299526300002e+00 -1.45143201699999991e+00
3.43307619177199985e+00 3.65208203324099978e+00 -1.44988418600000002e+00
3.36073855669700006e+00 3.60097619925999979e+00 -1.43946523200000009e+00
3.29241886062199995e+00 3.54729343279100018e+00 -1.42015147199999991e+00
3.22873019848299991e+00 3.49141208174699980e+00 -1.39227624400000005e+00
3.16904337124999991e+00 3.43577998613700020e+00 -1.35666921499999993e+00
3.11151402947499989e+00 3.38294964129900011e+00 -1.31375184099999998e+00
3.05483633460700021e+00 3.33551666091300003e+00 -1.26384274800000007e+00
2.99963874956999987e+00 3.29439700029899996e+00 -1.20738038000000003e+00
2.94782374582899998e+00 3.25815675411999983e+00 -1.14459348499999991e+00
2.90065809586300016e+00 3.22617798620400009e+00 -1.07611424500000008e+00
2.85826352231599978e+00 3.19894147306199983e+00 -1.00263706200000002e+00
2.82080793507899985e+00 3.17673263200199996e+00 -9.24904669000000013e-01
2.78879957560799996e+00 3.15910821991499979e+00 -8.43632726299999969e-01
2.76176674916200016e+00 3.14693052802800022e+00 -7.59645091899999958e-01
2.73848271041399993e+00 3.14231596700700022e+00 -6.73710826300000010e-01
2.71845378559700013e+00 3.14669327169499979e+00 -5.87038428900000020e-01
2.70177412329899980e+00 3.16039409902499990e+00 -5.00618719500000031e-01
2.68870732092099995e+00 3.18338570007299992e+00 -4.15517101100000008e-01
2.67944929915400021e+00 3.21562792704300016e+00 -3.32902353900000003e-01
2.67409022694199994e+00 3.25709457672400005e+00 -2.54219115300000020e-01
2.67275623025799991e+00 3.30742882061500021e+00 -1.80756533299999994e-01
2.67562236303000001e+00 3.36590744340199999e+00 -1.13574852899999995e-01
2.68259406493700014e+00 3.43167674055700012e+00 -5.38809128499999970e-02
2.69229157999500002e+00 3.50467892586799978e+00 -3.75417234000000001e-03
2.70277237161699979e+00 3.58397151046399998e+00 3.55883712899999968e-02
2.71376857409399985e+00 3.66681593160100006e+00 6.64228338400000007e-02
2.72733427376999993e+00 3.75068063984199984e+00 9.34626844800000023e-02
2.74778517551199997e+00 3.83251176183900011e+00 1.21918128599999995e-01
2.78093299405299987e+00 3.90791584720700014e+00 1.56045665000000000e-01
2.82833730375699988e+00 3.97220530703099994e+00 1.95412843700000005e-01
2.88720014182300000e+00 4.02407895476499977e+00 2.37698387099999991e-01
2.95470741277899984e+00 4.06165184282999991e+00 2.82078106800000006e-01
3.02793338547999991e+00 4.08261498925099975e+00 3.28319357400000011e-01
3.10327898996900009e+00 4.08774307331099962e+00 3.75635333299999985e-01
3.17846882777500017e+00 4.07920832006800005e+00 4.22680122599999986e-01
3.25324272697300021e+00 4.06207052824600012e+00 4.67947451000000014e-01
3.32927267092899992e+00 4.04225956807600006e+00 5.09963223700000023e-01
3.40896195205200003e+00 4.03009060656999996e+00 5.47909209700000011e-01
3.49149218203000000e+00 4.01583386642800022e+00 5.78390463399999999e-01
3.57559591103000018e+00 3.99934495616599994e+00 6.02680429700000020e-01
3.65975180251699994e+00 3.97841138249799986e+00 6.23090778400000045e-01
3.74385094527599982e+00 3.95600023556899982e+00 6.42136441200000019e-01
3.82819333568999998e+00 3.93433106488200002e+00 6.61036838100000024e-01
3.91364352747199984e+00 3.91757944480499987e+00 6.80021746700000040e-01
4.00054915809200029e+00 3.91028039091100021e+00 6.98249362400000018e-01
4.08794671236799978e+00 3.91671715503300000e+00 7.14296083699999973e-01
4.17375305057100032e+00 3.93712020147399988e+00 7.27054068499999984e-01
4.25504672924799987e+00 3.97227418988699998e+00 7.36638867300000055e-01
4.32894147271499996e+00 4.02124784042799988e+00 7.45282051999999973e-01
4.39186597959800018e+00 4.08309425228900036e+00 7.57881605999999985e-01
4.44226667814299958e+00 4.15395267812099966e+00 7.77368948799999959e-01
4.47959831935599961e+00 4.23126625010799984e+00 8.01220802100000018e-01
4.50326087475199976e+00 4.31398325262599958e+00 8.24317421599999989e-01
4.51224208019100015e+00 4.40068105709600044e+00 8.42726270000000000e-01
4.50425323941800038e+00 4.48843256726800011e+00 8.56222056000000009e-01
4.48369705461000034e+00 4.57476537087999979e+00 8.64006078600000005e-01
4.46002636736299962e+00 4.66063268604900038e+00 8.60736980600000035e-01
4.43582590569099988e+00 4.74454010118200031e+00 8.43235471399999992e-01
4.41122775980799986e+00 4.82383131659999975e+00 8.10847304599999985e-01
4.38689721550499989e+00 4.89601149989699991e+00 7.64527188400000002e-01
4.36411871534499962e+00 4.95940982862200030e+00 7.06210498000000020e-01
4.34452752773199968e+00 5.01298392862400011e+00 6.37805176400000007e-01
4.33064982710499979e+00 5.05508393808799994e+00 5.60500341699999960e-01
4.32435462091199962e+00 5.08383115681600017e+00 4.76436617399999984e-01
4.32494769398999956e+00 5.09918262971999958e+00 3.88635120999999972e-01
4.33146775261899997e+00 5.10140925562799996e+00 2.99798396700000025e-01
4.34309601481000040e+00 5.09080923190799961e+00 2.12082220699999990e-01
4.35897136244300043e+00 5.06800079640600032e+00 1.27464878799999987e-01
4.37652720113200022e+00 5.03557002917299990e+00 4.63584191500000034e-02
4.39323825407400026e+00 4.99629871909599999e+00 -3.18753746400000024e-02
end
coil AAE38_SC_022 -1.45476000000000000e+06 none
3.99049845802699998e+00 5.39461328379200022e+00 -3.63268553800000019e-02
3.99994982608899985e+00 5.37059940768700006e+00 -1.20636243700000007e-01
4.00544837662399988e+00 5.34342144389900042e+00 -2.04432523199999994e-01
4.00506065385599985e+00 5.31474021138800001e+00 -2.87918458699999991e-01
3.99861707618399986e+00 5.28501729743800031e+00 -3.70654934599999986e-01
3.98503672222400018e+00 5.25566683680999969e+00 -4.52715687199999994e-01
3.96553711959399990e+00 5.22612927313999975e+00 -5.33570148000000022e-01
3.94085979592199998e+00 5.19631897257000031e+00 -6.12788699100000001e-01
3.91166645033499982e+00 5.16591079850800039e+00 -6.90351039900000019e-01
3.87899790770199981e+00 5.13428691850699970e+00 -7.65909673699999960e-01
3.84351456892800014e+00 5.10090113148199986e+00 -8.39433635300000036e-01
3.80429990968600018e+00 5.06698423242000029e+00 -9.10870260599999981e-01
3.76068569594899982e+00 5.03361766564399993e+00 -9.79965794700000004e-01
3.71336406250500017e+00 5.00022388460099965e+00 -1.04641713000000003e+00
3.66298829160299988e+00 4.96581539454200005e+00 -1.11018212100000002e+00
3.61038055561999993e+00 4.92942036022799979e+00 -1.17099892200000011e+00
3.55629127826599989e+00 4.89016078580200020e+00 -1.22857523599999996e+00
3.50134619318999984e+00 4.84731427431099959e+00 -1.28261207500000007e+00
3.44609754808299984e+00 4.80024787922500007e+00 -1.33277095100000009e+00
3.39088083555100006e+00 4.74885878234499970e+00 -1.37857760099999993e+00
3.33604340943000022e+00 4.69322777252100032e+00 -1.41949391599999997e+00
3.28145133318799997e+00 4.63366812310800036e+00 -1.45509358900000008e+00
3.22727228556199996e+00 4.57066732818300014e+00 -1.48479746999999995e+00
3.17340955584599982e+00 4.50494790028000036e+00 -1.50809349000000004e+00
3.11945861266300017e+00 4.43699950437900004e+00 -1.52458314200000000e+00
3.06506733975100021e+00 4.36814672307500018e+00 -1.53375038500000005e+00
3.00975194724400019e+00 4.29953357596200014e+00 -1.53521966299999990e+00
2.95332174840799988e+00 4.23192609579500001e+00 -1.52868073099999990e+00
2.89582352559100009e+00 4.16669311232799977e+00 -1.51397810099999997e+00
2.83606431773200018e+00 4.10598027327799997e+00 -1.49106999600000001e+00
2.77387699740899984e+00 4.05166673217900009e+00 -1.46018898599999991e+00
2.71143502377500001e+00 4.00261753038499979e+00 -1.42158353200000009e+00
2.65106508661600015e+00 3.95768659333100015e+00 -1.37565566800000005e+00
2.59531156843699984e+00 3.91454128736500007e+00 -1.32250439799999997e+00
2.54664572916599985e+00 3.87170025013799979e+00 -1.26269180399999992e+00
2.50229940285099994e+00 3.83327612191399991e+00 -1.19681402799999992e+00
2.45877213185999999e+00 3.80460692289400004e+00 -1.12560114899999997e+00
2.41716260421399998e+00 3.78608429303100014e+00 -1.05013872099999994e+00
2.37911703504400007e+00 3.77673406787299992e+00 -9.71044803900000031e-01
2.34481450340400022e+00 3.77784001921100021e+00 -8.89785658999999951e-01
2.31549843314099979e+00 3.78869497024999990e+00 -8.07282821599999978e-01
2.29121142602800010e+00 3.81013053121899992e+00 -7.25226004200000052e-01
2.27168079879099993e+00 3.84274510900299981e+00 -6.45631270500000021e-01
2.25713685564099986e+00 3.88549592023399981e+00 -5.69793616699999950e-01
2.24744891315600004e+00 3.93697798258199994e+00 -4.98840449600000013e-01
2.24053046974300019e+00 3.99710174453500011e+00 -4.34665846999999994e-01
2.23636158684500019e+00 4.06320833293000039e+00 -3.76446650200000010e-01
2.24050989347199980e+00 4.12976415129600039e+00 -3.18597383700000014e-01
2.25374249878200006e+00 4.19519160698699967e+00 -2.60963036599999976e-01
2.27549622251599981e+00 4.25863427379100035e+00 -2.03642462999999996e-01
2.30519335886100007e+00 4.31852028288600032e+00 -1.46050049799999998e-01
2.34415754919199992e+00 4.37060435272499959e+00 -8.64963690400000068e-02
2.39231617950099995e+00 4.41089967498199975e+00 -2.44855574900000005e-02
2.44799443641000014e+00 4.43768228144300014e+00 3.84543599799999983e-02
2.51007737815000009e+00 4.45144282008399994e+00 9.96242936500000009e-02
2.57872164790799996e+00 4.45104890666700026e+00 1.55061923600000012e-01
2.65188096983400001e+00 4.44054660674999990e+00 2.03194236299999997e-01
2.72750086390299984e+00 4.42574545966899979e+00 2.46207449299999992e-01
2.80289559874699989e+00 4.42021627789799965e+00 2.91638284199999986e-01
2.87645650991400004e+00 4.41929705631900038e+00 3.40386099499999983e-01
2.94764718919000002e+00 4.41470757224200039e+00 3.92250906999999982e-01
3.01627001556700014e+00 4.40156430542500043e+00 4.46135897399999981e-01
3.08315854983300008e+00 4.37928273597600004e+00 4.99112188000000012e-01
3.15107129528499996e+00 4.35108957813600039e+00 5.47858385199999964e-01
3.22282270801400017e+00 4.32286676020200034e+00 5.90738726200000008e-01
3.29884749345900019e+00 4.30320843877199977e+00 6.30946366900000055e-01
3.37829113380999990e+00 4.29443644171299965e+00 6.68307024900000046e-01
3.45670240789800021e+00 4.29848397694400042e+00 7.08505398000000008e-01
3.52732591816900021e+00 4.31500500892699979e+00 7.58739591400000024e-01
3.58495001454499995e+00 4.33934135123500031e+00 8.20966165700000028e-01
3.62793844702600010e+00 4.37064248033899982e+00 8.91339521699999970e-01
3.65837429105599998e+00 4.41441545412499980e+00 9.61666465600000020e-01
3.68348484067999982e+00 4.47301656401999992e+00 1.02260499500000002e+00
3.70632822978899990e+00 4.54364308768600011e+00 1.07033591600000011e+00
3.71984390051200009e+00 4.62296950390199957e+00 1.10643044699999993e+00
3.71869118359700002e+00 4.70678788456700037e+00 1.13389370999999994e+00
3.70016501259099995e+00 4.79032844321899987e+00 1.15551869899999993e+00
3.67368583032900009e+00 4.87283803857100040e+00 1.17200982199999992e+00
3.65386486810099997e+00 4.95840172987499983e+00 1.18021257599999996e+00
3.64498922911199985e+00 5.04604169853699958e+00 1.17572795600000002e+00
3.64292659296599997e+00 5.13219372233200044e+00 1.15657041999999999e+00
3.64475486228299994e+00 5.21348749550600044e+00 1.12246628300000006e+00
3.65015649514299989e+00 5.28715914639999962e+00 1.07429228500000007e+00
3.66000907752999982e+00 5.35089976597900030e+00 1.01402675699999989e+00
3.67536282868499997e+00 5.40287272985499989e+00 9.44419961899999993e-01
3.69647219867700016e+00 5.44228261379999978e+00 8.68414351700000031e-01
3.72228458244600002e+00 5.46977954095599994e+00 7.88588002899999974e-01
3.74996892305799978e+00 5.48789447521899998e+00 7.06884603200000017e-01
3.77951675810300003e+00 5.49740539246599980e+00 6.24303358699999977e-01
3.81196865141200014e+00 5.49801069767999984e+00 5.42218334199999985e-01
3.84612563930400020e+00 5.49138437250700040e+00 4.61159949999999985e-01
3.88080020744500009e+00 5.47911995958399967e+00 3.81031338399999975e-01
3.91252276175700020e+00 5.46458325419400026e+00 2.99954731699999977e-01
3.93877872832899989e+00 5.44972783852399978e+00 2.17047761899999997e-01
3.96019542282700021e+00 5.43363529270699974e+00 1.33002260200000000e-01
3.97643690492899982e+00 5.41620997076300004e+00 4.80547979299999969e-02
3.99049845802699998e+00 5.39461328379200022e+00 -3.63268553800000019e-02
end
coil AAE29_SC_023 -1.45476000000000000e+06 none
3.36422444154800004e+00 5.89243414944500010e+00 -2.78678482399999979e-03
3.35072166921100001e+00 5.89266505383400041e+00 -9.01240613200000040e-02
3.33278248375700015e+00 5.89122971134299966e+00 -1.76521934800000002e-01
3.31264524471000010e+00 5.88649073438600023e+00 -2.62437444299999989e-01
3.29247278128099996e+00 5.87688104997199989e+00 -3.47887754900000012e-01
3.27179683432499990e+00 5.86276131493399966e+00 -4.32634373899999980e-01
3.24956451423199999e+00 5.84499642822400034e+00 -5.16277416700000047e-01
3.22480702873600000e+00 5.82439736401699992e+00 -5.98435221300000042e-01
3.19733038682899995e+00 5.80106304757800029e+00 -6.79084104099999974e-01
3.16836988183700008e+00 5.77406682038099994e+00 -7.58153013199999948e-01
3.13899755539299985e+00 5.74276338840299960e+00 -8.35259036700000013e-01
3.10854131126199995e+00 5.70747753797899993e+00 -9.10374739800000055e-01
3.07642444763700018e+00 5.66884336040499992e+00 -9.82930533999999967e-01
3.04297296380600013e+00 5.62641464316499995e+00 -1.05291023900000003e+00
3.00810297825500017e+00 5.58052922508200044e+00 -1.11971359499999989e+00
2.96917420770399998e+00 5.53292229998899998e+00 -1.18324034999999994e+00
2.92458205455400000e+00 5.48534521168199962e+00 -1.24282243100000001e+00
2.87489122522700002e+00 5.43765344941999995e+00 -1.29813495799999989e+00
2.82100295615600016e+00 5.38937105161000041e+00 -1.34888033899999993e+00
2.76321593350799999e+00 5.34072702030900004e+00 -1.39462432200000008e+00
2.70176031632600022e+00 5.29181300406099986e+00 -1.43505092700000003e+00
2.63780277517300021e+00 5.24195171500699963e+00 -1.46985226500000010e+00
2.57245195847099994e+00 5.18997429284999967e+00 -1.49884666299999991e+00
2.50781081021799990e+00 5.13425764852200039e+00 -1.52165311900000000e+00
2.44652257261400008e+00 5.07279958475499981e+00 -1.53781075699999992e+00
2.38931584858899981e+00 5.00601237811100042e+00 -1.54670218000000004e+00
2.33616626799200011e+00 4.93543646364000033e+00 -1.54783606000000007e+00
2.28772910330999979e+00 4.86198867399000001e+00 -1.54095584599999991e+00
2.24461808411700003e+00 4.78628256379499994e+00 -1.52594120899999997e+00
2.20726228425100013e+00 4.70970628703800021e+00 -1.50292601100000001e+00
2.17490766851600004e+00 4.63354611185299969e+00 -1.47201131399999996e+00
2.14338399519400014e+00 4.56087206563799974e+00 -1.43291364999999993e+00
2.10874571528700017e+00 4.49523459006899984e+00 -1.38506107400000000e+00
2.07277508002499999e+00 4.43768517794999973e+00 -1.32849212900000002e+00
2.03849518404999985e+00 4.38843286877999983e+00 -1.26364754000000001e+00
2.00646904273399995e+00 4.34934849636699994e+00 -1.19120472199999994e+00
1.97670216775200003e+00 4.32275317387199998e+00 -1.11241435500000008e+00
1.94994023015600004e+00 4.30982731376900041e+00 -1.02922564299999997e+00
1.92680270005900001e+00 4.31065052878699984e+00 -9.43992550599999980e-01
1.90650213388999989e+00 4.32535029236800028e+00 -8.59260935799999959e-01
1.88753988647499993e+00 4.35358944035000039e+00 -7.77758922399999997e-01
1.86819160023799991e+00 4.39418785022099989e+00 -7.01722420199999974e-01
1.84779119064199993e+00 4.44436682743199984e+00 -6.31974551700000053e-01
1.82958801201500010e+00 4.49899058812099994e+00 -5.64959770600000022e-01
1.81923710386400006e+00 4.55319193224999985e+00 -4.95980558899999979e-01
1.82094611220200009e+00 4.60408604584899983e+00 -4.23815620399999982e-01
1.83794260357400008e+00 4.64910996565599977e+00 -3.49770285000000014e-01
1.86985657802500005e+00 4.68791648335900035e+00 -2.77076304399999973e-01
1.91273096119599995e+00 4.72298851368099992e+00 -2.08312674000000003e-01
1.96708259119700002e+00 4.75064577505999974e+00 -1.44366938000000000e-01
2.03013271176300014e+00 4.76776774412199966e+00 -8.49414953499999931e-02
2.09854973436799996e+00 4.77112397401500044e+00 -2.91697134999999996e-02
2.16797390131999990e+00 4.76365179619299983e+00 2.49478487299999996e-02
2.23603070486000011e+00 4.75056746559500009e+00 7.96677523299999940e-02
2.30218511708600015e+00 4.73604594201199980e+00 1.36400377900000008e-01
2.36705333334999990e+00 4.72192191258699978e+00 1.94645235299999997e-01
2.43148393048800004e+00 4.70868746199700006e+00 2.53612347000000016e-01
2.49664148044799994e+00 4.69334957828599997e+00 3.11240956999999985e-01
2.56193756767199998e+00 4.67251780406599959e+00 3.67045805100000011e-01
2.62468097747199991e+00 4.64512880828400032e+00 4.22826417800000021e-01
2.68306641368900012e+00 4.61229505605099988e+00 4.80383682199999995e-01
2.73742762701800002e+00 4.57647447002899987e+00 5.40071751900000008e-01
2.79255630833600010e+00 4.54049979679099991e+00 5.98963435900000007e-01
2.84025793141199978e+00 4.50990374314899967e+00 6.66747498799999949e-01
2.88290296283699998e+00 4.49265211598000036e+00 7.42145053699999946e-01
2.92665660658200011e+00 4.49358204864000044e+00 8.18890524700000011e-01
2.96981309880000000e+00 4.51220650700200032e+00 8.93698191100000039e-01
3.00562594140399986e+00 4.54643740859499967e+00 9.66786724099999994e-01
3.03088612333699992e+00 4.59355140522199967e+00 1.03713904300000004e+00
3.04397013474300016e+00 4.65105057397200028e+00 1.10295157899999996e+00
3.04482233101800004e+00 4.71611688160800036e+00 1.16263869200000003e+00
3.03676624718600019e+00 4.78624125136899981e+00 1.21571442500000004e+00
3.02084879376300020e+00 4.85966732376200028e+00 1.26208573400000001e+00
3.00292273392300002e+00 4.93659513812299977e+00 1.30172047699999993e+00
2.98788082037000002e+00 5.01777424009299988e+00 1.33301426099999998e+00
2.97792733323800007e+00 5.10322466736499969e+00 1.35308516699999992e+00
2.97503591711500004e+00 5.19135977109900004e+00 1.35856906699999991e+00
2.97753948586499995e+00 5.27905791025299997e+00 1.34828118300000011e+00
2.98548864872000008e+00 5.36333536297300029e+00 1.32306780699999993e+00
2.99937174299699993e+00 5.44189771300600000e+00 1.28519478500000006e+00
3.02100874795999985e+00 5.51273988337599974e+00 1.23705962200000008e+00
3.04983438945799978e+00 5.57497829916899956e+00 1.18132792100000006e+00
3.08465342174100021e+00 5.62837518297799999e+00 1.12019668500000003e+00
3.12649928679699984e+00 5.67153925772000012e+00 1.05547147099999994e+00
3.17238878298500016e+00 5.70584321048800014e+00 9.88192380300000006e-01
3.21841646996099984e+00 5.73387506564700011e+00 9.18236506299999977e-01
3.26366640793000018e+00 5.75605245554099998e+00 8.45773240600000031e-01
3.30345696107400011e+00 5.77604960769400044e+00 7.69401928900000032e-01
3.33508335657699995e+00 5.79546799451200023e+00 6.89279826699999987e-01
3.35935557525899986e+00 5.81362433815700008e+00 6.06252378700000039e-01
3.37501908784500015e+00 5.83142370457700032e+00 5.21219862499999964e-01
3.38429779274899989e+00 5.84762501988800043e+00 4.34835605299999983e-01
3.38893588425300019e+00 5.86124456581600040e+00 3.47726933199999977e-01
3.38862345807400001e+00 5.87278952325099990e+00 2.60086019399999979e-01
3.38316139469100019e+00 5.88260485730299987e+00 1.72486975200000003e-01
3.37452259925299991e+00 5.88948342496799970e+00 8.48906156800000034e-02
3.36422444154800004e+00 5.89243414944500010e+00 -2.78678482399999979e-03
end
coil AAE10_SC_024 -1.45476000000000000e+06 none
2.52457392302199990e+00 6.37447340022100040e+00 -1.74495433399999983e-02
2.51915477935399990e+00 6.37295137131200029e+00 -1.06373998100000006e-01
2.51194906415999997e+00 6.36688886982100044e+00 -1.94931003699999994e-01
2.50344704693700004e+00 6.35609937622499999e+00 -2.82965108700000023e-01
2.49304688423899989e+00 6.34090836734799979e+00 -3.70161730799999977e-01
2.47963559256400012e+00 6.32195711824000028e+00 -4.56066133900000004e-01
2.46348081074900005e+00 6.29915867302999999e+00 -5.40776822700000048e-01
2.44509118038100004e+00 6.27257668419600023e+00 -6.23652054699999958e-01
2.42379928776600018e+00 6.24251524426099991e+00 -7.04798590999999974e-01
2.39889399136000003e+00 6.20957229962700019e+00 -7.83724147499999968e-01
2.36965450048900017e+00 6.17424314742800018e+00 -8.60160919799999979e-01
2.33442877260399984e+00 6.13773275624799997e+00 -9.33417592700000021e-01
2.28973806191600016e+00 6.10271694768499984e+00 -1.00206122299999989e+00
2.23544016177500016e+00 6.07046447732999983e+00 -1.06492056600000007e+00
2.17611465374200019e+00 6.03843804325800004e+00 -1.12301204000000010e+00
2.11502644831299991e+00 6.00388280831299959e+00 -1.17785383299999991e+00
2.05449563802600021e+00 5.96471349050800015e+00 -1.23028775000000001e+00
1.99810333742700008e+00 5.91813067129100023e+00 -1.28097524599999990e+00
1.94726205219499993e+00 5.86316869905100013e+00 -1.32940064600000007e+00
1.90192009667899997e+00 5.80087882439899971e+00 -1.37401825100000008e+00
1.86197581383699995e+00 5.73179769551899998e+00 -1.41379362500000005e+00
1.82745500742600009e+00 5.65696438862299988e+00 -1.44763304900000001e+00
1.79783587703800007e+00 5.57749443383399957e+00 -1.47478658299999998e+00
1.77264725128600009e+00 5.49438483075299988e+00 -1.49478746799999995e+00
1.75379055937899997e+00 5.40824773759400035e+00 -1.50745079099999990e+00
1.74259475693499999e+00 5.32012818492500017e+00 -1.51298411800000010e+00
1.73550429925500005e+00 5.23128352466399971e+00 -1.51150248399999998e+00
1.72817579289299994e+00 5.14293692532799973e+00 -1.50253250699999996e+00
1.71604897820400004e+00 5.05650019337300005e+00 -1.48480144199999997e+00
1.69518362004700007e+00 4.97467350021400012e+00 -1.45647327999999998e+00
1.66604491875799998e+00 4.90065780093499992e+00 -1.41648754599999993e+00
1.63135650728300008e+00 4.83708667102799961e+00 -1.36460902099999992e+00
1.59454086856300004e+00 4.78604736774200035e+00 -1.30145524799999990e+00
1.55882854321400011e+00 4.74900213966699969e+00 -1.22877147299999989e+00
1.52519312872600010e+00 4.72739174852999966e+00 -1.14916445699999992e+00
1.49307662781000006e+00 4.72188998251800029e+00 -1.06625950899999999e+00
1.46047404192199992e+00 4.73210641753899974e+00 -9.84019988200000029e-01
1.42630196651200003e+00 4.75529401328900025e+00 -9.05019850500000000e-01
1.39460580541599999e+00 4.78544674863499964e+00 -8.27430147700000007e-01
1.37190428552299992e+00 4.81779234631300035e+00 -7.47589677000000008e-01
1.36143071142999994e+00 4.85129570793299969e+00 -6.65754104100000021e-01
1.36366276889200000e+00 4.88614562036600031e+00 -5.83763262700000007e-01
1.38048877556199989e+00 4.92039523795800005e+00 -5.03287117299999975e-01
1.41348806693899998e+00 4.95012423268900026e+00 -4.26058482299999985e-01
1.46173586168099989e+00 4.97065194281899991e+00 -3.54058778700000021e-01
1.52109509300000001e+00 4.98022661645099962e+00 -2.88294880099999984e-01
1.58617065988399997e+00 4.98208734174400014e+00 -2.27517521700000003e-01
1.65310310812399996e+00 4.98164702197899967e+00 -1.68760640399999995e-01
1.72009075053300009e+00 4.98185386886899995e+00 -1.10011766999999996e-01
1.78315246072600009e+00 4.98491029801500041e+00 -4.71862759699999967e-02
1.84359307523899996e+00 4.98165631995799973e+00 1.81966169400000002e-02
1.90056410541199994e+00 4.96786288467299997e+00 8.53008159099999941e-02
1.95736688067499998e+00 4.94356293878299979e+00 1.49478332999999991e-01
2.01173854133500019e+00 4.91290013835399986e+00 2.13010172800000008e-01
2.06774924587999998e+00 4.87718024054600008e+00 2.72389066100000021e-01
2.12083760752200012e+00 4.83745780733200004e+00 3.31866703200000002e-01
2.17636128865899980e+00 4.79566152984399974e+00 3.87553904599999999e-01
2.22881044962299990e+00 4.75304153893500025e+00 4.45633867399999994e-01
2.27463959249599990e+00 4.71186411223700041e+00 5.09989224300000044e-01
2.30974902163600015e+00 4.67545971915100012e+00 5.83300031399999974e-01
2.33302611645100022e+00 4.64806353981600040e+00 6.64789909000000012e-01
2.34723580956899980e+00 4.63301775188099985e+00 7.51488013200000027e-01
2.35459729481100011e+00 4.63208846321299994e+00 8.40209904600000002e-01
2.35487575978500008e+00 4.64549055695999957e+00 9.28272620899999956e-01
2.34660216873899996e+00 4.67174255335600019e+00 1.01302453600000009e+00
2.32742029180699994e+00 4.70795229311999996e+00 1.09210786199999998e+00
2.30734473522699979e+00 4.75212674062600016e+00 1.16681292299999995e+00
2.29289173495700016e+00 4.80460920601900021e+00 1.23734147300000008e+00
2.28604169559499981e+00 4.86570158757599991e+00 1.30180800399999996e+00
2.28710424869899986e+00 4.93499083685200013e+00 1.35778514899999991e+00
2.29586459740100013e+00 5.01121963832899997e+00 1.40304295200000007e+00
2.31190514995400020e+00 5.09246464778799979e+00 1.43595856100000008e+00
2.33445873796800019e+00 5.17632215536299967e+00 1.45566788399999991e+00
2.36281910747700019e+00 5.26053570574899965e+00 1.46207221500000006e+00
2.39603874013200002e+00 5.34293651855000018e+00 1.45563949300000006e+00
2.43268431232199989e+00 5.42209709117099958e+00 1.43734869599999993e+00
2.46902960462000021e+00 5.49811015745599985e+00 1.40860805300000003e+00
2.50229486135400014e+00 5.57162401299399956e+00 1.37074944699999990e+00
2.53201613283200011e+00 5.64216451597100033e+00 1.32528569800000007e+00
2.55871322393200007e+00 5.70952750550099974e+00 1.27344174199999993e+00
2.58454091832799993e+00 5.77279569564000017e+00 1.21624657500000000e+00
2.60941323559999994e+00 5.83208362785800016e+00 1.15453905799999990e+00
2.62662557372400007e+00 5.89019898384299978e+00 1.08926367399999990e+00
2.63214922409299978e+00 5.94814389271100019e+00 1.02191720899999994e+00
2.62668174350800010e+00 6.00519612829099980e+00 9.53741958900000020e-01
2.61326230948299987e+00 6.06040222936799999e+00 8.85007124200000050e-01
2.59730224230699980e+00 6.11254779289599970e+00 8.14565732900000006e-01
2.58227019095000010e+00 6.16088565772500019e+00 7.41282581500000037e-01
2.56882327489000017e+00 6.20499567207799974e+00 6.65177014199999972e-01
2.55667124016299985e+00 6.24480819278300014e+00 5.86314234499999976e-01
2.54665502905500007e+00 6.27967751956200004e+00 5.04959361800000006e-01
2.53933423300800021e+00 6.30915456315600043e+00 4.21241332600000018e-01
2.53452997695500004e+00 6.33303262232100028e+00 3.35488630800000021e-01
2.53147656703099999e+00 6.35130188840499965e+00 2.48458953600000004e-01
2.52945712652900001e+00 6.36413278775300029e+00 1.60225412000000011e-01
2.52763647062100016e+00 6.37167914014399983e+00 7.15008086900000006e-02
2.52457392302199990e+00 6.37447340022100040e+00 -1.74495433399999983e-02
end
coil AAE14_SC_025 -0.00000000000000000e+00 none
4.51208351999999979e-01 7.00526082000000017e+00 -7.06089999999999995e-01
4.18171014000000008e-01 6.97361085999999997e+00 -8.02960000000000007e-01
3.86134751300000023e-01 6.93714588599999971e+00 -8.98349999999999982e-01
3.55288876099999984e-01 6.89508939500000029e+00 -9.91870000000000029e-01
3.26365374500000027e-01 6.84516371099999965e+00 -1.08213000000000004e+00
2.99699246400000008e-01 6.78739667800000035e+00 -1.16823000000000010e+00
2.75425258800000017e-01 6.72236486999999983e+00 -1.24963000000000002e+00
2.54091244900000013e-01 6.64955381600000006e+00 -1.32501000000000002e+00
2.36267598400000001e-01 6.56880972899999982e+00 -1.39285999999999999e+00
2.22495430699999996e-01 6.48050355099999997e+00 -1.45162999999999998e+00
2.13137492200000001e-01 6.38558990800000004e+00 -1.50011000000000005e+00
2.08325398599999989e-01 6.28547705500000031e+00 -1.53757000000000010e+00
2.07958462000000011e-01 6.18176438600000022e+00 -1.56394999999999995e+00
2.11718451599999996e-01 6.07596425799999995e+00 -1.57966999999999991e+00
2.19238414100000001e-01 5.96934199699999990e+00 -1.58546000000000009e+00
2.30137625699999987e-01 5.86289402099999979e+00 -1.58210999999999991e+00
2.44081265699999994e-01 5.75740205500000002e+00 -1.57027000000000005e+00
2.60855540699999999e-01 5.65353489800000020e+00 -1.55041999999999991e+00
2.80288029499999980e-01 5.55192687799999973e+00 -1.52283999999999997e+00
3.02294516399999991e-01 5.45325726500000041e+00 -1.48758999999999997e+00
3.26771524300000005e-01 5.35824313100000005e+00 -1.44477000000000011e+00
3.53475558299999992e-01 5.26730006000000017e+00 -1.39495999999999998e+00
3.82315021899999996e-01 5.18124640999999997e+00 -1.33818999999999999e+00
4.13300294199999974e-01 5.10121438899999990e+00 -1.27417000000000002e+00
4.46204020899999998e-01 5.02799286100000042e+00 -1.20328999999999997e+00
4.80834489199999993e-01 4.96267455200000018e+00 -1.12579999999999991e+00
5.16489270300000025e-01 4.90322705100000000e+00 -1.04414000000000007e+00
5.52681588200000018e-01 4.84753736299999982e+00 -9.60089999999999999e-01
5.89415672300000026e-01 4.79629807700000033e+00 -8.73500000000000054e-01
6.26568635900000004e-01 4.74903390700000028e+00 -7.84819999999999962e-01
6.63924708399999952e-01 4.70417467900000030e+00 -6.94989999999999997e-01
7.01363914300000002e-01 4.66044504699999962e+00 -6.04639999999999955e-01
7.38955616599999976e-01 4.61870570399999991e+00 -5.13419999999999987e-01
7.76722105599999990e-01 4.57976954599999964e+00 -4.21030000000000015e-01
8.14693920700000018e-01 4.54544568000000027e+00 -3.26940000000000008e-01
8.52854768699999988e-01 4.51746379899999972e+00 -2.30830000000000007e-01
8.90992636799999960e-01 4.48834329000000043e+00 -1.35039999999999993e-01
9.29102064900000024e-01 4.45797026800000040e+00 -3.96299999999999986e-02
9.67245572099999951e-01 4.42977321399999990e+00 5.64199999999999979e-02
1.00543062600000010e+00 4.40568439200000039e+00 1.53570000000000012e-01
1.04360904699999990e+00 4.38455233500000041e+00 2.51400000000000012e-01
1.08177438599999998e+00 4.36347710099999997e+00 3.49250000000000005e-01
1.11984734300000000e+00 4.34748941700000024e+00 4.48089999999999988e-01
1.15772969199999998e+00 4.33703126999999977e+00 5.47740000000000005e-01
1.19537253100000007e+00 4.33104605499999984e+00 6.47859999999999991e-01
1.23290754100000011e+00 4.32676770199999972e+00 7.48110000000000053e-01
1.27017481000000010e+00 4.32609874100000003e+00 8.48500000000000032e-01
1.30680603299999998e+00 4.33256557999999981e+00 9.48930000000000051e-01
1.34258387599999995e+00 4.34647015699999972e+00 1.04889999999999994e+00
1.37729052599999990e+00 4.36817765300000005e+00 1.14785000000000004e+00
1.41060616200000011e+00 4.39815999600000040e+00 1.24510000000000010e+00
1.44216578399999995e+00 4.43700893900000004e+00 1.33976000000000006e+00
1.47140274600000009e+00 4.48563410600000001e+00 1.43054999999999999e+00
1.49773498299999996e+00 4.54447697200000000e+00 1.51601000000000008e+00
1.52061970299999993e+00 4.61338794799999974e+00 1.59462999999999999e+00
1.53953910699999996e+00 4.69184131100000013e+00 1.66486000000000001e+00
1.55401655800000005e+00 4.77888789599999964e+00 1.72523000000000004e+00
1.56381963399999990e+00 4.87306808499999988e+00 1.77471000000000001e+00
1.56921904299999992e+00 4.97246437699999966e+00 1.81360000000000010e+00
1.57078101100000000e+00 5.07538920200000021e+00 1.84301000000000004e+00
1.56752127099999994e+00 5.18111090499999971e+00 1.86004999999999998e+00
1.56085987000000004e+00 5.28752780499999986e+00 1.86812000000000000e+00
1.55192310400000011e+00 5.39415828499999961e+00 1.87010000000000010e+00
1.53890264700000001e+00 5.50009682900000030e+00 1.86085999999999996e+00
1.52372533600000004e+00 5.60480148699999958e+00 1.84553999999999996e+00
1.50602931700000009e+00 5.70803233500000040e+00 1.82302999999999993e+00
1.48589478799999997e+00 5.80880648399999977e+00 1.79336000000000007e+00
1.46429482399999999e+00 5.90808003300000006e+00 1.75934999999999997e+00
1.44001894800000008e+00 6.00326013799999991e+00 1.71711999999999998e+00
1.41439251500000007e+00 6.09638709900000020e+00 1.67076000000000002e+00
1.38649633400000005e+00 6.18440541599999971e+00 1.61699999999999999e+00
1.35697985299999990e+00 6.26882846799999971e+00 1.55800999999999989e+00
1.32647166700000008e+00 6.35016700799999967e+00 1.49557999999999991e+00
1.29444644799999997e+00 6.42680423799999989e+00 1.42791000000000001e+00
1.26203855799999998e+00 6.50177831899999958e+00 1.35880000000000001e+00
1.22730374400000009e+00 6.56667840300000005e+00 1.28096000000000010e+00
1.19258153100000008e+00 6.63158490799999978e+00 1.20310999999999990e+00
1.15657648199999996e+00 6.68843344500000025e+00 1.11986999999999992e+00
1.12030598100000001e+00 6.74359126199999981e+00 1.03547999999999996e+00
1.08357714699999996e+00 6.79455546099999985e+00 9.48829999999999951e-01
1.04638641199999993e+00 6.84137977600000013e+00 8.59940000000000038e-01
1.00903775099999993e+00 6.88567932099999958e+00 7.69979999999999998e-01
9.71063774999999962e-01 6.92028778300000003e+00 6.75969999999999960e-01
9.33089799500000039e-01 6.95489624599999967e+00 5.81960000000000033e-01
8.94920942299999966e-01 6.98185029600000018e+00 4.85559999999999992e-01
8.56747105099999962e-01 7.00862721699999991e+00 3.89100000000000001e-01
8.18592747299999979e-01 7.02908903400000007e+00 2.91150000000000020e-01
7.80442051500000011e-01 7.04823533400000013e+00 1.92879999999999996e-01
7.42515837999999984e-01 7.06030595699999974e+00 9.34900000000000037e-02
7.04653261100000039e-01 7.07024246399999967e+00 -6.23999999999999989e-03
6.67236519699999975e-01 7.07310497399999960e+00 -1.06530000000000000e-01
6.29901205200000036e-01 7.07440589199999970e+00 -2.06940000000000013e-01
5.93232629700000014e-01 7.06827714300000043e+00 -3.07410000000000017e-01
5.56765338499999984e-01 7.06021139000000009e+00 -4.07770000000000021e-01
5.20998686600000038e-01 7.04608236899999962e+00 -5.07770000000000055e-01
4.85860997800000027e-01 7.02741696200000021e+00 -6.07160000000000033e-01
4.51208351999999979e-01 7.00526082000000017e+00 -7.06089999999999995e-01
end
coil AAE23_SC_026 -0.00000000000000000e+00 none
-1.24253740000000001e+00 6.83446783800000013e+00 -7.21389999999999976e-01
-1.19442259099999992e+00 6.80372487699999962e+00 -8.08459999999999956e-01
-1.14498064600000005e+00 6.76687280700000038e+00 -8.92310000000000048e-01
-1.09446384900000004e+00 6.72423543699999993e+00 -9.72650000000000015e-01
-1.04309523600000009e+00 6.67603244000000018e+00 -1.04919999999999991e+00
-9.91032643499999977e-01 6.62181039800000004e+00 -1.12105000000000010e+00
-9.38404777000000023e-01 6.55936100200000016e+00 -1.18554000000000004e+00
-8.85839093800000033e-01 6.48885658100000029e+00 -1.24126000000000003e+00
-8.33831256099999973e-01 6.41268728400000043e+00 -1.28957000000000011e+00
-7.82873683299999956e-01 6.33114980000000038e+00 -1.32953000000000010e+00
-7.33564611499999963e-01 6.24473291500000016e+00 -1.36019000000000001e+00
-6.86542239200000015e-01 6.15419075400000004e+00 -1.38074000000000008e+00
-6.42550341600000019e-01 6.06043792000000003e+00 -1.39033000000000007e+00
-6.02731417200000008e-01 5.96442393700000029e+00 -1.38710000000000000e+00
-5.66793850900000007e-01 5.86772587799999989e+00 -1.37349999999999994e+00
-5.34463817899999971e-01 5.77134829400000005e+00 -1.35124000000000000e+00
-5.05828864299999958e-01 5.67599256499999960e+00 -1.32085999999999992e+00
-4.80198559600000019e-01 5.58193905899999976e+00 -1.28438000000000008e+00
-4.57356081299999995e-01 5.48936967700000000e+00 -1.24255000000000004e+00
-4.36683962900000000e-01 5.39817842300000006e+00 -1.19676999999999989e+00
-4.17184764699999988e-01 5.30777834500000001e+00 -1.14893000000000001e+00
-3.98191066900000001e-01 5.21773177700000002e+00 -1.10020999999999991e+00
-3.80126104700000023e-01 5.12838652900000014e+00 -1.04990999999999990e+00
-3.63174389300000011e-01 5.03988666900000037e+00 -9.97730000000000006e-01
-3.47049883499999989e-01 4.95204462700000025e+00 -9.44219999999999948e-01
-3.31574496800000007e-01 4.86472893599999967e+00 -8.89639999999999986e-01
-3.16691165599999991e-01 4.77792105300000003e+00 -8.34110000000000018e-01
-3.02577980700000027e-01 4.69175244799999991e+00 -7.77390000000000025e-01
-2.89050671099999990e-01 4.60611067199999979e+00 -7.19740000000000046e-01
-2.75972278500000001e-01 4.52086711000000019e+00 -6.61399999999999988e-01
-2.64317441599999980e-01 4.43693777300000036e+00 -6.00910000000000055e-01
-2.54395509000000020e-01 4.35466501199999989e+00 -5.37880000000000025e-01
-2.46567432800000014e-01 4.27452360299999956e+00 -4.71909999999999996e-01
-2.41200825300000005e-01 4.19703254800000014e+00 -4.02610000000000023e-01
-2.38717992200000007e-01 4.12283376400000012e+00 -3.29670000000000019e-01
-2.39513427800000012e-01 4.05265476200000041e+00 -2.52829999999999999e-01
-2.43966175400000013e-01 3.98727060800000022e+00 -1.72020000000000006e-01
-2.52421286500000008e-01 3.92756098399999987e+00 -8.72700000000000004e-02
-2.65041671599999973e-01 3.87415712700000014e+00 1.12999999999999993e-03
-2.82721445999999987e-01 3.82903189100000008e+00 9.32800000000000018e-02
-3.05496823199999989e-01 3.79320644799999984e+00 1.88230000000000008e-01
-3.31704261599999994e-01 3.76416352999999981e+00 2.84490000000000021e-01
-3.61512612200000027e-01 3.74248373200000017e+00 3.81869999999999987e-01
-3.96788201999999979e-01 3.73365224500000004e+00 4.79150000000000020e-01
-4.33596406900000009e-01 3.72842054899999997e+00 5.76409999999999978e-01
-4.74704631200000005e-01 3.73516372299999988e+00 6.71610000000000040e-01
-5.16901533600000018e-01 3.74493134499999991e+00 7.66299999999999981e-01
-5.61485417500000028e-01 3.76295044000000001e+00 8.58129999999999948e-01
-6.08891730800000031e-01 3.79076093900000011e+00 9.46559999999999957e-01
-6.56301134200000025e-01 3.81856192700000019e+00 1.03499000000000008e+00
-7.06506120000000015e-01 3.85969953900000018e+00 1.11616000000000004e+00
-7.57180846400000052e-01 3.90314527700000014e+00 1.19605999999999990e+00
-8.08593324700000005e-01 3.95296074899999983e+00 1.27098000000000000e+00
-8.61148493600000009e-01 4.01291558800000026e+00 1.33793999999999991e+00
-9.13664424300000055e-01 4.07603309399999958e+00 1.40144000000000002e+00
-9.66070020999999945e-01 4.14877768699999994e+00 1.45439000000000007e+00
-1.01756413999999995e+00 4.22601027700000031e+00 1.50028000000000006e+00
-1.06751860800000009e+00 4.31079680499999984e+00 1.53428999999999993e+00
-1.11532048399999995e+00 4.39987835799999960e+00 1.55834000000000006e+00
-1.16167195799999989e+00 4.49119090599999993e+00 1.57641000000000009e+00
-1.20530344499999997e+00 4.58537339599999960e+00 1.58462999999999998e+00
-1.24629852800000007e+00 4.68093888100000033e+00 1.58479999999999999e+00
-1.28524038099999993e+00 4.77722516099999961e+00 1.57912000000000008e+00
-1.32175380100000006e+00 4.87396312200000015e+00 1.56688000000000005e+00
-1.35521439100000007e+00 4.97055032699999977e+00 1.54720999999999997e+00
-1.38669228400000000e+00 5.06673515099999960e+00 1.52303999999999995e+00
-1.41619602899999997e+00 5.16239419700000024e+00 1.49449999999999994e+00
-1.44353064500000006e+00 5.25725381799999969e+00 1.46141999999999994e+00
-1.46850400099999989e+00 5.35099923599999983e+00 1.42365000000000008e+00
-1.49176875399999997e+00 5.44378994100000035e+00 1.38260999999999989e+00
-1.51331800499999991e+00 5.53555008699999984e+00 1.33843000000000001e+00
-1.53316363400000011e+00 5.62617838799999959e+00 1.29120999999999997e+00
-1.55120006400000010e+00 5.71551436599999985e+00 1.24085000000000001e+00
-1.56729270800000009e+00 5.80332502600000044e+00 1.18727000000000005e+00
-1.58168908000000008e+00 5.88972233500000009e+00 1.13100000000000001e+00
-1.59434066699999999e+00 5.97456435399999997e+00 1.07201999999999997e+00
-1.60516091400000005e+00 6.05769678500000008e+00 1.01029999999999998e+00
-1.61402165199999992e+00 6.13889923400000015e+00 9.45779999999999954e-01
-1.62081682599999999e+00 6.21794797999999993e+00 8.78380000000000050e-01
-1.62537023400000002e+00 6.29454393299999992e+00 8.08039999999999980e-01
-1.62753087799999996e+00 6.36837516599999987e+00 7.34680000000000000e-01
-1.62709639400000006e+00 6.43902894599999964e+00 6.58240000000000047e-01
-1.62390579300000004e+00 6.50612700900000007e+00 5.78729999999999967e-01
-1.61776265299999999e+00 6.56920597800000028e+00 4.96170000000000000e-01
-1.60854663600000003e+00 6.62782719900000039e+00 4.10669999999999980e-01
-1.59612171300000005e+00 6.68156794600000037e+00 3.22409999999999974e-01
-1.58036373600000002e+00 6.72990420899999986e+00 2.31610000000000010e-01
-1.56095594499999990e+00 6.77193395399999964e+00 1.38429999999999997e-01
-1.53781199600000007e+00 6.80711390999999999e+00 4.32700000000000029e-02
-1.51114942900000004e+00 6.83535704099999997e+00 -5.32600000000000018e-02
-1.48112848600000002e+00 6.85652614899999957e+00 -1.50620000000000004e-01
-1.44796718699999993e+00 6.87059744200000022e+00 -2.48230000000000006e-01
-1.41192589000000002e+00 6.87770808900000041e+00 -3.45569999999999988e-01
-1.37330347199999991e+00 6.87807086000000023e+00 -4.42180000000000017e-01
-1.33227706300000004e+00 6.87169073699999977e+00 -5.37569999999999992e-01
-1.28877075800000007e+00 6.85773342999999969e+00 -6.31050000000000000e-01
-1.24253740000000001e+00 6.83446783800000013e+00 -7.21389999999999976e-01
end
coil AAE23_SC_027 -0.00000000000000000e+00 none
-3.01197085100000006e+00 6.25954407299999982e+00 7.21389999999999976e-01
-2.98824185100000017e+00 6.30555325799999977e+00 6.31050000000000000e-01
-2.96124300600000012e+00 6.34240374799999973e+00 5.37569999999999992e-01
-2.93180230699999989e+00 6.37168941400000044e+00 4.42180000000000017e-01
-2.90033920900000020e+00 6.39409330700000034e+00 3.45569999999999988e-01
-2.86700801299999997e+00 6.40952887100000002e+00 2.48230000000000006e-01
-2.83190712200000005e+00 6.41762852400000039e+00 1.50620000000000004e-01
-2.79517703600000011e+00 6.41815402299999960e+00 5.32600000000000018e-02
-2.75699701399999997e+00 6.41097434899999996e+00 -4.32700000000000029e-02
-2.71761076099999999e+00 6.39611611399999980e+00 -1.38429999999999997e-01
-2.67719492699999995e+00 6.37352105300000016e+00 -2.31610000000000010e-01
-2.63603152899999982e+00 6.34368035600000013e+00 -3.22409999999999974e-01
-2.59440261599999999e+00 6.30750580599999999e+00 -4.10669999999999980e-01
-2.55248273800000014e+00 6.26549573199999976e+00 -4.96159999999999990e-01
-2.51043954600000019e+00 6.21807261899999997e+00 -5.78729999999999967e-01
-2.46841548800000021e+00 6.16567179200000037e+00 -6.58240000000000047e-01
-2.42653423299999993e+00 6.10875401799999995e+00 -7.34680000000000000e-01
-2.38489091599999981e+00 6.04777079399999984e+00 -8.08039999999999980e-01
-2.34355499300000014e+00 5.98312321399999991e+00 -8.78380000000000050e-01
-2.30258616699999985e+00 5.91517765800000017e+00 -9.45779999999999954e-01
-2.26202488199999996e+00 5.84426270700000039e+00 -1.01029999999999998e+00
-2.22191751999999987e+00 5.77065629600000030e+00 -1.07201999999999997e+00
-2.18227527200000004e+00 5.69458286900000044e+00 -1.13100000000000001e+00
-2.14314689100000022e+00 5.61621598600000027e+00 -1.18727000000000005e+00
-2.10455259899999980e+00 5.53571993699999965e+00 -1.24085000000000001e+00
-2.06663598399999993e+00 5.45284696700000016e+00 -1.29120999999999997e+00
-2.02941798800000006e+00 5.36785623100000020e+00 -1.33843000000000001e+00
-1.99291598099999989e+00 5.28095315100000029e+00 -1.38260999999999989e+00
-1.95718750699999999e+00 5.19221951200000031e+00 -1.42365000000000008e+00
-1.92229605100000001e+00 5.10168645600000037e+00 -1.46141999999999994e+00
-1.88864909500000011e+00 5.00887653399999966e+00 -1.49449999999999994e+00
-1.85629683199999995e+00 4.91415303700000017e+00 -1.52303999999999995e+00
-1.82523215400000005e+00 4.81782909400000037e+00 -1.54720999999999997e+00
-1.79553186399999998e+00 4.72002429199999973e+00 -1.56688000000000005e+00
-1.76820141200000003e+00 4.62029775400000009e+00 -1.57912000000000008e+00
-1.74311770100000007e+00 4.51951373999999984e+00 -1.58479999999999999e+00
-1.72010054100000009e+00 4.41809737600000041e+00 -1.58462999999999998e+00
-1.70003702400000001e+00 4.31626329399999964e+00 -1.57641000000000009e+00
-1.68387184899999998e+00 4.21514909899999957e+00 -1.55834000000000006e+00
-1.67017419999999994e+00 4.11498385700000036e+00 -1.53428999999999993e+00
-1.66075612699999997e+00 4.01701875899999994e+00 -1.50028000000000006e+00
-1.65702252600000000e+00 3.92427585200000006e+00 -1.45439000000000007e+00
-1.65665818799999998e+00 3.83462546300000007e+00 -1.40144000000000002e+00
-1.66205101899999996e+00 3.75269182200000007e+00 -1.33793999999999991e+00
-1.66933207600000011e+00 3.67329587799999979e+00 -1.27098000000000000e+00
-1.68163594999999999e+00 3.60277652100000001e+00 -1.19605999999999990e+00
-1.69710027799999996e+00 3.53783688899999982e+00 -1.11616000000000004e+00
-1.71353600600000000e+00 3.47505294300000012e+00 -1.03499000000000008e+00
-1.73554640899999990e+00 3.42468957300000021e+00 -9.46559999999999957e-01
-1.75755990199999990e+00 3.37431669199999984e+00 -8.58119999999999994e-01
-1.78303633200000000e+00 3.33354377399999979e+00 -7.66299999999999981e-01
-1.81142327400000003e+00 3.30083493699999986e+00 -6.71610000000000040e-01
-1.84072866500000010e+00 3.27122141099999997e+00 -5.76409999999999978e-01
-1.87357682999999997e+00 3.25380987100000008e+00 -4.79150000000000020e-01
-1.90730474300000008e+00 3.24022760599999993e+00 -3.81869999999999987e-01
-1.94416539799999999e+00 3.24023871900000016e+00 -2.84490000000000021e-01
-1.98243773600000006e+00 3.24833161600000020e+00 -1.88230000000000008e-01
-2.02192128599999998e+00 3.26392594500000000e+00 -9.32800000000000018e-02
-2.06274964900000013e+00 3.29004075299999998e+00 -1.12999999999999993e-03
-2.10435356999999978e+00 3.32583917100000015e+00 8.72700000000000004e-02
-2.14629613100000016e+00 3.36917094299999986e+00 1.72020000000000006e-01
-2.18832621700000018e+00 3.41944977499999991e+00 2.52829999999999999e-01
-2.23021551200000001e+00 3.47576031199999980e+00 3.29670000000000019e-01
-2.27181202600000010e+00 3.53724354600000002e+00 4.02619999999999978e-01
-2.31302416300000013e+00 3.60308111699999989e+00 4.71909999999999996e-01
-2.35379884899999992e+00 3.67253027099999985e+00 5.37880000000000025e-01
-2.39412462300000017e+00 3.74491435000000017e+00 6.00910000000000055e-01
-2.43403829500000013e+00 3.81966700800000014e+00 6.61399999999999988e-01
-2.47356479699999987e+00 3.89632318999999994e+00 7.19740000000000046e-01
-2.51295653200000002e+00 3.97355594500000020e+00 7.77390000000000025e-01
-2.55218022800000011e+00 4.05156475700000041e+00 8.34110000000000018e-01
-2.59117099099999981e+00 4.13054934599999957e+00 8.89639999999999986e-01
-2.62996185399999982e+00 4.21027860999999959e+00 9.44219999999999948e-01
-2.66855020499999984e+00 4.29082530200000001e+00 9.97730000000000006e-01
-2.70686164199999979e+00 4.37238605399999969e+00 1.04990999999999990e+00
-2.74476589600000009e+00 4.45529706700000006e+00 1.10020999999999991e+00
-2.78232738200000007e+00 4.53929537399999994e+00 1.14893000000000001e+00
-2.81968158600000018e+00 4.62389926699999965e+00 1.19676999999999989e+00
-2.85656512399999984e+00 4.70982227899999994e+00 1.24255000000000004e+00
-2.89249280900000016e+00 4.79813697300000008e+00 1.28438000000000008e+00
-2.92704431599999992e+00 4.88929559600000019e+00 1.32085999999999992e+00
-2.95992529799999993e+00 4.98326559800000002e+00 1.35124000000000000e+00
-2.99041940399999984e+00 5.08024532000000040e+00 1.37349999999999994e+00
-3.01817708100000015e+00 5.17959545600000038e+00 1.38710000000000000e+00
-3.04240607199999991e+00 5.28068005799999973e+00 1.39033000000000007e+00
-3.06191203500000020e+00 5.38238555399999985e+00 1.38074000000000008e+00
-3.07709834299999985e+00 5.48327632699999956e+00 1.36017999999999994e+00
-3.08799391400000012e+00 5.58216310700000040e+00 1.32953000000000010e+00
-3.09470210500000009e+00 5.67808058800000026e+00 1.28957000000000011e+00
-3.09739428399999994e+00 5.77027482400000036e+00 1.24126000000000003e+00
-3.09631625500000007e+00 5.85821583400000012e+00 1.18554000000000004e+00
-3.09043907399999984e+00 5.93966614699999962e+00 1.12105000000000010e+00
-3.08019542700000004e+00 6.01413547399999970e+00 1.04919999999999991e+00
-3.06696443600000013e+00 6.08333367400000036e+00 9.72650000000000015e-01
-3.05116552700000021e+00 6.14752320200000035e+00 8.92310000000000048e-01
-3.03282483200000019e+00 6.20639711000000016e+00 8.08459999999999956e-01
-3.01197085100000006e+00 6.25954407299999982e+00 7.21389999999999976e-01
end
coil AAE14_SC_028 -0.00000000000000000e+00 none
-4.48261405499999999e+00 5.40216468100000036e+00 7.06089999999999995e-01
-4.52367786499999980e+00 5.39972467399999978e+00 6.07160000000000033e-01
-4.56307357200000041e+00 5.39416658499999979e+00 5.07770000000000055e-01
-4.60032297700000026e+00 5.38456747000000036e+00 4.07770000000000021e-01
-4.63456577799999980e+00 5.36965942600000012e+00 3.07410000000000017e-01
-4.66783126899999967e+00 5.35306693300000003e+00 2.06940000000000013e-01
-4.69726600600000044e+00 5.33007758900000006e+00 1.06530000000000000e-01
-4.72586849200000003e+00 5.30576636700000037e+00 6.23999999999999989e-03
-4.75065285500000023e+00 5.27547246700000017e+00 -9.34900000000000037e-02
-4.77423474400000014e+00 5.24341044500000031e+00 -1.92879999999999996e-01
-4.79385087300000023e+00 5.20549652199999979e+00 -2.91150000000000020e-01
-4.81269040300000039e+00 5.16651012799999965e+00 -3.89100000000000001e-01
-4.82783550999999989e+00 5.12242241700000012e+00 -4.85559999999999992e-01
-4.84286552900000000e+00 5.07817113599999992e+00 -5.81960000000000033e-01
-4.85324193499999978e+00 5.02785497400000025e+00 -6.75969999999999960e-01
-4.86363094300000043e+00 4.97753239099999956e+00 -7.69979999999999998e-01
-4.86781248399999988e+00 4.91974630600000040e+00 -8.59940000000000038e-01
-4.87036951700000031e+00 4.86000239799999978e+00 -9.48829999999999951e-01
-4.87013290199999993e+00 4.79717425100000039e+00 -1.03547999999999996e+00
-4.86705817400000029e+00 4.73123690500000027e+00 -1.11986999999999992e+00
-4.86276936400000004e+00 4.66408493800000024e+00 -1.20310999999999990e+00
-4.85271282600000031e+00 4.59115799899999999e+00 -1.28096000000000010e+00
-4.84266270799999976e+00 4.51824366000000044e+00 -1.35880000000000001e+00
-4.82481005100000004e+00 4.43853570000000008e+00 -1.42791000000000001e+00
-4.80566818600000012e+00 4.35771488600000012e+00 -1.49557999999999991e+00
-4.78254175300000028e+00 4.27398015600000036e+00 -1.55800999999999989e+00
-4.75679817199999988e+00 4.18833308600000009e+00 -1.61699999999999999e+00
-4.72763690699999994e+00 4.10071334399999987e+00 -1.67076000000000002e+00
-4.69362564299999985e+00 4.01031907499999996e+00 -1.71711999999999998e+00
-4.65732446200000005e+00 3.91904407700000013e+00 -1.75934999999999997e+00
-4.61644677900000033e+00 3.82602973199999985e+00 -1.79336000000000007e+00
-4.57350152400000010e+00 3.73268005999999986e+00 -1.82302999999999993e+00
-4.52713654600000037e+00 3.63875549900000017e+00 -1.84553999999999996e+00
-4.47786760700000031e+00 3.54512810900000019e+00 -1.86085999999999996e+00
-4.42614668399999989e+00 3.45176599799999995e+00 -1.87010000000000010e+00
-4.37069237299999980e+00 3.36025059000000015e+00 -1.86812000000000000e+00
-4.31352916300000011e+00 3.27024079399999978e+00 -1.86004999999999998e+00
-4.25402944899999991e+00 3.18279444200000006e+00 -1.84301000000000004e+00
-4.19226307699999978e+00 3.10044722399999984e+00 -1.81360000000000010e+00
-4.12946972199999962e+00 3.02320237800000013e+00 -1.77471000000000001e+00
-4.06618731599999972e+00 2.95276982499999985e+00 -1.72523000000000004e+00
-4.00331114599999971e+00 2.89085993399999985e+00 -1.66486000000000001e+00
-3.94189265400000011e+00 2.83850830499999995e+00 -1.59462999999999999e+00
-3.88287482700000020e+00 2.79621059599999988e+00 -1.51601000000000008e+00
-3.82697641700000002e+00 2.76408468400000018e+00 -1.43054999999999999e+00
-3.77474615599999996e+00 2.74193033400000008e+00 -1.33976000000000006e+00
-3.72637800600000002e+00 2.72905351800000018e+00 -1.24510000000000010e+00
-3.68180055900000003e+00 2.72437956999999997e+00 -1.14785000000000004e+00
-3.64096740399999996e+00 2.72720996000000016e+00 -1.04889999999999994e+00
-3.60384592599999998e+00 2.73699784599999996e+00 -9.48930000000000051e-01
-3.57041065499999988e+00 2.75330385100000008e+00 -8.48500000000000032e-01
-3.54065870900000013e+00 2.77574851400000000e+00 -7.48110000000000053e-01
-3.51279906800000008e+00 2.80126844599999991e+00 -6.47859999999999991e-01
-3.48586750399999978e+00 2.82823602300000010e+00 -5.47740000000000005e-01
-3.46137418899999982e+00 2.85896095699999986e+00 -4.48089999999999988e-01
-3.43996422199999996e+00 2.89427321900000001e+00 -3.49250000000000005e-01
-3.42146686199999994e+00 2.93375983299999987e+00 -2.51400000000000012e-01
-3.40301420499999985e+00 2.97330302999999985e+00 -1.53570000000000012e-01
-3.38628095199999990e+00 3.01522392499999992e+00 -5.64199999999999979e-02
-3.37198258700000020e+00 3.06045947299999987e+00 3.96299999999999986e-02
-3.35900985299999988e+00 3.10744007100000008e+00 1.35039999999999993e-01
-3.34527360199999979e+00 3.15340502100000020e+00 2.30830000000000007e-01
-3.33085063999999997e+00 3.19847390900000006e+00 3.26940000000000008e-01
-3.32030493300000007e+00 3.24856682799999996e+00 4.21030000000000015e-01
-3.31262638000000020e+00 3.30226205700000008e+00 5.13410000000000033e-01
-3.30675732600000005e+00 3.35812241999999994e+00 6.04639999999999955e-01
-3.30216799999999999e+00 3.41551314200000000e+00 6.94989999999999997e-01
-3.29831887899999998e+00 3.47376473399999997e+00 7.84819999999999962e-01
-3.29603624300000009e+00 3.53382912100000013e+00 8.73500000000000054e-01
-3.29644215900000015e+00 3.59688051100000017e+00 9.60089999999999999e-01
-3.29989613899999989e+00 3.66320394900000013e+00 1.04414000000000007e+00
-3.30599561799999986e+00 3.73225856600000006e+00 1.12579999999999991e+00
-3.31636102499999996e+00 3.80546461200000019e+00 1.20328999999999997e+00
-3.33278205700000019e+00 3.88404498699999978e+00 1.27417000000000002e+00
-3.35475459099999984e+00 3.96699472199999992e+00 1.33818999999999999e+00
-3.38200729199999994e+00 4.05356323400000029e+00 1.39495999999999998e+00
-3.41386913799999991e+00 4.14283852999999969e+00 1.44477000000000011e+00
-3.44990450299999996e+00 4.23409024700000014e+00 1.48758999999999997e+00
-3.49009718500000021e+00 4.32685047799999989e+00 1.52283999999999997e+00
-3.53409763300000002e+00 4.42047991499999959e+00 1.55041999999999991e+00
-3.58157864700000017e+00 4.51436754299999965e+00 1.57027000000000005e+00
-3.63230480100000008e+00 4.60791113600000024e+00 1.58210999999999991e+00
-3.68605588299999987e+00 4.70042929500000017e+00 1.58546000000000009e+00
-3.74264234000000018e+00 4.79111389200000026e+00 1.57966999999999991e+00
-3.80179376400000013e+00 4.87892023499999983e+00 1.56394999999999995e+00
-3.86305166800000022e+00 4.96260583299999958e+00 1.53757000000000010e+00
-3.92578565099999999e+00 5.04077770399999991e+00 1.50011000000000005e+00
-3.98915038200000005e+00 5.11205714699999980e+00 1.45162999999999998e+00
-4.05220188499999967e+00 5.17540142200000020e+00 1.39285999999999999e+00
-4.11406944600000024e+00 5.23025423799999967e+00 1.32502000000000009e+00
-4.17413323099999989e+00 5.27661397500000007e+00 1.24963000000000002e+00
-4.23198575400000010e+00 5.31495808200000042e+00 1.16823000000000010e+00
-4.28751556100000020e+00 5.34601791299999984e+00 1.08214000000000010e+00
-4.34026755400000042e+00 5.36941427400000038e+00 9.91870000000000029e-01
-4.38993931500000034e+00 5.38530125700000006e+00 8.98349999999999982e-01
-4.43729136299999993e+00 5.39596580500000034e+00 8.02960000000000007e-01
-4.48261405499999999e+00 5.40216468100000036e+00 7.06089999999999995e-01
end
coil AAE10_SC_029 -1.45476000000000000e+06 none
-5.78924466306200003e+00 3.67314999069499981e+00 1.74495433399999983e-02
-5.79007989125000044e+00 3.66908926649399980e+00 -7.15008086900000006e-02
-5.78711719817700043e+00 3.66191398447100003e+00 -1.60225412000000011e-01
-5.78120914645200035e+00 3.65034657150100017e+00 -2.48458953600000004e-01
-5.77294100179700020e+00 3.63377167544199997e+00 -3.35488630800000021e-01
-5.76279255555799974e+00 3.61163004892800021e+00 -4.21241332600000018e-01
-5.75138903246700028e+00 3.58347956376500010e+00 -5.04959361800000006e-01
-5.73899664143500043e+00 3.54938230464499993e+00 -5.86314234499999976e-01
-5.72542663151800024e+00 3.51003051200799998e+00 -6.65177014199999972e-01
-5.71037819921699974e+00 3.46644086182500022e+00 -7.41282581500000037e-01
-5.69412710015100032e+00 3.41849908960799986e+00 -8.14565732900000006e-01
-5.67638867251400026e+00 3.36693135042099989e+00 -8.85007124200000050e-01
-5.65479589064599963e+00 3.31438093104199982e+00 -9.53741958900000020e-01
-5.62568471267200021e+00 3.26501099843599984e+00 -1.02191720899999994e+00
-5.58715682277400028e+00 3.22137930264999994e+00 -1.08926367399999990e+00
-5.53907239953900010e+00 3.18448015053099986e+00 -1.15453905799999990e+00
-5.48410169998000008e+00 3.15113478708799999e+00 -1.21624657500000000e+00
-5.42601854718500043e+00 3.11513088392899995e+00 -1.27344174199999993e+00
-5.36482517498799982e+00 3.07632523703400018e+00 -1.32528569800000007e+00
-5.29931749392900020e+00 3.03672649638899994e+00 -1.37074944699999990e+00
-5.22919497578500003e+00 2.99680536525900010e+00 -1.40860805300000003e+00
-5.15511165730599963e+00 2.95667272964199990e+00 -1.43734869599999993e+00
-5.07893534948599967e+00 2.91417020800200000e+00 -1.45563949300000006e+00
-5.00362611957999981e+00 2.86703256025699993e+00 -1.46207221500000006e+00
-4.93118261572000005e+00 2.81557217378500013e+00 -1.45566788399999991e+00
-4.86364617348599992e+00 2.76098669147200004e+00 -1.43595856100000008e+00
-4.80291447548899963e+00 2.70468649834100017e+00 -1.40304295200000007e+00
-4.75102103920499985e+00 2.64816530625699986e+00 -1.35778514899999991e+00
-4.70943421681899999e+00 2.59273367910900010e+00 -1.30180800399999996e+00
-4.67906681416900039e+00 2.53928255208899989e+00 -1.23734147300000008e+00
-4.65991111784499967e+00 2.48832808526899996e+00 -1.16681292299999995e+00
-4.65018749551699972e+00 2.44079009043000017e+00 -1.09210786199999998e+00
-4.64442240891700031e+00 2.40022097122700018e+00 -1.01302453600000009e+00
-4.63568534835300028e+00 2.37411956520700018e+00 -9.28272620899999956e-01
-4.62758251240200025e+00 2.36344072120999993e+00 -8.40209904600000002e-01
-4.62217316791199995e+00 2.36851950399500000e+00 -7.51488013200000027e-01
-4.61952097695199981e+00 2.38904405018300015e+00 -6.64789909000000012e-01
-4.61679248184799995e+00 2.42488995789399997e+00 -5.83300031399999974e-01
-4.60978632238700037e+00 2.47497853523500000e+00 -5.09989224300000044e-01
-4.59691325110499971e+00 2.53522946752499978e+00 -4.45633867399999994e-01
-4.57953239065400020e+00 2.60053860777999990e+00 -3.87553904599999999e-01
-4.55918002453200000e+00 2.66698850749500016e+00 -3.31866703200000002e-01
-4.53957889818800009e+00 2.73032918706400007e+00 -2.72389066100000021e-01
-4.51526091548899977e+00 2.79214945752999988e+00 -2.13010172800000008e-01
-4.48929645988900017e+00 2.84891504445100008e+00 -1.49478332999999991e-01
-4.45762519919899969e+00 2.90196194722699996e+00 -8.53008159099999941e-02
-4.41964224544099960e+00 2.94660780212800022e+00 -1.81966169400000002e-02
-4.37265740146299997e+00 2.98476642752499988e+00 4.71862759699999967e-02
-4.31984288224600022e+00 3.01936046763999988e+00 1.10011766999999996e-01
-4.26552715957199968e+00 3.05856747328500012e+00 1.68760640399999995e-01
-4.21163648493500009e+00 3.09826560543200014e+00 2.27517521700000003e-01
-4.15789553852200022e+00 3.13501070554799988e+00 2.88294880099999984e-01
-4.10424505965499975e+00 3.16215511261999982e+00 3.54058778700000021e-01
-4.05314588848999957e+00 3.17390718847400022e+00 4.26058482299999985e-01
-4.00897463629500006e+00 3.16925242331900003e+00 5.03287117299999975e-01
-3.97523069083400005e+00 3.15143397921199986e+00 5.83763262700000007e-01
-3.95294065384300009e+00 3.12455177825999986e+00 6.65754104100000021e-01
-3.94172117141400014e+00 3.09129077694900012e+00 7.47589677000000008e-01
-3.94107482151399990e+00 3.05177902013600022e+00 8.27430147700000007e-01
-3.94899422134399991e+00 3.00875440876900013e+00 9.05019850500000000e-01
-3.96301068426700009e+00 2.96990940778200008e+00 9.84019988200000029e-01
-3.98338166047400000e+00 2.94248081905700021e+00 1.06625950899999999e+00
-4.01259831243899967e+00 2.92805423566599998e+00 1.14916445699999992e+00
-4.05251220357799991e+00 2.92576700875999984e+00 1.22877147299999989e+00
-4.10317872042500031e+00 2.93474604966800001e+00 1.30145524799999990e+00
-4.16296334756699959e+00 2.95439802391399997e+00 1.36460902099999992e+00
-4.22839303458899973e+00 2.98543881166999991e+00 1.41648754599999993e+00
-4.29547207560000022e+00 3.02819147134799982e+00 1.45647327999999998e+00
-4.36044902842600024e+00 3.08212630689900013e+00 1.48480144199999997e+00
-4.42106606389700030e+00 3.14492712915699979e+00 1.50253250699999996e+00
-4.47892377826600008e+00 3.21209344145499998e+00 1.51150248399999998e+00
-4.53688166007400007e+00 3.27980261500899983e+00 1.51298411800000010e+00
-4.59773462801399990e+00 3.34451210309100011e+00 1.50745079099999990e+00
-4.66362012525800029e+00 3.40311478989199978e+00 1.49478746799999995e+00
-4.73284875057199983e+00 3.45554636843800012e+00 1.47478658299999998e+00
-4.80352239784000012e+00 3.50242922437699988e+00 1.44763304900000001e+00
-4.87543623106000013e+00 3.54267982049500008e+00 1.41379362500000005e+00
-4.94835670347400036e+00 3.57508896738199988e+00 1.37401825100000008e+00
-5.02165218573200001e+00 3.59883120179100002e+00 1.32940064600000007e+00
-5.09508948622000002e+00 3.61341261371100009e+00 1.28097524599999990e+00
-5.16809250990200031e+00 3.61795234346700001e+00 1.23028775000000001e+00
-5.24008611145599978e+00 3.61406186963399989e+00 1.17785383299999991e+00
-5.30981856529500007e+00 3.60611089570900001e+00 1.12301204000000010e+00
-5.37663857512499987e+00 3.59715016643600016e+00 1.06492056600000007e+00
-5.43952402552200009e+00 3.59132745812999987e+00 1.00206122299999989e+00
-5.49626134582899972e+00 3.59338730167200016e+00 9.33417592700000021e-01
-5.54621982781899980e+00 3.60221966525599990e+00 8.60160919799999979e-01
-5.59064102747900016e+00 3.61361500826299986e+00 7.83724147499999968e-01
-5.63015321254400014e+00 3.62562744438600015e+00 7.04798590999999974e-01
-5.66504838656800036e+00 3.63743259969700006e+00 6.23652054699999958e-01
-5.69555041106900006e+00 3.64812872688200018e+00 5.40776822700000048e-01
-5.72202049396800039e+00 3.65707751399700021e+00 4.56066133900000004e-01
-5.74400972158800016e+00 3.66452643712900006e+00 3.70161730799999977e-01
-5.76135268094100006e+00 3.67070315921700008e+00 2.82965108700000023e-01
-5.77457286257600000e+00 3.67443468255800010e+00 1.94931003699999994e-01
-5.78396585759300041e+00 3.67510393617000020e+00 1.06373998100000006e-01
-5.78924466306200003e+00 3.67314999069499981e+00 1.74495433399999983e-02
end
coil AAE29_SC_030 -1.45476000000000000e+06 none
-6.18520063925299990e+00 2.78963785299300016e+00 2.78678482399999979e-03
-6.19179763151499962e+00 2.78119756151999997e+00 -8.48906156800000034e-02
-6.19474344320499970e+00 2.77055492682600013e+00 -1.72486975200000003e-01
-6.19339303670400021e+00 2.75940363446899983e+00 -2.60086019399999979e-01
-6.18685983907399972e+00 2.74987992820399985e+00 -3.47726933199999977e-01
-6.17510217598599986e+00 2.74158768587700008e+00 -4.34835605299999983e-01
-6.15807265182499997e+00 2.73393443236300016e+00 -5.21219862499999964e-01
-6.13493839887000014e+00 2.72874122413800002e+00 -6.06252378700000039e-01
-6.10462973043499968e+00 2.72831928575399996e+00 -6.89279826699999987e-01
-6.06762959760799969e+00 2.73119900967500007e+00 -7.69401928900000032e-01
-6.02368433277499982e+00 2.73840927406200008e+00 -8.45773240600000031e-01
-5.97404082124899993e+00 2.74706463495299991e+00 -9.18236506299999977e-01
-5.92032692921700043e+00 2.75144078334699982e+00 -9.88192380300000006e-01
-5.86303818940599974e+00 2.75066147167799979e+00 -1.05547147099999994e+00
-5.80381296686799963e+00 2.74033738401500004e+00 -1.12019668500000003e+00
-5.74425787720200010e+00 2.71760451124099989e+00 -1.18132792100000006e+00
-5.68435462042800044e+00 2.68419586212299999e+00 -1.23705962200000008e+00
-5.62520993272199998e+00 2.63960125479500007e+00 -1.28519478500000006e+00
-5.56780048278300033e+00 2.58420325657300021e+00 -1.32306780699999993e+00
-5.51183243113100030e+00 2.52069376577399984e+00 -1.34828118300000011e+00
-5.45825932861800034e+00 2.45121604161300022e+00 -1.35856906699999991e+00
-5.40879401921499969e+00 2.37821371313600016e+00 -1.35308516699999992e+00
-5.36662005850600021e+00 2.30323235235199997e+00 -1.33301426099999998e+00
-5.33107334326599958e+00 2.22871566431600021e+00 -1.30172047699999993e+00
-5.30035879554599987e+00 2.15594308155199998e+00 -1.26208573400000001e+00
-5.27007752338600000e+00 2.08718409678099981e+00 -1.21571442500000004e+00
-5.23537696174300038e+00 2.02571704265699992e+00 -1.16263869200000003e+00
-5.19644250442399969e+00 1.97357820242100002e+00 -1.10295157899999996e+00
-5.15206015343200008e+00 1.93475098668400003e+00 -1.03713904300000004e+00
-5.10393132457299981e+00 1.91148252515000006e+00 -9.66786724099999994e-01
-5.05483770716100000e+00 1.90483940475400004e+00 -8.93698191100000039e-01
-5.00897618958200042e+00 1.91513865109499992e+00 -8.18890524700000011e-01
-4.97303214752199985e+00 1.94010406629699994e+00 -7.42145053699999946e-01
-4.94867184440199992e+00 1.97912704641200010e+00 -6.66747498799999949e-01
-4.92806432978400011e+00 2.03191808432399990e+00 -5.98963435900000007e-01
-4.90460967210599996e+00 2.09342603219700019e+00 -5.40071751900000008e-01
-4.88168533887899958e+00 2.15435821453000020e+00 -4.80383682199999995e-01
-4.85374972409499961e+00 2.21523937643200020e+00 -4.22826417800000021e-01
-4.81908808707799974e+00 2.27427719043700005e+00 -3.67045805100000011e-01
-4.77850705251399965e+00 2.32951052690699978e+00 -3.11240956999999985e-01
-4.73480886913100019e+00 2.38021778242899984e+00 -2.53612347000000016e-01
-4.69046243596799961e+00 2.42879603266099986e+00 -1.94645235299999997e-01
-4.64628484281399956e+00 2.47835119335799980e+00 -1.36400377900000008e-01
-4.60130033647399994e+00 2.52898394060099996e+00 -7.96677523299999940e-02
-4.55393200238799967e+00 2.57957217185400012e+00 -2.49478487299999996e-02
-4.50215870742999957e+00 2.62642379218400013e+00 2.91697134999999996e-02
-4.44483543100299983e+00 2.66392306205599994e+00 8.49414953499999931e-02
-4.38376277106400014e+00 2.68713102913199986e+00 1.44366938000000000e-01
-4.32353484836299984e+00 2.69670292121100008e+00 2.08312674000000003e-01
-4.26823392156399972e+00 2.69352998278300015e+00 2.77076304399999973e-01
-4.21960507507600013e+00 2.68089341399300007e+00 3.49770285000000014e-01
-4.17939022864799981e+00 2.65445858468499996e+00 4.23815620399999982e-01
-4.14809280245699963e+00 2.61428891176600020e+00 4.95980558899999979e-01
-4.12460811232500024e+00 2.56435499208900008e+00 5.64959770600000022e-01
-4.10722775222799985e+00 2.50946388145399979e+00 6.31974551700000053e-01
-4.09423756750399992e+00 2.45687717622800017e+00 7.01722420199999974e-01
-4.08602751329299974e+00 2.41265973539000012e+00 7.77758922399999997e-01
-4.08476973898199969e+00 2.37866805538600001e+00 8.59260935799999959e-01
-4.09255293776300011e+00 2.35484332342800018e+00 9.43992550599999980e-01
-4.11078771917200037e+00 2.34057742952299996e+00 1.02922564299999997e+00
-4.14003621143200018e+00 2.33530439777200005e+00 1.11241435500000008e+00
-4.17975045750400032e+00 2.33932393551899986e+00 1.19120472199999994e+00
-4.22863336779199983e+00 2.35211936346300021e+00 1.26364754000000001e+00
-4.28531616717299979e+00 2.37181610128899978e+00 1.32849212900000002e+00
-4.34824371812100008e+00 2.39723154478700007e+00 1.38506107400000000e+00
-4.41484741535800040e+00 2.42997350789599986e+00 1.43291364999999993e+00
-4.48306733539000035e+00 2.47023889605799996e+00 1.47201131399999996e+00
-4.55400859715200035e+00 2.51283620610400016e+00 1.50292601100000001e+00
-4.62924048023499957e+00 2.55283052711800007e+00 1.52594120899999997e+00
-4.70861696248799966e+00 2.58873803555000004e+00 1.54095584599999991e+00
-4.79097497944500006e+00 2.61968789451400008e+00 1.54783606000000007e+00
-4.87545737508500032e+00 2.64554446907400020e+00 1.54670218000000004e+00
-4.96099512212100002e+00 2.66595118554200017e+00 1.53781075699999992e+00
-5.04670249141500005e+00 2.67964748136899988e+00 1.52165311900000000e+00
-5.13174770073000008e+00 2.68672807986499995e+00 1.49884666299999991e+00
-5.21516918423500009e+00 2.69036645143100017e+00 1.46985226500000010e+00
-5.29621965231199976e+00 2.69311178217399982e+00 1.43505092700000003e+00
-5.37468922839299967e+00 2.69656134713200002e+00 1.39462432200000008e+00
-5.45003215597999979e+00 2.70194883544299991e+00 1.34888033899999993e+00
-5.52200836283399976e+00 2.70933538596800005e+00 1.29813495799999989e+00
-5.59024160273799975e+00 2.71871129547800017e+00 1.24282243100000001e+00
-5.65428252330599967e+00 2.73099135847200003e+00 1.18324034999999994e+00
-5.71375920872799981e+00 2.74662441270199986e+00 1.11971359499999989e+00
-5.76894039167699990e+00 2.76325043247000002e+00 1.05291023900000003e+00
-5.82094218485099990e+00 2.77791369690400014e+00 9.82930533999999967e-01
-5.86963387314300000e+00 2.79029158433599989e+00 9.10374739800000055e-01
-5.91501399472300005e+00 2.80093670585099996e+00 8.35259036700000013e-01
-5.95717640164300022e+00 2.80899709399299979e+00 7.58153013199999948e-01
-5.99647392656100031e+00 2.81381494284699984e+00 6.79084104099999974e-01
-6.03241856388800013e+00 2.81654243650199998e+00 5.98435221300000042e-01
-6.06455561654400022e+00 2.81865534465499978e+00 5.16277416700000047e-01
-6.09298387974000022e+00 2.81995961003199991e+00 4.32634373899999980e-01
-6.11801044422399976e+00 2.81922969893600017e+00 3.47887754900000012e-01
-6.13997874073499972e+00 2.81514702043200016e+00 2.62437444299999989e-01
-6.15905561010900016e+00 2.80714456119200007e+00 1.76521934800000002e-01
-6.17441238915500001e+00 2.79776138901199989e+00 9.01240613200000040e-02
-6.18520063925299990e+00 2.78963785299300016e+00 2.78678482399999979e-03
end
coil AAE38_SC_031 -1.45476000000000000e+06 none
-6.39925519860500014e+00 2.01877768174399996e+00 3.63268553800000019e-02
-6.40057337728099984e+00 2.04451494206199991e+00 -4.80547979299999969e-02
-6.39767608950200017e+00 2.06815882730200018e+00 -1.33002260200000000e-01
-6.38980858079299985e+00 2.09376638752900002e+00 -2.17047761899999997e-01
-6.37729885188000001e+00 2.12121754120000006e+00 -2.99954731699999977e-01
-6.36017922738199992e+00 2.15162403249299983e+00 -3.81031338399999975e-01
-6.33933575352700007e+00 2.18192735075600019e+00 -4.61159949999999985e-01
-6.31559702605999984e+00 2.20736513417699998e+00 -5.42218334199999985e-01
-6.28898710339499978e+00 2.22595017626899994e+00 -6.24303358699999977e-01
-6.25949202580299957e+00 2.23562346426000014e+00 -7.06884603200000017e-01
-6.22644723256400034e+00 2.23724062172099991e+00 -7.88588002899999974e-01
-6.18940228716300034e+00 2.23016727886400012e+00 -8.68414351700000031e-01
-6.14915989952300013e+00 2.21069178937300004e+00 -9.44419961899999993e-01
-6.10618951222599993e+00 2.17766948684500017e+00 -1.01402675699999989e+00
-6.06075280947499984e+00 2.13189344499800004e+00 -1.07429228500000007e+00
-6.01307968678700000e+00 2.07546682755400003e+00 -1.12246628300000006e+00
-5.96381730486499961e+00 2.01077341326200010e+00 -1.15657041999999999e+00
-5.91484712351800024e+00 1.93986257480399993e+00 -1.17572795600000002e+00
-5.87051418520599988e+00 1.86374338106799997e+00 -1.18021257599999996e+00
-5.83625660461200013e+00 1.78287043141799995e+00 -1.17200982199999992e+00
-5.80918078973899998e+00 1.70055469375199997e+00 -1.15551869899999993e+00
-5.77506486857900025e+00 1.62207955198399989e+00 -1.13389370999999994e+00
-5.72673022812799992e+00 1.55359150758300002e+00 -1.10643044699999993e+00
-5.66916892325400035e+00 1.49735940068699991e+00 -1.07033591600000011e+00
-5.60917500422300019e+00 1.45364835001799997e+00 -1.02260499500000002e+00
-5.55441527467499974e+00 1.42099866696900001e+00 -9.61666465600000020e-01
-5.50406305117599981e+00 1.40347532754399995e+00 -8.91339521699999970e-01
-5.45088633667000000e+00 1.40342014878800003e+00 -8.20966165700000028e-01
-5.38996292031399982e+00 1.41760222830599991e+00 -7.58739591400000024e-01
-5.32311648134900040e+00 1.44574789047000007e+00 -7.08505398000000008e-01
-5.25730134654499981e+00 1.48856235620500010e+00 -6.68307024900000046e-01
-5.19818614190999995e+00 1.54235485108699999e+00 -6.30946366900000055e-01
-5.14823566991300030e+00 1.60294501489800001e+00 -5.90738726200000008e-01
-5.10677651380400022e+00 1.66795217646899996e+00 -5.47858385199999964e-01
-5.06840547099300043e+00 1.73067903050699989e+00 -4.99112188000000012e-01
-5.02738828796300030e+00 1.78802129284099998e+00 -4.46135897399999981e-01
-4.97959667362500014e+00 1.83898990437199994e+00 -3.92250906999999982e-01
-4.92469983530499977e+00 1.88454770636500002e+00 -3.40386099499999983e-01
-4.86572811293599994e+00 1.92852939097299991e+00 -2.91638284199999986e-01
-4.80798246266300033e+00 1.97731850623300009e+00 -2.46207449299999992e-01
-4.75550457922000014e+00 2.03374114427100006e+00 -2.03194236299999997e-01
-4.70249054149099965e+00 2.08523965387999999e+00 -1.55061923600000012e-01
-4.64718769718700031e+00 2.12590642594699997e+00 -9.96242936500000009e-02
-4.58887330058299980e+00 2.15126535390800022e+00 -3.84543599799999983e-02
-4.52808622343099998e+00 2.16232462841200013e+00 2.44855574900000005e-02
-4.46544007692599987e+00 2.15803196057900015e+00 8.64963690400000068e-02
-4.40330313664500039e+00 2.13879763938700007e+00 1.46050049799999998e-01
-4.34407753569299970e+00 2.10780437908199980e+00 2.03642462999999996e-01
-4.28918773958799981e+00 2.06926470146200003e+00 2.60963036599999976e-01
-4.24002504346200038e+00 2.02411070815999983e+00 3.18597383700000014e-01
-4.19754846441299989e+00 1.97270423348500001e+00 3.76446650200000010e-01
-4.16206468378700034e+00 1.91677247214700008e+00 4.34665846999999994e-01
-4.13232196149500020e+00 1.86406476795499998e+00 4.98840449600000013e-01
-4.10989927460000004e+00 1.81672047489299993e+00 5.69793616699999950e-01
-4.09653727540800006e+00 1.77358562678900000e+00 6.45631270500000021e-01
-4.09316751692299974e+00 1.73572006443999993e+00 7.25226004200000052e-01
-4.10021661180700026e+00 1.70410278672800009e+00 8.07282821599999978e-01
-4.11755343072300040e+00 1.67808939310899996e+00 8.89785658999999951e-01
-4.14465469988399970e+00 1.65703213746700007e+00 9.71044803900000031e-01
-4.18093013635700039e+00 1.64223400404900000e+00 1.05013872099999994e+00
-4.22548028001699993e+00 1.63276165968200004e+00 1.12560114899999997e+00
-4.27754591434699982e+00 1.63037084094400009e+00 1.19681402799999992e+00
-4.33600798187599956e+00 1.63539049706999995e+00 1.26269180399999992e+00
-4.40056080276700001e+00 1.64144456162900010e+00 1.32250439799999997e+00
-4.47102652102199993e+00 1.64357875163399991e+00 1.37565566800000005e+00
-4.54627656830500015e+00 1.64444408453999991e+00 1.42158353200000009e+00
-4.62562358358800019e+00 1.64742325112600008e+00 1.46018898599999991e+00
-4.70785888102200012e+00 1.65481103913400007e+00 1.49106999600000001e+00
-4.79189120716899986e+00 1.66880317663399991e+00 1.51397810099999997e+00
-4.87675123221900009e+00 1.68778116144800006e+00 1.52868073099999990e+00
-4.96214290186000007e+00 1.70930792319100000e+00 1.53521966299999990e+00
-5.04722379043499991e+00 1.73230355330199992e+00 1.53375038500000005e+00
-5.13169790399699988e+00 1.75603623541599996e+00 1.52458314200000000e+00
-5.21528419892200024e+00 1.77929607369000009e+00 1.50809349000000004e+00
-5.29748897313599976e+00 1.80080448954900008e+00 1.48479746999999995e+00
-5.37835168154400023e+00 1.81992755812399998e+00 1.45509358900000008e+00
-5.45752588253899962e+00 1.83602390937200011e+00 1.41949391599999997e+00
-5.53458937934300010e+00 1.84879771138500004e+00 1.37857760099999993e+00
-5.60946639142899972e+00 1.85791679478100002e+00 1.33277095100000009e+00
-5.68182841714800002e+00 1.86351996946699994e+00 1.28261207500000007e+00
-5.75146447229800017e+00 1.86588761471900000e+00 1.22857523599999996e+00
-5.81829981574999966e+00 1.86585639808500003e+00 1.17099892200000011e+00
-5.88225283262200005e+00 1.86437854798900005e+00 1.11018212100000002e+00
-5.94323249039700041e+00 1.86260546598899990e+00 1.04641713000000003e+00
-6.00114486806999992e+00 1.86180664410599994e+00 9.79965794700000004e-01
-6.05604188404999988e+00 1.86316497204700005e+00 9.10870260599999981e-01
-6.10770306287799958e+00 1.86755452140800005e+00 8.39433635300000036e-01
-6.15603336021299974e+00 1.87370760724799990e+00 7.65909673699999960e-01
-6.20105081666800029e+00 1.88008977602400007e+00 6.90351039900000019e-01
-6.24254220563399986e+00 1.88753108760699995e+00 6.12788699100000001e-01
-6.28002863490200003e+00 1.89714316045499998e+00 5.33570148000000022e-01
-6.31316588912700016e+00 1.90957797258499995e+00 4.52715687199999994e-01
-6.34140439417600010e+00 1.92534066224699996e+00 3.70654934599999986e-01
-6.36408804849100029e+00 1.94559956482699992e+00 2.87918458699999991e-01
-6.38126012828799993e+00 1.96857527162300006e+00 2.04432523199999994e-01
-6.39278651376200013e+00 1.99379467311399994e+00 1.20636243700000007e-01
-6.39925519860500014e+00 2.01877768174399996e+00 3.63268553800000019e-02
end
coil AAE47_SC_032 -1.45476000000000000e+06 none
-6.49095511101600042e+00 1.45980991717000008e+00 3.18753746400000024e-02
-6.50051868209400041e+00 1.50140358488399994e+00 -4.63584191500000034e-02
-6.50537803694400019e+00 1.53795968978900000e+00 -1.27464878799999987e-01
-6.50594107293300006e+00 1.56574339693900000e+00 -2.12082220699999990e-01
-6.50276414882300013e+00 1.58115391729499999e+00 -2.99798396700000025e-01
-6.49618053271600004e+00 1.58318493340099997e+00 -3.88635120999999972e-01
-6.48667735714299987e+00 1.57111393054299997e+00 -4.76436617399999984e-01
-6.47487309472399986e+00 1.54415671268999999e+00 -5.60500341699999960e-01
-6.46135462569000030e+00 1.50193998180599997e+00 -6.37805176400000007e-01
-6.44571416352200011e+00 1.44708221329200004e+00 -7.06210498000000020e-01
-6.42687775461299982e+00 1.38240302147500005e+00 -7.64527188400000002e-01
-6.40413513118700006e+00 1.30970689140899998e+00 -8.10847304599999985e-01
-6.37742924217799967e+00 1.23110052324700003e+00 -8.43235471399999992e-01
-6.34768828576800015e+00 1.14899332398099996e+00 -8.60736980600000035e-01
-6.31636673250999969e+00 1.06561192587299991e+00 -8.64006078600000005e-01
-6.28225188660699985e+00 9.83684598305400004e-01 -8.56222056000000009e-01
-6.23713595101200013e+00 9.07996412504699979e-01 -8.42726270000000000e-01
-6.17891031230800003e+00 8.43135435417900037e-01 -8.24317421599999989e-01
-6.11114706866900015e+00 7.90124475751100008e-01 -8.01220802100000018e-01
-6.03550135908299978e+00 7.49519470266299948e-01 -7.77368948799999959e-01
-5.95307679972799964e+00 7.21818586883700042e-01 -7.57881605999999985e-01
-5.86581739549700032e+00 7.08769885800599964e-01 -7.45282051999999973e-01
-5.77724930269900039e+00 7.12583610667799960e-01 -7.36638867300000055e-01
-5.69081833916600033e+00 7.31926662053099975e-01 -7.27054068499999984e-01
-5.60940694353400016e+00 7.65855950894000048e-01 -7.14296083699999973e-01
-5.53491740183500003e+00 8.12019492820500011e-01 -6.98249362400000018e-01
-5.46889954599100037e+00 8.69006399483099989e-01 -6.80021746700000040e-01
-5.40961524390000026e+00 9.32785107343999997e-01 -6.61036838100000024e-01
-5.35411763566799959e+00 9.99891047912400022e-01 -6.42136441200000019e-01
-5.29925294161600036e+00 1.06745428248600005e+00 -6.23090778400000045e-01
-5.24347384110599979e+00 1.13385549124599994e+00 -6.02680429700000020e-01
-5.18512443333299977e+00 1.19663023143600000e+00 -5.78390463399999999e-01
-5.12673597633200018e+00 1.25667422854400002e+00 -5.47909209700000011e-01
-5.06941872974300001e+00 1.31335930941600010e+00 -5.09963223700000023e-01
-5.01955380322300027e+00 1.37407599265799996e+00 -4.67947451000000014e-01
-4.96913378932600036e+00 1.43189175269299995e+00 -4.22680122599999986e-01
-4.91332053482399989e+00 1.48299199089399991e+00 -3.75635333299999985e-01
-4.84935044815899996e+00 1.52313031888500006e+00 -3.28319357400000011e-01
-4.77778756350600009e+00 1.54921192401300001e+00 -2.82078106800000006e-01
-4.70108824456699992e+00 1.55849459733100004e+00 -2.37698387099999991e-01
-4.62297664311499990e+00 1.55112664287799995e+00 -1.95412843700000005e-01
-4.54683735459499960e+00 1.52697893145999997e+00 -1.56045665000000000e-01
-4.47569879672800042e+00 1.48545954383600010e+00 -1.21918128599999995e-01
-4.41105454297899957e+00 1.43127751391100011e+00 -9.34626844800000023e-02
-4.35078522270899981e+00 1.37140325792300000e+00 -6.64228338400000007e-02
-4.29319437905300028e+00 1.31084411898100006e+00 -3.55883712899999968e-02
-4.23810822867400017e+00 1.25285552526300004e+00 3.75417234000000001e-03
-4.18735316627800014e+00 1.19949557305400001e+00 5.38809128499999970e-02
-4.14305471803399961e+00 1.15038495751300007e+00 1.13574852899999995e-01
-4.10636309586500037e+00 1.10475942844499997e+00 1.80756533299999994e-01
-4.07785659560799996e+00 1.06325406616000007e+00 2.54219115300000020e-01
-4.05781869095800030e+00 1.02655685825699994e+00 3.32902353900000003e-01
-4.04635708238699987e+00 9.95030620040699976e-01 4.15517101100000008e-01
-4.04341422355000013e+00 9.68749550332799969e-01 5.00618719500000031e-01
-4.04885520956100020e+00 9.47861288674100022e-01 5.87038428900000020e-01
-4.06248603497699978e+00 9.32547268164999998e-01 6.73710826300000010e-01
-4.08403558893599961e+00 9.22594511862799949e-01 7.59645091899999958e-01
-4.11306347263399985e+00 9.16556974838599992e-01 8.43632726299999969e-01
-4.14931814891400030e+00 9.12001382085899981e-01 9.24904669000000013e-01
-4.19267438476799992e+00 9.07952870135400048e-01 1.00263706200000002e+00
-4.24298153598599992e+00 9.05068767025700049e-01 1.07611424500000008e+00
-4.29993599652700009e+00 9.03216860264399957e-01 1.14459348499999991e+00
-4.36315669736000000e+00 9.02079740257100027e-01 1.20738038000000003e+00
-4.43198201179099982e+00 9.02901918050399988e-01 1.26384274800000007e+00
-4.50571563648500018e+00 9.07961692099199968e-01 1.31375184099999998e+00
-4.58331074922600035e+00 9.16887440222100003e-01 1.35666921499999993e+00
-4.66429813215099998e+00 9.26811714199999970e-01 1.39227624400000005e+00
-4.74866957619200036e+00 9.34585420520000043e-01 1.42015147199999991e+00
-4.83549530979999975e+00 9.37858381103599981e-01 1.43946523200000009e+00
-4.92405694142899986e+00 9.36684874223200015e-01 1.44988418600000002e+00
-5.01304824872500010e+00 9.32350211275900009e-01 1.45143201699999991e+00
-5.10135042636600033e+00 9.23989711701200034e-01 1.44397809599999993e+00
-5.18791340562600034e+00 9.10676626226299968e-01 1.42751962999999993e+00
-5.27182283910600002e+00 8.93547313037399982e-01 1.40278419499999996e+00
-5.35300026380399974e+00 8.75298047513699995e-01 1.37106277900000006e+00
-5.43206523590999968e+00 8.58535297759699945e-01 1.33359547099999998e+00
-5.50995611182299960e+00 8.46874296920600012e-01 1.29188861699999991e+00
-5.58703238015399961e+00 8.42916572676099984e-01 1.24732749900000006e+00
-5.66301194799700003e+00 8.48411855821500027e-01 1.20117316900000004e+00
-5.73718903887000042e+00 8.63875076198699965e-01 1.15417063500000006e+00
-5.80837877370599998e+00 8.87959882064400019e-01 1.10639146499999996e+00
-5.87609826593999962e+00 9.18121462102399977e-01 1.05686351799999989e+00
-5.94009284040699992e+00 9.51380773445700045e-01 1.00452139500000004e+00
-6.00076189537499971e+00 9.83772424008199975e-01 9.47979885400000000e-01
-6.05822964871900016e+00 1.01533066206199996e+00 8.87617636400000021e-01
-6.11267841340399976e+00 1.04507877496299995e+00 8.23690316400000011e-01
-6.16391896231099956e+00 1.07545655335000001e+00 7.57471184999999991e-01
-6.21195048467599964e+00 1.10766239905200004e+00 6.89583891099999957e-01
-6.25659951116300039e+00 1.14217032471100000e+00 6.20704232300000047e-01
-6.29816686697100003e+00 1.17840610581900007e+00 5.50619274700000050e-01
-6.33666020254699980e+00 1.21563343376400002e+00 4.79435484999999995e-01
-6.37202794396699979e+00 1.25374610510300011e+00 4.07171545299999993e-01
-6.40414309746299981e+00 1.29269767450000006e+00 3.33712420299999979e-01
-6.43257069059900033e+00 1.33271142603900006e+00 2.59301328499999983e-01
-6.45684888249300037e+00 1.37391548155200005e+00 1.84091074399999999e-01
-6.47639507195600039e+00 1.41657315023500008e+00 1.08425082100000000e-01
-6.49095511101600042e+00 1.45980991717000008e+00 3.18753746400000024e-02
end
coil AAE56_SC_033 -1.45476000000000000e+06 none
-6.58805894773500000e+00 7.18614615952600011e-01 -3.20663596400000001e-02
-6.60983081043900000e+00 6.60783297806299963e-01 -9.55895915100000021e-02
-6.62467801223000041e+00 5.92718737812899965e-01 -1.50260900199999992e-01
-6.63058026352300001e+00 5.17981460159700036e-01 -1.97510329799999995e-01
-6.62480801305200018e+00 4.39870881348000009e-01 -2.38927185799999997e-01
-6.60700095008799959e+00 3.60857045493700013e-01 -2.74820717900000011e-01
-6.58063903518999993e+00 2.83072629051299984e-01 -3.08056315199999986e-01
-6.54436110488000011e+00 2.10521401044599987e-01 -3.43669098800000017e-01
-6.49624469213000033e+00 1.43699102893699998e-01 -3.76304878399999987e-01
-6.44169589185900016e+00 8.01432286821699980e-02 -4.05229364500000022e-01
-6.38058578431499956e+00 2.57383480841100014e-02 -4.39228396000000021e-01
-6.31294923576700029e+00 -1.43589403259399995e-02 -4.80033721199999985e-01
-6.24070105976799994e+00 -3.93694858377700019e-02 -5.24734514399999963e-01
-6.16533620291400020e+00 -4.87340930738400027e-02 -5.70436572700000033e-01
-6.08866912782499980e+00 -4.27713173106600009e-02 -6.14456015599999961e-01
-6.01266174408699960e+00 -2.16853167792200006e-02 -6.54745703699999959e-01
-5.93950854246800031e+00 1.38825070495300004e-02 -6.89865742900000023e-01
-5.87117844911499986e+00 6.19769712081399970e-02 -7.19162366399999975e-01
-5.80860648633600007e+00 1.20236471810600001e-01 -7.42629467800000054e-01
-5.74843042406000038e+00 1.82170283339900013e-01 -7.62480232200000052e-01
-5.68976182225900029e+00 2.46685253298700002e-01 -7.77913970199999971e-01
-5.63126735807400003e+00 3.12533733592399998e-01 -7.87700154799999996e-01
-5.57042541875200037e+00 3.76823592405300001e-01 -7.91383277600000046e-01
-5.50471708222000000e+00 4.36223531056800007e-01 -7.89552638600000023e-01
-5.43760573519200019e+00 4.93398584581400013e-01 -7.81184760000000034e-01
-5.37274417231400037e+00 5.51845266453800054e-01 -7.66137096799999973e-01
-5.30848372543299973e+00 6.09840987611700025e-01 -7.47173371699999977e-01
-5.24221003065400026e+00 6.64989173501399966e-01 -7.26931972200000054e-01
-5.17220422943000013e+00 7.15568242606700045e-01 -7.06956316500000015e-01
-5.09690613386000013e+00 7.58427417555200045e-01 -6.88550851699999966e-01
-5.01576198382899996e+00 7.90090337468700055e-01 -6.72308702499999966e-01
-4.93065766055600019e+00 8.09547007703400046e-01 -6.57277220700000053e-01
-4.84353381272700023e+00 8.16008877057900039e-01 -6.42712060200000046e-01
-4.75626671585899974e+00 8.08499701612100052e-01 -6.29191780600000028e-01
-4.67124651451799977e+00 7.85534162415799986e-01 -6.19337927799999965e-01
-4.59104619917000001e+00 7.48159771270299978e-01 -6.15316465299999948e-01
-4.51345077954100038e+00 7.05676914244899978e-01 -6.10840634200000010e-01
-4.43546457799499994e+00 6.65816158073900044e-01 -5.97649868400000006e-01
-4.35821322648100029e+00 6.30103008238000029e-01 -5.73060912700000036e-01
-4.28382911075900008e+00 5.96668131821500025e-01 -5.38397006700000014e-01
-4.21374941239599998e+00 5.64467919261899986e-01 -4.94762130999999994e-01
-4.14916409392099972e+00 5.34176009593300027e-01 -4.42194238600000011e-01
-4.09119035442000012e+00 5.06551178156300019e-01 -3.81220330599999990e-01
-4.04077931095400000e+00 4.82995233059299978e-01 -3.12247223700000021e-01
-3.99737323329700001e+00 4.59779998475900009e-01 -2.38630715500000007e-01
-3.95989106707199978e+00 4.32290864519700002e-01 -1.63228324899999999e-01
-3.92961705224800006e+00 4.05116052873099985e-01 -8.45281599500000008e-02
-3.90652775375400019e+00 3.78192714683700026e-01 -3.26818841100000009e-03
-3.89029104048500018e+00 3.50040910996600008e-01 7.91150816099999987e-02
-3.88123883459299979e+00 3.22200432637199996e-01 1.62763659300000002e-01
-3.87913658620700019e+00 2.93476980893700001e-01 2.46525690999999991e-01
-3.88461667369199981e+00 2.67050011443200008e-01 3.30922183500000022e-01
-3.89757716414999988e+00 2.42903653601400010e-01 4.15141360100000023e-01
-3.91791532694000022e+00 2.20752345312400011e-01 4.98521159900000010e-01
-3.94558231278799987e+00 2.01525750752300004e-01 5.80410425600000002e-01
-3.98049185269500017e+00 1.86712577034700011e-01 6.60451142200000008e-01
-4.02222417346099981e+00 1.79096962834900009e-01 7.38227741100000001e-01
-4.06989922960600037e+00 1.79580354293199990e-01 8.13000396500000000e-01
-4.12296851344499959e+00 1.83323198276899996e-01 8.83734451899999995e-01
-4.18214124294900014e+00 1.83426983167299995e-01 9.49669009900000027e-01
-4.24754836780700007e+00 1.77258840040599996e-01 1.00915216299999999e+00
-4.31868138785699962e+00 1.66257449556200004e-01 1.06085953299999991e+00
-4.39482892534400005e+00 1.51935013133100011e-01 1.10383589600000009e+00
-4.47507812060499965e+00 1.35512434115200003e-01 1.13745642799999991e+00
-4.55853712793699994e+00 1.17859853985600005e-01 1.16146627100000011e+00
-4.64388265508299991e+00 9.88129898263900019e-02 1.17542595100000002e+00
-4.72992949994300016e+00 7.81086020305599982e-02 1.17928133300000004e+00
-4.81533505595499989e+00 5.51279825358600012e-02 1.17313803800000005e+00
-4.89887605226800016e+00 2.99806252534900002e-02 1.15788281199999998e+00
-4.98090671816699970e+00 4.75674678030799970e-03 1.13566852300000010e+00
-5.06211039352100034e+00 -1.81295885175800017e-02 1.10868099500000006e+00
-5.14396621824499967e+00 -3.48424394304399990e-02 1.07933126800000001e+00
-5.22725876760399988e+00 -4.09242336267199996e-02 1.04971947299999990e+00
-5.31042245559700010e+00 -3.69705820339200006e-02 1.01949594700000001e+00
-5.39231430255599964e+00 -2.31071292216399986e-02 9.88570070099999976e-01
-5.47181027768000039e+00 -1.37804815450600000e-04 9.57075047200000029e-01
-5.54832106281700010e+00 3.20027167386700007e-02 9.25997285999999975e-01
-5.62098363001199974e+00 7.37474818366399970e-02 8.97180002299999946e-01
-5.68933878763800038e+00 1.24205375619500000e-01 8.71992148399999945e-01
-5.75323947327999985e+00 1.81887999045599991e-01 8.51165126399999972e-01
-5.81356921175699970e+00 2.44441062706300005e-01 8.33880669799999974e-01
-5.87352244745899998e+00 3.07176975704199995e-01 8.16103266599999988e-01
-5.93492013332499990e+00 3.67328635823900018e-01 7.94506816099999957e-01
-5.99664883471100030e+00 4.25266803555900019e-01 7.68544826399999992e-01
-6.05723097871899974e+00 4.82382494722999988e-01 7.38292466800000047e-01
-6.11584988360699988e+00 5.38595481736800052e-01 7.02915435999999949e-01
-6.17202545020299986e+00 5.93211110199100000e-01 6.61453437100000041e-01
-6.22564564193599956e+00 6.44350400490499964e-01 6.12908074300000050e-01
-6.27686041134399986e+00 6.89858869921500029e-01 5.56785444199999979e-01
-6.32532625418699990e+00 7.29716781296700034e-01 4.94180811800000008e-01
-6.37093385033499970e+00 7.63467954137699967e-01 4.26202166499999979e-01
-6.41423263109599961e+00 7.88614283466700039e-01 3.53041773499999989e-01
-6.45503034189700031e+00 8.04419317013399970e-01 2.76010754600000019e-01
-6.49337929417299975e+00 8.07375360712999979e-01 1.96273238099999997e-01
-6.52893983036600023e+00 7.93557198251300000e-01 1.16229533300000007e-01
-6.56076273506599961e+00 7.63562550300999954e-01 3.92222948000000016e-02
-6.58805894773500000e+00 7.18614615952600011e-01 -3.20663596400000001e-02
end
coil AAE56_SC_034 -1.45476000000000000e+06 none
-2.71926528800099998e+00 6.04355226324399997e+00 3.20663596400000001e-02
-2.75357832025999993e+00 6.00370234673999992e+00 -3.92222948000000016e-02
-2.77227110728399984e+00 5.96416810990000013e+00 -1.16229533300000007e-01
-2.77442415072400017e+00 5.92607798319999990e+00 -1.96273238099999997e-01
-2.75976230813100010e+00 5.89051942998299971e+00 -2.76010754600000019e-01
-2.73212364201700009e+00 5.85660252523900038e+00 -3.53041773499999989e-01
-2.69482800255700017e+00 5.82319358075799975e+00 -4.26202166499999979e-01
-2.64863520741200009e+00 5.79024786523600010e+00 -4.94180811800000008e-01
-2.59575131198799980e+00 5.75647088155800013e+00 -5.56785444199999979e-01
-2.53664395147899979e+00 5.72182563182400017e+00 -6.12908074300000050e-01
-2.47143804572099990e+00 5.68663270885199967e+00 -6.61453437100000041e-01
-2.40213629163300002e+00 5.65008372753699994e+00 -7.02915435999999949e-01
-2.33056032623100018e+00 5.61170460435699958e+00 -7.38292466800000047e-01
-2.25751916391000007e+00 5.57173728074400021e+00 -7.68544826399999992e-01
-2.18334147417799995e+00 5.53093367550000004e+00 -7.94506816099999957e-01
-2.10716091750700008e+00 5.49112889148899974e+00 -8.16103266599999988e-01
-2.02896894994499988e+00 5.45349643927499983e+00 -8.33880669799999974e-01
-1.95083453667999995e+00 5.41544940809099984e+00 -8.51165126399999972e-01
-1.87622870397799990e+00 5.37250115553399965e+00 -8.71992148399999945e-01
-1.80711748993800003e+00 5.32308388413099998e+00 -8.97180002299999946e-01
-1.74496189095199994e+00 5.26687751795200043e+00 -9.25997285999999975e-01
-1.69075130563099996e+00 5.20404340454799996e+00 -9.57075047200000029e-01
-1.64434057268199996e+00 5.13553615097900007e+00 -9.88570070099999976e-01
-1.60584967313500004e+00 5.06193641881599987e+00 -1.01949594700000001e+00
-1.57639053411999996e+00 4.98406479696299964e+00 -1.04971947299999990e+00
-1.55643585086399994e+00 4.90296949737400034e+00 -1.07933126800000001e+00
-1.54703587570300005e+00 4.81995542691699974e+00 -1.10868099500000006e+00
-1.54370875833199994e+00 4.73565387577799957e+00 -1.13566852300000010e+00
-1.54234922249699991e+00 4.64984346932700010e+00 -1.15788281199999998e+00
-1.54045019292000007e+00 4.56262029964099991e+00 -1.17313803800000005e+00
-1.53591429261800005e+00 4.47429338710299973e+00 -1.17928133300000004e+00
-1.52901539817299992e+00 4.38605996690500000e+00 -1.17542595100000002e+00
-1.52075682416399993e+00 4.29900574246100042e+00 -1.16146627100000011e+00
-1.51175517392700010e+00 4.21417656243999961e+00 -1.13745642799999991e+00
-1.50257560959500003e+00 4.13278018635199995e+00 -1.10383589600000009e+00
-1.49266617292200010e+00 4.05593369836999962e+00 -1.06085953299999991e+00
-1.48114780497399989e+00 3.98488255950600001e+00 -1.00915216299999999e+00
-1.46680214455299995e+00 3.92077062614700012e+00 -9.49669009900000027e-01
-1.44841806023700004e+00 3.86452608746099990e+00 -8.83734451899999995e-01
-1.42845909349099998e+00 3.81521080164900006e+00 -8.13000396500000000e-01
-1.41326695833799998e+00 3.77001850501300018e+00 -7.38227741100000001e-01
-1.40761384151700009e+00 3.72797535519800016e+00 -6.60451142200000008e-01
-1.41091436581099994e+00 3.69019688736899987e+00 -5.80410425600000002e-01
-1.42065037504299996e+00 3.65794267572900011e+00 -4.98521159900000010e-01
-1.43543268319999995e+00 3.63175480276900009e+00 -4.15141360100000023e-01
-1.45439222236299992e+00 3.61196700893999978e+00 -3.30922183500000022e-01
-1.47783232370100004e+00 3.59858875335699979e+00 -2.46525690999999991e-01
-1.50579958012999993e+00 3.59171207565700001e+00 -1.62763659300000002e-01
-1.53507473394799998e+00 3.59171805411400014e+00 -7.91150816099999987e-02
-1.56686611062299996e+00 3.59846070030999998e+00 3.26818841100000009e-03
-1.59960671247100006e+00 3.61210015905299997e+00 8.45281599500000008e-02
-1.63480667923500000e+00 3.63249497950799993e+00 1.63228324899999999e-01
-1.67253302556100003e+00 3.65964802838800018e+00 2.38630715500000007e-01
-1.70802524134400002e+00 3.69375575937600020e+00 3.12247223700000021e-01
-1.74600614556100009e+00 3.73442032340400010e+00 3.81220330599999990e-01
-1.79019379224400010e+00 3.78102008375000009e+00 4.42194238600000011e-01
-1.83896107132100006e+00 3.83308365686299979e+00 4.94762130999999994e-01
-1.89124111105699999e+00 3.88978299774800007e+00 5.38397006700000014e-01
-1.94602552401400009e+00 3.95019455069600012e+00 5.73060912700000036e-01
-2.00386272833900003e+00 4.01262898172400018e+00 5.97649868400000006e-01
-2.06587162184499995e+00 4.07448061581999976e+00 6.10840634200000010e-01
-2.13025352319999994e+00 4.13515032050200038e+00 6.15316465299999948e-01
-2.19058194183900001e+00 4.19987603100500007e+00 6.19337927799999965e-01
-2.23869615462100002e+00 4.27363830560999958e+00 6.29191780600000028e-01
-2.27280482084300006e+00 4.35431378391800017e+00 6.42712060200000046e-01
-2.29358196748000021e+00 4.43917031456599975e+00 6.57277220700000053e-01
-2.30137625665400014e+00 4.52612177753599987e+00 6.72308702499999966e-01
-2.29633795169899990e+00 4.61307883052799994e+00 6.88550851699999966e-01
-2.27884484525699982e+00 4.69793578840800041e+00 7.06956316500000015e-01
-2.25237427427900005e+00 4.78014505375399956e+00 7.26931972200000054e-01
-2.22040493069399991e+00 4.86021680968199998e+00 7.47173371699999977e-01
-2.18510529232200001e+00 4.93925378986600006e+00 7.66137096799999973e-01
-2.14956251988200009e+00 5.01900181986199989e+00 7.81184760000000034e-01
-2.11592435940500012e+00 5.10049656696399989e+00 7.89552638600000023e-01
-2.07973665334300017e+00 5.18134449910500017e+00 7.91383277600000046e-01
-2.03739455740900022e+00 5.25907528090100040e+00 7.87700154799999996e-01
-1.99284471464700008e+00 5.33505512169500040e+00 7.77913970199999971e-01
-1.94961692706200007e+00 5.41078849984999977e+00 7.62480232200000052e-01
-1.90930979792600009e+00 5.48715793629100013e+00 7.42629467800000054e-01
-1.87323752011199995e+00 5.56467058499899991e+00 7.19162366399999975e-01
-1.84861212664999996e+00 5.64451837230199960e+00 6.89865742900000023e-01
-1.83739069851999992e+00 5.72508226340499959e+00 6.54745703699999959e-01
-1.84082429358500010e+00 5.80388551350400039e+00 6.14456015599999961e-01
-1.85884478595200009e+00 5.87864283389699960e+00 5.70436572700000033e-01
-1.89104007823299991e+00 5.94742524932599981e+00 5.24734514399999963e-01
-1.93715243471399989e+00 6.00840866429900000e+00 4.80033721199999985e-01
-1.99618806508499991e+00 6.06034410098799992e+00 4.39228396000000021e-01
-2.06681424305500006e+00 6.10165123429800005e+00 4.05229364500000022e-01
-2.14411597767900020e+00 6.13389038102800033e+00 3.76304878399999987e-01
-2.22253654901700015e+00 6.15900258318199967e+00 3.43669098800000017e-01
-2.30274736416500003e+00 6.17108538278499985e+00 3.08056315199999986e-01
-2.38487101999700002e+00 6.17212034715200009e+00 2.74820717900000011e-01
-2.46552032853900016e+00 6.16463925235099985e+00 2.38927185799999997e-01
-2.54159162700099994e+00 6.14599149248100041e+00 1.97510329799999995e-01
-2.61084710596799985e+00 6.11728302902000021e+00 1.50260900199999992e-01
-2.67099231160600015e+00 6.08212939525500040e+00 9.55895915100000021e-02
-2.71926528800099998e+00 6.04355226324399997e+00 3.20663596400000001e-02
end
coil AAE47_SC_035 -1.45476000000000000e+06 none
-3.39417717330600022e+00 5.72215908234900006e+00 -3.18753746400000024e-02
-3.34855726486000016e+00 5.72167255808799968e+00 -1.08425082100000000e-01
-3.30194730636999978e+00 5.71626497179299964e+00 -1.84091074399999999e-01
-3.25525754698800007e+00 5.70590779257999969e+00 -2.59301328499999983e-01
-3.20841759845699981e+00 5.69123647411900002e+00 -3.33712420299999979e-01
-3.16144832635499995e+00 5.67272984501699984e+00 -4.07171545299999993e-01
-3.11427178877399990e+00 5.65087058721699975e+00 -4.79435484999999995e-01
-3.06697140108399990e+00 5.62576512657300043e+00 -5.50619274700000050e-01
-3.01966410598299984e+00 5.59742969413400004e+00 -6.20704232300000047e-01
-2.97304781045400013e+00 5.56562948201599994e+00 -6.89583891099999957e-01
-2.92757567435999988e+00 5.52990094332399984e+00 -7.57471184999999991e-01
-2.88285048986100012e+00 5.49055553516099959e+00 -8.23690316400000011e-01
-2.83773275962799998e+00 5.44796435513999988e+00 -8.87617636400000021e-01
-2.78996057927300001e+00 5.40306130571600018e+00 -9.47979885400000000e-01
-2.74040651991399997e+00 5.35537117615100033e+00 -1.00452139500000004e+00
-2.68899962407600013e+00 5.30478641152299968e+00 -1.05686351799999989e+00
-2.63938778288799991e+00 5.24970178796299969e+00 -1.10639146499999996e+00
-2.59448293343599978e+00 5.18943894107199988e+00 -1.15417063500000006e+00
-2.55685455526099981e+00 5.12367073332200018e+00 -1.20117316900000004e+00
-2.52814925272799984e+00 5.05310800610099964e+00 -1.24732749900000006e+00
-2.50809539538199999e+00 4.97858111480099996e+00 -1.29188861699999991e+00
-2.49511606185299994e+00 4.90089904227400019e+00 -1.33359547099999998e+00
-2.48662596419700010e+00 4.82052381079599979e+00 -1.37106277900000006e+00
-2.47889684329999982e+00 4.73768015887899985e+00 -1.40278419499999996e+00
-2.46925834729400018e+00 4.65258429651099981e+00 -1.42751962999999993e+00
-2.45517041231199995e+00 4.56614404135700003e+00 -1.44397809599999993e+00
-2.43583484638099979e+00 4.47958014345899969e+00 -1.45143201699999991e+00
-2.41245752951699988e+00 4.39360489624599992e+00 -1.44988418600000002e+00
-2.38620655165899986e+00 4.30901514582200029e+00 -1.43946523200000009e+00
-2.35626315393500008e+00 4.22745036653399975e+00 -1.42015147199999991e+00
-2.32279770983500011e+00 4.14961056225199965e+00 -1.39227624400000005e+00
-2.28833268674500001e+00 4.07565375329900004e+00 -1.35666921499999993e+00
-2.25586558731199993e+00 4.00461462355200037e+00 -1.31375184099999998e+00
-2.22826851314500018e+00 3.93605333548600012e+00 -1.26384274800000007e+00
-2.20621838379399993e+00 3.87085063861999989e+00 -1.20738038000000003e+00
-2.18776357823300005e+00 3.81037278972099980e+00 -1.14459348499999991e+00
-2.17192495001400010e+00 3.75563360823099979e+00 -1.07611424500000008e+00
-2.15912213040500012e+00 3.70689742737399985e+00 -1.00263706200000002e+00
-2.14957468038599986e+00 3.66441213774800012e+00 -9.24904669000000013e-01
-2.14270399546300006e+00 3.62852413604599988e+00 -8.43632726299999969e-01
-2.13947592501799999e+00 3.59905127655600010e+00 -7.59645091899999958e-01
-2.14228238036000018e+00 3.57548086200200022e+00 -6.73710826300000010e-01
-2.15263472265500022e+00 3.55778488407799998e+00 -5.87038428900000020e-01
-2.17081928287599979e+00 3.54615537104199996e+00 -5.00618719500000031e-01
-2.19672345887000020e+00 3.54083289894500020e+00 -4.15517101100000008e-01
-2.23024852499100001e+00 3.54199139308600008e+00 -3.32902353900000003e-01
-2.27134169676600006e+00 3.54970851198799986e+00 -2.54219115300000020e-01
-2.31962463505700001e+00 3.56399394251099988e+00 -1.80756533299999994e-01
-2.37435542658800003e+00 3.58479068500900011e+00 -1.13574852899999995e-01
-2.43475137084999993e+00 3.61174499806700000e+00 -5.38809128499999970e-02
-2.50118387793799979e+00 3.64352679884200015e+00 -3.75417234000000001e-03
-2.57335686448600010e+00 3.67799738017800015e+00 3.55883712899999968e-02
-2.64874857760799998e+00 3.71405572421899999e+00 6.64228338400000007e-02
-2.72431662312799983e+00 3.75287309136900005e+00 9.34626844800000023e-02
-2.79582296875000003e+00 3.79761026210000008e+00 1.21918128599999995e-01
-2.85729327623899998e+00 3.85243685474799991e+00 1.56045665000000000e-01
-2.90378744862900007e+00 3.91738756803799992e+00 1.95412843700000005e-01
-2.93493260202999995e+00 3.98939929245800018e+00 2.37698387099999991e-01
-2.94980564809099999e+00 4.06521318333799986e+00 2.82078106800000006e-01
-2.94711471510299994e+00 4.14133319033699987e+00 3.28319357400000011e-01
-2.92870874062599995e+00 4.21457578358300022e+00 3.75635333299999985e-01
-2.89735677025299987e+00 4.28344818499399960e+00 4.22680122599999986e-01
-2.85795135607699979e+00 4.34926652015500004e+00 4.67947451000000014e-01
-2.81561546854999989e+00 4.41545337041999986e+00 5.09963223700000023e-01
-2.77941675627700002e+00 4.48748196460199988e+00 5.47909209700000011e-01
-2.74035454705100001e+00 4.56156730262599996e+00 5.78390463399999999e-01
-2.69868317994800000e+00 4.63645934864600040e+00 6.02680429700000020e-01
-2.65276856765600000e+00 4.71002752761299970e+00 6.23090778400000045e-01
-2.60546623600599991e+00 4.78308514008400021e+00 6.42136441200000019e-01
-2.55879439803800013e+00 4.85660337809200016e+00 6.61036838100000024e-01
-2.51645709917099980e+00 4.93269480451700026e+00 6.80021746700000040e-01
-2.48265996963400015e+00 5.01309143912499966e+00 6.98249362400000018e-01
-2.46177436655800008e+00 5.09820052212999997e+00 7.14296083699999973e-01
-2.45466320009900008e+00 5.18611208730500017e+00 7.27054068499999984e-01
-2.46297550160499990e+00 5.27429014998400003e+00 7.36638867300000055e-01
-2.48671747955300004e+00 5.35970191757099990e+00 7.45282051999999973e-01
-2.52609217057400004e+00 5.43865827218400000e+00 7.57881605999999985e-01
-2.57790786581700004e+00 5.50848864273700034e+00 7.77368948799999959e-01
-2.63990133069099997e+00 5.56788435101699974e+00 8.01220802100000018e-01
-2.71125774319500001e+00 5.61594973802000030e+00 8.24317421599999989e-01
-2.79093690997500010e+00 5.65128246693299996e+00 8.42726270000000000e-01
-2.87686224310299998e+00 5.67080133578399970e+00 8.56222056000000009e-01
-2.96532182899299990e+00 5.67792954575999964e+00 8.64006078600000005e-01
-3.05430114324899993e+00 5.68195184405700005e+00 8.60736980600000035e-01
-3.14158019110500009e+00 5.68486465451699985e+00 8.43235471399999992e-01
-3.22459186332199987e+00 5.68597276065499990e+00 8.10847304599999985e-01
-3.30075784866600008e+00 5.68513794124699956e+00 7.64527188400000002e-01
-3.36809218597699989e+00 5.68306546122799983e+00 7.06210498000000020e-01
-3.42509819280199990e+00 5.68098844194700003e+00 6.37805176400000007e-01
-3.46942612647500015e+00 5.68079958272199992e+00 5.60500341699999960e-01
-3.49871168186900006e+00 5.68369586497799961e+00 4.76436617399999984e-01
-3.51312853054899987e+00 5.68900377700999993e+00 3.88635120999999972e-01
-3.51323136870699981e+00 5.69589278650200015e+00 2.99798396700000025e-01
-3.49955681644299998e+00 5.70367633356099990e+00 2.12082220699999990e-01
-3.47295895302299984e+00 5.71172649219099959e+00 1.27464878799999987e-01
-3.43669040801200021e+00 5.71840142875899993e+00 4.63584191500000034e-02
-3.39417717330600022e+00 5.72215908234900006e+00 -3.18753746400000024e-02
end
coil AAE38_SC_036 -1.45476000000000000e+06 none
-3.89745027688499990e+00 5.46221674454499961e+00 -3.63268553800000019e-02
-3.87169109018299995e+00 5.46378483391100023e+00 -1.20636243700000007e-01
-3.84414416506300016e+00 5.46061581354500003e+00 -2.04432523199999994e-01
-3.81698650491200020e+00 5.45138407901299971e+00 -2.87918458699999991e-01
-3.79070950892200020e+00 5.43607098694799973e+00 -3.70654934599999986e-01
-3.76699212224899993e+00 5.41408551169400010e+00 -4.52715687199999994e-01
-3.74492593844099986e+00 5.38641267840100024e+00 -5.33570148000000022e-01
-3.72420037022199990e+00 5.35373125943400030e+00 -6.12788699100000001e-01
-3.70430171804100006e+00 5.31657009532800018e+00 -6.90351039900000019e-01
-3.68432075574999995e+00 5.27572814863099993e+00 -7.65909673699999960e-01
-3.66353394014699996e+00 5.23166471250899967e+00 -8.39433635300000036e-01
-3.64339504841600004e+00 5.18388845709499968e+00 -9.10870260599999981e-01
-3.62513909089800013e+00 5.13209803873999970e+00 -9.79965794700000004e-01
-3.60800290676999991e+00 5.07677324504300032e+00 -1.04641713000000003e+00
-3.59084545739600003e+00 5.01823023168500004e+00 -1.11018212100000002e+00
-3.57248840730499984e+00 4.95695061745600007e+00 -1.17099892200000011e+00
-3.55186483913700002e+00 4.89337678207799964e+00 -1.22857523599999996e+00
-3.52809435022899986e+00 4.82788060067700009e+00 -1.28261207500000007e+00
-3.50040431873699998e+00 4.76079170078500002e+00 -1.33277095100000009e+00
-3.46859328582899984e+00 4.69239738226200043e+00 -1.37857760099999993e+00
-3.43263074802699997e+00 4.62305296336300042e+00 -1.41949391599999997e+00
-3.39285603466099994e+00 4.55272786966699972e+00 -1.45509358900000008e+00
-3.34968096457199982e+00 4.48173221708599989e+00 -1.48479746999999995e+00
-3.30382257326400008e+00 4.41019729692099993e+00 -1.50809349000000004e+00
-3.25587156687599988e+00 4.33788969177300032e+00 -1.52458314200000000e+00
-3.20719650822700020e+00 4.26488383770699997e+00 -1.53375038500000005e+00
-3.15903492389699991e+00 4.19107314471600034e+00 -1.53521966299999990e+00
-3.11217427977000005e+00 4.11651297607900002e+00 -1.52868073099999990e+00
-3.06790195376300012e+00 4.04167081610899981e+00 -1.51397810099999997e+00
-3.02862722336100010e+00 3.96607513302200010e+00 -1.49106999600000001e+00
-2.99618891498999984e+00 3.89014766957400004e+00 -1.46018898599999991e+00
-2.96883598301999996e+00 3.81560478674400017e+00 -1.42158353200000009e+00
-2.94475945908299996e+00 3.74430514149800020e+00 -1.37565566800000005e+00
-2.92095461931000022e+00 3.67794776195600015e+00 -1.32250439799999997e+00
-2.89524894307100000e+00 3.61842518983700012e+00 -1.26269180399999992e+00
-2.87240919400900019e+00 3.56437561860599983e+00 -1.19681402799999992e+00
-2.85859383191899985e+00 3.51411945418099991e+00 -1.12560114899999997e+00
-2.85383581526000007e+00 3.46882263436600002e+00 -1.05013872099999994e+00
-2.85669995012899980e+00 3.42974976941499987e+00 -9.71044803900000031e-01
-2.86835183758199985e+00 3.39746788093200003e+00 -8.89785658999999951e-01
-2.88773467342199996e+00 3.37294100561999999e+00 -8.07282821599999978e-01
-2.91562620130300010e+00 3.35646664186700017e+00 -7.25226004200000052e-01
-2.95267980375599981e+00 3.34797037036600020e+00 -6.45631270500000021e-01
-2.99783256695400002e+00 3.34734898565399996e+00 -5.69793616699999950e-01
-3.04978865669000010e+00 3.35404403699600007e+00 -4.98840449600000013e-01
-3.10910766886900003e+00 3.36604347051400010e+00 -4.34665846999999994e-01
-3.17326702619500001e+00 3.38250668652199993e+00 -3.76446650200000010e-01
-3.23528347370399993e+00 3.40701883952199980e+00 -3.18597383700000014e-01
-3.29341958186300010e+00 3.43982199073600015e+00 -2.60963036599999976e-01
-3.34703487321299997e+00 3.48011587365799979e+00 -2.03642462999999996e-01
-3.39481293258400019e+00 3.52686532323000002e+00 -1.46050049799999998e-01
-3.43230722961500012e+00 3.58001733306300007e+00 -8.64963690400000068e-02
-3.45574852323200021e+00 3.63827085160500019e+00 -2.44855574900000005e-02
-3.46401476802800001e+00 3.69950030120500006e+00 3.84543599799999983e-02
-3.45791713391100020e+00 3.76279692778800001e+00 9.96242936500000009e-02
-3.43633025406799986e+00 3.82795978190800001e+00 1.55061923600000012e-01
-3.40373449952399998e+00 3.89429304259900011e+00 2.03194236299999997e-01
-3.36628993976299995e+00 3.96163802963100009e+00 2.46207449299999992e-01
-3.33773312105700004e+00 4.03163407236599980e+00 2.91638284199999986e-01
-3.31412731771199986e+00 4.10131060118700042e+00 3.40386099499999983e-01
-3.28776332923699988e+00 4.16759873203699982e+00 3.92250906999999982e-01
-3.25405772013299988e+00 4.22880142542099957e+00 4.46135897399999981e-01
-3.21219699449900009e+00 4.28553081817899972e+00 4.99112188000000012e-01
-3.16439751554000015e+00 4.34140751238300027e+00 5.47858385199999964e-01
-3.11538361473199998e+00 4.40092583064199960e+00 5.90738726200000008e-01
-3.07319448934000006e+00 4.46715494283600023e+00 6.30946366900000055e-01
-3.04030238941300013e+00 4.53999963850499988e+00 6.68307024900000046e-01
-3.01992140792600017e+00 4.61582394884799996e+00 7.08505398000000008e-01
-3.01380997817300011e+00 4.68809617814299973e+00 7.58739591400000024e-01
-3.01914839004199997e+00 4.75042029385099962e+00 8.20966165700000028e-01
-3.03563337664499988e+00 4.80097730352400021e+00 8.91339521699999970e-01
-3.06785875555799992e+00 4.84345010411199972e+00 9.61666465600000020e-01
-3.11583213641499990e+00 4.88544039480600034e+00 1.02260499500000002e+00
-3.17594295652699987e+00 4.92899054493900035e+00 1.07033591600000011e+00
-3.24721028963999991e+00 4.96635792236599993e+00 1.10643044699999993e+00
-3.32728251587300017e+00 4.99116292749800028e+00 1.13389370999999994e+00
-3.41245921023500021e+00 4.99935894418500038e+00 1.15551869899999993e+00
-3.49911301586800016e+00 4.99967261251000039e+00 1.17200982199999992e+00
-3.58661393621399993e+00 5.00726239193900025e+00 1.18021257599999996e+00
-3.67270722278199990e+00 5.02590339734500002e+00 1.17572795600000002e+00
-3.75528005602599979e+00 5.05056415324999985e+00 1.15657041999999999e+00
-3.83203006244800015e+00 5.07742409814500029e+00 1.12246628300000006e+00
-3.90042676974600022e+00 5.10532714840500024e+00 1.07429228500000007e+00
-3.95800308595299999e+00 5.13439444576899984e+00 1.01402675699999989e+00
-4.00268774188400034e+00 5.16505725994000020e+00 9.44419961899999993e-01
-4.03364561474900007e+00 5.19731178771100044e+00 8.68414351700000031e-01
-4.05182028124900029e+00 5.23035784128000003e+00 7.88588002899999974e-01
-4.06049367579399956e+00 5.26228503635799960e+00 7.06884603200000017e-01
-4.06040831244300016e+00 5.29332573248099969e+00 6.24303358699999977e-01
-4.05095580537799993e+00 5.32437636667699987e+00 5.42218334199999985e-01
-4.03409870590799979e+00 5.35481394549900003e+00 4.61159949999999985e-01
-4.01171952525100028e+00 5.38400150746099992e+00 3.81031338399999975e-01
-3.98809148847599992e+00 5.40967936044499975e+00 2.99954731699999977e-01
-3.96584960872699988e+00 5.43005969264499999e+00 2.17047761899999997e-01
-3.94392656560100008e+00 5.44545530936400013e+00 1.33002260200000000e-01
-3.92233520563500004e+00 5.45551715613799981e+00 4.80547979299999969e-02
-3.89745027688499990e+00 5.46221674454499961e+00 -3.63268553800000019e-02
end
coil AAE29_SC_037 -1.45476000000000000e+06 none
-4.56443536933999994e+00 5.02042986782799971e+00 -2.78678482399999979e-03
-4.56882755858700040e+00 5.00765932158800009e+00 -9.01240613200000040e-02
-4.57300597992800029e+00 4.99015459714300036e+00 -1.76521934800000002e-01
-4.57472169409799978e+00 4.96953852031199972e+00 -2.62437444299999989e-01
-4.57181597513500027e+00 4.94738381172300024e+00 -3.47887754900000012e-01
-4.56477652810299972e+00 4.92335657955699979e+00 -4.32634373899999980e-01
-4.55475128156899967e+00 4.89672273476400033e+00 -5.16277416700000047e-01
-4.54281089108200042e+00 4.86681150594800016e+00 -5.98435221300000042e-01
-4.52910938667699980e+00 4.83346896628400025e+00 -6.79084104099999974e-01
-4.51238373709299978e+00 4.79758359630799980e+00 -7.58153013199999948e-01
-4.49168895216399999e+00 4.75997556138200029e+00 -8.35259036700000013e-01
-4.46754161120700033e+00 4.72010602449800043e+00 -9.10374739800000055e-01
-4.44072298153900036e+00 4.67762245462899973e+00 -9.82930533999999967e-01
-4.41070795052100006e+00 4.63269700827599973e+00 -1.05291023900000003e+00
-4.37784374277899957e+00 4.58535430731200044e+00 -1.11971359499999989e+00
-4.34459651811900027e+00 4.53361949750599980e+00 -1.18324034999999994e+00
-4.31312775139800042e+00 4.47650771084599963e+00 -1.24282243100000001e+00
-4.28312550085099986e+00 4.41451135878399992e+00 -1.29813495799999989e+00
-4.25385860273199956e+00 4.34834048787999983e+00 -1.34888033899999993e+00
-4.22545255183699986e+00 4.27834993108599981e+00 -1.39462432200000008e+00
-4.19792338805499998e+00 4.20478690361800034e+00 -1.43505092700000003e+00
-4.17026645132400020e+00 4.12855168166000031e+00 -1.46985226500000010e+00
-4.14102749823899963e+00 4.05033745482000018e+00 -1.49884666299999991e+00
-4.10801303393099992e+00 3.97164267958600004e+00 -1.52165311900000000e+00
-4.06850204888100020e+00 3.89436251569500014e+00 -1.53781075699999992e+00
-4.02266149071300028e+00 3.81931730617499987e+00 -1.54670218000000004e+00
-3.97196393100999989e+00 3.74695989424500020e+00 -1.54783606000000007e+00
-3.91707883910199994e+00 3.67819679794299992e+00 -1.54095584599999991e+00
-3.85840008725299999e+00 3.61380130758599982e+00 -1.52594120899999997e+00
-3.79711529724700014e+00 3.55461045981799995e+00 -1.50292601100000001e+00
-3.73468079246400020e+00 3.50030460326500004e+00 -1.47201131399999996e+00
-3.67530501802700016e+00 3.44786629300400005e+00 -1.43291364999999993e+00
-3.62358388632199979e+00 3.39464023576700002e+00 -1.38506107400000000e+00
-3.57996668051100020e+00 3.34264638234399980e+00 -1.32849212900000002e+00
-3.54371802135400005e+00 3.29482446335300017e+00 -1.26364754000000001e+00
-3.51644319621600010e+00 3.25228805767300022e+00 -1.19120472199999994e+00
-3.50034801169399978e+00 3.21575967062999979e+00 -1.11241435500000008e+00
-3.49632468173299982e+00 3.18631324505200020e+00 -1.02922564299999997e+00
-3.50425749574799994e+00 3.16456253371300011e+00 -9.43992550599999980e-01
-3.52451102163200014e+00 3.14979802473300019e+00 -8.59260935799999959e-01
-3.55722770403699995e+00 3.14049023239899983e+00 -7.77758922399999997e-01
-3.60181803555600011e+00 3.13463451728900022e+00 -7.01722420199999974e-01
-3.65584515207100003e+00 3.13073873152599980e+00 -6.31974551700000053e-01
-3.71342052716499982e+00 3.13030615022399994e+00 -5.64959770600000022e-01
-3.76816767521700013e+00 3.13721098803199983e+00 -4.95980558899999979e-01
-3.81604274097700014e+00 3.15456349756399979e+00 -4.23815620399999982e-01
-3.85361082861999993e+00 3.18464127781100004e+00 -3.49770285000000014e-01
-3.88065605969299998e+00 3.22698514463700015e+00 -2.77076304399999973e-01
-3.90076262964700016e+00 3.27859895953000002e+00 -2.08312674000000003e-01
-3.91027067096199987e+00 3.33883699519800015e+00 -1.44366938000000000e-01
-3.90707107245700014e+00 3.40409220263300005e+00 -8.49414953499999931e-02
-3.88912101407799993e+00 3.47019778988099992e+00 -2.91697134999999996e-02
-3.86056130326100000e+00 3.53391506631699981e+00 2.49478487299999996e-02
-3.82708665650799995e+00 3.59459765228699979e+00 7.96677523299999940e-02
-3.79283302924699983e+00 3.65302683954400020e+00 1.36400377900000008e-01
-3.75935489780599985e+00 3.71035561420200022e+00 1.94645235299999997e-01
-3.72685803785899994e+00 3.76754308331500010e+00 2.53612347000000016e-01
-3.69213605336000006e+00 3.82477192906599983e+00 3.11240956999999985e-01
-3.65214625812299998e+00 3.88043482605199985e+00 3.67045805100000011e-01
-3.60670899529700018e+00 3.93164368964100008e+00 4.22826417800000021e-01
-3.55744014926699981e+00 3.97702535178299987e+00 4.80383682199999995e-01
-3.50657420876000003e+00 4.01765676812399963e+00 5.40071751900000008e-01
-3.45532456194999993e+00 4.05897047432899960e+00 5.98963435900000007e-01
-3.41148537357099979e+00 4.09488271325600017e+00 6.66747498799999949e-01
-3.38190006169900004e+00 4.13010950230500029e+00 7.42145053699999946e-01
-3.36926386073300010e+00 4.17200905529599986e+00 8.18890524700000011e-01
-3.37364068370699988e+00 4.21880859258599994e+00 8.93698191100000039e-01
-3.39512942874400014e+00 4.26344656023599988e+00 9.66786724099999994e-01
-3.43213167674699982e+00 4.30202944649700036e+00 1.03713904300000004e+00
-3.48277345398900007e+00 4.33224130110999983e+00 1.10295157899999996e+00
-3.54439184672600005e+00 4.35315838275100031e+00 1.16263869200000003e+00
-3.61357355235100020e+00 4.36716621370300029e+00 1.21571442500000004e+00
-3.68832466058000019e+00 4.37471772010199977e+00 1.26208573400000001e+00
-3.76702681684600016e+00 4.38144102605699981e+00 1.30172047699999993e+00
-3.84888093767799999e+00 4.39222103825099985e+00 1.33301426099999998e+00
-3.93322492003199997e+00 4.40916034365899989e+00 1.35308516699999992e+00
-4.01793988147200043e+00 4.43364568836800022e+00 1.35856906699999991e+00
-4.10057212289100015e+00 4.46312693911499991e+00 1.34828118300000011e+00
-4.17826831706400004e+00 4.49673020738199991e+00 1.32306780699999993e+00
-4.24869543993199983e+00 4.53421091593799996e+00 1.28519478500000006e+00
-4.30938414545000015e+00 4.57668036506400000e+00 1.23705962200000008e+00
-4.35966878325699980e+00 4.62332790742900013e+00 1.18132792100000006e+00
-4.39969256485099969e+00 4.67294331951699959e+00 1.12019668500000003e+00
-4.42781295595700009e+00 4.72607953480000020e+00 1.05547147099999994e+00
-4.44625731958599957e+00 4.78032354355899969e+00 9.88192380300000006e-01
-4.45869386061199968e+00 4.83276079481499998e+00 9.18236506299999977e-01
-4.46580281195800044e+00 4.88264923355199976e+00 8.45773240600000031e-01
-4.47252527668400024e+00 4.92667175826099957e+00 7.69401928900000032e-01
-4.48122016632100006e+00 4.96275085932099991e+00 6.89279826699999987e-01
-4.49098734719400028e+00 4.99144572980500012e+00 6.06252378700000039e-01
-4.50307525903200023e+00 5.01184292223099970e+00 5.21219862499999964e-01
-4.51561634803000000e+00 5.02567397675499983e+00 4.34835605299999983e-01
-4.52713605683799969e+00 5.03429373505000033e+00 3.47726933199999977e-01
-4.53821250883499960e+00 5.03756418814300044e+00 2.60086019399999979e-01
-4.54923531665400027e+00 5.03540256219799964e+00 1.72486975200000003e-01
-4.55844675785700026e+00 5.02931217381000017e+00 8.48906156800000034e-02
-4.56443536933999994e+00 5.02042986782799971e+00 -2.78678482399999979e-03
end
coil AAE10_SC_038 -1.45476000000000000e+06 none
-5.28234821946000022e+00 4.37083309121899966e+00 -1.74495433399999983e-02
-5.28257529143800042e+00 4.36520884652099994e+00 -1.06373998100000006e-01
-5.27903619834000004e+00 4.35648238814300015e+00 -1.94931003699999994e-01
-5.27140204795700029e+00 4.34506235237900018e+00 -2.82965108700000023e-01
-5.26016836699299972e+00 4.33047692996999967e+00 -3.70161730799999977e-01
-5.24628897508099978e+00 4.31186577559199957e+00 -4.56066133900000004e-01
-5.22959846732400013e+00 4.28945655806099957e+00 -5.40776822700000048e-01
-5.21000020193199997e+00 4.26375269397400025e+00 -6.23652054699999958e-01
-5.18798963025299997e+00 4.23421340494299958e+00 -7.04798590999999974e-01
-5.16435518793100012e+00 4.20034713076899990e+00 -7.83724147499999968e-01
-5.13979066710400012e+00 4.16162141401600039e+00 -8.60160919799999979e-01
-5.11595257021499972e+00 4.11683742462500035e+00 -9.33417592700000021e-01
-5.09646074640100011e+00 4.06351355308899986e+00 -1.00206122299999989e+00
-5.08256579820599974e+00 4.00190661988899965e+00 -1.06492056600000007e+00
-5.07043943957100041e+00 3.93558799649400015e+00 -1.12301204000000010e+00
-5.05645275183800003e+00 3.86681150580899979e+00 -1.17785383299999991e+00
-5.03790556596200023e+00 3.79713929938899986e+00 -1.23028775000000001e+00
-5.01102885143600041e+00 3.72911215165099996e+00 -1.28097524599999990e+00
-4.97446773074099990e+00 3.66377503256800008e+00 -1.32940064600000007e+00
-4.92923797436599997e+00 3.60140364046799988e+00 -1.37401825100000008e+00
-4.87588137881799977e+00 3.54206712716900007e+00 -1.41379362500000005e+00
-4.81537819049999971e+00 3.48611112570700010e+00 -1.44763304900000001e+00
-4.74895058679600002e+00 3.43338409217300011e+00 -1.47478658299999998e+00
-4.67769237064100007e+00 3.38374600576700013e+00 -1.49478746799999995e+00
-4.60159816515499998e+00 3.33919440042099991e+00 -1.50745079099999990e+00
-4.52125118359700018e+00 3.30131612024000010e+00 -1.51298411800000010e+00
-4.43894596243899997e+00 3.26711818438000012e+00 -1.51150248399999998e+00
-4.35718798645700023e+00 3.23284776005999985e+00 -1.50253250699999996e+00
-4.27872916111000023e+00 3.19460405481500009e+00 -1.48480144199999997e+00
-4.20735510163900006e+00 3.14947408119599981e+00 -1.45647327999999998e+00
-4.14596634242399986e+00 3.09888942052999994e+00 -1.41648754599999993e+00
-4.09622591373099976e+00 3.04625422126399981e+00 -1.36460902099999992e+00
-4.05906130977700030e+00 2.99546845606199996e+00 -1.30145524799999990e+00
-4.03486491966000038e+00 2.95005641128999985e+00 -1.22877147299999989e+00
-4.02470613103900021e+00 2.91138925304800011e+00 -1.14916445699999992e+00
-4.02939818520500026e+00 2.87914450637400021e+00 -1.06625950899999999e+00
-4.04918934540499986e+00 2.85129465666100002e+00 -9.84019988200000029e-01
-4.08180181147499965e+00 2.82596044281100012e+00 -9.05019850500000000e-01
-4.12027341934499969e+00 2.80513330990899989e+00 -8.27430147700000007e-01
-4.15805106623500009e+00 2.79353822085999992e+00 -7.47589677000000008e-01
-4.19315116900899998e+00 2.79393036807900019e+00 -6.65754104100000021e-01
-4.22560566163199969e+00 2.80682239606800010e+00 -5.83763262700000007e-01
-4.25297946161500029e+00 2.83340859324099981e+00 -5.03287117299999975e-01
-4.27105607393900044e+00 2.87397954893600005e+00 -4.26058482299999985e-01
-4.27566969790700036e+00 2.92620933980800002e+00 -3.54058778700000021e-01
-4.26643274240499970e+00 2.98562206042399980e+00 -2.88294880099999984e-01
-4.24809294123399983e+00 3.04808759809799978e+00 -2.27517521700000003e-01
-4.22699090827100044e+00 3.11160807285800001e+00 -1.68760640399999995e-01
-4.20648731143599974e+00 3.17538102588599980e+00 -1.10011766999999996e-01
-4.18990700814800032e+00 3.23630076484300000e+00 -4.71862759699999967e-02
-4.16813511407799986e+00 3.29277767060500004e+00 1.81966169400000002e-02
-4.13741176105799990e+00 3.34269793417700001e+00 8.53008159099999941e-02
-4.09674811628999969e+00 3.38921148749200007e+00 1.49478332999999991e-01
-4.05078429297700016e+00 3.43144668323700008e+00 2.13010172800000008e-01
-3.99950439183399986e+00 3.47367797331699979e+00 2.72389066100000021e-01
-3.94532090693299997e+00 3.51189309867499988e+00 3.31866703200000002e-01
-3.88841252380899993e+00 3.55178349738400012e+00 3.87553904599999999e-01
-3.83167082165200013e+00 3.58849531220199980e+00 4.45633867399999994e-01
-3.77834677768100002e+00 3.61935689253300019e+00 5.09989224300000044e-01
-3.73287473214700016e+00 3.64149836776600022e+00 5.83300031399999974e-01
-3.69962639939200022e+00 3.65517031547499993e+00 6.64789909000000012e-01
-3.68092596807499994e+00 3.66403513254399993e+00 7.51488013200000027e-01
-3.67776733798800004e+00 3.67074915506199995e+00 8.40209904600000002e-01
-3.69042743616999980e+00 3.67515546571799989e+00 9.28272620899999956e-01
-3.71795124864499993e+00 3.67539912606300012e+00 1.01302453600000009e+00
-3.75831628355699987e+00 3.66834550196099984e+00 1.09210786199999998e+00
-3.80653236786600013e+00 3.66290316805400007e+00 1.16681292299999995e+00
-3.86091238127300018e+00 3.66537552168099978e+00 1.23734147300000008e+00
-3.92113146742299978e+00 3.67773933123599983e+00 1.30180800399999996e+00
-3.98670111249000003e+00 3.70016143484399995e+00 1.35778514899999991e+00
-4.05649191423900035e+00 3.73204901667899991e+00 1.40304295200000007e+00
-4.12880370656299966e+00 3.77241057734000007e+00 1.43595856100000008e+00
-4.20158749360200012e+00 3.81977370913299996e+00 1.45566788399999991e+00
-4.27291550331200032e+00 3.87276944158500003e+00 1.46207221500000006e+00
-4.34101790223699968e+00 3.92982644119700009e+00 1.45563949300000006e+00
-4.40497997608599956e+00 3.98914041364600003e+00 1.43734869599999993e+00
-4.46604138511500004e+00 4.04719616999900023e+00 1.40860805300000003e+00
-4.52567768680899984e+00 4.10155033986499973e+00 1.37074944699999990e+00
-4.58358131384699963e+00 4.15161516298899969e+00 1.32528569800000007e+00
-4.63939746914600004e+00 4.19782191400199967e+00 1.27344174199999993e+00
-4.69158789715799962e+00 4.24193645701499999e+00 1.21624657500000000e+00
-4.74028810270499967e+00 4.28391241504800036e+00 1.15453905799999990e+00
-4.79024018571900001e+00 4.31824095401499974e+00 1.08926367399999990e+00
-4.84364216704900041e+00 4.34140021927099973e+00 1.02191720899999994e+00
-4.89959161188300030e+00 4.35383044659300023e+00 9.53741958900000020e-01
-4.95624256722000034e+00 4.35812742984500012e+00 8.85007124200000050e-01
-5.01076787719799999e+00 4.35906236926799995e+00 8.14565732900000006e-01
-5.06138507785700043e+00 4.35970326057600044e+00 7.41282581500000037e-01
-5.10749152002599960e+00 4.36054522749000029e+00 6.65177014199999972e-01
-5.14911066252000005e+00 4.36129070116400008e+00 5.86314234499999976e-01
-5.18536854242300027e+00 4.36253993287799968e+00 5.04959361800000006e-01
-5.21566512720499986e+00 4.36468634950700007e+00 4.21241332600000018e-01
-5.23985910773699981e+00 4.36749595655599965e+00 3.35488630800000021e-01
-5.25817776785100044e+00 4.37023750484600004e+00 2.48458953600000004e-01
-5.27100471971999962e+00 4.37228186874899993e+00 1.60225412000000011e-01
-5.27874434095299971e+00 4.37288227321799994e+00 7.15008086900000006e-02
-5.28234821946000022e+00 4.37083309121899966e+00 -1.74495433399999983e-02
end
coil AAE14_SC_039 -0.00000000000000000e+00 none
-6.52296790200000043e+00 2.59386928699999997e+00 -7.06089999999999995e-01
-6.50307610000000036e+00 2.55266853600000010e+00 -8.02960000000000007e-01
-6.47829559899999996e+00 2.51093194300000011e+00 -8.98349999999999982e-01
-6.44782939899999974e+00 2.46859960100000020e+00 -9.91870000000000029e-01
-6.40928510599999957e+00 2.42566383200000013e+00 -1.08213000000000004e+00
-6.36258567900000038e+00 2.38245184200000004e+00 -1.16823000000000010e+00
-6.30823782900000030e+00 2.33926997400000003e+00 -1.24963000000000002e+00
-6.24558297400000040e+00 2.29648026799999982e+00 -1.32501000000000002e+00
-6.17429859399999970e+00 2.25457767799999997e+00 -1.39285999999999999e+00
-6.09457026100000032e+00 2.21419145899999981e+00 -1.45162999999999998e+00
-6.00719378600000020e+00 2.17596160200000011e+00 -1.50011000000000005e+00
-5.91346782300000040e+00 2.14044845600000011e+00 -1.53757000000000010e+00
-5.81494460199999974e+00 2.10805050100000013e+00 -1.56394999999999995e+00
-5.71316080099999990e+00 2.07893242600000017e+00 -1.57966999999999991e+00
-5.60943320799999956e+00 2.05313624500000014e+00 -1.58546000000000009e+00
-5.50482712500000027e+00 2.03060777700000017e+00 -1.58210999999999991e+00
-5.40018948200000004e+00 2.01127015699999978e+00 -1.57027000000000005e+00
-5.29622241000000038e+00 1.99512672399999991e+00 -1.55041999999999991e+00
-5.19358247100000003e+00 1.98220951400000001e+00 -1.52283999999999997e+00
-5.09294171400000018e+00 1.97264833900000003e+00 -1.48758999999999997e+00
-4.99501409099999982e+00 1.96656637499999998e+00 -1.44477000000000011e+00
-4.90027009100000033e+00 1.96386046600000008e+00 -1.39495999999999998e+00
-4.80951632200000034e+00 1.96469638599999996e+00 -1.33818999999999999e+00
-4.72382637100000036e+00 1.96943387600000008e+00 -1.27417000000000002e+00
-4.64402074900000006e+00 1.97810048299999997e+00 -1.20328999999999997e+00
-4.57119794299999960e+00 1.99085154900000005e+00 -1.12579999999999991e+00
-4.50364207600000022e+00 2.00639097200000016e+00 -1.04414000000000007e+00
-4.43949399400000022e+00 2.02360285199999979e+00 -9.60089999999999999e-01
-4.37941108099999976e+00 2.04270523199999987e+00 -8.73500000000000054e-01
-4.32297928699999989e+00 2.06343436799999980e+00 -7.84819999999999962e-01
-4.26877196399999992e+00 2.08509984099999990e+00 -6.94989999999999997e-01
-4.21561326199999975e+00 2.10719344199999981e+00 -6.04639999999999955e-01
-4.16430031300000003e+00 2.13004710899999994e+00 -5.13419999999999987e-01
-4.11559933900000008e+00 2.15393324000000019e+00 -4.21030000000000015e-01
-4.07122146699999998e+00 2.17943992399999997e+00 -3.26940000000000008e-01
-4.03281676499999975e+00 2.20708617000000018e+00 -2.30830000000000007e-01
-3.99333626700000011e+00 2.23435870600000008e+00 -1.35039999999999993e-01
-3.95267334500000000e+00 2.26121714599999990e+00 -3.96299999999999986e-02
-3.91406936100000014e+00 2.28878040800000004e+00 5.64199999999999979e-02
-3.87935970000000019e+00 2.31765269799999984e+00 1.53570000000000012e-01
-3.84746413799999987e+00 2.34743236800000021e+00 2.51400000000000012e-01
-3.81562666100000003e+00 2.37721715800000011e+00 3.49250000000000005e-01
-3.78865628000000010e+00 2.40848622599999995e+00 4.48089999999999988e-01
-3.76700370100000015e+00 2.44128273500000015e+00 5.47740000000000005e-01
-3.74967914700000016e+00 2.47523366900000008e+00 6.47859999999999991e-01
-3.73401123500000010e+00 2.50960950099999991e+00 7.48110000000000053e-01
-3.72185879500000016e+00 2.54484606099999988e+00 8.48500000000000032e-01
-3.71668945500000003e+00 2.58168278700000009e+00 9.48930000000000051e-01
-3.71885753199999991e+00 2.62000628799999991e+00 1.04889999999999994e+00
-3.72877764299999992e+00 2.65972225900000003e+00 1.14785000000000004e+00
-3.74699744700000004e+00 2.70067236499999996e+00 1.24510000000000010e+00
-3.77419252799999994e+00 2.74269233299999993e+00 1.33976000000000006e+00
-3.81140309199999994e+00 2.78552433800000010e+00 1.43054999999999999e+00
-3.85922887499999989e+00 2.82875122999999995e+00 1.51601000000000008e+00
-3.91769533999999986e+00 2.87181055500000015e+00 1.59462999999999999e+00
-3.98646250499999999e+00 2.91404739999999984e+00 1.66486000000000001e+00
-4.06477494800000017e+00 2.95471514800000001e+00 1.72523000000000004e+00
-4.15131631399999979e+00 2.99314170599999985e+00 1.77471000000000001e+00
-4.24417929600000043e+00 3.02899199299999999e+00 1.81360000000000010e+00
-4.34158394600000008e+00 3.06228303299999993e+00 1.84301000000000004e+00
-4.44313857599999995e+00 3.09185263899999985e+00 1.86004999999999998e+00
-4.54640554900000016e+00 3.11840189999999984e+00 1.86812000000000000e+00
-4.65057877400000041e+00 3.14285316100000012e+00 1.87010000000000010e+00
-4.75535585899999980e+00 3.16320678200000005e+00 1.86085999999999996e+00
-4.85962595300000011e+00 3.18112781899999986e+00 1.84553999999999996e+00
-4.96327269399999960e+00 3.19619799200000010e+00 1.82302999999999993e+00
-5.06533651700000043e+00 3.20818984099999982e+00 1.79336000000000007e+00
-5.16642602900000014e+00 3.21832426900000002e+00 1.75934999999999997e+00
-5.26444934600000014e+00 3.22464880799999998e+00 1.71711999999999998e+00
-5.36093735199999966e+00 3.22905443600000019e+00 1.67076000000000002e+00
-5.45326813999999960e+00 3.22972274699999984e+00 1.61699999999999999e+00
-5.54268032900000041e+00 3.22773906300000002e+00 1.55800999999999989e+00
-5.62946542500000024e+00 3.22385904500000020e+00 1.49557999999999991e+00
-5.71224809899999997e+00 3.21708345799999984e+00 1.42791000000000001e+00
-5.79356727600000010e+00 3.20942998900000021e+00 1.35880000000000001e+00
-5.86602457199999971e+00 3.19645044600000006e+00 1.28096000000000010e+00
-5.93848408000000028e+00 3.18348487200000019e+00 1.20310999999999990e+00
-6.00367642299999993e+00 3.16680919999999988e+00 1.11986999999999992e+00
-6.06734282599999997e+00 3.14935860599999984e+00 1.03547999999999996e+00
-6.12716249400000024e+00 3.13017621400000001e+00 9.48829999999999951e-01
-6.18318763200000010e+00 3.10927523099999981e+00 8.59940000000000038e-01
-6.23686037399999993e+00 3.08744385600000015e+00 7.69979999999999998e-01
-6.28150958199999998e+00 3.06202306200000018e+00 6.75969999999999960e-01
-6.32615878899999995e+00 3.03660226800000022e+00 5.81960000000000033e-01
-6.36358844000000001e+00 3.00863078800000006e+00 4.85559999999999992e-01
-6.40085116900000006e+00 2.98059983399999995e+00 3.89100000000000001e-01
-6.43210185900000031e+00 2.95063593300000004e+00 2.91150000000000020e-01
-6.46210028600000008e+00 2.92026899699999998e+00 1.92879999999999996e-01
-6.48529997500000022e+00 2.88792905200000005e+00 9.34900000000000037e-02
-6.50645033400000017e+00 2.85499015099999998e+00 -6.23999999999999989e-03
-6.52073515200000031e+00 2.82028927999999990e+00 -1.06530000000000000e-01
-6.53350964599999973e+00 2.78518329200000014e+00 -2.06940000000000013e-01
-6.53901207200000023e+00 2.74841551600000011e+00 -3.07410000000000017e-01
-6.54261009699999985e+00 2.71124060700000014e+00 -4.07770000000000021e-01
-6.54022510400000012e+00 2.67285839200000019e+00 -5.07770000000000055e-01
-6.53333138999999985e+00 2.63367253600000017e+00 -6.07160000000000033e-01
-6.52296790200000043e+00 2.59386928699999997e+00 -7.06089999999999995e-01
end
coil AAE23_SC_040 -0.00000000000000000e+00 none
-6.88393034499999956e+00 9.30243418800000055e-01 -7.21389999999999976e-01
-6.83982375799999964e+00 9.66503223899999986e-01 -8.08459999999999956e-01
-6.78949695499999972e+00 1.00213739200000007e+00 -8.92310000000000048e-01
-6.73333585800000023e+00 1.03700604800000007e+00 -9.72650000000000015e-01
-6.67161830900000030e+00 1.07096495800000002e+00 -1.04919999999999991e+00
-6.60396185799999991e+00 1.10372389299999996e+00 -1.12105000000000010e+00
-6.52830604700000006e+00 1.13447804399999996e+00 -1.18554000000000004e+00
-6.44500866899999991e+00 1.16268391499999990e+00 -1.24126000000000003e+00
-6.35649605700000020e+00 1.18860870099999993e+00 -1.28957000000000011e+00
-6.26320254500000040e+00 1.21187576399999997e+00 -1.32953000000000010e+00
-6.16577786299999975e+00 1.23206719199999992e+00 -1.36019000000000001e+00
-6.06513643899999977e+00 1.24880905900000005e+00 -1.38074000000000008e+00
-5.96237795099999968e+00 1.26167662100000011e+00 -1.39033000000000007e+00
-5.85875850199999970e+00 1.26987671599999996e+00 -1.38710000000000000e+00
-5.75568786400000043e+00 1.27417402900000010e+00 -1.37349999999999994e+00
-5.65403680499999961e+00 1.27513940600000009e+00 -1.35124000000000000e+00
-5.55449943099999999e+00 1.27290632499999989e+00 -1.32085999999999992e+00
-5.45712903100000002e+00 1.26821806200000009e+00 -1.28438000000000008e+00
-5.36203160300000015e+00 1.26133703700000011e+00 -1.24255000000000004e+00
-5.26891553100000021e+00 1.25281774300000004e+00 -1.19676999999999989e+00
-5.17691436399999994e+00 1.24342742199999989e+00 -1.14893000000000001e+00
-5.08540561299999982e+00 1.23366558199999998e+00 -1.10020999999999991e+00
-4.99485085299999998e+00 1.22323718200000009e+00 -1.04990999999999990e+00
-4.90544411599999997e+00 1.21201126100000001e+00 -9.97730000000000006e-01
-4.81691862400000037e+00 1.20020189400000010e+00 -9.44219999999999948e-01
-4.72909430899999972e+00 1.18793782799999992e+00 -8.89639999999999986e-01
-4.64193590400000033e+00 1.17526760700000010e+00 -8.34110000000000018e-01
-4.55562347600000006e+00 1.16206247900000004e+00 -7.77390000000000025e-01
-4.46999313899999962e+00 1.14846295099999995e+00 -7.19740000000000046e-01
-4.38488024799999998e+00 1.13455953199999993e+00 -6.61399999999999988e-01
-4.30145716300000025e+00 1.11970835000000002e+00 -6.00910000000000055e-01
-4.22014507100000014e+00 1.10372098699999999e+00 -5.37880000000000025e-01
-4.14150705399999985e+00 1.08640087300000010e+00 -4.71909999999999996e-01
-4.06615030800000010e+00 1.06755876699999996e+00 -4.02610000000000023e-01
-3.99481583300000009e+00 1.04699139599999991e+00 -3.29670000000000019e-01
-3.92831743900000019e+00 1.02454838799999992e+00 -2.52829999999999999e-01
-3.86750938800000021e+00 1.00010875800000010e+00 -1.72020000000000006e-01
-3.81333493499999987e+00 9.73616181200000042e-01 -8.72700000000000004e-02
-3.76644476099999981e+00 9.45110782199999999e-01 1.12999999999999993e-03
-3.72899146299999984e+00 9.14351852899999984e-01 9.32800000000000018e-02
-3.70195741999999983e+00 8.81620511199999957e-01 1.88230000000000008e-01
-3.68243450800000005e+00 8.47721001000000030e-01 2.84490000000000021e-01
-3.67102708200000016e+00 8.12672148999999955e-01 3.81869999999999987e-01
-3.67352859500000006e+00 7.76393989799999962e-01 4.79150000000000020e-01
-3.67992731700000020e+00 7.39770623500000002e-01 5.76409999999999978e-01
-3.69904359700000018e+00 7.02758134500000020e-01 6.71610000000000040e-01
-3.72137271699999994e+00 6.65644856500000048e-01 7.66299999999999981e-01
-3.75228707200000011e+00 6.28811269700000008e-01 8.58129999999999948e-01
-3.79338578499999990e+00 5.92319103400000047e-01 9.46559999999999957e-01
-3.83447640800000000e+00 5.55821059300000031e-01 1.03499000000000008e+00
-3.88911479499999979e+00 5.20785501600000034e-01 1.11616000000000004e+00
-3.94609349899999984e+00 4.86016443999999992e-01 1.19605999999999990e+00
-4.00935815800000039e+00 4.52514099000000003e-01 1.27098000000000000e+00
-4.08261903799999981e+00 4.21058227299999976e-01 1.33793999999999991e+00
-4.15887566900000039e+00 3.90616991099999977e-01 1.40144000000000002e+00
-4.24425410899999989e+00 3.63255622599999994e-01 1.45439000000000007e+00
-4.33361922400000044e+00 3.38147988100000019e-01 1.50028000000000006e+00
-4.42969278300000013e+00 3.16838943900000003e-01 1.53428999999999993e+00
-4.52918596700000009e+00 2.98904371900000021e-01 1.55834000000000006e+00
-4.63035275399999957e+00 2.83038629699999988e-01 1.57641000000000009e+00
-4.73340849600000002e+00 2.70646609699999985e-01 1.58462999999999998e+00
-4.83696485000000020e+00 2.61189327699999974e-01 1.58479999999999999e+00
-4.94057223899999975e+00 2.53907521600000019e-01 1.57912000000000008e+00
-5.04385877400000027e+00 2.49074869000000004e-01 1.56688000000000005e+00
-5.14605855599999984e+00 2.47099044699999992e-01 1.54720999999999997e+00
-5.24726296299999984e+00 2.46884535200000005e-01 1.52303999999999995e+00
-5.34735728099999985e+00 2.48385076799999993e-01 1.49449999999999994e+00
-5.44602100300000025e+00 2.51701546900000017e-01 1.46141999999999994e+00
-5.54289538499999956e+00 2.56919401900000011e-01 1.42365000000000008e+00
-5.63833379300000015e+00 2.63467211099999987e-01 1.38260999999999989e+00
-5.73226196300000002e+00 2.71328100100000025e-01 1.33843000000000001e+00
-5.82458723600000017e+00 2.80459470799999999e-01 1.29120999999999997e+00
-5.91512436300000033e+00 2.90912141299999982e-01 1.24085000000000001e+00
-6.00361016400000036e+00 3.02742113699999982e-01 1.18727000000000005e+00
-6.09022761100000043e+00 3.15748587099999978e-01 1.13100000000000001e+00
-6.17482672199999971e+00 3.29933838799999990e-01 1.07201999999999997e+00
-6.25723400199999968e+00 3.45332506599999978e-01 1.01029999999999998e+00
-6.33720023999999960e+00 3.61998380399999986e-01 9.45779999999999954e-01
-6.41447988799999980e+00 3.79963191699999980e-01 8.78380000000000050e-01
-6.48873404899999962e+00 3.99302094300000021e-01 8.08039999999999980e-01
-6.55961939999999988e+00 4.20062305899999988e-01 7.34680000000000000e-01
-6.62668087499999992e+00 4.42308742899999996e-01 6.58240000000000047e-01
-6.68950897499999986e+00 4.66077626500000008e-01 5.78729999999999967e-01
-6.74760230500000002e+00 4.91412573799999974e-01 4.96170000000000000e-01
-6.80050649300000032e+00 5.18292480700000002e-01 4.10669999999999980e-01
-6.84777746900000039e+00 5.46716088900000008e-01 3.22409999999999974e-01
-6.88887850299999993e+00 5.76639542000000005e-01 2.31610000000000010e-01
-6.92285382900000013e+00 6.08085352999999995e-01 1.38429999999999997e-01
-6.94916008199999968e+00 6.40967761400000002e-01 4.32700000000000029e-02
-6.96778170899999960e+00 6.75052976300000052e-01 -5.32600000000000018e-02
-6.97863774600000042e+00 7.10146204700000006e-01 -1.50620000000000004e-01
-6.98177293599999960e+00 7.46032742300000051e-01 -2.48230000000000006e-01
-6.97739818999999972e+00 7.82507363400000044e-01 -3.45569999999999988e-01
-6.96580822199999972e+00 8.19351568700000032e-01 -4.42180000000000017e-01
-6.94706250700000005e+00 8.56398435799999969e-01 -5.37569999999999992e-01
-6.92034413200000031e+00 8.93462345799999946e-01 -6.31050000000000000e-01
-6.88393034499999956e+00 9.30243418800000055e-01 -7.21389999999999976e-01
end
coil AAE23_SC_041 -0.00000000000000000e+00 none
-6.88393035899999983e+00 -9.30249008999999960e-01 7.21389999999999976e-01
-6.92035502999999963e+00 -8.93463768499999977e-01 6.31050000000000000e-01
-6.94705882600000013e+00 -8.56398913599999978e-01 5.37569999999999992e-01
-6.96581347399999995e+00 -8.19349376499999948e-01 4.42180000000000017e-01
-6.97739820999999960e+00 -7.82503009200000044e-01 3.45569999999999988e-01
-6.98177839800000033e+00 -7.46033305900000054e-01 2.48230000000000006e-01
-6.97863485500000014e+00 -7.10147444700000019e-01 1.50620000000000004e-01
-6.96778441300000040e+00 -6.75052668600000016e-01 5.32600000000000018e-02
-6.94915786199999985e+00 -6.40959951100000036e-01 -4.32700000000000029e-02
-6.92285581800000038e+00 -6.08092845599999987e-01 -1.38429999999999997e-01
-6.88887745899999970e+00 -5.76637360999999959e-01 -2.31610000000000010e-01
-6.84777708000000018e+00 -5.46709926000000013e-01 -3.22409999999999974e-01
-6.80050899699999967e+00 -5.18297027499999952e-01 -4.10669999999999980e-01
-6.74760108799999969e+00 -4.91410681199999977e-01 -4.96159999999999990e-01
-6.68950696599999972e+00 -4.66079777099999981e-01 -5.78729999999999967e-01
-6.62668467000000039e+00 -4.42305269200000017e-01 -6.58240000000000047e-01
-6.55961063099999997e+00 -4.20062387900000000e-01 -7.34680000000000000e-01
-6.48874364599999964e+00 -3.99302093000000025e-01 -8.08039999999999980e-01
-6.41448663999999980e+00 -3.79966495100000023e-01 -8.78380000000000050e-01
-6.33720651400000001e+00 -3.61999157800000027e-01 -9.45779999999999954e-01
-6.25722825999999976e+00 -3.45337008000000001e-01 -1.01029999999999998e+00
-6.17483054700000000e+00 -3.29938271599999999e-01 -1.07201999999999997e+00
-6.09023029100000013e+00 -3.15744235099999992e-01 -1.13100000000000001e+00
-6.00360762199999964e+00 -3.02747632200000005e-01 -1.18727000000000005e+00
-5.91512503700000014e+00 -2.90916926600000014e-01 -1.24085000000000001e+00
-5.82459128100000001e+00 -2.80465238999999977e-01 -1.29120999999999997e+00
-5.73225929400000034e+00 -2.71332402600000022e-01 -1.33843000000000001e+00
-5.63832981300000036e+00 -2.63471459799999974e-01 -1.38260999999999989e+00
-5.54289840199999961e+00 -2.56911864599999984e-01 -1.42365000000000008e+00
-5.44601429600000042e+00 -2.51704370399999988e-01 -1.46141999999999994e+00
-5.34734933300000037e+00 -2.48384056800000003e-01 -1.49449999999999994e+00
-5.24726453600000031e+00 -2.46886397300000004e-01 -1.52303999999999995e+00
-5.14605550899999997e+00 -2.47107867900000000e-01 -1.54720999999999997e+00
-5.04385972000000038e+00 -2.49084559799999994e-01 -1.56688000000000005e+00
-4.94056857200000010e+00 -2.53908950099999975e-01 -1.57912000000000008e+00
-4.83696598600000005e+00 -2.61196896199999973e-01 -1.58479999999999999e+00
-4.73340059800000024e+00 -2.70645656000000012e-01 -1.58462999999999998e+00
-4.63035066299999976e+00 -2.83032579999999978e-01 -1.57641000000000009e+00
-4.52919003500000006e+00 -2.98904589200000015e-01 -1.55834000000000006e+00
-4.42969442299999994e+00 -3.16830113299999994e-01 -1.53428999999999993e+00
-4.33361373400000005e+00 -3.38145873500000027e-01 -1.50028000000000006e+00
-4.24425624100000043e+00 -3.63254142300000027e-01 -1.45439000000000007e+00
-4.15888106800000035e+00 -3.90611129900000020e-01 -1.40144000000000002e+00
-4.08262402099999999e+00 -4.21058904999999983e-01 -1.33793999999999991e+00
-4.00936396100000003e+00 -4.52518296900000006e-01 -1.27098000000000000e+00
-3.94609817399999985e+00 -4.86011656299999983e-01 -1.19605999999999990e+00
-3.88911565399999981e+00 -5.20786555900000003e-01 -1.11616000000000004e+00
-3.83448349199999994e+00 -5.55819168299999999e-01 -1.03499000000000008e+00
-3.79338666999999985e+00 -5.92315442900000044e-01 -9.46559999999999957e-01
-3.75228175700000000e+00 -6.28817595300000032e-01 -8.58119999999999994e-01
-3.72137705600000013e+00 -6.65646644900000028e-01 -7.66299999999999981e-01
-3.69904115199999994e+00 -7.02751817799999956e-01 -6.71610000000000040e-01
-3.67993287899999988e+00 -7.39773983099999977e-01 -5.76409999999999978e-01
-3.67352416200000009e+00 -7.76394906599999990e-01 -4.79150000000000020e-01
-3.67102915800000007e+00 -8.12669208199999993e-01 -3.81869999999999987e-01
-3.68243029500000008e+00 -8.47722340200000035e-01 -2.84490000000000021e-01
-3.70195390200000007e+00 -8.81620654400000037e-01 -1.88230000000000008e-01
-3.72898607700000007e+00 -9.14352829200000050e-01 -9.32800000000000018e-02
-3.76643939300000019e+00 -9.45112990499999972e-01 -1.12999999999999993e-03
-3.81334203099999991e+00 -9.73618351399999971e-01 8.72700000000000004e-02
-3.86751395900000006e+00 -1.00011784299999995e+00 1.72020000000000006e-01
-3.92831997999999993e+00 -1.02455381699999992e+00 2.52829999999999999e-01
-3.99481898800000002e+00 -1.04699198999999998e+00 3.29670000000000019e-01
-4.06614704800000037e+00 -1.06755326199999989e+00 4.02619999999999978e-01
-4.14149755000000042e+00 -1.08640340600000007e+00 4.71909999999999996e-01
-4.22014769200000028e+00 -1.10372146800000004e+00 5.37880000000000025e-01
-4.30145039000000029e+00 -1.11970564699999997e+00 6.00910000000000055e-01
-4.38487839600000040e+00 -1.13456596300000001e+00 6.61399999999999988e-01
-4.46999711800000021e+00 -1.14846983800000002e+00 7.19740000000000046e-01
-4.55562254899999974e+00 -1.16206736999999993e+00 7.77390000000000025e-01
-4.64193412599999977e+00 -1.17526527299999994e+00 8.34110000000000018e-01
-4.72910174300000019e+00 -1.18794011199999994e+00 8.89639999999999986e-01
-4.81691581499999977e+00 -1.20019471700000002e+00 9.44219999999999948e-01
-4.90544472799999998e+00 -1.21200412399999990e+00 9.97730000000000006e-01
-4.99485249800000020e+00 -1.22323680600000007e+00 1.04990999999999990e+00
-5.08541861500000003e+00 -1.23366498299999994e+00 1.10020999999999991e+00
-5.17691288999999966e+00 -1.24343117399999992e+00 1.14893000000000001e+00
-5.26891905799999982e+00 -1.25281309200000002e+00 1.19676999999999989e+00
-5.36203433799999996e+00 -1.26133975099999995e+00 1.24255000000000004e+00
-5.45712886799999985e+00 -1.26821826800000004e+00 1.28438000000000008e+00
-5.55450287399999976e+00 -1.27290914000000011e+00 1.32085999999999992e+00
-5.65403443900000013e+00 -1.27514248600000002e+00 1.35124000000000000e+00
-5.75569083199999998e+00 -1.27417572099999998e+00 1.37349999999999994e+00
-5.85875602000000040e+00 -1.26987395999999997e+00 1.38710000000000000e+00
-5.96238036000000005e+00 -1.26168024000000001e+00 1.39033000000000007e+00
-6.06513570799999968e+00 -1.24880278700000003e+00 1.38074000000000008e+00
-6.16578136299999979e+00 -1.23206886000000004e+00 1.36017999999999994e+00
-6.26319519599999985e+00 -1.21187346899999993e+00 1.32953000000000010e+00
-6.35649108600000012e+00 -1.18861320600000009e+00 1.28957000000000011e+00
-6.44500494399999990e+00 -1.16268403399999998e+00 1.24126000000000003e+00
-6.52830868499999983e+00 -1.13448350100000006e+00 1.18554000000000004e+00
-6.60395638800000029e+00 -1.10372443900000006e+00 1.12105000000000010e+00
-6.67161546600000044e+00 -1.07096986400000005e+00 1.04919999999999991e+00
-6.73333826400000035e+00 -1.03700302400000011e+00 9.72650000000000015e-01
-6.78950400100000007e+00 -1.00214171399999996e+00 8.92310000000000048e-01
-6.83982882799999992e+00 -9.66505638400000033e-01 8.08459999999999956e-01
-6.88393035899999983e+00 -9.30249008999999960e-01 7.21389999999999976e-01
end
coil AAE14_SC_042 -0.00000000000000000e+00 none
-6.52296784400000007e+00 -2.59385861400000017e+00 7.06089999999999995e-01
-6.53333667500000015e+00 -2.63366662199999979e+00 6.07160000000000033e-01
-6.54022456099999960e+00 -2.67285171000000021e+00 5.07770000000000055e-01
-6.54260595900000030e+00 -2.71124428900000014e+00 4.07770000000000021e-01
-6.53900917400000026e+00 -2.74841796699999996e+00 3.07410000000000017e-01
-6.53350837799999962e+00 -2.78518269100000015e+00 2.06940000000000013e-01
-6.52074004600000023e+00 -2.82028088800000010e+00 1.06530000000000000e-01
-6.50645735400000014e+00 -2.85499604899999992e+00 6.23999999999999989e-03
-6.48530493300000010e+00 -2.88792870900000009e+00 -9.34900000000000037e-02
-6.46209934200000014e+00 -2.92026412799999990e+00 -1.92879999999999996e-01
-6.43210277599999980e+00 -2.95063622099999989e+00 -2.91150000000000020e-01
-6.40084624699999960e+00 -2.98060113799999993e+00 -3.89100000000000001e-01
-6.36359643699999999e+00 -3.00862884199999980e+00 -4.85559999999999992e-01
-6.32615549999999960e+00 -3.03659763699999985e+00 -5.81960000000000033e-01
-6.28150847199999962e+00 -3.06201473600000007e+00 -6.75969999999999960e-01
-6.23685923100000039e+00 -3.08744580199999996e+00 -7.69979999999999998e-01
-6.18319356599999992e+00 -3.10927956700000019e+00 -8.59940000000000038e-01
-6.12716390000000022e+00 -3.13017333300000011e+00 -9.48829999999999951e-01
-6.06733766299999999e+00 -3.14936326300000013e+00 -1.03547999999999996e+00
-6.00367737699999982e+00 -3.16681478400000005e+00 -1.11986999999999992e+00
-5.93848674599999971e+00 -3.18348698199999980e+00 -1.20310999999999990e+00
-5.86602146400000013e+00 -3.19645830900000005e+00 -1.28096000000000010e+00
-5.79357014899999978e+00 -3.20943184900000000e+00 -1.35880000000000001e+00
-5.71224660100000037e+00 -3.21708407699999999e+00 -1.42791000000000001e+00
-5.62946627799999977e+00 -3.22385408699999987e+00 -1.49557999999999991e+00
-5.54268335600000039e+00 -3.22773499600000013e+00 -1.55800999999999989e+00
-5.45327294800000040e+00 -3.22971779700000017e+00 -1.61699999999999999e+00
-5.36093029500000018e+00 -3.22905977500000008e+00 -1.67076000000000002e+00
-5.26445017799999970e+00 -3.22464650600000002e+00 -1.71711999999999998e+00
-5.16642481399999998e+00 -3.21832755699999984e+00 -1.75934999999999997e+00
-5.06533101700000010e+00 -3.20819358299999990e+00 -1.79336000000000007e+00
-4.96327938900000021e+00 -3.19619685400000009e+00 -1.82302999999999993e+00
-4.85962425700000011e+00 -3.18112542499999984e+00 -1.84553999999999996e+00
-4.75535437799999983e+00 -3.16320033399999989e+00 -1.86085999999999996e+00
-4.65057908999999992e+00 -3.14286129200000008e+00 -1.87010000000000010e+00
-4.54640644100000024e+00 -3.11840092399999991e+00 -1.86812000000000000e+00
-4.44313763400000017e+00 -3.09185003800000002e+00 -1.86004999999999998e+00
-4.34158478799999958e+00 -3.06228485600000022e+00 -1.84301000000000004e+00
-4.24418107199999994e+00 -3.02898823499999992e+00 -1.81360000000000010e+00
-4.15131264399999989e+00 -2.99313817499999990e+00 -1.77471000000000001e+00
-4.06477196600000035e+00 -2.95471788700000015e+00 -1.72523000000000004e+00
-3.98646235600000010e+00 -2.91405030399999987e+00 -1.66486000000000001e+00
-3.91769363999999998e+00 -2.87181539000000008e+00 -1.59462999999999999e+00
-3.85922861699999986e+00 -2.82875681199999995e+00 -1.51601000000000008e+00
-3.81140150000000011e+00 -2.78552171800000004e+00 -1.43054999999999999e+00
-3.77419142299999999e+00 -2.74269385900000007e+00 -1.33976000000000006e+00
-3.74699826199999997e+00 -2.70067216900000018e+00 -1.24510000000000010e+00
-3.72877788600000004e+00 -2.65972082800000020e+00 -1.14785000000000004e+00
-3.71885160800000003e+00 -2.62001155000000008e+00 -1.04889999999999994e+00
-3.71668927300000007e+00 -2.58168230400000009e+00 -9.48930000000000051e-01
-3.72186513900000016e+00 -2.54484463799999983e+00 -8.48500000000000032e-01
-3.73401742499999978e+00 -2.50961307400000022e+00 -7.48110000000000053e-01
-3.74967921999999998e+00 -2.47523088800000002e+00 -6.47859999999999991e-01
-3.76700459800000020e+00 -2.44128400999999995e+00 -5.47740000000000005e-01
-3.78865689700000008e+00 -2.40849495600000019e+00 -4.48089999999999988e-01
-3.81562480900000001e+00 -2.37722077799999987e+00 -3.49250000000000005e-01
-3.84746281199999984e+00 -2.34742670900000006e+00 -2.51400000000000012e-01
-3.87936844300000017e+00 -2.31765766899999992e+00 -1.53570000000000012e-01
-3.91406672400000000e+00 -2.28878913100000014e+00 -5.64199999999999979e-02
-3.95266984800000021e+00 -2.26121202499999985e+00 3.96299999999999986e-02
-3.99334225800000020e+00 -2.23435641799999996e+00 1.35039999999999993e-01
-4.03281278800000020e+00 -2.20708851699999986e+00 2.30830000000000007e-01
-4.07121890700000044e+00 -2.17944441200000005e+00 3.26940000000000008e-01
-4.11560130199999996e+00 -2.15393528500000020e+00 4.21030000000000015e-01
-4.16429569499999985e+00 -2.13003980899999990e+00 5.13410000000000033e-01
-4.21560841999999969e+00 -2.10719620599999979e+00 6.04639999999999955e-01
-4.26877206099999995e+00 -2.08509678900000006e+00 6.94989999999999997e-01
-4.32298317299999990e+00 -2.06343532499999993e+00 7.84819999999999962e-01
-4.37940242600000040e+00 -2.04270349299999987e+00 8.73500000000000054e-01
-4.43949329600000020e+00 -2.02360559099999993e+00 9.60089999999999999e-01
-4.50363797300000002e+00 -2.00639545200000002e+00 1.04414000000000007e+00
-4.57119765900000008e+00 -1.99085735199999991e+00 1.12579999999999991e+00
-4.64402383300000032e+00 -1.97809352699999996e+00 1.20328999999999997e+00
-4.72383258799999961e+00 -1.96942818400000008e+00 1.27417000000000002e+00
-4.80951236100000035e+00 -1.96469242900000007e+00 1.33818999999999999e+00
-4.90026545599999963e+00 -1.96386014600000003e+00 1.39495999999999998e+00
-4.99501715999999973e+00 -1.96657497799999992e+00 1.44477000000000011e+00
-5.09293824099999970e+00 -1.97264831599999990e+00 1.48758999999999997e+00
-5.19357868400000022e+00 -1.98220934000000004e+00 1.52283999999999997e+00
-5.29622245699999983e+00 -1.99512316599999995e+00 1.55041999999999991e+00
-5.40018733700000020e+00 -2.01126742099999989e+00 1.57027000000000005e+00
-5.50482782499999956e+00 -2.03060430099999989e+00 1.58210999999999991e+00
-5.60942781999999962e+00 -2.05313493400000002e+00 1.58546000000000009e+00
-5.71316017400000042e+00 -2.07892877100000018e+00 1.57966999999999991e+00
-5.81494776500000032e+00 -2.10805146600000004e+00 1.56394999999999995e+00
-5.91346723100000027e+00 -2.14045092199999987e+00 1.53757000000000010e+00
-6.00719896499999972e+00 -2.17595804900000012e+00 1.50011000000000005e+00
-6.09457052199999971e+00 -2.21419493100000020e+00 1.45162999999999998e+00
-6.17429849400000030e+00 -2.25458601600000019e+00 1.39285999999999999e+00
-6.24558474999999991e+00 -2.29647511099999990e+00 1.32502000000000009e+00
-6.30823620999999957e+00 -2.33927321800000021e+00 1.24963000000000002e+00
-6.36258103599999991e+00 -2.38244525600000001e+00 1.16823000000000010e+00
-6.40928034399999991e+00 -2.42565922600000006e+00 1.08214000000000010e+00
-6.44783286799999988e+00 -2.46859947899999987e+00 9.91870000000000029e-01
-6.47829170500000018e+00 -2.51093078400000014e+00 8.98349999999999982e-01
-6.50306688000000044e+00 -2.55266973099999994e+00 8.02960000000000007e-01
-6.52296784400000007e+00 -2.59385861400000017e+00 7.06089999999999995e-01
end
coil AAE10_SC_043 -1.45476000000000000e+06 none
-5.28234821946000022e+00 -4.37083309121899966e+00 1.74495433399999983e-02
-5.27874434095299971e+00 -4.37288227321799994e+00 -7.15008086900000006e-02
-5.27100471971999962e+00 -4.37228186874899993e+00 -1.60225412000000011e-01
-5.25817776785100044e+00 -4.37023750484600004e+00 -2.48458953600000004e-01
-5.23985910773699981e+00 -4.36749595655599965e+00 -3.35488630800000021e-01
-5.21566512720499986e+00 -4.36468634950700007e+00 -4.21241332600000018e-01
-5.18536854242300027e+00 -4.36253993287799968e+00 -5.04959361800000006e-01
-5.14911066252000005e+00 -4.36129070116400008e+00 -5.86314234499999976e-01
-5.10749152002599960e+00 -4.36054522749000029e+00 -6.65177014199999972e-01
-5.06138507785700043e+00 -4.35970326057600044e+00 -7.41282581500000037e-01
-5.01076787719799999e+00 -4.35906236926799995e+00 -8.14565732900000006e-01
-4.95624256722000034e+00 -4.35812742984500012e+00 -8.85007124200000050e-01
-4.89959161188300030e+00 -4.35383044659300023e+00 -9.53741958900000020e-01
-4.84364216704900041e+00 -4.34140021927099973e+00 -1.02191720899999994e+00
-4.79024018571900001e+00 -4.31824095401499974e+00 -1.08926367399999990e+00
-4.74028810270499967e+00 -4.28391241504800036e+00 -1.15453905799999990e+00
-4.69158789715799962e+00 -4.24193645701499999e+00 -1.21624657500000000e+00
-4.63939746914600004e+00 -4.19782191400199967e+00 -1.27344174199999993e+00
-4.58358131384699963e+00 -4.15161516298899969e+00 -1.32528569800000007e+00
-4.52567768680899984e+00 -4.10155033986499973e+00 -1.37074944699999990e+00
-4.46604138511500004e+00 -4.04719616999900023e+00 -1.40860805300000003e+00
-4.40497997608599956e+00 -3.98914041364600003e+00 -1.43734869599999993e+00
-4.34101790223699968e+00 -3.92982644119700009e+00 -1.45563949300000006e+00
-4.27291550331200032e+00 -3.87276944158500003e+00 -1.46207221500000006e+00
-4.20158749360200012e+00 -3.81977370913299996e+00 -1.45566788399999991e+00
-4.12880370656299966e+00 -3.77241057734000007e+00 -1.43595856100000008e+00
-4.05649191423900035e+00 -3.73204901667899991e+00 -1.40304295200000007e+00
-3.98670111249000003e+00 -3.70016143484399995e+00 -1.35778514899999991e+00
-3.92113146742299978e+00 -3.67773933123599983e+00 -1.30180800399999996e+00
-3.86091238127300018e+00 -3.66537552168099978e+00 -1.23734147300000008e+00
-3.80653236786600013e+00 -3.66290316805400007e+00 -1.16681292299999995e+00
-3.75831628355699987e+00 -3.66834550196099984e+00 -1.09210786199999998e+00
-3.71795124864499993e+00 -3.67539912606300012e+00 -1.01302453600000009e+00
-3.69042743616999980e+00 -3.67515546571799989e+00 -9.28272620899999956e-01
-3.67776733798800004e+00 -3.67074915506199995e+00 -8.40209904600000002e-01
-3.68092596807499994e+00 -3.66403513254399993e+00 -7.51488013200000027e-01
-3.69962639939200022e+00 -3.65517031547499993e+00 -6.64789909000000012e-01
-3.73287473214700016e+00 -3.64149836776600022e+00 -5.83300031399999974e-01
-3.77834677768100002e+00 -3.61935689253300019e+00 -5.09989224300000044e-01
-3.83167082165200013e+00 -3.58849531220199980e+00 -4.45633867399999994e-01
-3.88841252380899993e+00 -3.55178349738400012e+00 -3.87553904599999999e-01
-3.94532090693299997e+00 -3.51189309867499988e+00 -3.31866703200000002e-01
-3.99950439183399986e+00 -3.47367797331699979e+00 -2.72389066100000021e-01
-4.05078429297700016e+00 -3.43144668323700008e+00 -2.13010172800000008e-01
-4.09674811628999969e+00 -3.38921148749200007e+00 -1.49478332999999991e-01
-4.13741176105799990e+00 -3.34269793417700001e+00 -8.53008159099999941e-02
-4.16813511407799986e+00 -3.29277767060500004e+00 -1.81966169400000002e-02
-4.18990700814800032e+00 -3.23630076484300000e+00 4.71862759699999967e-02
-4.20648731143599974e+00 -3.17538102588599980e+00 1.10011766999999996e-01
-4.22699090827100044e+00 -3.11160807285800001e+00 1.68760640399999995e-01
-4.24809294123399983e+00 -3.04808759809799978e+00 2.27517521700000003e-01
-4.26643274240499970e+00 -2.98562206042399980e+00 2.88294880099999984e-01
-4.27566969790700036e+00 -2.92620933980800002e+00 3.54058778700000021e-01
-4.27105607393900044e+00 -2.87397954893600005e+00 4.26058482299999985e-01
-4.25297946161500029e+00 -2.83340859324099981e+00 5.03287117299999975e-01
-4.22560566163199969e+00 -2.80682239606800010e+00 5.83763262700000007e-01
-4.19315116900899998e+00 -2.79393036807900019e+00 6.65754104100000021e-01
-4.15805106623500009e+00 -2.79353822085999992e+00 7.47589677000000008e-01
-4.12027341934499969e+00 -2.80513330990899989e+00 8.27430147700000007e-01
-4.08180181147499965e+00 -2.82596044281100012e+00 9.05019850500000000e-01
-4.04918934540499986e+00 -2.85129465666100002e+00 9.84019988200000029e-01
-4.02939818520500026e+00 -2.87914450637400021e+00 1.06625950899999999e+00
-4.02470613103900021e+00 -2.91138925304800011e+00 1.14916445699999992e+00
-4.03486491966000038e+00 -2.95005641128999985e+00 1.22877147299999989e+00
-4.05906130977700030e+00 -2.99546845606199996e+00 1.30145524799999990e+00
-4.09622591373099976e+00 -3.04625422126399981e+00 1.36460902099999992e+00
-4.14596634242399986e+00 -3.09888942052999994e+00 1.41648754599999993e+00
-4.20735510163900006e+00 -3.14947408119599981e+00 1.45647327999999998e+00
-4.27872916111000023e+00 -3.19460405481500009e+00 1.48480144199999997e+00
-4.35718798645700023e+00 -3.23284776005999985e+00 1.50253250699999996e+00
-4.43894596243899997e+00 -3.26711818438000012e+00 1.51150248399999998e+00
-4.52125118359700018e+00 -3.30131612024000010e+00 1.51298411800000010e+00
-4.60159816515499998e+00 -3.33919440042099991e+00 1.50745079099999990e+00
-4.67769237064100007e+00 -3.38374600576700013e+00 1.49478746799999995e+00
-4.74895058679600002e+00 -3.43338409217300011e+00 1.47478658299999998e+00
-4.81537819049999971e+00 -3.48611112570700010e+00 1.44763304900000001e+00
-4.87588137881799977e+00 -3.54206712716900007e+00 1.41379362500000005e+00
-4.92923797436599997e+00 -3.60140364046799988e+00 1.37401825100000008e+00
-4.97446773074099990e+00 -3.66377503256800008e+00 1.32940064600000007e+00
-5.01102885143600041e+00 -3.72911215165099996e+00 1.28097524599999990e+00
-5.03790556596200023e+00 -3.79713929938899986e+00 1.23028775000000001e+00
-5.05645275183800003e+00 -3.86681150580899979e+00 1.17785383299999991e+00
-5.07043943957100041e+00 -3.93558799649400015e+00 1.12301204000000010e+00
-5.08256579820599974e+00 -4.00190661988899965e+00 1.06492056600000007e+00
-5.09646074640100011e+00 -4.06351355308899986e+00 1.00206122299999989e+00
-5.11595257021499972e+00 -4.11683742462500035e+00 9.33417592700000021e-01
-5.13979066710400012e+00 -4.16162141401600039e+00 8.60160919799999979e-01
-5.16435518793100012e+00 -4.20034713076899990e+00 7.83724147499999968e-01
-5.18798963025299997e+00 -4.23421340494299958e+00 7.04798590999999974e-01
-5.21000020193199997e+00 -4.26375269397400025e+00 6.23652054699999958e-01
-5.22959846732400013e+00 -4.28945655806099957e+00 5.40776822700000048e-01
-5.24628897508099978e+00 -4.31186577559199957e+00 4.56066133900000004e-01
-5.26016836699299972e+00 -4.33047692996999967e+00 3.70161730799999977e-01
-5.27140204795700029e+00 -4.34506235237900018e+00 2.82965108700000023e-01
-5.27903619834000004e+00 -4.35648238814300015e+00 1.94931003699999994e-01
-5.28257529143800042e+00 -4.36520884652099994e+00 1.06373998100000006e-01
-5.28234821946000022e+00 -4.37083309121899966e+00 1.74495433399999983e-02
end
coil AAE29_SC_044 -1.45476000000000000e+06 none
-4.56443536933999994e+00 -5.02042986782799971e+00 2.78678482399999979e-03
-4.55844675785700026e+00 -5.02931217381000017e+00 -8.48906156800000034e-02
-4.54923531665400027e+00 -5.03540256219799964e+00 -1.72486975200000003e-01
-4.53821250883499960e+00 -5.03756418814300044e+00 -2.60086019399999979e-01
-4.52713605683799969e+00 -5.03429373505000033e+00 -3.47726933199999977e-01
-4.51561634803000000e+00 -5.02567397675499983e+00 -4.34835605299999983e-01
-4.50307525903200023e+00 -5.01184292223099970e+00 -5.21219862499999964e-01
-4.49098734719400028e+00 -4.99144572980500012e+00 -6.06252378700000039e-01
-4.48122016632100006e+00 -4.96275085932099991e+00 -6.89279826699999987e-01
-4.47252527668400024e+00 -4.92667175826099957e+00 -7.69401928900000032e-01
-4.46580281195800044e+00 -4.88264923355199976e+00 -8.45773240600000031e-01
-4.45869386061199968e+00 -4.83276079481499998e+00 -9.18236506299999977e-01
-4.44625731958599957e+00 -4.78032354355899969e+00 -9.88192380300000006e-01
-4.42781295595700009e+00 -4.72607953480000020e+00 -1.05547147099999994e+00
-4.39969256485099969e+00 -4.67294331951699959e+00 -1.12019668500000003e+00
-4.35966878325699980e+00 -4.62332790742900013e+00 -1.18132792100000006e+00
-4.30938414545000015e+00 -4.57668036506400000e+00 -1.23705962200000008e+00
-4.24869543993199983e+00 -4.53421091593799996e+00 -1.28519478500000006e+00
-4.17826831706400004e+00 -4.49673020738199991e+00 -1.32306780699999993e+00
-4.10057212289100015e+00 -4.46312693911499991e+00 -1.34828118300000011e+00
-4.01793988147200043e+00 -4.43364568836800022e+00 -1.35856906699999991e+00
-3.93322492003199997e+00 -4.40916034365899989e+00 -1.35308516699999992e+00
-3.84888093767799999e+00 -4.39222103825099985e+00 -1.33301426099999998e+00
-3.76702681684600016e+00 -4.38144102605699981e+00 -1.30172047699999993e+00
-3.68832466058000019e+00 -4.37471772010199977e+00 -1.26208573400000001e+00
-3.61357355235100020e+00 -4.36716621370300029e+00 -1.21571442500000004e+00
-3.54439184672600005e+00 -4.35315838275100031e+00 -1.16263869200000003e+00
-3.48277345398900007e+00 -4.33224130110999983e+00 -1.10295157899999996e+00
-3.43213167674699982e+00 -4.30202944649700036e+00 -1.03713904300000004e+00
-3.39512942874400014e+00 -4.26344656023599988e+00 -9.66786724099999994e-01
-3.37364068370699988e+00 -4.21880859258499985e+00 -8.93698191100000039e-01
-3.36926386073300010e+00 -4.17200905529599986e+00 -8.18890524700000011e-01
-3.38190006169900004e+00 -4.13010950230500029e+00 -7.42145053699999946e-01
-3.41148537357099979e+00 -4.09488271325600017e+00 -6.66747498799999949e-01
-3.45532456194999993e+00 -4.05897047432899960e+00 -5.98963435900000007e-01
-3.50657420876000003e+00 -4.01765676812399963e+00 -5.40071751900000008e-01
-3.55744014926699981e+00 -3.97702535178299987e+00 -4.80383682199999995e-01
-3.60670899529700018e+00 -3.93164368964100008e+00 -4.22826417800000021e-01
-3.65214625812299998e+00 -3.88043482605199985e+00 -3.67045805100000011e-01
-3.69213605336000006e+00 -3.82477192906599983e+00 -3.11240956999999985e-01
-3.72685803785899994e+00 -3.76754308331500010e+00 -2.53612347000000016e-01
-3.75935489780599985e+00 -3.71035561420200022e+00 -1.94645235299999997e-01
-3.79283302924699983e+00 -3.65302683954400020e+00 -1.36400377900000008e-01
-3.82708665650799995e+00 -3.59459765228699979e+00 -7.96677523299999940e-02
-3.86056130326100000e+00 -3.53391506631699981e+00 -2.49478487299999996e-02
-3.88912101407799993e+00 -3.47019778988099992e+00 2.91697134999999996e-02
-3.90707107245700014e+00 -3.40409220263300005e+00 8.49414953499999931e-02
-3.91027067096199987e+00 -3.33883699519800015e+00 1.44366938000000000e-01
-3.90076262964700016e+00 -3.27859895953000002e+00 2.08312674000000003e-01
-3.88065605969299998e+00 -3.22698514463700015e+00 2.77076304399999973e-01
-3.85361082861999993e+00 -3.18464127781100004e+00 3.49770285000000014e-01
-3.81604274097700014e+00 -3.15456349756399979e+00 4.23815620399999982e-01
-3.76816767521700013e+00 -3.13721098803199983e+00 4.95980558899999979e-01
-3.71342052716499982e+00 -3.13030615022399994e+00 5.64959770600000022e-01
-3.65584515207100003e+00 -3.13073873152599980e+00 6.31974551700000053e-01
-3.60181803555600011e+00 -3.13463451728900022e+00 7.01722420199999974e-01
-3.55722770403699995e+00 -3.14049023239899983e+00 7.77758922399999997e-01
-3.52451102163200014e+00 -3.14979802473300019e+00 8.59260935799999959e-01
-3.50425749574799994e+00 -3.16456253371300011e+00 9.43992550599999980e-01
-3.49632468173299982e+00 -3.18631324505200020e+00 1.02922564299999997e+00
-3.50034801169399978e+00 -3.21575967062999979e+00 1.11241435500000008e+00
-3.51644319621600010e+00 -3.25228805767300022e+00 1.19120472199999994e+00
-3.54371802135400005e+00 -3.29482446335300017e+00 1.26364754000000001e+00
-3.57996668051100020e+00 -3.34264638234399980e+00 1.32849212900000002e+00
-3.62358388632199979e+00 -3.39464023576700002e+00 1.38506107400000000e+00
-3.67530501802700016e+00 -3.44786629300400005e+00 1.43291364999999993e+00
-3.73468079246400020e+00 -3.50030460326500004e+00 1.47201131399999996e+00
-3.79711529724700014e+00 -3.55461045981799995e+00 1.50292601100000001e+00
-3.85840008725299999e+00 -3.61380130758599982e+00 1.52594120899999997e+00
-3.91707883910199994e+00 -3.67819679794299992e+00 1.54095584599999991e+00
-3.97196393100999989e+00 -3.74695989424500020e+00 1.54783606000000007e+00
-4.02266149071300028e+00 -3.81931730617499987e+00 1.54670218000000004e+00
-4.06850204888100020e+00 -3.89436251569500014e+00 1.53781075699999992e+00
-4.10801303393099992e+00 -3.97164267958600004e+00 1.52165311900000000e+00
-4.14102749823899963e+00 -4.05033745482000018e+00 1.49884666299999991e+00
-4.17026645132400020e+00 -4.12855168166000031e+00 1.46985226500000010e+00
-4.19792338805499998e+00 -4.20478690361800034e+00 1.43505092700000003e+00
-4.22545255183699986e+00 -4.27834993108599981e+00 1.39462432200000008e+00
-4.25385860273199956e+00 -4.34834048787999983e+00 1.34888033899999993e+00
-4.28312550085099986e+00 -4.41451135878399992e+00 1.29813495799999989e+00
-4.31312775139800042e+00 -4.47650771084599963e+00 1.24282243100000001e+00
-4.34459651811900027e+00 -4.53361949750599980e+00 1.18324034999999994e+00
-4.37784374277899957e+00 -4.58535430731200044e+00 1.11971359499999989e+00
-4.41070795052100006e+00 -4.63269700827599973e+00 1.05291023900000003e+00
-4.44072298153900036e+00 -4.67762245462899973e+00 9.82930533999999967e-01
-4.46754161120700033e+00 -4.72010602449800043e+00 9.10374739800000055e-01
-4.49168895216399999e+00 -4.75997556138200029e+00 8.35259036700000013e-01
-4.51238373709299978e+00 -4.79758359630799980e+00 7.58153013199999948e-01
-4.52910938667699980e+00 -4.83346896628400025e+00 6.79084104099999974e-01
-4.54281089108200042e+00 -4.86681150594800016e+00 5.98435221300000042e-01
-4.55475128156899967e+00 -4.89672273476400033e+00 5.16277416700000047e-01
-4.56477652810299972e+00 -4.92335657955699979e+00 4.32634373899999980e-01
-4.57181597513500027e+00 -4.94738381172300024e+00 3.47887754900000012e-01
-4.57472169409799978e+00 -4.96953852031199972e+00 2.62437444299999989e-01
-4.57300597992800029e+00 -4.99015459714300036e+00 1.76521934800000002e-01
-4.56882755858700040e+00 -5.00765932158800009e+00 9.01240613200000040e-02
-4.56443536933999994e+00 -5.02042986782799971e+00 2.78678482399999979e-03
end
coil AAE38_SC_045 -1.45476000000000000e+06 none
-3.89745027688499990e+00 -5.46221674454499961e+00 3.63268553800000019e-02
-3.92233520563500004e+00 -5.45551715613799981e+00 -4.80547979299999969e-02
-3.94392656560100008e+00 -5.44545530936400013e+00 -1.33002260200000000e-01
-3.96584960872699988e+00 -5.43005969264499999e+00 -2.17047761899999997e-01
-3.98809148847599992e+00 -5.40967936044499975e+00 -2.99954731699999977e-01
-4.01171952525100028e+00 -5.38400150746099992e+00 -3.81031338399999975e-01
-4.03409870590799979e+00 -5.35481394549900003e+00 -4.61159949999999985e-01
-4.05095580537799993e+00 -5.32437636667699987e+00 -5.42218334199999985e-01
-4.06040831244300016e+00 -5.29332573248099969e+00 -6.24303358699999977e-01
-4.06049367579399956e+00 -5.26228503635799960e+00 -7.06884603200000017e-01
-4.05182028124900029e+00 -5.23035784128000003e+00 -7.88588002899999974e-01
-4.03364561474900007e+00 -5.19731178771100044e+00 -8.68414351700000031e-01
-4.00268774188400034e+00 -5.16505725994000020e+00 -9.44419961899999993e-01
-3.95800308595299999e+00 -5.13439444576899984e+00 -1.01402675699999989e+00
-3.90042676974600022e+00 -5.10532714840500024e+00 -1.07429228500000007e+00
-3.83203006244800015e+00 -5.07742409814500029e+00 -1.12246628300000006e+00
-3.75528005602599979e+00 -5.05056415324999985e+00 -1.15657041999999999e+00
-3.67270722278199990e+00 -5.02590339734500002e+00 -1.17572795600000002e+00
-3.58661393621399993e+00 -5.00726239193900025e+00 -1.18021257599999996e+00
-3.49911301586800016e+00 -4.99967261251000039e+00 -1.17200982199999992e+00
-3.41245921023500021e+00 -4.99935894418500038e+00 -1.15551869899999993e+00
-3.32728251587300017e+00 -4.99116292749800028e+00 -1.13389370999999994e+00
-3.24721028963999991e+00 -4.96635792236599993e+00 -1.10643044699999993e+00
-3.17594295652699987e+00 -4.92899054493900035e+00 -1.07033591600000011e+00
-3.11583213641499990e+00 -4.88544039480600034e+00 -1.02260499500000002e+00
-3.06785875555799992e+00 -4.84345010411199972e+00 -9.61666465600000020e-01
-3.03563337664499988e+00 -4.80097730352400021e+00 -8.91339521699999970e-01
-3.01914839004199997e+00 -4.75042029385099962e+00 -8.20966165700000028e-01
-3.01380997817300011e+00 -4.68809617814299973e+00 -7.58739591400000024e-01
-3.01992140792600017e+00 -4.61582394884799996e+00 -7.08505398000000008e-01
-3.04030238941300013e+00 -4.53999963850499988e+00 -6.68307024900000046e-01
-3.07319448934000006e+00 -4.46715494283600023e+00 -6.30946366900000055e-01
-3.11538361473199998e+00 -4.40092583064199960e+00 -5.90738726200000008e-01
-3.16439751554000015e+00 -4.34140751238300027e+00 -5.47858385199999964e-01
-3.21219699449900009e+00 -4.28553081817899972e+00 -4.99112188000000012e-01
-3.25405772013299988e+00 -4.22880142542099957e+00 -4.46135897399999981e-01
-3.28776332923699988e+00 -4.16759873203699982e+00 -3.92250906999999982e-01
-3.31412731771199986e+00 -4.10131060118700042e+00 -3.40386099499999983e-01
-3.33773312105700004e+00 -4.03163407236599980e+00 -2.91638284199999986e-01
-3.36628993976299995e+00 -3.96163802963100009e+00 -2.46207449299999992e-01
-3.40373449952399998e+00 -3.89429304259900011e+00 -2.03194236299999997e-01
-3.43633025406799986e+00 -3.82795978190800001e+00 -1.55061923600000012e-01
-3.45791713391100020e+00 -3.76279692778800001e+00 -9.96242936500000009e-02
-3.46401476802800001e+00 -3.69950030120500006e+00 -3.84543599799999983e-02
-3.45574852323200021e+00 -3.63827085160500019e+00 2.44855574900000005e-02
-3.43230722961500012e+00 -3.58001733306300007e+00 8.64963690400000068e-02
-3.39481293258400019e+00 -3.52686532323000002e+00 1.46050049799999998e-01
-3.34703487321299997e+00 -3.48011587365799979e+00 2.03642462999999996e-01
-3.29341958186300010e+00 -3.43982199073600015e+00 2.60963036599999976e-01
-3.23528347370399993e+00 -3.40701883952199980e+00 3.18597383700000014e-01
-3.17326702619500001e+00 -3.38250668652199993e+00 3.76446650200000010e-01
-3.10910766886900003e+00 -3.36604347051400010e+00 4.34665846999999994e-01
-3.04978865669000010e+00 -3.35404403699600007e+00 4.98840449600000013e-01
-2.99783256695400002e+00 -3.34734898565399996e+00 5.69793616699999950e-01
-2.95267980375599981e+00 -3.34797037036600020e+00 6.45631270500000021e-01
-2.91562620130300010e+00 -3.35646664186700017e+00 7.25226004200000052e-01
-2.88773467342199996e+00 -3.37294100561999999e+00 8.07282821599999978e-01
-2.86835183758199985e+00 -3.39746788093200003e+00 8.89785658999999951e-01
-2.85669995012899980e+00 -3.42974976941499987e+00 9.71044803900000031e-01
-2.85383581526000007e+00 -3.46882263436600002e+00 1.05013872099999994e+00
-2.85859383191899985e+00 -3.51411945418099991e+00 1.12560114899999997e+00
-2.87240919400900019e+00 -3.56437561860599983e+00 1.19681402799999992e+00
-2.89524894307100000e+00 -3.61842518983700012e+00 1.26269180399999992e+00
-2.92095461931000022e+00 -3.67794776195600015e+00 1.32250439799999997e+00
-2.94475945908299996e+00 -3.74430514149800020e+00 1.37565566800000005e+00
-2.96883598301999996e+00 -3.81560478674400017e+00 1.42158353200000009e+00
-2.99618891498999984e+00 -3.89014766957400004e+00 1.46018898599999991e+00
-3.02862722336100010e+00 -3.96607513302200010e+00 1.49106999600000001e+00
-3.06790195376300012e+00 -4.04167081610899981e+00 1.51397810099999997e+00
-3.11217427977000005e+00 -4.11651297607900002e+00 1.52868073099999990e+00
-3.15903492389699991e+00 -4.19107314471600034e+00 1.53521966299999990e+00
-3.20719650822700020e+00 -4.26488383770699997e+00 1.53375038500000005e+00
-3.25587156687599988e+00 -4.33788969177300032e+00 1.52458314200000000e+00
-3.30382257326400008e+00 -4.41019729692099993e+00 1.50809349000000004e+00
-3.34968096457199982e+00 -4.48173221708599989e+00 1.48479746999999995e+00
-3.39285603466099994e+00 -4.55272786966699972e+00 1.45509358900000008e+00
-3.43263074802699997e+00 -4.62305296336300042e+00 1.41949391599999997e+00
-3.46859328582899984e+00 -4.69239738226200043e+00 1.37857760099999993e+00
-3.50040431873699998e+00 -4.76079170078500002e+00 1.33277095100000009e+00
-3.52809435022899986e+00 -4.82788060067700009e+00 1.28261207500000007e+00
-3.55186483913700002e+00 -4.89337678207799964e+00 1.22857523599999996e+00
-3.57248840730499984e+00 -4.95695061745600007e+00 1.17099892200000011e+00
-3.59084545739600003e+00 -5.01823023168500004e+00 1.11018212100000002e+00
-3.60800290676999991e+00 -5.07677324504300032e+00 1.04641713000000003e+00
-3.62513909089800013e+00 -5.13209803873999970e+00 9.79965794700000004e-01
-3.64339504841600004e+00 -5.18388845709499968e+00 9.10870260599999981e-01
-3.66353394014699996e+00 -5.23166471250899967e+00 8.39433635300000036e-01
-3.68432075574999995e+00 -5.27572814863099993e+00 7.65909673699999960e-01
-3.70430171804100006e+00 -5.31657009532800018e+00 6.90351039900000019e-01
-3.72420037022199990e+00 -5.35373125943400030e+00 6.12788699100000001e-01
-3.74492593844099986e+00 -5.38641267840100024e+00 5.33570148000000022e-01
-3.76699212224899993e+00 -5.41408551169400010e+00 4.52715687199999994e-01
-3.79070950892200020e+00 -5.43607098694799973e+00 3.70654934599999986e-01
-3.81698650491200020e+00 -5.45138407901299971e+00 2.87918458699999991e-01
-3.84414416506300016e+00 -5.46061581354500003e+00 2.04432523199999994e-01
-3.87169109018299995e+00 -5.46378483391100023e+00 1.20636243700000007e-01
-3.89745027688499990e+00 -5.46221674454499961e+00 3.63268553800000019e-02
end
coil AAE47_SC_046 -1.45476000000000000e+06 none
-3.39417717330600022e+00 -5.72215908234900006e+00 3.18753746400000024e-02
-3.43669040801200021e+00 -5.71840142875899993e+00 -4.63584191500000034e-02
-3.47295895302299984e+00 -5.71172649219099959e+00 -1.27464878799999987e-01
-3.49955681644299998e+00 -5.70367633356099990e+00 -2.12082220699999990e-01
-3.51323136870699981e+00 -5.69589278650200015e+00 -2.99798396700000025e-01
-3.51312853054899987e+00 -5.68900377700999993e+00 -3.88635120999999972e-01
-3.49871168186900006e+00 -5.68369586497799961e+00 -4.76436617399999984e-01
-3.46942612647500015e+00 -5.68079958272199992e+00 -5.60500341699999960e-01
-3.42509819280199990e+00 -5.68098844194700003e+00 -6.37805176400000007e-01
-3.36809218597699989e+00 -5.68306546122799983e+00 -7.06210498000000020e-01
-3.30075784866600008e+00 -5.68513794124699956e+00 -7.64527188400000002e-01
-3.22459186332199987e+00 -5.68597276065499990e+00 -8.10847304599999985e-01
-3.14158019110500009e+00 -5.68486465451699985e+00 -8.43235471399999992e-01
-3.05430114324899993e+00 -5.68195184405700005e+00 -8.60736980600000035e-01
-2.96532182899299990e+00 -5.67792954575999964e+00 -8.64006078600000005e-01
-2.87686224310299998e+00 -5.67080133578399970e+00 -8.56222056000000009e-01
-2.79093690997500010e+00 -5.65128246693299996e+00 -8.42726270000000000e-01
-2.71125774319500001e+00 -5.61594973802000030e+00 -8.24317421599999989e-01
-2.63990133069099997e+00 -5.56788435101699974e+00 -8.01220802100000018e-01
-2.57790786581700004e+00 -5.50848864273700034e+00 -7.77368948799999959e-01
-2.52609217057400004e+00 -5.43865827218400000e+00 -7.57881605999999985e-01
-2.48671747955300004e+00 -5.35970191757099990e+00 -7.45282051999999973e-01
-2.46297550160499990e+00 -5.27429014998400003e+00 -7.36638867300000055e-01
-2.45466320009900008e+00 -5.18611208730500017e+00 -7.27054068499999984e-01
-2.46177436655800008e+00 -5.09820052212999997e+00 -7.14296083699999973e-01
-2.48265996963400015e+00 -5.01309143912499966e+00 -6.98249362400000018e-01
-2.51645709917099980e+00 -4.93269480451700026e+00 -6.80021746700000040e-01
-2.55879439803800013e+00 -4.85660337809200016e+00 -6.61036838100000024e-01
-2.60546623600599991e+00 -4.78308514008400021e+00 -6.42136441200000019e-01
-2.65276856765600000e+00 -4.71002752761299970e+00 -6.23090778400000045e-01
-2.69868317994800000e+00 -4.63645934864600040e+00 -6.02680429700000020e-01
-2.74035454705100001e+00 -4.56156730262599996e+00 -5.78390463399999999e-01
-2.77941675627700002e+00 -4.48748196460199988e+00 -5.47909209700000011e-01
-2.81561546854999989e+00 -4.41545337041999986e+00 -5.09963223700000023e-01
-2.85795135607699979e+00 -4.34926652015500004e+00 -4.67947451000000014e-01
-2.89735677025299987e+00 -4.28344818499399960e+00 -4.22680122599999986e-01
-2.92870874062599995e+00 -4.21457578358300022e+00 -3.75635333299999985e-01
-2.94711471510299994e+00 -4.14133319033699987e+00 -3.28319357400000011e-01
-2.94980564809099999e+00 -4.06521318333799986e+00 -2.82078106800000006e-01
-2.93493260202999995e+00 -3.98939929245800018e+00 -2.37698387099999991e-01
-2.90378744862900007e+00 -3.91738756803799992e+00 -1.95412843700000005e-01
-2.85729327623899998e+00 -3.85243685474799991e+00 -1.56045665000000000e-01
-2.79582296875000003e+00 -3.79761026210000008e+00 -1.21918128599999995e-01
-2.72431662312799983e+00 -3.75287309136900005e+00 -9.34626844800000023e-02
-2.64874857760799998e+00 -3.71405572421899999e+00 -6.64228338400000007e-02
-2.57335686448600010e+00 -3.67799738017800015e+00 -3.55883712899999968e-02
-2.50118387793799979e+00 -3.64352679884200015e+00 3.75417234000000001e-03
-2.43475137084999993e+00 -3.61174499806700000e+00 5.38809128499999970e-02
-2.37435542658800003e+00 -3.58479068500900011e+00 1.13574852899999995e-01
-2.31962463505700001e+00 -3.56399394251099988e+00 1.80756533299999994e-01
-2.27134169676600006e+00 -3.54970851198799986e+00 2.54219115300000020e-01
-2.23024852499100001e+00 -3.54199139308600008e+00 3.32902353900000003e-01
-2.19672345887000020e+00 -3.54083289894500020e+00 4.15517101100000008e-01
-2.17081928287599979e+00 -3.54615537104199996e+00 5.00618719500000031e-01
-2.15263472265500022e+00 -3.55778488407799998e+00 5.87038428900000020e-01
-2.14228238036000018e+00 -3.57548086200200022e+00 6.73710826300000010e-01
-2.13947592501799999e+00 -3.59905127655600010e+00 7.59645091899999958e-01
-2.14270399546300006e+00 -3.62852413604599988e+00 8.43632726299999969e-01
-2.14957468038599986e+00 -3.66441213774800012e+00 9.24904669000000013e-01
-2.15912213040500012e+00 -3.70689742737399985e+00 1.00263706200000002e+00
-2.17192495001400010e+00 -3.75563360823099979e+00 1.07611424500000008e+00
-2.18776357823300005e+00 -3.81037278972099980e+00 1.14459348499999991e+00
-2.20621838379399993e+00 -3.87085063861999989e+00 1.20738038000000003e+00
-2.22826851314500018e+00 -3.93605333548600012e+00 1.26384274800000007e+00
-2.25586558731199993e+00 -4.00461462355200037e+00 1.31375184099999998e+00
-2.28833268674500001e+00 -4.07565375329900004e+00 1.35666921499999993e+00
-2.32279770983500011e+00 -4.14961056225199965e+00 1.39227624400000005e+00
-2.35626315393500008e+00 -4.22745036653399975e+00 1.42015147199999991e+00
-2.38620655165899986e+00 -4.30901514582200029e+00 1.43946523200000009e+00
-2.41245752951699988e+00 -4.39360489624599992e+00 1.44988418600000002e+00
-2.43583484638099979e+00 -4.47958014345899969e+00 1.45143201699999991e+00
-2.45517041231199995e+00 -4.56614404135700003e+00 1.44397809599999993e+00
-2.46925834729400018e+00 -4.65258429651099981e+00 1.42751962999999993e+00
-2.47889684329999982e+00 -4.73768015887899985e+00 1.40278419499999996e+00
-2.48662596419700010e+00 -4.82052381079599979e+00 1.37106277900000006e+00
-2.49511606185299994e+00 -4.90089904227400019e+00 1.33359547099999998e+00
-2.50809539538199999e+00 -4.97858111480099996e+00 1.29188861699999991e+00
-2.52814925272799984e+00 -5.05310800610099964e+00 1.24732749900000006e+00
-2.55685455526099981e+00 -5.12367073332200018e+00 1.20117316900000004e+00
-2.59448293343599978e+00 -5.18943894107199988e+00 1.15417063500000006e+00
-2.63938778288799991e+00 -5.24970178796299969e+00 1.10639146499999996e+00
-2.68899962407600013e+00 -5.30478641152299968e+00 1.05686351799999989e+00
-2.74040651991399997e+00 -5.35537117615100033e+00 1.00452139500000004e+00
-2.78996057927300001e+00 -5.40306130571600018e+00 9.47979885400000000e-01
-2.83773275962799998e+00 -5.44796435513999988e+00 8.87617636400000021e-01
-2.88285048986100012e+00 -5.49055553516099959e+00 8.23690316400000011e-01
-2.92757567435999988e+00 -5.52990094332399984e+00 7.57471184999999991e-01
-2.97304781045400013e+00 -5.56562948201599994e+00 6.89583891099999957e-01
-3.01966410598299984e+00 -5.59742969413400004e+00 6.20704232300000047e-01
-3.06697140108399990e+00 -5.62576512657300043e+00 5.50619274700000050e-01
-3.11427178877399990e+00 -5.65087058721699975e+00 4.79435484999999995e-01
-3.16144832635499995e+00 -5.67272984501699984e+00 4.07171545299999993e-01
-3.20841759845699981e+00 -5.69123647411900002e+00 3.33712420299999979e-01
-3.25525754698800007e+00 -5.70590779257999969e+00 2.59301328499999983e-01
-3.30194730636999978e+00 -5.71626497179299964e+00 1.84091074399999999e-01
-3.34855726486000016e+00 -5.72167255808799968e+00 1.08425082100000000e-01
-3.39417717330600022e+00 -5.72215908234900006e+00 3.18753746400000024e-02
end
coil AAE56_SC_047 -1.45476000000000000e+06 none
-2.71926528800099998e+00 -6.04355226324399997e+00 -3.20663596400000001e-02
-2.67099231160600015e+00 -6.08212939525500040e+00 -9.55895915100000021e-02
-2.61084710596799985e+00 -6.11728302902000021e+00 -1.50260900199999992e-01
-2.54159162700099994e+00 -6.14599149248100041e+00 -1.97510329799999995e-01
-2.46552032853900016e+00 -6.16463925235099985e+00 -2.38927185799999997e-01
-2.38487101999700002e+00 -6.17212034715200009e+00 -2.74820717900000011e-01
-2.30274736416500003e+00 -6.17108538278499985e+00 -3.08056315199999986e-01
-2.22253654901700015e+00 -6.15900258318199967e+00 -3.43669098800000017e-01
-2.14411597767900020e+00 -6.13389038102800033e+00 -3.76304878399999987e-01
-2.06681424305500006e+00 -6.10165123429800005e+00 -4.05229364500000022e-01
-1.99618806508499991e+00 -6.06034410098799992e+00 -4.39228396000000021e-01
-1.93715243471399989e+00 -6.00840866429900000e+00 -4.80033721199999985e-01
-1.89104007823299991e+00 -5.94742524932599981e+00 -5.24734514399999963e-01
-1.85884478595200009e+00 -5.87864283389699960e+00 -5.70436572700000033e-01
-1.84082429358500010e+00 -5.80388551350400039e+00 -6.14456015599999961e-01
-1.83739069851999992e+00 -5.72508226340499959e+00 -6.54745703699999959e-01
-1.84861212664999996e+00 -5.64451837230199960e+00 -6.89865742900000023e-01
-1.87323752011199995e+00 -5.56467058499899991e+00 -7.19162366399999975e-01
-1.90930979792600009e+00 -5.48715793629100013e+00 -7.42629467800000054e-01
-1.94961692706200007e+00 -5.41078849984999977e+00 -7.62480232200000052e-01
-1.99284471464700008e+00 -5.33505512169500040e+00 -7.77913970199999971e-01
-2.03739455740900022e+00 -5.25907528090100040e+00 -7.87700154799999996e-01
-2.07973665334300017e+00 -5.18134449910500017e+00 -7.91383277600000046e-01
-2.11592435940500012e+00 -5.10049656696399989e+00 -7.89552638600000023e-01
-2.14956251988200009e+00 -5.01900181986199989e+00 -7.81184760000000034e-01
-2.18510529232200001e+00 -4.93925378986600006e+00 -7.66137096799999973e-01
-2.22040493069399991e+00 -4.86021680968199998e+00 -7.47173371699999977e-01
-2.25237427427900005e+00 -4.78014505375399956e+00 -7.26931972200000054e-01
-2.27884484525699982e+00 -4.69793578840800041e+00 -7.06956316500000015e-01
-2.29633795169899990e+00 -4.61307883052799994e+00 -6.88550851699999966e-01
-2.30137625665400014e+00 -4.52612177753599987e+00 -6.72308702499999966e-01
-2.29358196748000021e+00 -4.43917031456599975e+00 -6.57277220700000053e-01
-2.27280482084300006e+00 -4.35431378391800017e+00 -6.42712060200000046e-01
-2.23869615462100002e+00 -4.27363830560999958e+00 -6.29191780600000028e-01
-2.19058194183900001e+00 -4.19987603100500007e+00 -6.19337927799999965e-01
-2.13025352319999994e+00 -4.13515032050200038e+00 -6.15316465299999948e-01
-2.06587162184499995e+00 -4.07448061581999976e+00 -6.10840634200000010e-01
-2.00386272833900003e+00 -4.01262898172400018e+00 -5.97649868400000006e-01
-1.94602552401400009e+00 -3.95019455069600012e+00 -5.73060912700000036e-01
-1.89124111105699999e+00 -3.88978299774800007e+00 -5.38397006700000014e-01
-1.83896107132100006e+00 -3.83308365686299979e+00 -4.94762130999999994e-01
-1.79019379224400010e+00 -3.78102008375000009e+00 -4.42194238600000011e-01
-1.74600614556100009e+00 -3.73442032340400010e+00 -3.81220330599999990e-01
-1.70802524134400002e+00 -3.69375575937600020e+00 -3.12247223700000021e-01
-1.67253302556100003e+00 -3.65964802838800018e+00 -2.38630715500000007e-01
-1.63480667923500000e+00 -3.63249497950799993e+00 -1.63228324899999999e-01
-1.59960671247100006e+00 -3.61210015905299997e+00 -8.45281599500000008e-02
-1.56686611062299996e+00 -3.59846070030999998e+00 -3.26818841100000009e-03
-1.53507473394799998e+00 -3.59171805411400014e+00 7.91150816099999987e-02
-1.50579958012999993e+00 -3.59171207565700001e+00 1.62763659300000002e-01
-1.47783232370100004e+00 -3.59858875335699979e+00 2.46525690999999991e-01
-1.45439222236299992e+00 -3.61196700893999978e+00 3.30922183500000022e-01
-1.43543268319999995e+00 -3.63175480276900009e+00 4.15141360100000023e-01
-1.42065037504299996e+00 -3.65794267572900011e+00 4.98521159900000010e-01
-1.41091436581099994e+00 -3.69019688736899987e+00 5.80410425600000002e-01
-1.40761384151700009e+00 -3.72797535519800016e+00 6.60451142200000008e-01
-1.41326695833799998e+00 -3.77001850501300018e+00 7.38227741100000001e-01
-1.42845909349099998e+00 -3.81521080164900006e+00 8.13000396500000000e-01
-1.44841806023700004e+00 -3.86452608746099990e+00 8.83734451899999995e-01
-1.46680214455299995e+00 -3.92077062614700012e+00 9.49669009900000027e-01
-1.48114780497399989e+00 -3.98488255950600001e+00 1.00915216299999999e+00
-1.49266617292200010e+00 -4.05593369836999962e+00 1.06085953299999991e+00
-1.50257560959500003e+00 -4.13278018635199995e+00 1.10383589600000009e+00
-1.51175517392700010e+00 -4.21417656243999961e+00 1.13745642799999991e+00
-1.52075682416399993e+00 -4.29900574246100042e+00 1.16146627100000011e+00
-1.52901539817299992e+00 -4.38605996690500000e+00 1.17542595100000002e+00
-1.53591429261800005e+00 -4.47429338710299973e+00 1.17928133300000004e+00
-1.54045019292000007e+00 -4.56262029964099991e+00 1.17313803800000005e+00
-1.54234922249699991e+00 -4.64984346932700010e+00 1.15788281199999998e+00
-1.54370875833199994e+00 -4.73565387577799957e+00 1.13566852300000010e+00
-1.54703587570300005e+00 -4.81995542691699974e+00 1.10868099500000006e+00
-1.55643585086399994e+00 -4.90296949737400034e+00 1.07933126800000001e+00
-1.57639053411999996e+00 -4.98406479696299964e+00 1.04971947299999990e+00
-1.60584967313500004e+00 -5.06193641881599987e+00 1.01949594700000001e+00
-1.64434057268199996e+00 -5.13553615097900007e+00 9.88570070099999976e-01
-1.69075130563099996e+00 -5.20404340454799996e+00 9.57075047200000029e-01
-1.74496189095199994e+00 -5.26687751795200043e+00 9.25997285999999975e-01
-1.80711748993800003e+00 -5.32308388413099998e+00 8.97180002299999946e-01
-1.87622870397799990e+00 -5.37250115553399965e+00 8.71992148399999945e-01
-1.95083453667999995e+00 -5.41544940809099984e+00 8.51165126399999972e-01
-2.02896894994499988e+00 -5.45349643927499983e+00 8.33880669799999974e-01
-2.10716091750700008e+00 -5.49112889148899974e+00 8.16103266599999988e-01
-2.18334147417799995e+00 -5.53093367550000004e+00 7.94506816099999957e-01
-2.25751916391000007e+00 -5.57173728074400021e+00 7.68544826399999992e-01
-2.33056032623100018e+00 -5.61170460435699958e+00 7.38292466800000047e-01
-2.40213629163300002e+00 -5.65008372753699994e+00 7.02915435999999949e-01
-2.47143804572099990e+00 -5.68663270885199967e+00 6.61453437100000041e-01
-2.53664395147899979e+00 -5.72182563182400017e+00 6.12908074300000050e-01
-2.59575131198799980e+00 -5.75647088155800013e+00 5.56785444199999979e-01
-2.64863520741200009e+00 -5.79024786523600010e+00 4.94180811800000008e-01
-2.69482800255700017e+00 -5.82319358075799975e+00 4.26202166499999979e-01
-2.73212364201700009e+00 -5.85660252523900038e+00 3.53041773499999989e-01
-2.75976230813100010e+00 -5.89051942998299971e+00 2.76010754600000019e-01
-2.77442415072400017e+00 -5.92607798319999990e+00 1.96273238099999997e-01
-2.77227110728399984e+00 -5.96416810990000013e+00 1.16229533300000007e-01
-2.75357832025999993e+00 -6.00370234673999992e+00 3.92222948000000016e-02
-2.71926528800099998e+00 -6.04355226324399997e+00 -3.20663596400000001e-02
end
coil AAE56_SC_048 -1.45476000000000000e+06 none
-6.58805894773500000e+00 -7.18614615952600011e-01 3.20663596400000001e-02
-6.56076273506599961e+00 -7.63562550300999954e-01 -3.92222948000000016e-02
-6.52893983036600023e+00 -7.93557198251300000e-01 -1.16229533300000007e-01
-6.49337929417299975e+00 -8.07375360712999979e-01 -1.96273238099999997e-01
-6.45503034189700031e+00 -8.04419317013399970e-01 -2.76010754600000019e-01
-6.41423263109599961e+00 -7.88614283466700039e-01 -3.53041773499999989e-01
-6.37093385033499970e+00 -7.63467954137699967e-01 -4.26202166499999979e-01
-6.32532625418699990e+00 -7.29716781296700034e-01 -4.94180811800000008e-01
-6.27686041134399986e+00 -6.89858869921500029e-01 -5.56785444199999979e-01
-6.22564564193599956e+00 -6.44350400490499964e-01 -6.12908074300000050e-01
-6.17202545020299986e+00 -5.93211110199100000e-01 -6.61453437100000041e-01
-6.11584988360699988e+00 -5.38595481736800052e-01 -7.02915435999999949e-01
-6.05723097871899974e+00 -4.82382494722999988e-01 -7.38292466800000047e-01
-5.99664883471100030e+00 -4.25266803555900019e-01 -7.68544826399999992e-01
-5.93492013332499990e+00 -3.67328635823900018e-01 -7.94506816099999957e-01
-5.87352244745899998e+00 -3.07176975704199995e-01 -8.16103266599999988e-01
-5.81356921175699970e+00 -2.44441062706300005e-01 -8.33880669799999974e-01
-5.75323947327999985e+00 -1.81887999045599991e-01 -8.51165126399999972e-01
-5.68933878763800038e+00 -1.24205375619500000e-01 -8.71992148399999945e-01
-5.62098363001199974e+00 -7.37474818366300050e-02 -8.97180002299999946e-01
-5.54832106281700010e+00 -3.20027167386600017e-02 -9.25997285999999975e-01
-5.47181027768000039e+00 1.37804815451900012e-04 -9.57075047200000029e-01
-5.39231430255599964e+00 2.31071292216399986e-02 -9.88570070099999976e-01
-5.31042245559700010e+00 3.69705820339200006e-02 -1.01949594700000001e+00
-5.22725876760399988e+00 4.09242336267199996e-02 -1.04971947299999990e+00
-5.14396621824499967e+00 3.48424394304399990e-02 -1.07933126800000001e+00
-5.06211039352100034e+00 1.81295885175800017e-02 -1.10868099500000006e+00
-4.98090671816699970e+00 -4.75674678030699963e-03 -1.13566852300000010e+00
-4.89887605226800016e+00 -2.99806252534900002e-02 -1.15788281199999998e+00
-4.81533505595499989e+00 -5.51279825358600012e-02 -1.17313803800000005e+00
-4.72992949994300016e+00 -7.81086020305500062e-02 -1.17928133300000004e+00
-4.64388265508299991e+00 -9.88129898263900019e-02 -1.17542595100000002e+00
-4.55853712793699994e+00 -1.17859853985600005e-01 -1.16146627100000011e+00
-4.47507812060499965e+00 -1.35512434115200003e-01 -1.13745642799999991e+00
-4.39482892534400005e+00 -1.51935013133100011e-01 -1.10383589600000009e+00
-4.31868138785699962e+00 -1.66257449556200004e-01 -1.06085953299999991e+00
-4.24754836780700007e+00 -1.77258840040599996e-01 -1.00915216299999999e+00
-4.18214124294900014e+00 -1.83426983167299995e-01 -9.49669009900000027e-01
-4.12296851344499959e+00 -1.83323198276899996e-01 -8.83734451899999995e-01
-4.06989922960600037e+00 -1.79580354293199990e-01 -8.13000396500000000e-01
-4.02222417346099981e+00 -1.79096962834900009e-01 -7.38227741100000001e-01
-3.98049185269500017e+00 -1.86712577034700011e-01 -6.60451142200000008e-01
-3.94558231278799987e+00 -2.01525750752300004e-01 -5.80410425600000002e-01
-3.91791532694000022e+00 -2.20752345312400011e-01 -4.98521159900000010e-01
-3.89757716414999988e+00 -2.42903653601400010e-01 -4.15141360100000023e-01
-3.88461667369199981e+00 -2.67050011443200008e-01 -3.30922183500000022e-01
-3.87913658620700019e+00 -2.93476980893700001e-01 -2.46525690999999991e-01
-3.88123883459299979e+00 -3.22200432637199996e-01 -1.62763659300000002e-01
-3.89029104048500018e+00 -3.50040910996600008e-01 -7.91150816099999987e-02
-3.90652775375400019e+00 -3.78192714683700026e-01 3.26818841100000009e-03
-3.92961705224800006e+00 -4.05116052873099985e-01 8.45281599500000008e-02
-3.95989106707199978e+00 -4.32290864519700002e-01 1.63228324899999999e-01
-3.99737323329700001e+00 -4.59779998475900009e-01 2.38630715500000007e-01
-4.04077931095400000e+00 -4.82995233059299978e-01 3.12247223700000021e-01
-4.09119035442000012e+00 -5.06551178156300019e-01 3.81220330599999990e-01
-4.14916409392099972e+00 -5.34176009593300027e-01 4.42194238600000011e-01
-4.21374941239599998e+00 -5.64467919261899986e-01 4.94762130999999994e-01
-4.28382911075900008e+00 -5.96668131821500025e-01 5.38397006700000014e-01
-4.35821322648100029e+00 -6.30103008238000029e-01 5.73060912700000036e-01
-4.43546457799499994e+00 -6.65816158073900044e-01 5.97649868400000006e-01
-4.51345077954100038e+00 -7.05676914244899978e-01 6.10840634200000010e-01
-4.59104619917000001e+00 -7.48159771270299978e-01 6.15316465299999948e-01
-4.67124651451799977e+00 -7.85534162415799986e-01 6.19337927799999965e-01
-4.75626671585899974e+00 -8.08499701612100052e-01 6.29191780600000028e-01
-4.84353381272700023e+00 -8.16008877057900039e-01 6.42712060200000046e-01
-4.93065766055600019e+00 -8.09547007703400046e-01 6.57277220700000053e-01
-5.01576198382899996e+00 -7.90090337468700055e-01 6.72308702499999966e-01
-5.09690613386000013e+00 -7.58427417555200045e-01 6.88550851699999966e-01
-5.17220422943000013e+00 -7.15568242606700045e-01 7.06956316500000015e-01
-5.24221003065400026e+00 -6.64989173501399966e-01 7.26931972200000054e-01
-5.30848372543299973e+00 -6.09840987611700025e-01 7.47173371699999977e-01
-5.37274417231400037e+00 -5.51845266453800054e-01 7.66137096799999973e-01
-5.43760573519200019e+00 -4.93398584581400013e-01 7.81184760000000034e-01
-5.50471708222000000e+00 -4.36223531056800007e-01 7.89552638600000023e-01
-5.57042541875200037e+00 -3.76823592405300001e-01 7.91383277600000046e-01
-5.63126735807400003e+00 -3.12533733592399998e-01 7.87700154799999996e-01
-5.68976182225900029e+00 -2.46685253298700002e-01 7.77913970199999971e-01
-5.74843042406000038e+00 -1.82170283339900013e-01 7.62480232200000052e-01
-5.80860648633600007e+00 -1.20236471810600001e-01 7.42629467800000054e-01
-5.87117844911499986e+00 -6.19769712081399970e-02 7.19162366399999975e-01
-5.93950854246800031e+00 -1.38825070495300004e-02 6.89865742900000023e-01
-6.01266174408699960e+00 2.16853167792200006e-02 6.54745703699999959e-01
-6.08866912782499980e+00 4.27713173106600009e-02 6.14456015599999961e-01
-6.16533620291400020e+00 4.87340930738400027e-02 5.70436572700000033e-01
-6.24070105976799994e+00 3.93694858377700019e-02 5.24734514399999963e-01
-6.31294923576700029e+00 1.43589403259399995e-02 4.80033721199999985e-01
-6.38058578431499956e+00 -2.57383480841100014e-02 4.39228396000000021e-01
-6.44169589185900016e+00 -8.01432286821699980e-02 4.05229364500000022e-01
-6.49624469213000033e+00 -1.43699102893699998e-01 3.76304878399999987e-01
-6.54436110488000011e+00 -2.10521401044599987e-01 3.43669098800000017e-01
-6.58063903518999993e+00 -2.83072629051299984e-01 3.08056315199999986e-01
-6.60700095008799959e+00 -3.60857045493700013e-01 2.74820717900000011e-01
-6.62480801305200018e+00 -4.39870881348000009e-01 2.38927185799999997e-01
-6.63058026352300001e+00 -5.17981460159700036e-01 1.97510329799999995e-01
-6.62467801223000041e+00 -5.92718737812899965e-01 1.50260900199999992e-01
-6.60983081043900000e+00 -6.60783297806299963e-01 9.55895915100000021e-02
-6.58805894773500000e+00 -7.18614615952600011e-01 3.20663596400000001e-02
end
coil AAE47_SC_049 -1.45476000000000000e+06 none
-6.49095511101600042e+00 -1.45980991717000008e+00 -3.18753746400000024e-02
-6.47639507195600039e+00 -1.41657315023500008e+00 -1.08425082100000000e-01
-6.45684888249300037e+00 -1.37391548155200005e+00 -1.84091074399999999e-01
-6.43257069059900033e+00 -1.33271142603900006e+00 -2.59301328499999983e-01
-6.40414309746299981e+00 -1.29269767450000006e+00 -3.33712420299999979e-01
-6.37202794396699979e+00 -1.25374610510300011e+00 -4.07171545299999993e-01
-6.33666020254699980e+00 -1.21563343376400002e+00 -4.79435484999999995e-01
-6.29816686697100003e+00 -1.17840610581900007e+00 -5.50619274700000050e-01
-6.25659951116300039e+00 -1.14217032471100000e+00 -6.20704232300000047e-01
-6.21195048467599964e+00 -1.10766239905200004e+00 -6.89583891099999957e-01
-6.16391896231099956e+00 -1.07545655335000001e+00 -7.57471184999999991e-01
-6.11267841340399976e+00 -1.04507877496299995e+00 -8.23690316400000011e-01
-6.05822964871900016e+00 -1.01533066206199996e+00 -8.87617636400000021e-01
-6.00076189537499971e+00 -9.83772424008199975e-01 -9.47979885400000000e-01
-5.94009284040699992e+00 -9.51380773445700045e-01 -1.00452139500000004e+00
-5.87609826593999962e+00 -9.18121462102399977e-01 -1.05686351799999989e+00
-5.80837877370599998e+00 -8.87959882064400019e-01 -1.10639146499999996e+00
-5.73718903887000042e+00 -8.63875076198699965e-01 -1.15417063500000006e+00
-5.66301194799700003e+00 -8.48411855821500027e-01 -1.20117316900000004e+00
-5.58703238015399961e+00 -8.42916572676099984e-01 -1.24732749900000006e+00
-5.50995611182299960e+00 -8.46874296920600012e-01 -1.29188861699999991e+00
-5.43206523590999968e+00 -8.58535297759699945e-01 -1.33359547099999998e+00
-5.35300026380399974e+00 -8.75298047513699995e-01 -1.37106277900000006e+00
-5.27182283910600002e+00 -8.93547313037399982e-01 -1.40278419499999996e+00
-5.18791340562600034e+00 -9.10676626226299968e-01 -1.42751962999999993e+00
-5.10135042636600033e+00 -9.23989711701200034e-01 -1.44397809599999993e+00
-5.01304824872500010e+00 -9.32350211275900009e-01 -1.45143201699999991e+00
-4.92405694142899986e+00 -9.36684874223200015e-01 -1.44988418600000002e+00
-4.83549530979999975e+00 -9.37858381103599981e-01 -1.43946523200000009e+00
-4.74866957619200036e+00 -9.34585420520000043e-01 -1.42015147199999991e+00
-4.66429813215099998e+00 -9.26811714199999970e-01 -1.39227624400000005e+00
-4.58331074922600035e+00 -9.16887440222100003e-01 -1.35666921499999993e+00
-4.50571563648500018e+00 -9.07961692099199968e-01 -1.31375184099999998e+00
-4.43198201179099982e+00 -9.02901918050399988e-01 -1.26384274800000007e+00
-4.36315669736000000e+00 -9.02079740257100027e-01 -1.20738038000000003e+00
-4.29993599652700009e+00 -9.03216860264399957e-01 -1.14459348499999991e+00
-4.24298153598599992e+00 -9.05068767025700049e-01 -1.07611424500000008e+00
-4.19267438476799992e+00 -9.07952870135400048e-01 -1.00263706200000002e+00
-4.14931814891400030e+00 -9.12001382085899981e-01 -9.24904669000000013e-01
-4.11306347263399985e+00 -9.16556974838599992e-01 -8.43632726299999969e-01
-4.08403558893599961e+00 -9.22594511862799949e-01 -7.59645091899999958e-01
-4.06248603497699978e+00 -9.32547268164999998e-01 -6.73710826300000010e-01
-4.04885520956100020e+00 -9.47861288674100022e-01 -5.87038428900000020e-01
-4.04341422355000013e+00 -9.68749550332799969e-01 -5.00618719500000031e-01
-4.04635708238699987e+00 -9.95030620040699976e-01 -4.15517101100000008e-01
-4.05781869095800030e+00 -1.02655685825699994e+00 -3.32902353900000003e-01
-4.07785659560799996e+00 -1.06325406616000007e+00 -2.54219115300000020e-01
-4.10636309586500037e+00 -1.10475942844499997e+00 -1.80756533299999994e-01
-4.14305471803399961e+00 -1.15038495751300007e+00 -1.13574852899999995e-01
-4.18735316627800014e+00 -1.19949557305400001e+00 -5.38809128499999970e-02
-4.23810822867400017e+00 -1.25285552526300004e+00 -3.75417234000000001e-03
-4.29319437905300028e+00 -1.31084411898100006e+00 3.55883712899999968e-02
-4.35078522270899981e+00 -1.37140325792300000e+00 6.64228338400000007e-02
-4.41105454297899957e+00 -1.43127751391100011e+00 9.34626844800000023e-02
-4.47569879672800042e+00 -1.48545954383600010e+00 1.21918128599999995e-01
-4.54683735459499960e+00 -1.52697893145999997e+00 1.56045665000000000e-01
-4.62297664311499990e+00 -1.55112664287799995e+00 1.95412843700000005e-01
-4.70108824456699992e+00 -1.55849459733100004e+00 2.37698387099999991e-01
-4.77778756350600009e+00 -1.54921192401300001e+00 2.82078106800000006e-01
-4.84935044815899996e+00 -1.52313031888500006e+00 3.28319357400000011e-01
-4.91332053482399989e+00 -1.48299199089399991e+00 3.75635333299999985e-01
-4.96913378932600036e+00 -1.43189175269299995e+00 4.22680122599999986e-01
-5.01955380322300027e+00 -1.37407599265799996e+00 4.67947451000000014e-01
-5.06941872974300001e+00 -1.31335930941600010e+00 5.09963223700000023e-01
-5.12673597633200018e+00 -1.25667422854400002e+00 5.47909209700000011e-01
-5.18512443333299977e+00 -1.19663023143600000e+00 5.78390463399999999e-01
-5.24347384110599979e+00 -1.13385549124599994e+00 6.02680429700000020e-01
-5.29925294161600036e+00 -1.06745428248600005e+00 6.23090778400000045e-01
-5.35411763566799959e+00 -9.99891047912400022e-01 6.42136441200000019e-01
-5.40961524390000026e+00 -9.32785107343999997e-01 6.61036838100000024e-01
-5.46889954599100037e+00 -8.69006399483099989e-01 6.80021746700000040e-01
-5.53491740183500003e+00 -8.12019492820500011e-01 6.98249362400000018e-01
-5.60940694353400016e+00 -7.65855950894000048e-01 7.14296083699999973e-01
-5.69081833916600033e+00 -7.31926662053099975e-01 7.27054068499999984e-01
-5.77724930269900039e+00 -7.12583610667799960e-01 7.36638867300000055e-01
-5.86581739549700032e+00 -7.08769885800599964e-01 7.45282051999999973e-01
-5.95307679972799964e+00 -7.21818586883700042e-01 7.57881605999999985e-01
-6.03550135908299978e+00 -7.49519470266200027e-01 7.77368948799999959e-01
-6.11114706866900015e+00 -7.90124475751100008e-01 8.01220802100000018e-01
-6.17891031230800003e+00 -8.43135435417900037e-01 8.24317421599999989e-01
-6.23713595101200013e+00 -9.07996412504699979e-01 8.42726270000000000e-01
-6.28225188660699985e+00 -9.83684598305400004e-01 8.56222056000000009e-01
-6.31636673250999969e+00 -1.06561192587299991e+00 8.64006078600000005e-01
-6.34768828576800015e+00 -1.14899332398099996e+00 8.60736980600000035e-01
-6.37742924217799967e+00 -1.23110052324700003e+00 8.43235471399999992e-01
-6.40413513118700006e+00 -1.30970689140899998e+00 8.10847304599999985e-01
-6.42687775461299982e+00 -1.38240302147500005e+00 7.64527188400000002e-01
-6.44571416352200011e+00 -1.44708221329200004e+00 7.06210498000000020e-01
-6.46135462569000030e+00 -1.50193998180599997e+00 6.37805176400000007e-01
-6.47487309472399986e+00 -1.54415671268999999e+00 5.60500341699999960e-01
-6.48667735714299987e+00 -1.57111393054299997e+00 4.76436617399999984e-01
-6.49618053271600004e+00 -1.58318493340099997e+00 3.88635120999999972e-01
-6.50276414882300013e+00 -1.58115391729499999e+00 2.99798396700000025e-01
-6.50594107293300006e+00 -1.56574339693900000e+00 2.12082220699999990e-01
-6.50537803694400019e+00 -1.53795968978900000e+00 1.27464878799999987e-01
-6.50051868209400041e+00 -1.50140358488399994e+00 4.63584191500000034e-02
-6.49095511101600042e+00 -1.45980991717000008e+00 -3.18753746400000024e-02
end
coil AAE38_SC_050 -1.45476000000000000e+06 none
-6.39925519860500014e+00 -2.01877768174399996e+00 -3.63268553800000019e-02
-6.39278651376200013e+00 -1.99379467311399994e+00 -1.20636243700000007e-01
-6.38126012828799993e+00 -1.96857527162300006e+00 -2.04432523199999994e-01
-6.36408804849100029e+00 -1.94559956482699992e+00 -2.87918458699999991e-01
-6.34140439417600010e+00 -1.92534066224699996e+00 -3.70654934599999986e-01
-6.31316588912700016e+00 -1.90957797258499995e+00 -4.52715687199999994e-01
-6.28002863490200003e+00 -1.89714316045499998e+00 -5.33570148000000022e-01
-6.24254220563399986e+00 -1.88753108760699995e+00 -6.12788699100000001e-01
-6.20105081666800029e+00 -1.88008977602400007e+00 -6.90351039900000019e-01
-6.15603336021299974e+00 -1.87370760724799990e+00 -7.65909673699999960e-01
-6.10770306287799958e+00 -1.86755452140800005e+00 -8.39433635300000036e-01
-6.05604188404999988e+00 -1.86316497204700005e+00 -9.10870260599999981e-01
-6.00114486806999992e+00 -1.86180664410599994e+00 -9.79965794700000004e-01
-5.94323249039700041e+00 -1.86260546598899990e+00 -1.04641713000000003e+00
-5.88225283262200005e+00 -1.86437854798900005e+00 -1.11018212100000002e+00
-5.81829981574999966e+00 -1.86585639808500003e+00 -1.17099892200000011e+00
-5.75146447229800017e+00 -1.86588761471900000e+00 -1.22857523599999996e+00
-5.68182841714800002e+00 -1.86351996946699994e+00 -1.28261207500000007e+00
-5.60946639142899972e+00 -1.85791679478100002e+00 -1.33277095100000009e+00
-5.53458937934300010e+00 -1.84879771138500004e+00 -1.37857760099999993e+00
-5.45752588253899962e+00 -1.83602390937200011e+00 -1.41949391599999997e+00
-5.37835168154400023e+00 -1.81992755812399998e+00 -1.45509358900000008e+00
-5.29748897313599976e+00 -1.80080448954900008e+00 -1.48479746999999995e+00
-5.21528419892200024e+00 -1.77929607369000009e+00 -1.50809349000000004e+00
-5.13169790399699988e+00 -1.75603623541599996e+00 -1.52458314200000000e+00
-5.04722379043499991e+00 -1.73230355330199992e+00 -1.53375038500000005e+00
-4.96214290186000007e+00 -1.70930792319100000e+00 -1.53521966299999990e+00
-4.87675123221900009e+00 -1.68778116144800006e+00 -1.52868073099999990e+00
-4.79189120716899986e+00 -1.66880317663399991e+00 -1.51397810099999997e+00
-4.70785888102200012e+00 -1.65481103913400007e+00 -1.49106999600000001e+00
-4.62562358358800019e+00 -1.64742325112600008e+00 -1.46018898599999991e+00
-4.54627656830500015e+00 -1.64444408453999991e+00 -1.42158353200000009e+00
-4.47102652102199993e+00 -1.64357875163399991e+00 -1.37565566800000005e+00
-4.40056080276700001e+00 -1.64144456162900010e+00 -1.32250439799999997e+00
-4.33600798187599956e+00 -1.63539049706999995e+00 -1.26269180399999992e+00
-4.27754591434699982e+00 -1.63037084094400009e+00 -1.19681402799999992e+00
-4.22548028001699993e+00 -1.63276165968200004e+00 -1.12560114899999997e+00
-4.18093013635700039e+00 -1.64223400404900000e+00 -1.05013872099999994e+00
-4.14465469988399970e+00 -1.65703213746700007e+00 -9.71044803900000031e-01
-4.11755343072300040e+00 -1.67808939310899996e+00 -8.89785658999999951e-01
-4.10021661180700026e+00 -1.70410278672800009e+00 -8.07282821599999978e-01
-4.09316751692299974e+00 -1.73572006443999993e+00 -7.25226004200000052e-01
-4.09653727540800006e+00 -1.77358562678900000e+00 -6.45631270500000021e-01
-4.10989927460000004e+00 -1.81672047489299993e+00 -5.69793616699999950e-01
-4.13232196149500020e+00 -1.86406476795499998e+00 -4.98840449600000013e-01
-4.16206468378700034e+00 -1.91677247214700008e+00 -4.34665846999999994e-01
-4.19754846441299989e+00 -1.97270423348500001e+00 -3.76446650200000010e-01
-4.24002504346200038e+00 -2.02411070815999983e+00 -3.18597383700000014e-01
-4.28918773958799981e+00 -2.06926470146200003e+00 -2.60963036599999976e-01
-4.34407753569299970e+00 -2.10780437908199980e+00 -2.03642462999999996e-01
-4.40330313664500039e+00 -2.13879763938700007e+00 -1.46050049799999998e-01
-4.46544007692599987e+00 -2.15803196057900015e+00 -8.64963690400000068e-02
-4.52808622343099998e+00 -2.16232462841200013e+00 -2.44855574900000005e-02
-4.58887330058299980e+00 -2.15126535390800022e+00 3.84543599799999983e-02
-4.64718769718700031e+00 -2.12590642594699997e+00 9.96242936500000009e-02
-4.70249054149099965e+00 -2.08523965387999999e+00 1.55061923600000012e-01
-4.75550457922000014e+00 -2.03374114427100006e+00 2.03194236299999997e-01
-4.80798246266300033e+00 -1.97731850623300009e+00 2.46207449299999992e-01
-4.86572811293599994e+00 -1.92852939097299991e+00 2.91638284199999986e-01
-4.92469983530499977e+00 -1.88454770636500002e+00 3.40386099499999983e-01
-4.97959667362500014e+00 -1.83898990437199994e+00 3.92250906999999982e-01
-5.02738828796300030e+00 -1.78802129284099998e+00 4.46135897399999981e-01
-5.06840547099300043e+00 -1.73067903050699989e+00 4.99112188000000012e-01
-5.10677651380400022e+00 -1.66795217646899996e+00 5.47858385199999964e-01
-5.14823566991300030e+00 -1.60294501489800001e+00 5.90738726200000008e-01
-5.19818614190999995e+00 -1.54235485108699999e+00 6.30946366900000055e-01
-5.25730134654499981e+00 -1.48856235620500010e+00 6.68307024900000046e-01
-5.32311648134900040e+00 -1.44574789047000007e+00 7.08505398000000008e-01
-5.38996292031399982e+00 -1.41760222830599991e+00 7.58739591400000024e-01
-5.45088633667000000e+00 -1.40342014878800003e+00 8.20966165700000028e-01
-5.50406305117599981e+00 -1.40347532754399995e+00 8.91339521699999970e-01
-5.55441527467499974e+00 -1.42099866696900001e+00 9.61666465600000020e-01
-5.60917500422300019e+00 -1.45364835001799997e+00 1.02260499500000002e+00
-5.66916892325400035e+00 -1.49735940068699991e+00 1.07033591600000011e+00
-5.72673022812799992e+00 -1.55359150758300002e+00 1.10643044699999993e+00
-5.77506486857900025e+00 -1.62207955198399989e+00 1.13389370999999994e+00
-5.80918078973899998e+00 -1.70055469375199997e+00 1.15551869899999993e+00
-5.83625660461200013e+00 -1.78287043141799995e+00 1.17200982199999992e+00
-5.87051418520599988e+00 -1.86374338106799997e+00 1.18021257599999996e+00
-5.91484712351800024e+00 -1.93986257480399993e+00 1.17572795600000002e+00
-5.96381730486499961e+00 -2.01077341326200010e+00 1.15657041999999999e+00
-6.01307968678700000e+00 -2.07546682755400003e+00 1.12246628300000006e+00
-6.06075280947499984e+00 -2.13189344499800004e+00 1.07429228500000007e+00
-6.10618951222599993e+00 -2.17766948684500017e+00 1.01402675699999989e+00
-6.14915989952300013e+00 -2.21069178937300004e+00 9.44419961899999993e-01
-6.18940228716300034e+00 -2.23016727886400012e+00 8.68414351700000031e-01
-6.22644723256400034e+00 -2.23724062172099991e+00 7.88588002899999974e-01
-6.25949202580299957e+00 -2.23562346426000014e+00 7.06884603200000017e-01
-6.28898710339499978e+00 -2.22595017626899994e+00 6.24303358699999977e-01
-6.31559702605999984e+00 -2.20736513417699998e+00 5.42218334199999985e-01
-6.33933575352700007e+00 -2.18192735075600019e+00 4.61159949999999985e-01
-6.36017922738199992e+00 -2.15162403249299983e+00 3.81031338399999975e-01
-6.37729885188000001e+00 -2.12121754120000006e+00 2.99954731699999977e-01
-6.38980858079299985e+00 -2.09376638752900002e+00 2.17047761899999997e-01
-6.39767608950200017e+00 -2.06815882730200018e+00 1.33002260200000000e-01
-6.40057337728099984e+00 -2.04451494206199991e+00 4.80547979299999969e-02
-6.39925519860500014e+00 -2.01877768174399996e+00 -3.63268553800000019e-02
end
coil AAE29_SC_051 -1.45476000000000000e+06 none
-6.18520063925299990e+00 -2.78963785299300016e+00 -2.78678482399999979e-03
-6.17441238915500001e+00 -2.79776138901199989e+00 -9.01240613200000040e-02
-6.15905561010900016e+00 -2.80714456119200007e+00 -1.76521934800000002e-01
-6.13997874073499972e+00 -2.81514702043200016e+00 -2.62437444299999989e-01
-6.11801044422399976e+00 -2.81922969893600017e+00 -3.47887754900000012e-01
-6.09298387974000022e+00 -2.81995961003199991e+00 -4.32634373899999980e-01
-6.06455561654400022e+00 -2.81865534465499978e+00 -5.16277416700000047e-01
-6.03241856388800013e+00 -2.81654243650199998e+00 -5.98435221300000042e-01
-5.99647392656100031e+00 -2.81381494284699984e+00 -6.79084104099999974e-01
-5.95717640164300022e+00 -2.80899709399299979e+00 -7.58153013199999948e-01
-5.91501399472300005e+00 -2.80093670585099996e+00 -8.35259036700000013e-01
-5.86963387314300000e+00 -2.79029158433599989e+00 -9.10374739800000055e-01
-5.82094218485099990e+00 -2.77791369690400014e+00 -9.82930533999999967e-01
-5.76894039167699990e+00 -2.76325043247000002e+00 -1.05291023900000003e+00
-5.71375920872799981e+00 -2.74662441270199986e+00 -1.11971359499999989e+00
-5.65428252330599967e+00 -2.73099135847200003e+00 -1.18324034999999994e+00
-5.59024160273799975e+00 -2.71871129547800017e+00 -1.24282243100000001e+00
-5.52200836283399976e+00 -2.70933538596800005e+00 -1.29813495799999989e+00
-5.45003215597999979e+00 -2.70194883544299991e+00 -1.34888033899999993e+00
-5.37468922839299967e+00 -2.69656134713200002e+00 -1.39462432200000008e+00
-5.29621965231199976e+00 -2.69311178217399982e+00 -1.43505092700000003e+00
-5.21516918423500009e+00 -2.69036645143100017e+00 -1.46985226500000010e+00
-5.13174770073000008e+00 -2.68672807986499995e+00 -1.49884666299999991e+00
-5.04670249141500005e+00 -2.67964748136899988e+00 -1.52165311900000000e+00
-4.96099512212100002e+00 -2.66595118554200017e+00 -1.53781075699999992e+00
-4.87545737508500032e+00 -2.64554446907400020e+00 -1.54670218000000004e+00
-4.79097497944500006e+00 -2.61968789451400008e+00 -1.54783606000000007e+00
-4.70861696248799966e+00 -2.58873803555000004e+00 -1.54095584599999991e+00
-4.62924048023499957e+00 -2.55283052711800007e+00 -1.52594120899999997e+00
-4.55400859715200035e+00 -2.51283620610400016e+00 -1.50292601100000001e+00
-4.48306733539000035e+00 -2.47023889605799996e+00 -1.47201131399999996e+00
-4.41484741535800040e+00 -2.42997350789599986e+00 -1.43291364999999993e+00
-4.34824371812100008e+00 -2.39723154478700007e+00 -1.38506107400000000e+00
-4.28531616717299979e+00 -2.37181610128899978e+00 -1.32849212900000002e+00
-4.22863336779199983e+00 -2.35211936346300021e+00 -1.26364754000000001e+00
-4.17975045750400032e+00 -2.33932393551899986e+00 -1.19120472199999994e+00
-4.14003621143200018e+00 -2.33530439777200005e+00 -1.11241435500000008e+00
-4.11078771917200037e+00 -2.34057742952299996e+00 -1.02922564299999997e+00
-4.09255293776300011e+00 -2.35484332342800018e+00 -9.43992550599999980e-01
-4.08476973898199969e+00 -2.37866805538600001e+00 -8.59260935799999959e-01
-4.08602751329299974e+00 -2.41265973539000012e+00 -7.77758922399999997e-01
-4.09423756750399992e+00 -2.45687717622800017e+00 -7.01722420199999974e-01
-4.10722775222799985e+00 -2.50946388145399979e+00 -6.31974551700000053e-01
-4.12460811232500024e+00 -2.56435499208900008e+00 -5.64959770600000022e-01
-4.14809280245699963e+00 -2.61428891176600020e+00 -4.95980558899999979e-01
-4.17939022864799981e+00 -2.65445858468499996e+00 -4.23815620399999982e-01
-4.21960507507600013e+00 -2.68089341399300007e+00 -3.49770285000000014e-01
-4.26823392156399972e+00 -2.69352998278300015e+00 -2.77076304399999973e-01
-4.32353484836299984e+00 -2.69670292121100008e+00 -2.08312674000000003e-01
-4.38376277106400014e+00 -2.68713102913199986e+00 -1.44366938000000000e-01
-4.44483543100299983e+00 -2.66392306205599994e+00 -8.49414953499999931e-02
-4.50215870742999957e+00 -2.62642379218400013e+00 -2.91697134999999996e-02
-4.55393200238799967e+00 -2.57957217185400012e+00 2.49478487299999996e-02
-4.60130033647399994e+00 -2.52898394060099996e+00 7.96677523299999940e-02
-4.64628484281399956e+00 -2.47835119335799980e+00 1.36400377900000008e-01
-4.69046243596799961e+00 -2.42879603266099986e+00 1.94645235299999997e-01
-4.73480886913100019e+00 -2.38021778242899984e+00 2.53612347000000016e-01
-4.77850705251399965e+00 -2.32951052690699978e+00 3.11240956999999985e-01
-4.81908808707799974e+00 -2.27427719043700005e+00 3.67045805100000011e-01
-4.85374972409499961e+00 -2.21523937643200020e+00 4.22826417800000021e-01
-4.88168533887899958e+00 -2.15435821453000020e+00 4.80383682199999995e-01
-4.90460967210599996e+00 -2.09342603219700019e+00 5.40071751900000008e-01
-4.92806432978400011e+00 -2.03191808432399990e+00 5.98963435900000007e-01
-4.94867184440199992e+00 -1.97912704641200010e+00 6.66747498799999949e-01
-4.97303214752199985e+00 -1.94010406629699994e+00 7.42145053699999946e-01
-5.00897618958200042e+00 -1.91513865109499992e+00 8.18890524700000011e-01
-5.05483770716100000e+00 -1.90483940475400004e+00 8.93698191100000039e-01
-5.10393132457299981e+00 -1.91148252515000006e+00 9.66786724099999994e-01
-5.15206015343200008e+00 -1.93475098668400003e+00 1.03713904300000004e+00
-5.19644250442399969e+00 -1.97357820242100002e+00 1.10295157899999996e+00
-5.23537696174300038e+00 -2.02571704265699992e+00 1.16263869200000003e+00
-5.27007752338600000e+00 -2.08718409678099981e+00 1.21571442500000004e+00
-5.30035879554599987e+00 -2.15594308155199998e+00 1.26208573400000001e+00
-5.33107334326599958e+00 -2.22871566431600021e+00 1.30172047699999993e+00
-5.36662005850600021e+00 -2.30323235235199997e+00 1.33301426099999998e+00
-5.40879401921499969e+00 -2.37821371313600016e+00 1.35308516699999992e+00
-5.45825932861800034e+00 -2.45121604161300022e+00 1.35856906699999991e+00
-5.51183243113100030e+00 -2.52069376577399984e+00 1.34828118300000011e+00
-5.56780048278300033e+00 -2.58420325657300021e+00 1.32306780699999993e+00
-5.62520993272199998e+00 -2.63960125479500007e+00 1.28519478500000006e+00
-5.68435462042800044e+00 -2.68419586212299999e+00 1.23705962200000008e+00
-5.74425787720200010e+00 -2.71760451124099989e+00 1.18132792100000006e+00
-5.80381296686799963e+00 -2.74033738401500004e+00 1.12019668500000003e+00
-5.86303818940599974e+00 -2.75066147167799979e+00 1.05547147099999994e+00
-5.92032692921700043e+00 -2.75144078334699982e+00 9.88192380300000006e-01
-5.97404082124899993e+00 -2.74706463495299991e+00 9.18236506299999977e-01
-6.02368433277499982e+00 -2.73840927406200008e+00 8.45773240600000031e-01
-6.06762959760799969e+00 -2.73119900967500007e+00 7.69401928900000032e-01
-6.10462973043499968e+00 -2.72831928575399996e+00 6.89279826699999987e-01
-6.13493839887000014e+00 -2.72874122413699993e+00 6.06252378700000039e-01
-6.15807265182499997e+00 -2.73393443236300016e+00 5.21219862499999964e-01
-6.17510217598599986e+00 -2.74158768587700008e+00 4.34835605299999983e-01
-6.18685983907399972e+00 -2.74987992820399985e+00 3.47726933199999977e-01
-6.19339303670400021e+00 -2.75940363446899983e+00 2.60086019399999979e-01
-6.19474344320499970e+00 -2.77055492682600013e+00 1.72486975200000003e-01
-6.19179763151499962e+00 -2.78119756151999997e+00 8.48906156800000034e-02
-6.18520063925299990e+00 -2.78963785299300016e+00 -2.78678482399999979e-03
end
coil AAE10_SC_052 -1.45476000000000000e+06 none
-5.78924466306200003e+00 -3.67314999069499981e+00 -1.74495433399999983e-02
-5.78396585759300041e+00 -3.67510393617000020e+00 -1.06373998100000006e-01
-5.77457286257600000e+00 -3.67443468255800010e+00 -1.94931003699999994e-01
-5.76135268094100006e+00 -3.67070315921700008e+00 -2.82965108700000023e-01
-5.74400972158800016e+00 -3.66452643712900006e+00 -3.70161730799999977e-01
-5.72202049396800039e+00 -3.65707751399700021e+00 -4.56066133900000004e-01
-5.69555041106900006e+00 -3.64812872688200018e+00 -5.40776822700000048e-01
-5.66504838656899956e+00 -3.63743259969700006e+00 -6.23652054699999958e-01
-5.63015321254400014e+00 -3.62562744438600015e+00 -7.04798590999999974e-01
-5.59064102747900016e+00 -3.61361500826299986e+00 -7.83724147499999968e-01
-5.54621982781899980e+00 -3.60221966525599990e+00 -8.60160919799999979e-01
-5.49626134582899972e+00 -3.59338730167200016e+00 -9.33417592700000021e-01
-5.43952402552200009e+00 -3.59132745812999987e+00 -1.00206122299999989e+00
-5.37663857512499987e+00 -3.59715016643600016e+00 -1.06492056600000007e+00
-5.30981856529500007e+00 -3.60611089570900001e+00 -1.12301204000000010e+00
-5.24008611145599978e+00 -3.61406186963399989e+00 -1.17785383299999991e+00
-5.16809250990200031e+00 -3.61795234346700001e+00 -1.23028775000000001e+00
-5.09508948622000002e+00 -3.61341261371100009e+00 -1.28097524599999990e+00
-5.02165218573200001e+00 -3.59883120179100002e+00 -1.32940064600000007e+00
-4.94835670347400036e+00 -3.57508896738199988e+00 -1.37401825100000008e+00
-4.87543623106000013e+00 -3.54267982049500008e+00 -1.41379362500000005e+00
-4.80352239784000012e+00 -3.50242922437699988e+00 -1.44763304900000001e+00
-4.73284875057199983e+00 -3.45554636843800012e+00 -1.47478658299999998e+00
-4.66362012525800029e+00 -3.40311478989199978e+00 -1.49478746799999995e+00
-4.59773462801399990e+00 -3.34451210309100011e+00 -1.50745079099999990e+00
-4.53688166007400007e+00 -3.27980261500899983e+00 -1.51298411800000010e+00
-4.47892377826600008e+00 -3.21209344145499998e+00 -1.51150248399999998e+00
-4.42106606389700030e+00 -3.14492712915699979e+00 -1.50253250699999996e+00
-4.36044902842600024e+00 -3.08212630689900013e+00 -1.48480144199999997e+00
-4.29547207560000022e+00 -3.02819147134799982e+00 -1.45647327999999998e+00
-4.22839303458899973e+00 -2.98543881166999991e+00 -1.41648754599999993e+00
-4.16296334756699959e+00 -2.95439802391399997e+00 -1.36460902099999992e+00
-4.10317872042500031e+00 -2.93474604966800001e+00 -1.30145524799999990e+00
-4.05251220357799991e+00 -2.92576700875999984e+00 -1.22877147299999989e+00
-4.01259831243899967e+00 -2.92805423566599998e+00 -1.14916445699999992e+00
-3.98338166047400000e+00 -2.94248081905700021e+00 -1.06625950899999999e+00
-3.96301068426700009e+00 -2.96990940778200008e+00 -9.84019988200000029e-01
-3.94899422134399991e+00 -3.00875440876900013e+00 -9.05019850500000000e-01
-3.94107482151399990e+00 -3.05177902013600022e+00 -8.27430147700000007e-01
-3.94172117141400014e+00 -3.09129077694900012e+00 -7.47589677000000008e-01
-3.95294065384300009e+00 -3.12455177825999986e+00 -6.65754104100000021e-01
-3.97523069083400005e+00 -3.15143397921199986e+00 -5.83763262700000007e-01
-4.00897463629500006e+00 -3.16925242331900003e+00 -5.03287117299999975e-01
-4.05314588848999957e+00 -3.17390718847400022e+00 -4.26058482299999985e-01
-4.10424505965499975e+00 -3.16215511261999982e+00 -3.54058778700000021e-01
-4.15789553852200022e+00 -3.13501070554799988e+00 -2.88294880099999984e-01
-4.21163648493500009e+00 -3.09826560543200014e+00 -2.27517521700000003e-01
-4.26552715957199968e+00 -3.05856747328500012e+00 -1.68760640399999995e-01
-4.31984288224600022e+00 -3.01936046763999988e+00 -1.10011766999999996e-01
-4.37265740146299997e+00 -2.98476642752499988e+00 -4.71862759699999967e-02
-4.41964224544099960e+00 -2.94660780212800022e+00 1.81966169400000002e-02
-4.45762519919899969e+00 -2.90196194722699996e+00 8.53008159099999941e-02
-4.48929645988900017e+00 -2.84891504445100008e+00 1.49478332999999991e-01
-4.51526091548899977e+00 -2.79214945752999988e+00 2.13010172800000008e-01
-4.53957889818800009e+00 -2.73032918706400007e+00 2.72389066100000021e-01
-4.55918002453200000e+00 -2.66698850749500016e+00 3.31866703200000002e-01
-4.57953239065400020e+00 -2.60053860777999990e+00 3.87553904599999999e-01
-4.59691325110499971e+00 -2.53522946752499978e+00 4.45633867399999994e-01
-4.60978632238700037e+00 -2.47497853523500000e+00 5.09989224300000044e-01
-4.61679248184799995e+00 -2.42488995789399997e+00 5.83300031399999974e-01
-4.61952097695199981e+00 -2.38904405018300015e+00 6.64789909000000012e-01
-4.62217316791199995e+00 -2.36851950399500000e+00 7.51488013200000027e-01
-4.62758251240200025e+00 -2.36344072120999993e+00 8.40209904600000002e-01
-4.63568534835300028e+00 -2.37411956520700018e+00 9.28272620899999956e-01
-4.64442240891700031e+00 -2.40022097122700018e+00 1.01302453600000009e+00
-4.65018749551699972e+00 -2.44079009043000017e+00 1.09210786199999998e+00
-4.65991111784499967e+00 -2.48832808526899996e+00 1.16681292299999995e+00
-4.67906681416900039e+00 -2.53928255208899989e+00 1.23734147300000008e+00
-4.70943421681899999e+00 -2.59273367910900010e+00 1.30180800399999996e+00
-4.75102103920499985e+00 -2.64816530625699986e+00 1.35778514899999991e+00
-4.80291447548899963e+00 -2.70468649834100017e+00 1.40304295200000007e+00
-4.86364617348599992e+00 -2.76098669147200004e+00 1.43595856100000008e+00
-4.93118261572000005e+00 -2.81557217378500013e+00 1.45566788399999991e+00
-5.00362611957999981e+00 -2.86703256025699993e+00 1.46207221500000006e+00
-5.07893534948599967e+00 -2.91417020800200000e+00 1.45563949300000006e+00
-5.15511165730599963e+00 -2.95667272964199990e+00 1.43734869599999993e+00
-5.22919497578500003e+00 -2.99680536525900010e+00 1.40860805300000003e+00
-5.29931749392900020e+00 -3.03672649638899994e+00 1.37074944699999990e+00
-5.36482517498799982e+00 -3.07632523703400018e+00 1.32528569800000007e+00
-5.42601854718500043e+00 -3.11513088392899995e+00 1.27344174199999993e+00
-5.48410169998000008e+00 -3.15113478708799999e+00 1.21624657500000000e+00
-5.53907239953900010e+00 -3.18448015053099986e+00 1.15453905799999990e+00
-5.58715682277400028e+00 -3.22137930264999994e+00 1.08926367399999990e+00
-5.62568471267200021e+00 -3.26501099843599984e+00 1.02191720899999994e+00
-5.65479589064599963e+00 -3.31438093104199982e+00 9.53741958900000020e-01
-5.67638867251400026e+00 -3.36693135042099989e+00 8.85007124200000050e-01
-5.69412710015100032e+00 -3.41849908960799986e+00 8.14565732900000006e-01
-5.71037819921699974e+00 -3.46644086182500022e+00 7.41282581500000037e-01
-5.72542663151800024e+00 -3.51003051200799998e+00 6.65177014199999972e-01
-5.73899664143500043e+00 -3.54938230464499993e+00 5.86314234499999976e-01
-5.75138903246700028e+00 -3.58347956376500010e+00 5.04959361800000006e-01
-5.76279255555799974e+00 -3.61163004892800021e+00 4.21241332600000018e-01
-5.77294100179700020e+00 -3.63377167544199997e+00 3.35488630800000021e-01
-5.78120914645200035e+00 -3.65034657150100017e+00 2.48458953600000004e-01
-5.78711719817700043e+00 -3.66191398447100003e+00 1.60225412000000011e-01
-5.79007989125000044e+00 -3.66908926649399980e+00 7.15008086900000006e-02
-5.78924466306200003e+00 -3.67314999069499981e+00 -1.74495433399999983e-02
end
coil AAE14_SC_053 -0.00000000000000000e+00 none
-4.48262422300000019e+00 -5.40216143800000026e+00 -7.06089999999999995e-01
-4.43729307500000036e+00 -5.39597494299999969e+00 -8.02960000000000007e-01
-4.38994162100000018e+00 -5.38530460199999972e+00 -8.98349999999999982e-01
-4.34026659800000036e+00 -5.36941093699999961e+00 -9.91870000000000029e-01
-4.28752141300000034e+00 -5.34602101800000007e+00 -1.08213000000000004e+00
-4.23199345300000029e+00 -5.31496046300000025e+00 -1.16823000000000010e+00
-4.17413064600000006e+00 -5.27661651699999990e+00 -1.24963000000000002e+00
-4.11407380300000014e+00 -5.23025095599999990e+00 -1.32501000000000002e+00
-4.05219398599999980e+00 -5.17540409400000012e+00 -1.39285999999999999e+00
-3.98914699899999992e+00 -5.11205797199999967e+00 -1.45162999999999998e+00
-3.92578742900000011e+00 -5.04077167999999975e+00 -1.50011000000000005e+00
-3.86304950500000022e+00 -4.96260715900000005e+00 -1.53757000000000010e+00
-3.80179186900000010e+00 -4.87891752600000039e+00 -1.56394999999999995e+00
-3.74264601000000008e+00 -4.79111335899999968e+00 -1.57966999999999991e+00
-3.68605879500000011e+00 -4.70043401399999983e+00 -1.58546000000000009e+00
-3.63230789099999996e+00 -4.60790939600000016e+00 -1.58210999999999991e+00
-3.58158191099999978e+00 -4.51436873699999985e+00 -1.57027000000000005e+00
-3.53410100199999988e+00 -4.42047877099999997e+00 -1.55041999999999991e+00
-3.49009852000000009e+00 -4.32685402600000035e+00 -1.52283999999999997e+00
-3.44990559900000004e+00 -4.23409354400000026e+00 -1.48758999999999997e+00
-3.41386000699999981e+00 -4.14283827000000038e+00 -1.44477000000000011e+00
-3.38200902800000014e+00 -4.05356754299999977e+00 -1.39495999999999998e+00
-3.35475957799999991e+00 -3.96699726599999991e+00 -1.33818999999999999e+00
-3.33278554799999993e+00 -3.88403731500000005e+00 -1.27417000000000002e+00
-3.31636668800000001e+00 -3.80545952900000017e+00 -1.20328999999999997e+00
-3.30599018699999991e+00 -3.73226062900000022e+00 -1.12579999999999991e+00
-3.29989314700000014e+00 -3.66320923600000015e+00 -1.04414000000000007e+00
-3.29643976900000002e+00 -3.59688201999999979e+00 -9.60089999999999999e-01
-3.29604057099999981e+00 -3.53383681499999991e+00 -8.73500000000000054e-01
-3.29831676799999984e+00 -3.47376133400000020e+00 -7.84819999999999962e-01
-3.30217087300000012e+00 -3.41551210700000007e+00 -6.94989999999999997e-01
-3.30675619400000009e+00 -3.35812787899999998e+00 -6.04639999999999955e-01
-3.31263474899999988e+00 -3.30226419300000007e+00 -5.13419999999999987e-01
-3.32030238099999986e+00 -3.24856559400000000e+00 -4.21030000000000015e-01
-3.33084716300000006e+00 -3.19847773000000002e+00 -3.26940000000000008e-01
-3.34527259999999993e+00 -3.15340952900000016e+00 -2.30830000000000007e-01
-3.35901017800000012e+00 -3.10743366599999993e+00 -1.35039999999999993e-01
-3.37198853800000009e+00 -3.06046121500000012e+00 -3.96299999999999986e-02
-3.38627347200000006e+00 -3.01522912800000009e+00 5.64199999999999979e-02
-3.40300677500000015e+00 -2.97329625099999983e+00 1.53570000000000012e-01
-3.42147265500000008e+00 -2.93375934499999991e+00 2.51400000000000012e-01
-3.43996135100000000e+00 -2.89427609899999982e+00 3.49250000000000005e-01
-3.46136569600000010e+00 -2.85896306800000000e+00 4.48089999999999988e-01
-3.48586601500000004e+00 -2.82823556299999979e+00 5.47740000000000005e-01
-3.51280168999999987e+00 -2.80126751799999996e+00 6.47859999999999991e-01
-3.54065339799999990e+00 -2.77574373200000002e+00 7.48110000000000053e-01
-3.57041004700000020e+00 -2.75329737900000016e+00 8.48500000000000032e-01
-3.60384644200000004e+00 -2.73699787000000017e+00 9.48930000000000051e-01
-3.64096422999999980e+00 -2.72721722000000000e+00 1.04889999999999994e+00
-3.68180184499999985e+00 -2.72437889699999980e+00 1.14785000000000004e+00
-3.72637793999999989e+00 -2.72905268100000020e+00 1.24510000000000010e+00
-3.77474504600000005e+00 -2.74193185699999997e+00 1.33976000000000006e+00
-3.82697940100000000e+00 -2.76408538799999981e+00 1.43054999999999999e+00
-3.88286959700000001e+00 -2.79621256599999990e+00 1.51601000000000008e+00
-3.94188858000000009e+00 -2.83851141500000015e+00 1.59462999999999999e+00
-4.00330842999999970e+00 -2.89086097300000011e+00 1.66486000000000001e+00
-4.06618563299999991e+00 -2.95277350699999985e+00 1.72523000000000004e+00
-4.12947421400000003e+00 -3.02320477800000020e+00 1.77471000000000001e+00
-4.19226610199999961e+00 -3.10044437399999984e+00 1.81360000000000010e+00
-4.25402745500000012e+00 -3.18279420399999990e+00 1.84301000000000004e+00
-4.31353192799999974e+00 -3.27024088599999985e+00 1.86004999999999998e+00
-4.37069302599999965e+00 -3.36024944100000011e+00 1.86812000000000000e+00
-4.42613885300000032e+00 -3.45176821000000000e+00 1.87010000000000010e+00
-4.47787419700000022e+00 -3.54512752400000020e+00 1.86085999999999996e+00
-4.52713934700000031e+00 -3.63875637200000002e+00 1.84553999999999996e+00
-4.57350053700000014e+00 -3.73267334099999992e+00 1.82302999999999993e+00
-4.61644492000000017e+00 -3.82603611999999993e+00 1.79336000000000007e+00
-4.65732171099999981e+00 -3.91904624799999990e+00 1.75934999999999997e+00
-4.69362757599999991e+00 -4.01031757199999994e+00 1.71711999999999998e+00
-4.72763401000000005e+00 -4.10072170599999986e+00 1.67076000000000002e+00
-4.75680139500000010e+00 -4.18832698399999970e+00 1.61699999999999999e+00
-4.78254468500000041e+00 -4.27397602100000018e+00 1.55800999999999989e+00
-4.80567263799999989e+00 -4.35771254299999988e+00 1.49557999999999991e+00
-4.82480992500000028e+00 -4.43853731599999968e+00 1.42791000000000001e+00
-4.84266005100000019e+00 -4.51824150200000041e+00 1.35880000000000001e+00
-4.85270630800000013e+00 -4.59116338399999968e+00 1.28096000000000010e+00
-4.86276653400000036e+00 -4.66408305399999978e+00 1.20310999999999990e+00
-4.86705256900000016e+00 -4.73123772299999956e+00 1.11986999999999992e+00
-4.87013006900000001e+00 -4.79718060099999999e+00 1.03547999999999996e+00
-4.87037182300000016e+00 -4.86000017100000026e+00 9.48829999999999951e-01
-4.86780652699999994e+00 -4.91974200199999956e+00 8.59940000000000038e-01
-4.86362944499999994e+00 -4.97753407899999978e+00 7.69979999999999998e-01
-4.85325019700000038e+00 -5.02785345699999997e+00 6.75969999999999960e-01
-4.84287095000000001e+00 -5.07817283400000008e+00 5.81960000000000033e-01
-4.82783488900000002e+00 -5.12241420999999963e+00 4.85559999999999992e-01
-4.81269068499999975e+00 -5.16651521200000019e+00 3.89100000000000001e-01
-4.79385031500000025e+00 -5.20549573899999984e+00 2.91150000000000020e-01
-4.77423966699999980e+00 -5.24340983799999982e+00 1.92879999999999996e-01
-4.75065165000000000e+00 -5.27546764600000007e+00 9.34900000000000037e-02
-4.72586071400000041e+00 -5.30576151300000021e+00 -6.23999999999999989e-03
-4.69727247500000011e+00 -5.33007034099999988e+00 -1.06530000000000000e-01
-4.66783223200000030e+00 -5.35306795300000005e+00 -2.06940000000000013e-01
-4.63456434300000009e+00 -5.36966293900000036e+00 -3.07410000000000017e-01
-4.60032075400000018e+00 -5.38457254299999999e+00 -4.07770000000000021e-01
-4.56308009500000011e+00 -5.39416503600000041e+00 -5.07770000000000055e-01
-4.52368185599999961e+00 -5.39971782000000022e+00 -6.07160000000000033e-01
-4.48262422300000019e+00 -5.40216143800000026e+00 -7.06089999999999995e-01
end
coil AAE23_SC_054 -0.00000000000000000e+00 none
-3.01196552999999989e+00 -6.25954578700000042e+00 -7.21389999999999976e-01
-3.03282096899999987e+00 -6.20639303400000042e+00 -8.08459999999999956e-01
-3.05115923899999997e+00 -6.14751783699999965e+00 -8.92310000000000048e-01
-3.06696656899999986e+00 -6.08333045200000022e+00 -9.72650000000000015e-01
-3.08019163900000015e+00 -6.01413969499999990e+00 -1.04919999999999991e+00
-3.09044024499999992e+00 -5.93967151799999993e+00 -1.12105000000000010e+00
-3.09631024900000007e+00 -5.85821501199999961e+00 -1.18554000000000004e+00
-3.09739532100000003e+00 -5.77027840299999983e+00 -1.24126000000000003e+00
-3.09469935700000010e+00 -5.67808670800000037e+00 -1.28957000000000011e+00
-3.08799836800000005e+00 -5.58216938700000043e+00 -1.32953000000000010e+00
-3.07709567499999981e+00 -5.48327351400000040e+00 -1.36019000000000001e+00
-3.06191822599999997e+00 -5.38238430999999995e+00 -1.38074000000000008e+00
-3.04240188599999994e+00 -5.28067888500000038e+00 -1.39033000000000007e+00
-3.01818046899999981e+00 -5.17959696500000000e+00 -1.38710000000000000e+00
-2.99041687800000000e+00 -5.08024302000000016e+00 -1.37349999999999994e+00
-2.95992310099999978e+00 -4.98326880000000028e+00 -1.35124000000000000e+00
-2.92704057399999984e+00 -4.88929319200000023e+00 -1.32085999999999992e+00
-2.89249266300000007e+00 -4.79813719200000044e+00 -1.28438000000000008e+00
-2.85656169800000015e+00 -4.70982051699999982e+00 -1.24255000000000004e+00
-2.81968491900000018e+00 -4.62389447700000034e+00 -1.19676999999999989e+00
-2.78232426900000007e+00 -4.53929793599999964e+00 -1.14893000000000001e+00
-2.74476244899999999e+00 -4.45528451599999986e+00 -1.10020999999999991e+00
-2.70686149100000017e+00 -4.37238437400000013e+00 -1.04990999999999990e+00
-2.66855680500000014e+00 -4.29082251500000034e+00 -9.97730000000000006e-01
-2.62996954699999996e+00 -4.21027906399999985e+00 -9.44219999999999948e-01
-2.59116652199999997e+00 -4.13054298099999961e+00 -8.89639999999999986e-01
-2.55218299700000006e+00 -4.05156572699999984e+00 -8.34110000000000018e-01
-2.51295216799999999e+00 -3.97355833800000013e+00 -7.77390000000000025e-01
-2.47355701800000016e+00 -3.89632153300000006e+00 -7.19740000000000046e-01
-2.43403275100000016e+00 -3.81967075599999983e+00 -6.61399999999999988e-01
-2.39412928600000008e+00 -3.74491995499999986e+00 -6.00910000000000055e-01
-2.35379758199999989e+00 -3.67252792800000005e+00 -5.37880000000000025e-01
-2.31302469099999986e+00 -3.60309093899999988e+00 -4.71909999999999996e-01
-2.27181826800000009e+00 -3.53724494499999986e+00 -4.02610000000000023e-01
-2.23021397099999996e+00 -3.47575749499999986e+00 -3.29670000000000019e-01
-2.18832026800000001e+00 -3.41944903499999997e+00 -2.52829999999999999e-01
-2.14628607899999979e+00 -3.36916940299999990e+00 -1.72020000000000006e-01
-2.10434931399999980e+00 -3.32583309199999988e+00 -8.72700000000000004e-02
-2.06274920800000006e+00 -3.29004654000000007e+00 1.12999999999999993e-03
-2.02192202200000004e+00 -3.26393136899999980e+00 9.32800000000000018e-02
-1.98243868699999992e+00 -3.24833500700000011e+00 1.88230000000000008e-01
-1.94416542600000009e+00 -3.24024313899999994e+00 2.84490000000000021e-01
-1.90730689800000008e+00 -3.24022472299999986e+00 3.81869999999999987e-01
-1.87357732800000010e+00 -3.25381437099999982e+00 4.79150000000000020e-01
-1.84072375100000007e+00 -3.27121715999999996e+00 5.76409999999999978e-01
-1.81143003700000005e+00 -3.30083531000000008e+00 6.71610000000000040e-01
-1.78303329000000010e+00 -3.33354019900000020e+00 7.66299999999999981e-01
-1.75755552900000001e+00 -3.37432370199999987e+00 8.58129999999999948e-01
-1.73554961699999999e+00 -3.42468760100000003e+00 9.46559999999999957e-01
-1.71353561500000007e+00 -3.47504562100000003e+00 1.03499000000000008e+00
-1.69709901000000007e+00 -3.53783639800000005e+00 1.11616000000000004e+00
-1.68163905900000010e+00 -3.60277059499999996e+00 1.19605999999999990e+00
-1.66932629000000010e+00 -3.67329165499999988e+00 1.27098000000000000e+00
-1.66204883500000000e+00 -3.75268729200000006e+00 1.33793999999999991e+00
-1.65666209400000009e+00 -3.83461851599999992e+00 1.40144000000000002e+00
-1.65702327500000002e+00 -3.92427336599999999e+00 1.45439000000000007e+00
-1.66075983499999991e+00 -4.01702332700000042e+00 1.50028000000000006e+00
-1.67018209199999990e+00 -4.11497956799999987e+00 1.53428999999999993e+00
-1.68387038500000008e+00 -4.21514529700000029e+00 1.55834000000000006e+00
-1.70004342399999997e+00 -4.31626341199999963e+00 1.57641000000000009e+00
-1.72010388799999991e+00 -4.41810459199999972e+00 1.58462999999999998e+00
-1.74311015200000008e+00 -4.51951499900000009e+00 1.58479999999999999e+00
-1.76820118700000006e+00 -4.62030168300000010e+00 1.57912000000000008e+00
-1.79552235599999999e+00 -4.72002638699999988e+00 1.56688000000000005e+00
-1.82522470400000003e+00 -4.81783471900000038e+00 1.54720999999999997e+00
-1.85629457600000003e+00 -4.91415211700000043e+00 1.52303999999999995e+00
-1.88865252100000003e+00 -5.00888377700000031e+00 1.49449999999999994e+00
-1.92229543799999991e+00 -5.10169370699999991e+00 1.46141999999999994e+00
-1.95719374299999993e+00 -5.19221431400000011e+00 1.42365000000000008e+00
-1.99291317000000001e+00 -5.28095825000000030e+00 1.38260999999999989e+00
-2.02941472000000012e+00 -5.36786009899999961e+00 1.33843000000000001e+00
-2.06662924799999992e+00 -5.45284490299999991e+00 1.29120999999999997e+00
-2.10454783999999995e+00 -5.53572077499999970e+00 1.24085000000000001e+00
-2.14314242799999999e+00 -5.61622011000000043e+00 1.18727000000000005e+00
-2.18227858299999999e+00 -5.69457897599999985e+00 1.13100000000000001e+00
-2.22191212199999999e+00 -5.77065402800000005e+00 1.07201999999999997e+00
-2.26202237499999992e+00 -5.84426955799999970e+00 1.01029999999999998e+00
-2.30258348899999987e+00 -5.91517193199999980e+00 9.45779999999999954e-01
-2.34354976500000012e+00 -5.98311781299999979e+00 8.78380000000000050e-01
-2.38488795200000014e+00 -6.04776166699999962e+00 8.08039999999999980e-01
-2.42653686500000010e+00 -6.10876238400000027e+00 7.34680000000000000e-01
-2.46841761899999979e+00 -6.16566710900000015e+00 6.58240000000000047e-01
-2.51043812099999997e+00 -6.21807519399999986e+00 5.78729999999999967e-01
-2.55248491399999988e+00 -6.26549630500000010e+00 4.96170000000000000e-01
-2.59439751800000007e+00 -6.30750483000000006e+00 4.10669999999999980e-01
-2.63603750999999997e+00 -6.34367882100000013e+00 3.22409999999999974e-01
-2.67719732400000021e+00 -6.37352137199999991e+00 2.31610000000000010e-01
-2.71760301999999987e+00 -6.39611653800000024e+00 1.38429999999999997e-01
-2.75700512799999986e+00 -6.41097404699999984e+00 4.32700000000000029e-02
-2.79517649300000004e+00 -6.41815135700000017e+00 -5.32600000000000018e-02
-2.83190683700000001e+00 -6.41763165700000027e+00 -1.50620000000000004e-01
-2.86700578899999980e+00 -6.40952385100000033e+00 -2.48230000000000006e-01
-2.90034334399999993e+00 -6.39409194200000019e+00 -3.45569999999999988e-01
-2.93180276899999992e+00 -6.37168374200000009e+00 -4.42180000000000017e-01
-2.96124368899999979e+00 -6.34240739599999959e+00 -5.37569999999999992e-01
-2.98823712999999991e+00 -6.30554333300000014e+00 -6.31050000000000000e-01
-3.01196552999999989e+00 -6.25954578700000042e+00 -7.21389999999999976e-01
end
coil AAE23_SC_055 -0.00000000000000000e+00 none
-1.24253208700000006e+00 -6.83446957800000021e+00 7.21389999999999976e-01
-1.28877277199999996e+00 -6.85774423500000019e+00 6.31050000000000000e-01
-1.33227547099999999e+00 -6.87168738400000034e+00 5.37569999999999992e-01
-1.37330717899999999e+00 -6.87807517700000037e+00 4.42180000000000017e-01
-1.41193003799999994e+00 -6.87770676299999995e+00 3.45569999999999988e-01
-1.44796833899999999e+00 -6.87060281100000037e+00 2.48230000000000006e-01
-1.48112641299999992e+00 -6.85652378200000001e+00 1.50620000000000004e-01
-1.51115055699999989e+00 -6.83535951699999966e+00 5.32600000000000018e-02
-1.53781873799999991e+00 -6.80710938500000040e+00 -4.32700000000000029e-02
-1.56094943400000008e+00 -6.77193816099999957e+00 -1.38429999999999997e-01
-1.58036548699999990e+00 -6.72990254199999960e+00 -2.31610000000000010e-01
-1.59612745399999989e+00 -6.68156567299999971e+00 -3.22409999999999974e-01
-1.60854308499999998e+00 -6.62783098500000012e+00 -4.10669999999999980e-01
-1.61776407699999991e+00 -6.56920423600000003e+00 -4.96159999999999990e-01
-1.62390312699999995e+00 -6.50612576300000001e+00 -5.78729999999999967e-01
-1.62710087099999989e+00 -6.43903148199999986e+00 -6.58240000000000047e-01
-1.62752808999999998e+00 -6.36836685100000022e+00 -7.34680000000000000e-01
-1.62537320099999993e+00 -6.29455305900000006e+00 -8.08039999999999980e-01
-1.62081577099999996e+00 -6.21795542200000018e+00 -8.78380000000000050e-01
-1.61402285199999995e+00 -6.13890544200000043e+00 -9.45779999999999954e-01
-1.60515485799999991e+00 -6.05769271499999995e+00 -1.01029999999999998e+00
-1.59433763300000009e+00 -5.97456936200000044e+00 -1.07201999999999997e+00
-1.58169404700000005e+00 -5.88972353800000015e+00 -1.13100000000000001e+00
-1.56728667399999999e+00 -5.80332431300000007e+00 -1.18727000000000005e+00
-1.55119572200000011e+00 -5.71551648600000028e+00 -1.24085000000000001e+00
-1.53315939800000001e+00 -5.62618401699999993e+00 -1.29120999999999997e+00
-1.51331308800000008e+00 -5.53554887800000017e+00 -1.33843000000000001e+00
-1.49176348299999995e+00 -5.44378746800000002e+00 -1.38260999999999989e+00
-1.46851210099999996e+00 -5.35099977600000010e+00 -1.42365000000000008e+00
-1.44352588700000006e+00 -5.25724831199999976e+00 -1.46141999999999994e+00
-1.41619454300000003e+00 -5.16238632299999978e+00 -1.49449999999999994e+00
-1.38669099900000004e+00 -5.06673722200000043e+00 -1.52303999999999995e+00
-1.35520505799999991e+00 -4.97055015499999975e+00 -1.54720999999999997e+00
-1.32174487699999998e+00 -4.87396701599999993e+00 -1.56688000000000005e+00
-1.28523788900000002e+00 -4.77722211499999982e+00 -1.57912000000000008e+00
-1.24629168099999998e+00 -4.68094229899999981e+00 -1.58479999999999999e+00
-1.20530191100000006e+00 -4.58536559000000032e+00 -1.58462999999999998e+00
-1.16167706499999990e+00 -4.49118704799999957e+00 -1.57641000000000009e+00
-1.11532153400000000e+00 -4.39988229400000019e+00 -1.55834000000000006e+00
-1.06752751299999993e+00 -4.31079563599999993e+00 -1.53428999999999993e+00
-1.01756445399999995e+00 -4.22600440200000005e+00 -1.50028000000000006e+00
-9.66072087899999987e-01 -4.14877925800000025e+00 -1.45439000000000007e+00
-9.13671667200000037e-01 -4.07603641700000008e+00 -1.40144000000000002e+00
-8.61149388800000026e-01 -4.01292053600000020e+00 -1.33793999999999991e+00
-8.08591125600000016e-01 -3.95296756599999988e+00 -1.27098000000000000e+00
-7.57186844399999948e-01 -3.90314824299999996e+00 -1.19605999999999990e+00
-7.06505382599999954e-01 -3.85970068200000016e+00 -1.11616000000000004e+00
-6.56305121900000010e-01 -3.81856808100000000e+00 -1.03499000000000008e+00
-6.08895485500000055e-01 -3.79076064900000009e+00 -9.46559999999999957e-01
-5.61477758999999965e-01 -3.76294733900000011e+00 -8.58119999999999994e-01
-5.16901173699999994e-01 -3.74493602499999989e+00 -7.66299999999999981e-01
-4.74709882999999999e-01 -3.73515944599999994e+00 -6.71610000000000040e-01
-4.33594930599999984e-01 -3.72842687699999997e+00 -5.76409999999999978e-01
-3.96785959999999993e-01 -3.73364831200000014e+00 -4.79150000000000020e-01
-3.61516050600000027e-01 -3.74248479800000000e+00 -3.81869999999999987e-01
-3.31701686200000012e-01 -3.76415993800000015e+00 -2.84490000000000021e-01
-3.05495599700000009e-01 -3.79320314600000019e+00 -1.88230000000000008e-01
-2.82718853300000017e-01 -3.82902707100000006e+00 -9.32800000000000018e-02
-2.65037912599999981e-01 -3.87415270400000011e+00 -1.12999999999999993e-03
-2.52421415400000015e-01 -3.92756840400000007e+00 8.72700000000000004e-02
-2.43958947300000006e-01 -3.98727776299999981e+00 1.72020000000000006e-01
-2.39509049800000012e-01 -4.05265885599999987e+00 2.52829999999999999e-01
-2.38718402100000004e-01 -4.12283694799999978e+00 3.29670000000000019e-01
-2.41205053000000003e-01 -4.19702774699999992e+00 4.02619999999999978e-01
-2.46562086799999997e-01 -4.27451534700000035e+00 4.71909999999999996e-01
-2.54395861499999987e-01 -4.35466765199999983e+00 5.37880000000000025e-01
-2.64317919199999973e-01 -4.43693049699999964e+00 6.00910000000000055e-01
-2.75965590199999999e-01 -4.52086733600000024e+00 6.61399999999999988e-01
-2.89045351399999983e-01 -4.60611658399999957e+00 7.19740000000000046e-01
-3.02573043300000011e-01 -4.69175307700000044e+00 7.77390000000000025e-01
-3.16692835800000017e-01 -4.77791864100000030e+00 8.34110000000000018e-01
-3.31574622400000019e-01 -4.86473671200000002e+00 8.89639999999999986e-01
-3.47055840800000015e-01 -4.95203973799999986e+00 9.44219999999999948e-01
-3.63181366299999975e-01 -5.03988504500000012e+00 9.97730000000000006e-01
-3.80126970399999986e-01 -5.12838797700000004e+00 1.04990999999999990e+00
-3.98195654899999973e-01 -5.21774395699999971e+00 1.10020999999999991e+00
-4.17180740900000013e-01 -5.30777810200000033e+00 1.14893000000000001e+00
-4.36689475599999988e-01 -5.39818033999999969e+00 1.19676999999999989e+00
-4.57354345599999990e-01 -5.48937311600000033e+00 1.24255000000000004e+00
-4.80198312700000018e-01 -5.58193896800000022e+00 1.28438000000000008e+00
-5.05827250700000008e-01 -5.67599670999999972e+00 1.32085999999999992e+00
-5.34460158200000035e-01 -5.77134699399999995e+00 1.35124000000000000e+00
-5.66793159199999952e-01 -5.86772922300000044e+00 1.37349999999999994e+00
-6.02733271299999984e-01 -5.96442072500000009e+00 1.38710000000000000e+00
-6.42547644299999998e-01 -6.06044132999999974e+00 1.39033000000000007e+00
-6.86547978799999958e-01 -6.15418812199999987e+00 1.38074000000000008e+00
-7.33564106500000035e-01 -6.24473675900000025e+00 1.36017999999999994e+00
-7.82873594999999978e-01 -6.33114210100000019e+00 1.32953000000000010e+00
-8.33825435299999973e-01 -6.41268394799999975e+00 1.28957000000000011e+00
-8.85837829199999982e-01 -6.48885307499999975e+00 1.24126000000000003e+00
-9.38400401799999950e-01 -6.55936519699999998e+00 1.18554000000000004e+00
-9.91030433900000007e-01 -6.62180536500000017e+00 1.12105000000000010e+00
-1.04308969100000004e+00 -6.67603125100000039e+00 1.04919999999999991e+00
-1.09446746900000003e+00 -6.72423678999999996e+00 9.72650000000000015e-01
-1.14497871199999990e+00 -6.76688084300000003e+00 8.92310000000000048e-01
-1.19442186099999992e+00 -6.80373044500000024e+00 8.08459999999999956e-01
-1.24253208700000006e+00 -6.83446957800000021e+00 7.21389999999999976e-01
end
coil AAE14_SC_056 -0.00000000000000000e+00 none
4.51198219600000006e-01 -7.00525746699999985e+00 7.06089999999999995e-01
4.85853739900000026e-01 -7.02742016100000022e+00 6.07160000000000033e-01
5.20992499400000031e-01 -7.04607978800000012e+00 5.07770000000000055e-01
5.56770119399999985e-01 -7.06020859200000039e+00 4.07770000000000021e-01
5.93235855900000053e-01 -7.06827514400000023e+00 3.07410000000000017e-01
6.29901025799999958e-01 -7.07440450100000007e+00 2.06940000000000013e-01
6.67227025800000040e-01 -7.07310703499999960e+00 1.06530000000000000e-01
7.04656700599999963e-01 -7.07025096300000033e+00 6.23999999999999989e-03
7.42513978800000030e-01 -7.06031056600000007e+00 -9.34900000000000037e-02
7.80437712200000022e-01 -7.04823293200000034e+00 -1.92879999999999996e-01
8.18592737699999962e-01 -7.02908999499999965e+00 -2.91150000000000020e-01
8.56749866200000043e-01 -7.00862293800000025e+00 -3.89100000000000001e-01
8.94916620800000007e-01 -6.98185729999999971e+00 -4.85559999999999992e-01
9.33086411799999960e-01 -6.95489168599999985e+00 -5.81960000000000033e-01
9.71056199299999978e-01 -6.92028415500000005e+00 -6.75969999999999960e-01
1.00903995499999999e+00 -6.88567883500000022e+00 -7.69979999999999998e-01
1.04638870099999992e+00 -6.84138675899999971e+00 -8.59940000000000038e-01
1.08357397300000002e+00 -6.79455590800000042e+00 -9.48829999999999951e-01
1.12031200499999994e+00 -6.74358779100000039e+00 -1.03547999999999996e+00
1.15658149799999999e+00 -6.68843607700000042e+00 -1.11986999999999992e+00
1.19258271299999996e+00 -6.63158809599999977e+00 -1.20310999999999990e+00
1.22731218199999992e+00 -6.56667787700000005e+00 -1.28096000000000010e+00
1.26203943900000004e+00 -6.50178162699999973e+00 -1.35880000000000001e+00
1.29444749899999989e+00 -6.42680300399999993e+00 -1.42791000000000001e+00
1.32646668800000000e+00 -6.35016628700000041e+00 -1.49557999999999991e+00
1.35697504999999996e+00 -6.26883008999999980e+00 -1.55800999999999989e+00
1.38649014000000004e+00 -6.18440845800000005e+00 -1.61699999999999999e+00
1.41439977400000005e+00 -6.09638203699999970e+00 -1.67076000000000002e+00
1.44001650099999989e+00 -6.00326021800000031e+00 -1.71711999999999998e+00
1.46429832700000007e+00 -5.90807989400000011e+00 -1.75934999999999997e+00
1.48590004699999989e+00 -5.80880240900000011e+00 -1.79336000000000007e+00
1.50602616600000005e+00 -5.70803835099999990e+00 -1.82302999999999993e+00
1.52372358299999999e+00 -5.60479913400000029e+00 -1.84553999999999996e+00
1.53889697299999995e+00 -5.50009342899999965e+00 -1.86085999999999996e+00
1.55193073899999989e+00 -5.39416109799999965e+00 -1.87010000000000010e+00
1.56085866599999989e+00 -5.28752835199999982e+00 -1.86812000000000000e+00
1.56751908899999992e+00 -5.18110920600000036e+00 -1.86004999999999998e+00
1.57078248399999998e+00 -5.07539056600000027e+00 -1.84301000000000004e+00
1.56921492099999993e+00 -4.97246490499999982e+00 -1.81360000000000010e+00
1.56381740999999996e+00 -4.87306350400000010e+00 -1.77471000000000001e+00
1.55402008500000011e+00 -4.77888590600000018e+00 -1.72523000000000004e+00
1.53954191500000004e+00 -4.69184206699999962e+00 -1.66486000000000001e+00
1.52062482700000001e+00 -4.61338782600000030e+00 -1.59462999999999999e+00
1.49774037099999990e+00 -4.54447845199999989e+00 -1.51601000000000008e+00
1.47140074499999995e+00 -4.48563178199999957e+00 -1.43054999999999999e+00
1.44216757699999998e+00 -4.43700836000000010e+00 -1.33976000000000006e+00
1.41060572400000006e+00 -4.39816071100000006e+00 -1.24510000000000010e+00
1.37728909000000010e+00 -4.36817744200000035e+00 -1.14785000000000004e+00
1.34259071099999994e+00 -4.34646614900000028e+00 -1.04889999999999994e+00
1.30680562999999994e+00 -4.33256525799999981e+00 -9.48930000000000051e-01
1.27017149800000007e+00 -4.32610433400000005e+00 -8.48500000000000032e-01
1.23290902599999996e+00 -4.32677469299999995e+00 -7.48110000000000053e-01
1.19536986300000003e+00 -4.33104526600000028e+00 -6.47859999999999991e-01
1.15773062700000007e+00 -4.33703251699999992e+00 -5.47740000000000005e-01
1.11985545499999994e+00 -4.34749270200000026e+00 -4.48089999999999988e-01
1.08177840100000000e+00 -4.36347645800000006e+00 -3.49250000000000005e-01
1.04360407400000010e+00 -4.38454932500000005e+00 -2.51400000000000012e-01
1.00543265200000009e+00 -4.40569424300000012e+00 -1.53570000000000012e-01
9.67254682400000010e-01 -4.42977340100000028e+00 -5.64199999999999979e-02
9.29098274600000051e-01 -4.45796536000000021e+00 3.96299999999999986e-02
8.90988608999999987e-01 -4.48834828100000038e+00 1.35039999999999993e-01
8.52858229099999976e-01 -4.51746074099999984e+00 2.30830000000000007e-01
8.14698979899999953e-01 -4.54544463199999971e+00 3.26940000000000008e-01
7.76723444499999971e-01 -4.57977204400000026e+00 4.21030000000000015e-01
7.38950101300000051e-01 -4.61869905599999964e+00 5.13410000000000033e-01
7.01368039400000032e-01 -4.66044129600000012e+00 6.04639999999999955e-01
6.63921776499999949e-01 -4.70417382800000006e+00 6.94989999999999997e-01
6.26568345300000051e-01 -4.74903789900000017e+00 7.84819999999999962e-01
5.89416692799999975e-01 -4.79628930800000042e+00 8.73500000000000054e-01
5.52684408800000027e-01 -4.84753754599999986e+00 9.60089999999999999e-01
5.16494798300000002e-01 -4.90322453300000038e+00 1.04414000000000007e+00
4.80840095999999995e-01 -4.96267607600000016e+00 1.12579999999999991e+00
4.46196452199999982e-01 -5.02799364400000037e+00 1.20328999999999997e+00
4.13292959999999987e-01 -5.10121854299999988e+00 1.27417000000000002e+00
3.82312482499999995e-01 -5.18124142000000010e+00 1.33818999999999999e+00
3.53476685600000007e-01 -5.26729555300000030e+00 1.39495999999999998e+00
3.26778758300000027e-01 -5.35824870799999964e+00 1.44477000000000011e+00
3.02295567400000020e-01 -5.45325395400000001e+00 1.48758999999999997e+00
2.80289034699999995e-01 -5.55192322300000018e+00 1.52283999999999997e+00
2.60852142700000011e-01 -5.65353384299999995e+00 1.55041999999999991e+00
2.44079326699999988e-01 -5.75739916900000015e+00 1.57027000000000005e+00
2.30134103400000012e-01 -5.86289361199999970e+00 1.58210999999999991e+00
2.19238832800000005e-01 -5.96933646699999976e+00 1.58546000000000009e+00
2.11715169300000006e-01 -6.07596253200000014e+00 1.57966999999999991e+00
2.07958402999999986e-01 -6.18176769100000012e+00 1.56394999999999995e+00
2.08327927500000010e-01 -6.28547725399999990e+00 1.53757000000000010e+00
2.13132513299999993e-01 -6.38559373599999969e+00 1.50011000000000005e+00
2.22498652500000005e-01 -6.48050487200000003e+00 1.45162999999999998e+00
2.36275558699999999e-01 -6.56881220999999993e+00 1.39285999999999999e+00
2.54085791299999975e-01 -6.64955391099999993e+00 1.32502000000000009e+00
2.75428843799999989e-01 -6.72236433299999980e+00 1.24963000000000002e+00
2.99694417599999985e-01 -6.78739022700000039e+00 1.16823000000000010e+00
3.26362464899999982e-01 -6.84515775900000012e+00 1.08214000000000010e+00
3.55287687199999980e-01 -6.89509265700000018e+00 9.91870000000000029e-01
3.86134852199999989e-01 -6.93714182500000032e+00 8.98349999999999982e-01
4.18174999800000002e-01 -6.97360246000000039e+00 8.02960000000000007e-01
4.51198219600000006e-01 -7.00525746699999985e+00 7.06089999999999995e-01
end
coil AAE10_SC_057 -1.45476000000000000e+06 none
2.52457392302199990e+00 -6.37447340022100040e+00 1.74495433399999983e-02
2.52763647062100016e+00 -6.37167914014399983e+00 -7.15008086900000006e-02
2.52945712652900001e+00 -6.36413278775300029e+00 -1.60225412000000011e-01
2.53147656703099999e+00 -6.35130188840499965e+00 -2.48458953600000004e-01
2.53452997695500004e+00 -6.33303262232100028e+00 -3.35488630800000021e-01
2.53933423300800021e+00 -6.30915456315600043e+00 -4.21241332600000018e-01
2.54665502905500007e+00 -6.27967751956200004e+00 -5.04959361800000006e-01
2.55667124016299985e+00 -6.24480819278300014e+00 -5.86314234499999976e-01
2.56882327489000017e+00 -6.20499567207799974e+00 -6.65177014199999972e-01
2.58227019095000010e+00 -6.16088565772500019e+00 -7.41282581500000037e-01
2.59730224230699980e+00 -6.11254779289599970e+00 -8.14565732900000006e-01
2.61326230948299987e+00 -6.06040222936799999e+00 -8.85007124200000050e-01
2.62668174350800010e+00 -6.00519612829099980e+00 -9.53741958900000020e-01
2.63214922409299978e+00 -5.94814389271100019e+00 -1.02191720899999994e+00
2.62662557372400007e+00 -5.89019898384299978e+00 -1.08926367399999990e+00
2.60941323559999994e+00 -5.83208362785800016e+00 -1.15453905799999990e+00
2.58454091832799993e+00 -5.77279569564000017e+00 -1.21624657500000000e+00
2.55871322393200007e+00 -5.70952750550099974e+00 -1.27344174199999993e+00
2.53201613283200011e+00 -5.64216451597100033e+00 -1.32528569800000007e+00
2.50229486135400014e+00 -5.57162401299399956e+00 -1.37074944699999990e+00
2.46902960462000021e+00 -5.49811015745599985e+00 -1.40860805300000003e+00
2.43268431232199989e+00 -5.42209709117099958e+00 -1.43734869599999993e+00
2.39603874013200002e+00 -5.34293651855000018e+00 -1.45563949300000006e+00
2.36281910747700019e+00 -5.26053570574899965e+00 -1.46207221500000006e+00
2.33445873796800019e+00 -5.17632215536299967e+00 -1.45566788399999991e+00
2.31190514995400020e+00 -5.09246464778799979e+00 -1.43595856100000008e+00
2.29586459740100013e+00 -5.01121963832899997e+00 -1.40304295200000007e+00
2.28710424869899986e+00 -4.93499083685200013e+00 -1.35778514899999991e+00
2.28604169559499981e+00 -4.86570158757599991e+00 -1.30180800399999996e+00
2.29289173495700016e+00 -4.80460920601900021e+00 -1.23734147300000008e+00
2.30734473522699979e+00 -4.75212674062600016e+00 -1.16681292299999995e+00
2.32742029180699994e+00 -4.70795229311999996e+00 -1.09210786199999998e+00
2.34660216873899996e+00 -4.67174255335600019e+00 -1.01302453600000009e+00
2.35487575978500008e+00 -4.64549055695999957e+00 -9.28272620899999956e-01
2.35459729481100011e+00 -4.63208846321299994e+00 -8.40209904600000002e-01
2.34723580956899980e+00 -4.63301775188099985e+00 -7.51488013200000027e-01
2.33302611645100022e+00 -4.64806353981600040e+00 -6.64789909000000012e-01
2.30974902163600015e+00 -4.67545971915100012e+00 -5.83300031399999974e-01
2.27463959249599990e+00 -4.71186411223700041e+00 -5.09989224300000044e-01
2.22881044962299990e+00 -4.75304153893500025e+00 -4.45633867399999994e-01
2.17636128865899980e+00 -4.79566152984399974e+00 -3.87553904599999999e-01
2.12083760752200012e+00 -4.83745780733200004e+00 -3.31866703200000002e-01
2.06774924587999998e+00 -4.87718024054600008e+00 -2.72389066100000021e-01
2.01173854133500019e+00 -4.91290013835399986e+00 -2.13010172800000008e-01
1.95736688067499998e+00 -4.94356293878299979e+00 -1.49478332999999991e-01
1.90056410541199994e+00 -4.96786288467299997e+00 -8.53008159099999941e-02
1.84359307523899996e+00 -4.98165631995799973e+00 -1.81966169400000002e-02
1.78315246072600009e+00 -4.98491029801500041e+00 4.71862759699999967e-02
1.72009075053300009e+00 -4.98185386886899995e+00 1.10011766999999996e-01
1.65310310812399996e+00 -4.98164702197899967e+00 1.68760640399999995e-01
1.58617065988399997e+00 -4.98208734174400014e+00 2.27517521700000003e-01
1.52109509300000001e+00 -4.98022661645099962e+00 2.88294880099999984e-01
1.46173586168099989e+00 -4.97065194281899991e+00 3.54058778700000021e-01
1.41348806693899998e+00 -4.95012423268900026e+00 4.26058482299999985e-01
1.38048877556199989e+00 -4.92039523795800005e+00 5.03287117299999975e-01
1.36366276889200000e+00 -4.88614562036600031e+00 5.83763262700000007e-01
1.36143071142999994e+00 -4.85129570793299969e+00 6.65754104100000021e-01
1.37190428552299992e+00 -4.81779234631300035e+00 7.47589677000000008e-01
1.39460580541599999e+00 -4.78544674863499964e+00 8.27430147700000007e-01
1.42630196651200003e+00 -4.75529401328900025e+00 9.05019850500000000e-01
1.46047404192199992e+00 -4.73210641753899974e+00 9.84019988200000029e-01
1.49307662781000006e+00 -4.72188998251800029e+00 1.06625950899999999e+00
1.52519312872600010e+00 -4.72739174852999966e+00 1.14916445699999992e+00
1.55882854321400011e+00 -4.74900213966699969e+00 1.22877147299999989e+00
1.59454086856300004e+00 -4.78604736774200035e+00 1.30145524799999990e+00
1.63135650728300008e+00 -4.83708667102799961e+00 1.36460902099999992e+00
1.66604491875799998e+00 -4.90065780093499992e+00 1.41648754599999993e+00
1.69518362004700007e+00 -4.97467350021400012e+00 1.45647327999999998e+00
1.71604897820400004e+00 -5.05650019337300005e+00 1.48480144199999997e+00
1.72817579289299994e+00 -5.14293692532799973e+00 1.50253250699999996e+00
1.73550429925500005e+00 -5.23128352466399971e+00 1.51150248399999998e+00
1.74259475693499999e+00 -5.32012818492500017e+00 1.51298411800000010e+00
1.75379055937899997e+00 -5.40824773759400035e+00 1.50745079099999990e+00
1.77264725128600009e+00 -5.49438483075299988e+00 1.49478746799999995e+00
1.79783587703800007e+00 -5.57749443383399957e+00 1.47478658299999998e+00
1.82745500742600009e+00 -5.65696438862299988e+00 1.44763304900000001e+00
1.86197581383699995e+00 -5.73179769551899998e+00 1.41379362500000005e+00
1.90192009667899997e+00 -5.80087882439899971e+00 1.37401825100000008e+00
1.94726205219499993e+00 -5.86316869905100013e+00 1.32940064600000007e+00
1.99810333742700008e+00 -5.91813067129100023e+00 1.28097524599999990e+00
2.05449563802600021e+00 -5.96471349050800015e+00 1.23028775000000001e+00
2.11502644831299991e+00 -6.00388280831299959e+00 1.17785383299999991e+00
2.17611465374200019e+00 -6.03843804325800004e+00 1.12301204000000010e+00
2.23544016177500016e+00 -6.07046447732999983e+00 1.06492056600000007e+00
2.28973806191600016e+00 -6.10271694768499984e+00 1.00206122299999989e+00
2.33442877260399984e+00 -6.13773275624799997e+00 9.33417592700000021e-01
2.36965450048900017e+00 -6.17424314742800018e+00 8.60160919799999979e-01
2.39889399136000003e+00 -6.20957229962700019e+00 7.83724147499999968e-01
2.42379928776600018e+00 -6.24251524426099991e+00 7.04798590999999974e-01
2.44509118038100004e+00 -6.27257668419600023e+00 6.23652054699999958e-01
2.46348081074900005e+00 -6.29915867302999999e+00 5.40776822700000048e-01
2.47963559256400012e+00 -6.32195711824000028e+00 4.56066133900000004e-01
2.49304688423899989e+00 -6.34090836734799979e+00 3.70161730799999977e-01
2.50344704693700004e+00 -6.35609937622499999e+00 2.82965108700000023e-01
2.51194906415999997e+00 -6.36688886982100044e+00 1.94931003699999994e-01
2.51915477935399990e+00 -6.37295137131200029e+00 1.06373998100000006e-01
2.52457392302199990e+00 -6.37447340022100040e+00 1.74495433399999983e-02
end
coil AAE29_SC_058 -1.45476000000000000e+06 none
3.36422444154800004e+00 -5.89243414944500010e+00 2.78678482399999979e-03
3.37452259925299991e+00 -5.88948342496799970e+00 -8.48906156800000034e-02
3.38316139469100019e+00 -5.88260485730299987e+00 -1.72486975200000003e-01
3.38862345807400001e+00 -5.87278952325099990e+00 -2.60086019399999979e-01
3.38893588425300019e+00 -5.86124456581600040e+00 -3.47726933199999977e-01
3.38429779274899989e+00 -5.84762501988800043e+00 -4.34835605299999983e-01
3.37501908784500015e+00 -5.83142370457700032e+00 -5.21219862499999964e-01
3.35935557525899986e+00 -5.81362433815700008e+00 -6.06252378700000039e-01
3.33508335657699995e+00 -5.79546799451200023e+00 -6.89279826699999987e-01
3.30345696107400011e+00 -5.77604960769400044e+00 -7.69401928900000032e-01
3.26366640793000018e+00 -5.75605245554099998e+00 -8.45773240600000031e-01
3.21841646996099984e+00 -5.73387506564700011e+00 -9.18236506299999977e-01
3.17238878298500016e+00 -5.70584321048800014e+00 -9.88192380300000006e-01
3.12649928679699984e+00 -5.67153925772000012e+00 -1.05547147099999994e+00
3.08465342174100021e+00 -5.62837518297799999e+00 -1.12019668500000003e+00
3.04983438945799978e+00 -5.57497829916899956e+00 -1.18132792100000006e+00
3.02100874795999985e+00 -5.51273988337599974e+00 -1.23705962200000008e+00
2.99937174299699993e+00 -5.44189771300600000e+00 -1.28519478500000006e+00
2.98548864872000008e+00 -5.36333536297300029e+00 -1.32306780699999993e+00
2.97753948586499995e+00 -5.27905791025299997e+00 -1.34828118300000011e+00
2.97503591711500004e+00 -5.19135977109900004e+00 -1.35856906699999991e+00
2.97792733323800007e+00 -5.10322466736499969e+00 -1.35308516699999992e+00
2.98788082036899993e+00 -5.01777424009299988e+00 -1.33301426099999998e+00
3.00292273392300002e+00 -4.93659513812299977e+00 -1.30172047699999993e+00
3.02084879376300020e+00 -4.85966732376200028e+00 -1.26208573400000001e+00
3.03676624718600019e+00 -4.78624125136899981e+00 -1.21571442500000004e+00
3.04482233101800004e+00 -4.71611688160800036e+00 -1.16263869200000003e+00
3.04397013474300016e+00 -4.65105057397200028e+00 -1.10295157899999996e+00
3.03088612333699992e+00 -4.59355140522199967e+00 -1.03713904300000004e+00
3.00562594140399986e+00 -4.54643740859499967e+00 -9.66786724099999994e-01
2.96981309880000000e+00 -4.51220650700200032e+00 -8.93698191100000039e-01
2.92665660658200011e+00 -4.49358204864000044e+00 -8.18890524700000011e-01
2.88290296283699998e+00 -4.49265211598000036e+00 -7.42145053699999946e-01
2.84025793141199978e+00 -4.50990374314899967e+00 -6.66747498799999949e-01
2.79255630833600010e+00 -4.54049979679099991e+00 -5.98963435900000007e-01
2.73742762701800002e+00 -4.57647447002899987e+00 -5.40071751900000008e-01
2.68306641368900012e+00 -4.61229505605099988e+00 -4.80383682199999995e-01
2.62468097747199991e+00 -4.64512880828400032e+00 -4.22826417800000021e-01
2.56193756767199998e+00 -4.67251780406599959e+00 -3.67045805100000011e-01
2.49664148044799994e+00 -4.69334957828599997e+00 -3.11240956999999985e-01
2.43148393048800004e+00 -4.70868746199700006e+00 -2.53612347000000016e-01
2.36705333334999990e+00 -4.72192191258699978e+00 -1.94645235299999997e-01
2.30218511708600015e+00 -4.73604594201199980e+00 -1.36400377900000008e-01
2.23603070486000011e+00 -4.75056746559500009e+00 -7.96677523299999940e-02
2.16797390131999990e+00 -4.76365179619299983e+00 -2.49478487299999996e-02
2.09854973436799996e+00 -4.77112397401500044e+00 2.91697134999999996e-02
2.03013271176300014e+00 -4.76776774412199966e+00 8.49414953499999931e-02
1.96708259119700002e+00 -4.75064577505999974e+00 1.44366938000000000e-01
1.91273096119599995e+00 -4.72298851368099992e+00 2.08312674000000003e-01
1.86985657802500005e+00 -4.68791648335900035e+00 2.77076304399999973e-01
1.83794260357400008e+00 -4.64910996565599977e+00 3.49770285000000014e-01
1.82094611220200009e+00 -4.60408604584899983e+00 4.23815620399999982e-01
1.81923710386400006e+00 -4.55319193224999985e+00 4.95980558899999979e-01
1.82958801201500010e+00 -4.49899058812099994e+00 5.64959770600000022e-01
1.84779119064199993e+00 -4.44436682743199984e+00 6.31974551700000053e-01
1.86819160023799991e+00 -4.39418785022099989e+00 7.01722420199999974e-01
1.88753988647499993e+00 -4.35358944035000039e+00 7.77758922399999997e-01
1.90650213388999989e+00 -4.32535029236800028e+00 8.59260935799999959e-01
1.92680270005900001e+00 -4.31065052878699984e+00 9.43992550599999980e-01
1.94994023015600004e+00 -4.30982731376900041e+00 1.02922564299999997e+00
1.97670216775200003e+00 -4.32275317387199998e+00 1.11241435500000008e+00
2.00646904273399995e+00 -4.34934849636699994e+00 1.19120472199999994e+00
2.03849518404999985e+00 -4.38843286877999983e+00 1.26364754000000001e+00
2.07277508002499999e+00 -4.43768517794999973e+00 1.32849212900000002e+00
2.10874571528700017e+00 -4.49523459006899984e+00 1.38506107400000000e+00
2.14338399519400014e+00 -4.56087206563799974e+00 1.43291364999999993e+00
2.17490766851600004e+00 -4.63354611185299969e+00 1.47201131399999996e+00
2.20726228425100013e+00 -4.70970628703800021e+00 1.50292601100000001e+00
2.24461808411700003e+00 -4.78628256379499994e+00 1.52594120899999997e+00
2.28772910330999979e+00 -4.86198867399000001e+00 1.54095584599999991e+00
2.33616626799200011e+00 -4.93543646364000033e+00 1.54783606000000007e+00
2.38931584858899981e+00 -5.00601237811100042e+00 1.54670218000000004e+00
2.44652257261400008e+00 -5.07279958475499981e+00 1.53781075699999992e+00
2.50781081021799990e+00 -5.13425764852200039e+00 1.52165311900000000e+00
2.57245195847099994e+00 -5.18997429284999967e+00 1.49884666299999991e+00
2.63780277517300021e+00 -5.24195171500699963e+00 1.46985226500000010e+00
2.70176031632600022e+00 -5.29181300406099986e+00 1.43505092700000003e+00
2.76321593350799999e+00 -5.34072702030900004e+00 1.39462432200000008e+00
2.82100295615600016e+00 -5.38937105161000041e+00 1.34888033899999993e+00
2.87489122522700002e+00 -5.43765344941999995e+00 1.29813495799999989e+00
2.92458205455400000e+00 -5.48534521168199962e+00 1.24282243100000001e+00
2.96917420770399998e+00 -5.53292229998899998e+00 1.18324034999999994e+00
3.00810297825500017e+00 -5.58052922508200044e+00 1.11971359499999989e+00
3.04297296380600013e+00 -5.62641464316499995e+00 1.05291023900000003e+00
3.07642444763700018e+00 -5.66884336040499992e+00 9.82930533999999967e-01
3.10854131126199995e+00 -5.70747753797899993e+00 9.10374739800000055e-01
3.13899755539299985e+00 -5.74276338840299960e+00 8.35259036700000013e-01
3.16836988183700008e+00 -5.77406682038099994e+00 7.58153013199999948e-01
3.19733038682899995e+00 -5.80106304757800029e+00 6.79084104099999974e-01
3.22480702873600000e+00 -5.82439736401699992e+00 5.98435221300000042e-01
3.24956451423199999e+00 -5.84499642822400034e+00 5.16277416700000047e-01
3.27179683432499990e+00 -5.86276131493399966e+00 4.32634373899999980e-01
3.29247278128099996e+00 -5.87688104997199989e+00 3.47887754900000012e-01
3.31264524471000010e+00 -5.88649073438600023e+00 2.62437444299999989e-01
3.33278248375700015e+00 -5.89122971134299966e+00 1.76521934800000002e-01
3.35072166921100001e+00 -5.89266505383400041e+00 9.01240613200000040e-02
3.36422444154800004e+00 -5.89243414944500010e+00 2.78678482399999979e-03
end
coil AAE38_SC_059 -1.45476000000000000e+06 none
3.99049845802699998e+00 -5.39461328379200022e+00 3.63268553800000019e-02
3.97643690492899982e+00 -5.41620997076300004e+00 -4.80547979299999969e-02
3.96019542282700021e+00 -5.43363529270699974e+00 -1.33002260200000000e-01
3.93877872832899989e+00 -5.44972783852399978e+00 -2.17047761899999997e-01
3.91252276175700020e+00 -5.46458325419400026e+00 -2.99954731699999977e-01
3.88080020744500009e+00 -5.47911995958399967e+00 -3.81031338399999975e-01
3.84612563930400020e+00 -5.49138437250700040e+00 -4.61159949999999985e-01
3.81196865141200014e+00 -5.49801069767999984e+00 -5.42218334199999985e-01
3.77951675810300003e+00 -5.49740539246599980e+00 -6.24303358699999977e-01
3.74996892305799978e+00 -5.48789447521899998e+00 -7.06884603200000017e-01
3.72228458244600002e+00 -5.46977954095599994e+00 -7.88588002899999974e-01
3.69647219867700016e+00 -5.44228261379999978e+00 -8.68414351700000031e-01
3.67536282868499997e+00 -5.40287272985499989e+00 -9.44419961899999993e-01
3.66000907752999982e+00 -5.35089976597900030e+00 -1.01402675699999989e+00
3.65015649514299989e+00 -5.28715914639999962e+00 -1.07429228500000007e+00
3.64475486228299994e+00 -5.21348749550600044e+00 -1.12246628300000006e+00
3.64292659296599997e+00 -5.13219372233200044e+00 -1.15657041999999999e+00
3.64498922911199985e+00 -5.04604169853699958e+00 -1.17572795600000002e+00
3.65386486810099997e+00 -4.95840172987499983e+00 -1.18021257599999996e+00
3.67368583032900009e+00 -4.87283803857100040e+00 -1.17200982199999992e+00
3.70016501259099995e+00 -4.79032844321899987e+00 -1.15551869899999993e+00
3.71869118359700002e+00 -4.70678788456700037e+00 -1.13389370999999994e+00
3.71984390051200009e+00 -4.62296950390199957e+00 -1.10643044699999993e+00
3.70632822978899990e+00 -4.54364308768600011e+00 -1.07033591600000011e+00
3.68348484067999982e+00 -4.47301656401999992e+00 -1.02260499500000002e+00
3.65837429105599998e+00 -4.41441545412499980e+00 -9.61666465600000020e-01
3.62793844702600010e+00 -4.37064248033899982e+00 -8.91339521699999970e-01
3.58495001454499995e+00 -4.33934135123500031e+00 -8.20966165700000028e-01
3.52732591816900021e+00 -4.31500500892699979e+00 -7.58739591400000024e-01
3.45670240789800021e+00 -4.29848397694400042e+00 -7.08505398000000008e-01
3.37829113380999990e+00 -4.29443644171299965e+00 -6.68307024900000046e-01
3.29884749345900019e+00 -4.30320843877199977e+00 -6.30946366900000055e-01
3.22282270801400017e+00 -4.32286676020200034e+00 -5.90738726200000008e-01
3.15107129528499996e+00 -4.35108957813600039e+00 -5.47858385199999964e-01
3.08315854983300008e+00 -4.37928273597600004e+00 -4.99112188000000012e-01
3.01627001556700014e+00 -4.40156430542500043e+00 -4.46135897399999981e-01
2.94764718919000002e+00 -4.41470757224200039e+00 -3.92250906999999982e-01
2.87645650991400004e+00 -4.41929705631900038e+00 -3.40386099499999983e-01
2.80289559874699989e+00 -4.42021627789799965e+00 -2.91638284199999986e-01
2.72750086390299984e+00 -4.42574545966899979e+00 -2.46207449299999992e-01
2.65188096983400001e+00 -4.44054660674999990e+00 -2.03194236299999997e-01
2.57872164790799996e+00 -4.45104890666700026e+00 -1.55061923600000012e-01
2.51007737815000009e+00 -4.45144282008399994e+00 -9.96242936500000009e-02
2.44799443641000014e+00 -4.43768228144300014e+00 -3.84543599799999983e-02
2.39231617950099995e+00 -4.41089967498199975e+00 2.44855574900000005e-02
2.34415754919199992e+00 -4.37060435272499959e+00 8.64963690400000068e-02
2.30519335886100007e+00 -4.31852028288600032e+00 1.46050049799999998e-01
2.27549622251599981e+00 -4.25863427379100035e+00 2.03642462999999996e-01
2.25374249878200006e+00 -4.19519160698699967e+00 2.60963036599999976e-01
2.24050989347199980e+00 -4.12976415129600039e+00 3.18597383700000014e-01
2.23636158684500019e+00 -4.06320833293000039e+00 3.76446650200000010e-01
2.24053046974300019e+00 -3.99710174453500011e+00 4.34665846999999994e-01
2.24744891315600004e+00 -3.93697798258199994e+00 4.98840449600000013e-01
2.25713685564099986e+00 -3.88549592023399981e+00 5.69793616699999950e-01
2.27168079879099993e+00 -3.84274510900299981e+00 6.45631270500000021e-01
2.29121142602800010e+00 -3.81013053121899992e+00 7.25226004200000052e-01
2.31549843314099979e+00 -3.78869497024999990e+00 8.07282821599999978e-01
2.34481450340400022e+00 -3.77784001921100021e+00 8.89785658999999951e-01
2.37911703504400007e+00 -3.77673406787299992e+00 9.71044803900000031e-01
2.41716260421399998e+00 -3.78608429303100014e+00 1.05013872099999994e+00
2.45877213185999999e+00 -3.80460692289400004e+00 1.12560114899999997e+00
2.50229940285099994e+00 -3.83327612191399991e+00 1.19681402799999992e+00
2.54664572916599985e+00 -3.87170025013799979e+00 1.26269180399999992e+00
2.59531156843699984e+00 -3.91454128736500007e+00 1.32250439799999997e+00
2.65106508661600015e+00 -3.95768659333100015e+00 1.37565566800000005e+00
2.71143502377500001e+00 -4.00261753038499979e+00 1.42158353200000009e+00
2.77387699740899984e+00 -4.05166673217900009e+00 1.46018898599999991e+00
2.83606431773200018e+00 -4.10598027327799997e+00 1.49106999600000001e+00
2.89582352559100009e+00 -4.16669311232799977e+00 1.51397810099999997e+00
2.95332174840799988e+00 -4.23192609579500001e+00 1.52868073099999990e+00
3.00975194724400019e+00 -4.29953357596200014e+00 1.53521966299999990e+00
3.06506733975100021e+00 -4.36814672307500018e+00 1.53375038500000005e+00
3.11945861266300017e+00 -4.43699950437900004e+00 1.52458314200000000e+00
3.17340955584599982e+00 -4.50494790028000036e+00 1.50809349000000004e+00
3.22727228556199996e+00 -4.57066732818300014e+00 1.48479746999999995e+00
3.28145133318799997e+00 -4.63366812310800036e+00 1.45509358900000008e+00
3.33604340943000022e+00 -4.69322777252100032e+00 1.41949391599999997e+00
3.39088083555100006e+00 -4.74885878234499970e+00 1.37857760099999993e+00
3.44609754808299984e+00 -4.80024787922500007e+00 1.33277095100000009e+00
3.50134619318999984e+00 -4.84731427431099959e+00 1.28261207500000007e+00
3.55629127826599989e+00 -4.89016078580200020e+00 1.22857523599999996e+00
3.61038055561999993e+00 -4.92942036022799979e+00 1.17099892200000011e+00
3.66298829160299988e+00 -4.96581539454200005e+00 1.11018212100000002e+00
3.71336406250500017e+00 -5.00022388460099965e+00 1.04641713000000003e+00
3.76068569594899982e+00 -5.03361766564399993e+00 9.79965794700000004e-01
3.80429990968600018e+00 -5.06698423242000029e+00 9.10870260599999981e-01
3.84351456892800014e+00 -5.10090113148199986e+00 8.39433635300000036e-01
3.87899790770199981e+00 -5.13428691850699970e+00 7.65909673699999960e-01
3.91166645033499982e+00 -5.16591079850800039e+00 6.90351039900000019e-01
3.94085979592199998e+00 -5.19631897257000031e+00 6.12788699100000001e-01
3.96553711959399990e+00 -5.22612927313999975e+00 5.33570148000000022e-01
3.98503672222400018e+00 -5.25566683680999969e+00 4.52715687199999994e-01
3.99861707618399986e+00 -5.28501729743800031e+00 3.70654934599999986e-01
4.00506065385599985e+00 -5.31474021138800001e+00 2.87918458699999991e-01
4.00544837662399988e+00 -5.34342144389900042e+00 2.04432523199999994e-01
3.99994982608899985e+00 -5.37059940768700006e+00 1.20636243700000007e-01
3.99049845802699998e+00 -5.39461328379200022e+00 3.63268553800000019e-02
end
coil AAE47_SC_060 -1.45476000000000000e+06 none
4.39323825407400026e+00 -4.99629871909599999e+00 3.18753746400000024e-02
4.37652720113200022e+00 -5.03557002917299990e+00 -4.63584191500000034e-02
4.35897136244300043e+00 -5.06800079640600032e+00 -1.27464878799999987e-01
4.34309601481000040e+00 -5.09080923190799961e+00 -2.12082220699999990e-01
4.33146775261899997e+00 -5.10140925562799996e+00 -2.99798396700000025e-01
4.32494769398999956e+00 -5.09918262971999958e+00 -3.88635120999999972e-01
4.32435462091199962e+00 -5.08383115681600017e+00 -4.76436617399999984e-01
4.33064982710499979e+00 -5.05508393808799994e+00 -5.60500341699999960e-01
4.34452752773199968e+00 -5.01298392862400011e+00 -6.37805176400000007e-01
4.36411871534499962e+00 -4.95940982862200030e+00 -7.06210498000000020e-01
4.38689721550499989e+00 -4.89601149989699991e+00 -7.64527188400000002e-01
4.41122775980799986e+00 -4.82383131659999975e+00 -8.10847304599999985e-01
4.43582590569099988e+00 -4.74454010118200031e+00 -8.43235471399999992e-01
4.46002636736299962e+00 -4.66063268604900038e+00 -8.60736980600000035e-01
4.48369705461000034e+00 -4.57476537087999979e+00 -8.64006078600000005e-01
4.50425323941800038e+00 -4.48843256726800011e+00 -8.56222056000000009e-01
4.51224208019100015e+00 -4.40068105709600044e+00 -8.42726270000000000e-01
4.50326087475199976e+00 -4.31398325262599958e+00 -8.24317421599999989e-01
4.47959831935599961e+00 -4.23126625010799984e+00 -8.01220802100000018e-01
4.44226667814299958e+00 -4.15395267812099966e+00 -7.77368948799999959e-01
4.39186597959800018e+00 -4.08309425228900036e+00 -7.57881605999999985e-01
4.32894147271499996e+00 -4.02124784042799988e+00 -7.45282051999999973e-01
4.25504672924799987e+00 -3.97227418988699998e+00 -7.36638867300000055e-01
4.17375305057100032e+00 -3.93712020147399988e+00 -7.27054068499999984e-01
4.08794671236799978e+00 -3.91671715503300000e+00 -7.14296083699999973e-01
4.00054915809200029e+00 -3.91028039091100021e+00 -6.98249362400000018e-01
3.91364352747199984e+00 -3.91757944480499987e+00 -6.80021746700000040e-01
3.82819333568999998e+00 -3.93433106488200002e+00 -6.61036838100000024e-01
3.74385094527599982e+00 -3.95600023556899982e+00 -6.42136441200000019e-01
3.65975180251699994e+00 -3.97841138249799986e+00 -6.23090778400000045e-01
3.57559591103000018e+00 -3.99934495616599994e+00 -6.02680429700000020e-01
3.49149218203000000e+00 -4.01583386642800022e+00 -5.78390463399999999e-01
3.40896195205200003e+00 -4.03009060656999996e+00 -5.47909209700000011e-01
3.32927267092899992e+00 -4.04225956807600006e+00 -5.09963223700000023e-01
3.25324272697300021e+00 -4.06207052824600012e+00 -4.67947451000000014e-01
3.17846882777500017e+00 -4.07920832006800005e+00 -4.22680122599999986e-01
3.10327898996900009e+00 -4.08774307331099962e+00 -3.75635333299999985e-01
3.02793338547999991e+00 -4.08261498925099975e+00 -3.28319357400000011e-01
2.95470741277899984e+00 -4.06165184282999991e+00 -2.82078106800000006e-01
2.88720014182300000e+00 -4.02407895476499977e+00 -2.37698387099999991e-01
2.82833730375699988e+00 -3.97220530703099994e+00 -1.95412843700000005e-01
2.78093299405299987e+00 -3.90791584720700014e+00 -1.56045665000000000e-01
2.74778517551199997e+00 -3.83251176183900011e+00 -1.21918128599999995e-01
2.72733427376999993e+00 -3.75068063984199984e+00 -9.34626844800000023e-02
2.71376857409399985e+00 -3.66681593160100006e+00 -6.64228338400000007e-02
2.70277237161699979e+00 -3.58397151046399998e+00 -3.55883712899999968e-02
2.69229157999500002e+00 -3.50467892586799978e+00 3.75417234000000001e-03
2.68259406493700014e+00 -3.43167674055700012e+00 5.38809128499999970e-02
2.67562236303000001e+00 -3.36590744340199999e+00 1.13574852899999995e-01
2.67275623025799991e+00 -3.30742882061500021e+00 1.80756533299999994e-01
2.67409022694199994e+00 -3.25709457672400005e+00 2.54219115300000020e-01
2.67944929915400021e+00 -3.21562792704300016e+00 3.32902353900000003e-01
2.68870732092099995e+00 -3.18338570007299992e+00 4.15517101100000008e-01
2.70177412329899980e+00 -3.16039409902499990e+00 5.00618719500000031e-01
2.71845378559700013e+00 -3.14669327169499979e+00 5.87038428900000020e-01
2.73848271041399993e+00 -3.14231596700700022e+00 6.73710826300000010e-01
2.76176674916200016e+00 -3.14693052802800022e+00 7.59645091899999958e-01
2.78879957560799996e+00 -3.15910821991499979e+00 8.43632726299999969e-01
2.82080793507899985e+00 -3.17673263200199996e+00 9.24904669000000013e-01
2.85826352231599978e+00 -3.19894147306199983e+00 1.00263706200000002e+00
2.90065809586300016e+00 -3.22617798620400009e+00 1.07611424500000008e+00
2.94782374582899998e+00 -3.25815675411999983e+00 1.14459348499999991e+00
2.99963874956999987e+00 -3.29439700029899996e+00 1.20738038000000003e+00
3.05483633460700021e+00 -3.33551666091300003e+00 1.26384274800000007e+00
3.11151402947499989e+00 -3.38294964129900011e+00 1.31375184099999998e+00
3.16904337124999991e+00 -3.43577998613700020e+00 1.35666921499999993e+00
3.22873019848299991e+00 -3.49141208174699980e+00 1.39227624400000005e+00
3.29241886062199995e+00 -3.54729343279100018e+00 1.42015147199999991e+00
3.36073855669700006e+00 -3.60097619925999979e+00 1.43946523200000009e+00
3.43307619177199985e+00 -3.65208203324099978e+00 1.44988418600000002e+00
3.50761952268099986e+00 -3.70088299526300002e+00 1.45143201699999991e+00
3.58397166338400019e+00 -3.74602192678799994e+00 1.44397809599999993e+00
3.66182781999299989e+00 -3.78613185699399990e+00 1.42751962999999993e+00
3.73978033534200005e+00 -3.82159467905100003e+00 1.40278419499999996e+00
3.81618090062200022e+00 -3.85454560616400022e+00 1.37106277900000006e+00
3.88999870380899981e+00 -3.88745748131699997e+00 1.33359547099999998e+00
3.95986791044900022e+00 -3.92380664161599979e+00 1.29188861699999991e+00
4.02455021333600005e+00 -3.96590906927099995e+00 1.24732749900000006e+00
4.08278892855599995e+00 -4.01501451617799976e+00 1.20117316900000004e+00
4.13371040277499979e+00 -4.07112472432299999e+00 1.15417063500000006e+00
4.17714741439000026e+00 -4.13245401782700039e+00 1.10639146499999996e+00
4.21420510252599989e+00 -4.19665976748200009e+00 1.05686351799999989e+00
4.24642846810800023e+00 -4.26118218267799964e+00 1.00452139500000004e+00
4.27647143011200015e+00 -4.32304795423999977e+00 9.47979885400000000e-01
4.30441435227900016e+00 -4.38235780303600020e+00 8.87617636400000021e-01
4.33097882618599961e+00 -4.43842871281099960e+00 8.23690316400000011e-01
4.35457769091900015e+00 -4.49312329074400019e+00 7.57471184999999991e-01
4.37450588763600035e+00 -4.54741058772699969e+00 6.89583891099999957e-01
4.39034445905800030e+00 -4.60157212532400006e+00 6.20704232300000047e-01
4.40267429857699977e+00 -4.65532016676499971e+00 5.50619274700000050e-01
4.41193438687900041e+00 -4.70806352269099992e+00 4.79435484999999995e-01
4.41814542460299986e+00 -4.75968595831900032e+00 4.07171545299999993e-01
4.42123197151300040e+00 -4.81007525351799980e+00 3.33712420299999979e-01
4.42071088442599969e+00 -4.85915637852600035e+00 2.59301328499999983e-01
4.41613321809500015e+00 -4.90676152282100020e+00 1.84091074399999999e-01
4.40687286899699959e+00 -4.95276126363100033e+00 1.08425082100000000e-01
4.39323825407400026e+00 -4.99629871909599999e+00 3.18753746400000024e-02
end
coil AAE56_SC_061 -1.45476000000000000e+06 none
4.90746057532200020e+00 -4.45373532742399991e+00 -3.20663596400000001e-02
4.95906677817700015e+00 -4.41974598804899976e+00 -9.55895915100000021e-02
5.01108576131199968e+00 -4.37340756855000024e+00 -1.50260900199999992e-01
5.05979025251400039e+00 -4.31641309708099996e+00 -1.97510329799999995e-01
5.10103265006099971e+00 -4.24982746768199959e+00 -2.38927185799999997e-01
5.13306960094600040e+00 -4.17543720268900032e+00 -2.74820717900000011e-01
5.15746289663200042e+00 -4.09701314308999986e+00 -3.08056315199999986e-01
5.17075797634799983e+00 -4.01699433424900043e+00 -3.43669098800000017e-01
5.17110814210299985e+00 -3.93465184163500004e+00 -3.76304878399999987e-01
5.16433444121900020e+00 -3.85117107897599986e+00 -4.05229364500000022e-01
5.14687371215600020e+00 -3.77123698601399981e+00 -4.39228396000000021e-01
5.11572318972400009e+00 -3.69904183250999985e+00 -4.80033721199999985e-01
5.07197401733199982e+00 -3.63634146379500001e+00 -5.24734514399999963e-01
5.01650694538500019e+00 -3.58446698599599989e+00 -5.70436572700000033e-01
4.95097714707299996e+00 -3.54422719684799992e+00 -6.14456015599999961e-01
4.87709184178800026e+00 -3.51661011039400018e+00 -6.54745703699999959e-01
4.79700341618300019e+00 -3.50238671125499978e+00 -6.89865742900000023e-01
4.71345399268400023e+00 -3.50113252893499993e+00 -7.19162366399999975e-01
4.62858813616399978e+00 -3.51148657807700015e+00 -7.42629467800000054e-01
4.54350089809399993e+00 -3.52622148218399989e+00 -7.62480232200000052e-01
4.45811605430600011e+00 -3.54393065036100019e+00 -7.77913970199999971e-01
4.37208827310100023e+00 -3.56282100658299994e+00 -7.87700154799999996e-01
4.28507747933699967e+00 -3.57907060027500012e+00 -7.91383277600000046e-01
4.19700391048399979e+00 -3.58850376894200007e+00 -7.89552638600000023e-01
4.10910303696199986e+00 -3.59531229885400005e+00 -7.81184760000000034e-01
4.02227483266200014e+00 -3.60447198765300003e+00 -7.66137096799999973e-01
3.93619800947700016e+00 -3.61362016868900016e+00 -7.47173371699999977e-01
3.85016617376300019e+00 -3.61928128787599990e+00 -7.26931972200000054e-01
3.76380065997400015e+00 -3.61905223680799981e+00 -7.06956316500000015e-01
3.67769123005400012e+00 -3.60946692760400012e+00 -6.88550851699999966e-01
3.59343323631400002e+00 -3.58738743320700015e+00 -6.72308702499999966e-01
3.51314604866899982e+00 -3.55310514395499988e+00 -6.57277220700000053e-01
3.43886318365100019e+00 -3.50712279320099984e+00 -6.42712060200000046e-01
3.37267640181900008e+00 -3.44975343010300017e+00 -6.29191780600000028e-01
3.31739241931999995e+00 -3.38120029811299982e+00 -6.19337927799999965e-01
3.27447711717799983e+00 -3.30382321793099987e+00 -6.15316465299999948e-01
3.23667190084699996e+00 -3.22384442132399984e+00 -6.10840634200000010e-01
3.19700930309199993e+00 -3.14575725302199993e+00 -5.97649868400000006e-01
3.15550330966499981e+00 -3.07145750274299978e+00 -5.73060912700000036e-01
3.11497782320499983e+00 -3.00068623329099982e+00 -5.38397006700000014e-01
3.07720896633099983e+00 -2.93344390092499996e+00 -4.94762130999999994e-01
3.04276348386499995e+00 -2.87097493349700006e+00 -4.42194238600000011e-01
3.01209921189700003e+00 -2.81454986629799997e+00 -3.81220330599999990e-01
2.98516165816000001e+00 -2.76586183849400014e+00 -3.12247223700000021e-01
2.96369097619400002e+00 -2.72156686688100002e+00 -2.38630715500000007e-01
2.94952497426899996e+00 -2.67729622581900006e+00 -1.63228324899999999e-01
2.94100573530900000e+00 -2.63751672193700015e+00 -8.45281599500000008e-02
2.93815124156899987e+00 -2.60216373465600004e+00 -3.26818841100000009e-03
2.94156267963399998e+00 -2.56984474644599992e+00 7.91150816099999987e-02
2.95060351382700015e+00 -2.54200057319699990e+00 1.62763659300000002e-01
2.96578598048699993e+00 -2.51752714200199978e+00 2.46525690999999991e-01
2.98575284729799995e+00 -2.49936838921099991e+00 3.30922183500000022e-01
3.01043097736999998e+00 -2.48745156051900018e+00 4.15141360100000023e-01
3.03990510903300004e+00 -2.48148524781199997e+00 4.98521159900000010e-01
3.07358927950099980e+00 -2.48219285232599995e+00 5.80410425600000002e-01
3.11053865560299991e+00 -2.49072805576899992e+00 6.60451142200000008e-01
3.14877715803099978e+00 -2.50909653714899994e+00 7.38227741100000001e-01
3.18706295828999986e+00 -2.53751030395799981e+00 8.13000396500000000e-01
3.22779692230000004e+00 -2.57173167073800002e+00 8.83734451899999995e-01
3.27560766284400007e+00 -2.60659649221899992e+00 9.49669009900000027e-01
3.33214868197099978e+00 -2.64005170299199987e+00 1.00915216299999999e+00
3.39616295913400013e+00 -2.67296233126499994e+00 1.06085953299999991e+00
3.46618612794700010e+00 -2.70613363633099979e+00 1.10383589600000009e+00
3.54076204045000020e+00 -2.74001678429700002e+00 1.13745642799999991e+00
3.61865772198000002e+00 -2.77479152065799983e+00 1.16146627100000011e+00
3.69889916969000021e+00 -2.80954712606899992e+00 1.17542595100000002e+00
3.78068226329900003e+00 -2.84337399089899989e+00 1.17928133300000004e+00
3.86328447875400016e+00 -2.87498240547399986e+00 1.17313803800000005e+00
3.94565181024300005e+00 -2.90374193166399985e+00 1.15788281199999998e+00
4.02684223678700004e+00 -2.93155180096599999e+00 1.13566852300000010e+00
4.10598964052199999e+00 -2.96076668957699995e+00 1.10868099500000006e+00
4.18203596110199971e+00 -2.99535935575099987e+00 1.07933126800000001e+00
4.25299583797399983e+00 -3.03939721302799981e+00 1.04971947299999990e+00
4.31795277677599998e+00 -3.09147817368500011e+00 1.01949594700000001e+00
4.37605593955900041e+00 -3.15082876253699995e+00 9.88570070099999976e-01
4.42686850427600032e+00 -3.21613789812499995e+00 9.57075047200000029e-01
4.46987530513499998e+00 -3.28711203741500002e+00 9.25997285999999975e-01
4.50412359956500019e+00 -3.36359424719600009e+00 8.97180002299999946e-01
4.52976567791099960e+00 -3.44459369433799978e+00 8.71992148399999945e-01
4.54755742318400014e+00 -3.52881979760099984e+00 8.51165126399999972e-01
4.55959743857300026e+00 -3.61488721970499993e+00 8.33880669799999974e-01
4.57122538067500006e+00 -3.70088126725099986e+00 8.16103266599999988e-01
4.58554089323599978e+00 -3.78563363680400000e+00 7.94506816099999957e-01
4.60142526116100026e+00 -3.86878981943999989e+00 7.68544826399999992e-01
4.61686548427600041e+00 -3.95060667503999996e+00 7.38292466800000047e-01
4.63124800976800000e+00 -4.03053926463700041e+00 7.02915435999999949e-01
4.64459273685799978e+00 -4.10774340580599961e+00 6.61453437100000041e-01
4.65791346256600036e+00 -4.18063311865800014e+00 6.12908074300000050e-01
4.67259787419400041e+00 -4.24755352997399971e+00 5.56785444199999979e-01
4.68837967220699969e+00 -4.30828676529900001e+00 4.94180811800000008e-01
4.70543855092000030e+00 -4.36239951011600002e+00 4.26202166499999979e-01
4.72568735886200031e+00 -4.40819370266299959e+00 3.53041773499999989e-01
4.74940343460099967e+00 -4.44496053613500042e+00 2.76010754600000019e-01
4.77869086981699986e+00 -4.46989297431299981e+00 1.96273238099999997e-01
4.81558206003500011e+00 -4.47961580478799970e+00 1.16229533300000007e-01
4.85895774246000034e+00 -4.47405465892399956e+00 3.92222948000000016e-02
4.90746057532200020e+00 -4.45373532742399991e+00 -3.20663596400000001e-02
end
coil AAE56_SC_062 -1.45476000000000000e+06 none
-1.35237906158699994e+00 -6.48768052071500012e+00 3.20663596400000001e-02
-1.30119604213499995e+00 -6.47560995536199968e+00 -3.92222948000000016e-02
-1.26283561838500002e+00 -6.45461343043699998e+00 -1.16229533300000007e-01
-1.23870495491999999e+00 -6.42506339779899971e+00 -1.96273238099999997e-01
-1.22966584157299996e+00 -6.38767790910400013e+00 -2.76010754600000019e-01
-1.23209013574899995e+00 -6.34399295643499972e+00 -3.53041773499999989e-01
-1.24262565702700001e+00 -6.29504272573599977e+00 -4.26202166499999979e-01
-1.26063140760800008e+00 -6.24123763823900024e+00 -4.94180811800000008e-01
-1.28356176486199991e+00 -6.18282711060999990e+00 -5.56785444199999979e-01
-1.31101665715100002e+00 -6.12005607999199963e+00 -6.12908074300000050e-01
-1.34308346193399997e+00 -6.05325733745899974e+00 -6.61453437100000041e-01
-1.37766680652800000e+00 -5.98295404143699994e+00 -7.02915435999999949e-01
-1.41301429632500009e+00 -5.90983338167399985e+00 -7.38292466800000047e-01
-1.44861363453899994e+00 -5.83456661962800016e+00 -7.68544826399999992e-01
-1.48464088873300004e+00 -5.75795525747999992e+00 -7.94506816099999957e-01
-1.52287558870800011e+00 -5.68097470303499996e+00 -8.16103266599999988e-01
-1.56401441887099990e+00 -5.60456932427400023e+00 -8.33880669799999974e-01
-1.60486300322400011e+00 -5.52786237364700028e+00 -8.51165126399999972e-01
-1.63997604029500010e+00 -5.44926429925299960e+00 -8.71992148399999945e-01
-1.66684144361599995e+00 -5.36866233449099983e+00 -8.97180002299999946e-01
-1.68408910636599995e+00 -5.28665628462900017e+00 -9.25997285999999975e-01
-1.69101342596599991e+00 -5.20395823648799993e+00 -9.57075047200000029e-01
-1.68829294432000010e+00 -5.12125515973700018e+00 -9.88570070099999976e-01
-1.67617189904399999e+00 -5.03908734253499979e+00 -1.01949594700000001e+00
-1.65423305224999995e+00 -4.95877222961799990e+00 -1.04971947299999990e+00
-1.62271010899199997e+00 -4.88143568555500007e+00 -1.07933126800000001e+00
-1.58152040229800006e+00 -4.80875072501100043e+00 -1.10868099500000006e+00
-1.53466088828799996e+00 -4.73859370696400006e+00 -1.13566852300000010e+00
-1.48532268447700000e+00 -4.66837251473700032e+00 -1.15788281199999998e+00
-1.43559053887900001e+00 -4.59669126657899962e+00 -1.17313803800000005e+00
-1.38734290273799998e+00 -4.52256715797200037e+00 -1.17928133300000004e+00
-1.34106192243500000e+00 -4.44712975314800030e+00 -1.17542595100000002e+00
-1.29657405987900010e+00 -4.37184713813400005e+00 -1.16146627100000011e+00
-1.25399520691800004e+00 -4.29792785262200017e+00 -1.13745642799999991e+00
-1.21357804100799993e+00 -4.22668118854899966e+00 -1.10383589600000009e+00
-1.17642571135599994e+00 -4.15868645307800033e+00 -1.06085953299999991e+00
-1.14398145519000005e+00 -4.09443454745800040e+00 -1.00915216299999999e+00
-1.11790328934200001e+00 -4.03413473619900032e+00 -9.49669009900000027e-01
-1.09971661561800005e+00 -3.97782605492200014e+00 -8.83734451899999995e-01
-1.08687696119300004e+00 -3.92619756431400013e+00 -8.13000396500000000e-01
-1.07260429123199996e+00 -3.88070651532600008e+00 -7.38227741100000001e-01
-1.05246541539100003e+00 -3.84337007393299990e+00 -6.60451142200000008e-01
-1.02758960890200002e+00 -3.81474665094199983e+00 -5.80410425600000002e-01
-1.00075446204999996e+00 -3.79437512822799983e+00 -4.98521159900000010e-01
-9.73402478020499951e-01 -3.78187751668700001e+00 -4.15141360100000023e-01
-9.46432915243299977e-01 -3.77701299270799984e+00 -3.30922183500000022e-01
-9.19605933578100054e-01 -3.77996750246499991e+00 -2.46525690999999991e-01
-8.92937938104400031e-01 -3.79084289421700005e+00 -1.62763659300000002e-01
-8.69257355201299986e-01 -3.80805523456300010e+00 -7.91150816099999987e-02
-8.47500819192099963e-01 -3.83219665228200013e+00 3.26818841100000009e-03
-8.29030188589499950e-01 -3.86247564911700003e+00 8.45281599500000008e-02
-8.12540591962400027e-01 -3.89966542680700012e+00 1.63228324899999999e-01
-7.97979498335700033e-01 -3.94380769479400017e+00 2.38630715500000007e-01
-7.89313713862800026e-01 -3.99226322980999981e+00 3.12247223700000021e-01
-7.82488547915999977e-01 -4.04748616854600041e+00 3.81220330599999990e-01
-7.74130642699800031e-01 -4.11115901365300029e+00 4.42194238600000011e-01
-7.65279285614200000e-01 -4.18194401652499970e+00 4.94762130999999994e-01
-7.56310881388300049e-01 -4.25854418321700035e+00 5.38397006700000014e-01
-7.47498380170199983e-01 -4.33961962620100028e+00 5.73060912700000036e-01
-7.37405136757799951e-01 -4.42412599767300030e+00 5.97649868400000006e-01
-7.23594366461399963e-01 -4.51061293390000007e+00 6.10840634200000010e-01
-7.07169071807399963e-01 -4.59753848816299993e+00 6.15316465299999948e-01
-6.96407173962899972e-01 -4.68536284270200021e+00 6.19337927799999965e-01
-7.00838335339399987e-01 -4.77331860109999973e+00 6.29191780600000028e-01
-7.20663701081600050e-01 -4.85863500506100010e+00 6.42712060200000046e-01
-7.53732053633100030e-01 -4.93949788081800012e+00 6.57277220700000053e-01
-7.98535128831299956e-01 -5.01442446027500033e+00 6.72308702499999966e-01
-8.53723276493900007e-01 -5.08181275257700005e+00 6.88550851699999966e-01
-9.17753165287000017e-01 -5.14018128360900040e+00 7.06956316500000015e-01
-9.87489700830599948e-01 -5.19113096512799999e+00 7.26931972200000054e-01
-1.06041844035000010e+00 -5.23711926775899972e+00 7.47173371699999977e-01
-1.13543321902599992e+00 -5.28031292106599981e+00 7.66137096799999973e-01
-1.21106264188799995e+00 -5.32393891513499984e+00 7.81184760000000034e-01
-1.28617789585900000e+00 -5.37009753584900018e+00 7.89552638600000023e-01
-1.36297558724199996e+00 -5.41423428697499975e+00 7.91383277600000046e-01
-1.44292006961900010e+00 -5.45223175089200041e+00 7.87700154799999996e-01
-1.52362147940000003e+00 -5.48751499275700017e+00 7.77913970199999971e-01
-1.60310845697099991e+00 -5.52337592669400035e+00 7.62480232200000052e-01
-1.68060643790200004e+00 -5.56146816255700038e+00 7.42629467800000054e-01
-1.75535031545700004e+00 -5.60297445972600006e+00 7.19162366399999975e-01
-1.82220602906600004e+00 -5.65309823350700036e+00 6.89865742900000023e-01
-1.87863862218199995e+00 -5.71168000057900027e+00 6.54745703699999959e-01
-1.92218017366299998e+00 -5.77745138566200023e+00 6.14456015599999961e-01
-1.95154253951900003e+00 -5.84852350796700016e+00 5.70436572700000033e-01
-1.96592529033100005e+00 -5.92309356895800043e+00 5.24734514399999963e-01
-1.96446476224300004e+00 -5.99953435113499989e+00 4.80033721199999985e-01
-1.94723081775600004e+00 -6.07625127491800043e+00 4.39228396000000021e-01
-1.91437276330500006e+00 -6.15118247359099968e+00 4.05229364500000022e-01
-1.87078404129299991e+00 -6.22270131076899968e+00 3.76304878399999987e-01
-1.82210104845100007e+00 -6.28911196438699971e+00 3.43669098800000017e-01
-1.76431122727700007e+00 -6.34603388882300035e+00 3.08056315199999986e-01
-1.69848013086100003e+00 -6.39514226634700034e+00 2.74820717900000011e-01
-1.62883619247000011e+00 -6.43649440768500014e+00 2.38927185799999997e-01
-1.55633234099099993e+00 -6.46612164040200010e+00 1.97510329799999995e-01
-1.48342907011400005e+00 -6.48360335475700023e+00 1.50260900199999992e-01
-1.41410778913100010e+00 -6.49051593249799996e+00 9.55895915100000021e-02
-1.35237906158699994e+00 -6.48768052071500012e+00 3.20663596400000001e-02
end
coil AAE47_SC_063 -1.45476000000000000e+06 none
-6.17453704751899979e-01 -6.62437122827399971e+00 -3.18753746400000024e-02
-6.54075014180899972e-01 -6.59716291248300024e+00 -1.08425082100000000e-01
-6.88604763232400052e-01 -6.56539143706199990e+00 -1.84091074399999999e-01
-7.20289774838200003e-01 -6.52956875106699997e+00 -2.59301328499999983e-01
-7.49560504592500010e-01 -6.49016757413799983e+00 -3.33712420299999979e-01
-7.76681520280400051e-01 -6.44758755123300009e+00 -4.07171545299999993e-01
-8.01999591558600011e-01 -6.40217336714399998e+00 -4.79435484999999995e-01
-8.25509789522399950e-01 -6.35406015251999978e+00 -5.50619274700000050e-01
-8.47127045912099974e-01 -6.30332977574699971e+00 -6.20704232300000047e-01
-8.66148725506699968e-01 -6.25020249269099981e+00 -6.89583891099999957e-01
-8.81935748248000029e-01 -6.19456964671799959e+00 -7.57471184999999991e-01
-8.94992531920600021e-01 -6.13644973900899959e+00 -8.23690316400000011e-01
-9.06459074932200015e-01 -6.07547321411399999e+00 -8.87617636400000021e-01
-9.18714230464000026e-01 -6.01106610094799976e+00 -9.47979885400000000e-01
-9.30772751787099950e-01 -5.94335683038300022e+00 -1.00452139500000004e+00
-9.42628825509900015e-01 -5.87221668090299964e+00 -1.05686351799999989e+00
-9.50387718796000036e-01 -5.79849117572500017e+00 -1.10639146499999996e+00
-9.51294892468700026e-01 -5.72334310019699988e+00 -1.15417063500000006e+00
-9.43079307298399949e-01 -5.64801809667800025e+00 -1.20117316900000004e+00
-9.24826654454000030e-01 -5.57405909769499974e+00 -1.24732749900000006e+00
-8.97244758244099994e-01 -5.50197821449699997e+00 -1.29188861699999991e+00
-8.62084883045699968e-01 -5.43150303683099978e+00 -1.33359547099999998e+00
-8.21710140620799945e-01 -5.36148775444500014e+00 -1.37106277900000006e+00
-7.79268853935599970e-01 -5.28992276889199964e+00 -1.40278419499999996e+00
-7.37048468073699947e-01 -5.21541340427900035e+00 -1.42751962999999993e+00
-6.97637539705900034e-01 -5.13720108844399981e+00 -1.44397809599999993e+00
-6.62399358574500052e-01 -5.05580426344500022e+00 -1.45143201699999991e+00
-6.30777022826499945e-01 -4.97250798526400040e+00 -1.44988418600000002e+00
-6.02293902237900025e-01 -4.88864350197799968e+00 -1.43946523200000009e+00
-5.78576045494699986e-01 -4.80505592180599983e+00 -1.42015147199999991e+00
-5.59897069497300004e-01 -4.72241170279899958e+00 -1.39227624400000005e+00
-5.44309137279800015e-01 -4.64232135521499956e+00 -1.35666921499999993e+00
-5.28819819677599945e-01 -4.56576580975200041e+00 -1.31375184099999998e+00
-5.10847007670400033e-01 -4.49407740934799982e+00 -1.26384274800000007e+00
-4.90360753415799988e-01 -4.42836657866199968e+00 -1.20738038000000003e+00
-4.69743017069200020e-01 -4.36859150857600032e+00 -1.14459348499999991e+00
-4.50381852863700027e-01 -4.31499686840799956e+00 -1.07611424500000008e+00
-4.32093143142699976e-01 -4.26804316130099970e+00 -1.00263706200000002e+00
-4.14844965779699981e-01 -4.22805998966399965e+00 -9.24904669000000013e-01
-3.99309028510800024e-01 -4.19498749912300006e+00 -8.43632726299999969e-01
-3.84596880207999980e-01 -4.16924604272100030e+00 -7.59645091899999958e-01
-3.68472068077099979e-01 -4.15182676984299981e+00 -6.73710826300000010e-01
-3.49695412380399973e-01 -4.14359537709900039e+00 -5.87038428900000020e-01
-3.28148137872300016e-01 -4.14487551973399970e+00 -5.00618719500000031e-01
-3.04062748664099991e-01 -4.15579564197699991e+00 -4.15517101100000008e-01
-2.77621346205900010e-01 -4.17643842287299982e+00 -3.32902353900000003e-01
-2.48912280567700012e-01 -4.20683566355199989e+00 -2.54219115300000020e-01
-2.18247328335700014e-01 -4.24677281868200041e+00 -1.80756533299999994e-01
-1.86193206407299999e-01 -4.29576768889799965e+00 -1.13574852899999995e-01
-1.53175208809199992e-01 -4.35307403156900019e+00 -5.38809128499999970e-02
-1.18111055383299995e-01 -4.41783409644699976e+00 -3.75417234000000001e-03
-7.99831820781899960e-02 -4.48814359966099996e+00 3.55883712899999968e-02
-4.01845677768700033e-02 -4.56162954989799996e+00 6.64228338400000007e-02
-1.86501066336100009e-03 -4.63745124229899996e+00 9.34626844800000023e-02
2.96889889655899998e-02 -4.71567474910400009e+00 1.21918128599999995e-01
4.71932497816899971e-02 -4.79616173449599970e+00 1.56045665000000000e-01
4.66307539866600007e-02 -4.87603655419199988e+00 1.95412843700000005e-01
2.95002827747400005e-02 -4.95260192489099982e+00 2.37698387099999991e-01
-3.02945718157999989e-03 -5.02267880815399970e+00 2.82078106800000006e-01
-4.99486852187200001e-02 -5.08267949670300023e+00 3.28319357400000011e-01
-1.07890347518400001e-01 -5.13111523899999966e+00 3.75635333299999985e-01
-1.73736806196400001e-01 -5.16840595636899991e+00 4.22680122599999986e-01
-2.44303502673200001e-01 -5.19849218674299962e+00 4.67947451000000014e-01
-3.17457609636299987e-01 -5.22715406308000041e+00 5.09963223700000023e-01
-3.89080328443099976e-01 -5.26414935062800016e+00 5.47909209700000011e-01
-4.64228588645899998e-01 -5.30112545761900034e+00 5.78390463399999999e-01
-5.41961872975699976e-01 -5.33722058056700011e+00 6.02680429700000020e-01
-6.22349865245499956e-01 -5.36975055562600012e+00 6.23090778400000045e-01
-7.03560442601600000e-01 -5.40105179274099978e+00 6.42136441200000019e-01
-7.84531688752399980e-01 -5.43309627862999989e+00 6.61036838100000024e-01
-8.63508701310000015e-01 -5.46977029583899998e+00 6.80021746700000040e-01
-9.38107109623000035e-01 -5.51494708521599986e+00 6.98249362400000018e-01
-1.00502978127600007e+00 -5.57152553026899966e+00 7.14296083699999973e-01
-1.06245595730700004e+00 -5.63846764172599979e+00 7.27054068499999984e-01
-1.10756092894400004e+00 -5.71469104120300031e+00 7.36638867300000055e-01
-1.13855704266399993e+00 -5.79774579719900007e+00 7.45282051999999973e-01
-1.15311162929700006e+00 -5.88476669259000040e+00 7.57881605999999985e-01
-1.15223711324300004e+00 -5.97171715059200015e+00 7.77368948799999959e-01
-1.13699526799600004e+00 -6.05620813237499966e+00 8.01220802100000018e-01
-1.10751884324800010e+00 -6.13703609422799978e+00 8.24317421599999989e-01
-1.06382510020400001e+00 -6.21245511152400010e+00 8.42726270000000000e-01
-1.00578294870799989e+00 -6.27875185174599970e+00 8.56222056000000009e-01
-9.38407497106599986e-01 -6.33651393476699987e+00 8.64006078600000005e-01
-8.68785967345100052e-01 -6.39206877112400029e+00 8.60736980600000035e-01
-7.99887841407999955e-01 -6.44572662145199970e+00 8.43235471399999992e-01
-7.33381316299200003e-01 -6.49541613484599978e+00 8.10847304599999985e-01
-6.71271045226199958e-01 -6.53950999466800020e+00 7.64527188400000002e-01
-6.15578248845500053e-01 -6.57741145355799972e+00 7.06210498000000020e-01
-5.68238579240599950e-01 -6.60923839976500016e+00 6.37805176400000007e-01
-5.32265518906499979e-01 -6.63514091512000004e+00 5.60500341699999960e-01
-5.10275398899800003e-01 -6.65469767425199965e+00 4.76436617399999984e-01
-5.01731835725400033e-01 -6.66746587632899956e+00 3.88635120999999972e-01
-5.05697896089399968e-01 -6.67309964883499962e+00 2.99798396700000025e-01
-5.21335895433399976e-01 -6.67135897053000004e+00 2.12082220699999990e-01
-5.47585783475900034e-01 -6.66223785380799960e+00 1.27464878799999987e-01
-5.80851082025999998e-01 -6.64631987504899957e+00 4.63584191500000034e-02
-6.17453704751899979e-01 -6.62437122827399971e+00 -3.18753746400000024e-02
end
coil AAE38_SC_064 -1.45476000000000000e+06 none
-5.75069385371200018e-02 -6.70988996759299994e+00 -3.63268553800000019e-02
-7.92682581437900019e-02 -6.69601770848299971e+00 -1.20636243700000007e-01
-9.96914852733000040e-02 -6.67726224082100028e+00 -2.04432523199999994e-01
-1.16236216452100000e-01 -6.65383073857400031e+00 -2.87918458699999991e-01
-1.28493943086000012e-01 -6.62599695613899975e+00 -3.70654934599999986e-01
-1.34758973848399993e-01 -6.59426960291999986e+00 -4.52715687199999994e-01
-1.36345208250999994e-01 -6.55891163308699987e+00 -5.33570148000000022e-01
-1.33902889065499991e-01 -6.52028962639800014e+00 -6.12788699100000001e-01
-1.28158452625800001e-01 -6.47852947881199981e+00 -6.90351039900000019e-01
-1.20317096739500001e-01 -6.43374313489000027e+00 -7.65909673699999960e-01
-1.11234145903299997e-01 -6.38587688258300012e+00 -8.39433635300000036e-01
-9.94446732197999950e-02 -6.33538773646900033e+00 -9.10870260599999981e-01
-8.37724089808500050e-02 -6.28275782527799986e+00 -9.79965794700000004e-01
-6.51167753382100034e-02 -6.22792673065499969e+00 -1.04641713000000003e+00
-4.45867235848000018e-02 -6.17047954223799966e+00 -1.11018212100000002e+00
-2.34186355658499989e-02 -6.11011328959900002e+00 -1.17099892200000011e+00
-2.73568983134699984e-03 -6.04655874716099984e+00 -1.22857523599999996e+00
1.65312701863499986e-02 -5.97959928052199974e+00 -1.28261207500000007e+00
3.35634300838099989e-02 -5.90904742822899998e+00 -1.33277095100000009e+00
4.80289356206399995e-02 -5.83501720622200004e+00 -1.37857760099999993e+00
5.96942581363300029e-02 -5.75777814351199968e+00 -1.41949391599999997e+00
6.88518920170999998e-02 -5.67750495765100016e+00 -1.45509358900000008e+00
7.56527241457800037e-02 -5.59469059871999974e+00 -1.48479746999999995e+00
8.05996773397100047e-02 -5.50986274651099972e+00 -1.50809349000000004e+00
8.43078422091299989e-02 -5.42317977073599966e+00 -1.52458314200000000e+00
8.78406569110800062e-02 -5.33550631247899965e+00 -1.53375038500000005e+00
9.22619535137700064e-02 -5.24748353848699978e+00 -1.53521966299999990e+00
9.81762635807300055e-02 -5.15961909942499997e+00 -1.52868073099999990e+00
1.06350317340900002e-01 -5.07304789980199988e+00 -1.51397810099999997e+00
1.19010420651099999e-01 -4.98880460016599958e+00 -1.49106999600000001e+00
1.37396321169300006e-01 -4.90831123262599966e+00 -1.46018898599999991e+00
1.59082541550299994e-01 -4.83192712358899978e+00 -1.42158353200000009e+00
1.81513104488800009e-01 -4.76009267319500040e+00 -1.37565566800000005e+00
2.01258473639800012e-01 -4.69241629169200003e+00 -1.32250439799999997e+00
2.15448634780700005e-01 -4.62915210190500037e+00 -1.26269180399999992e+00
2.28740430504900005e-01 -4.57200021257600042e+00 -1.19681402799999992e+00
2.47103400076199992e-01 -4.52322165539299981e+00 -1.12560114899999997e+00
2.69878886403200013e-01 -4.48377906634800016e+00 -1.05013872099999994e+00
2.95162473968600014e-01 -4.45385195082099994e+00 -9.71044803900000031e-01
3.23563866901700026e-01 -4.43458416203399963e+00 -8.89785658999999951e-01
3.53661446087799980e-01 -4.42613444814200019e+00 -8.07282821599999978e-01
3.85909554197500004e-01 -4.42920063664699981e+00 -7.25226004200000052e-01
4.20880531373399980e-01 -4.44410656967999973e+00 -6.45631270500000021e-01
4.57775124912999987e-01 -4.47014398719499972e+00 -5.69793616699999950e-01
4.95873232028899991e-01 -4.50609942082300030e+00 -4.98840449600000013e-01
5.36810230912999953e-01 -4.55067400700099967e+00 -4.34665846999999994e-01
5.79039405762999948e-01 -4.60170495256700018e+00 -3.76446650200000010e-01
6.14803883693200048e-01 -4.65798805415700024e+00 -3.18597383700000014e-01
6.42555774668099988e-01 -4.71869790796000022e+00 -2.60963036599999976e-01
6.62247306389900037e-01 -4.78281062156600001e+00 -2.03642462999999996e-01
6.73421931367899962e-01 -4.84871495942900044e+00 -1.46050049799999998e-01
6.72513487348800010e-01 -4.91375443350900021e+00 -8.64963690400000068e-02
6.57237333162099979e-01 -4.97466096667499968e+00 -2.44855574900000005e-02
6.27935098200400055e-01 -5.02905540873999968e+00 3.84543599799999983e-02
5.85797184949199967e-01 -5.07667935592500008e+00 9.96242936500000009e-02
5.30031267651300042e-01 -5.11670876269499963e+00 1.55061923600000012e-01
4.64671035909699992e-01 -5.15121419407800030e+00 2.03194236299999997e-01
3.94793360523999992e-01 -5.18368807306699964e+00 2.46207449299999992e-01
3.30547767246499979e-01 -5.22353078429100037e+00 2.91638284199999986e-01
2.70495435102599990e-01 -5.26602513714099985e+00 3.40386099499999983e-01
2.10203334671300007e-01 -5.30415699790699957e+00 3.92250906999999982e-01
1.46960883528600011e-01 -5.33385935700500013e+00 4.46135897399999981e-01
7.97501446588899932e-02 -5.35514928264900014e+00 4.99112188000000012e-01
8.23605705875799995e-03 -5.37225864904999995e+00 5.47858385199999964e-01
-6.64010113689000037e-02 -5.39160033194599997e+00 5.90738726200000008e-01
-1.39461226209100009e-01 -5.42038266352099996e+00 6.30946366900000055e-01
-2.08888531852500003e-01 -5.45998176901299992e+00 6.68307024900000046e-01
-2.69945503622699978e-01 -5.50934528432200032e+00 7.08505398000000008e-01
-3.17370304682400017e-01 -5.56422253776400044e+00 7.58739591400000024e-01
-3.49684634832999997e-01 -5.61778164629799992e+00 8.20966165700000028e-01
-3.66064665204100026e-01 -5.66837275831800014e+00 8.91339521699999970e-01
-3.64958671822699976e-01 -5.72167557826699991e+00 9.61666465600000020e-01
-3.50828665041399979e-01 -5.78384448280699992e+00 1.02260499500000002e+00
-3.27796126008099986e-01 -5.85440954793800028e+00 1.07033591600000011e+00
-2.92103635744900003e-01 -5.92653027868500004e+00 1.10643044699999993e+00
-2.41903860145000010e-01 -5.99366322308099964e+00 1.13389370999999994e+00
-1.77811964616600010e-01 -6.05035954465200021e+00 1.15551869899999993e+00
-1.07891932848299996e-01 -6.10154713666400017e+00 1.17200982199999992e+00
-4.15633616812599999e-02 -6.15911914774699998e+00 1.18021257599999996e+00
1.71306621877399985e-02 -6.22480440207800001e+00 1.17572795600000002e+00
6.94382589250800014e-02 -6.29329046632100031e+00 1.15657041999999999e+00
1.15742438951900006e-01 -6.36013314009599995e+00 1.12246628300000006e+00
1.54675536078499987e-01 -6.42290975780700002e+00 1.07429228500000007e+00
1.84170425649300001e-01 -6.48026820490300004e+00 1.01402675699999989e+00
2.02297921721599994e-01 -6.53133992442300038e+00 9.44419961899999993e-01
2.08384631235299989e-01 -6.57563096664700009e+00 8.68414351700000031e-01
2.03664262366899995e-01 -6.61304858651500016e+00 7.88588002899999974e-01
1.91914851538800002e-01 -6.64397632331700017e+00 7.06884603200000017e-01
1.73600527734599996e-01 -6.66903859867900017e+00 6.24303358699999977e-01
1.47702184025600008e-01 -6.68860304517999982e+00 5.42218334199999985e-01
1.16173744130999998e-01 -6.70331920925000002e+00 4.61159949999999985e-01
8.09125881878599990e-02 -6.71377829055299991e+00 3.81031338399999975e-01
4.67040415987700006e-02 -6.72066389843899969e+00 2.99954731699999977e-01
1.67307241914500006e-02 -6.72407848463999969e+00 2.17047761899999997e-01
-1.00547067238599998e-02 -6.72364775877000032e+00 1.33002260200000000e-01
-3.34366890128200006e-02 -6.71909688083900036e+00 4.80547979299999969e-02
-5.75069385371200018e-02 -6.70988996759299994e+00 -3.63268553800000019e-02
end
coil AAE29_SC_065 -1.45476000000000000e+06 none
7.41771147044399948e-01 -6.74452087728000027e+00 -2.78678482399999979e-03
7.52830841531100026e-01 -6.73677095240999968e+00 -9.01240613200000040e-02
7.66500274279800053e-01 -6.72506534729399963e+00 -1.76521934800000002e-01
7.80006142122400048e-01 -6.70939506226700022e+00 -2.62437444299999989e-01
7.90677577077600002e-01 -6.68976358775899982e+00 -3.47887754900000012e-01
7.99105397518099947e-01 -6.66618746545900009e+00 -4.32634373899999980e-01
8.06649783880600046e-01 -6.63874754033300007e+00 -5.16277416700000047e-01
8.14571184233100043e-01 -6.60753046246300002e+00 -5.98435221300000042e-01
8.23084687409299964e-01 -6.57250223901599995e+00 -6.79084104099999974e-01
8.30646243899400005e-01 -6.53363927469600014e+00 -7.58153013199999948e-01
8.36009259494399970e-01 -6.49104964593500000e+00 -8.35259036700000013e-01
8.39908376086800024e-01 -6.44460106214000028e+00 -9.10374739800000055e-01
8.43182864753399985e-01 -6.39446753712999971e+00 -9.82930533999999967e-01
8.45306709391900002e-01 -6.34047969496999997e+00 -1.05291023900000003e+00
8.46546348251900005e-01 -6.28286154869199986e+00 -1.11971359499999989e+00
8.50057736721199997e-01 -6.22146498002299975e+00 -1.18324034999999994e+00
8.58168435582099987e-01 -6.15676369704999971e+00 -1.24282243100000001e+00
8.70336646457799956e-01 -6.08897271423600017e+00 -1.29813495799999989e+00
8.85553490556200029e-01 -6.01823670404600009e+00 -1.34888033899999993e+00
9.03711929722299967e-01 -5.94491649636299968e+00 -1.39462432200000008e+00
9.24679631041199990e-01 -5.86922152050499957e+00 -1.43505092700000003e+00
9.47114638385699981e-01 -5.79128959083699968e+00 -1.46985226500000010e+00
9.69432997498399951e-01 -5.71082672670500013e+00 -1.49884666299999991e+00
9.88979363128000055e-01 -5.62775590093999956e+00 -1.52165311900000000e+00
1.00243844538799998e+00 -5.54201096070799970e+00 -1.53781075699999992e+00
1.00946312220900003e+00 -5.45435370681200027e+00 -1.54670218000000004e+00
1.01097855446299989e+00 -5.36601605297100015e+00 -1.54783606000000007e+00
1.00699351627999989e+00 -5.27812489188200029e+00 -1.54095584599999991e+00
9.97372128371399991e-01 -5.19153734086300034e+00 -1.52594120899999997e+00
9.82583199148299946e-01 -5.10762864335200018e+00 -1.50292601100000001e+00
9.63992805338499958e-01 -5.02699620136100034e+00 -1.47201131399999996e+00
9.46779260191500049e-01 -4.94967251264599994e+00 -1.43291364999999993e+00
9.36221477154900006e-01 -4.87621080934899975e+00 -1.38506107400000000e+00
9.31495636658300041e-01 -4.80850934800499985e+00 -1.32849212900000002e+00
9.30278874096900021e-01 -4.74851417557000044e+00 -1.26364754000000001e+00
9.33215348985899973e-01 -4.69806976052000014e+00 -1.19120472199999994e+00
9.41664918373899984e-01 -4.65905716252999991e+00 -1.11241435500000008e+00
9.55718150749000017e-01 -4.63286964979799976e+00 -1.02922564299999997e+00
9.74920679452199956e-01 -4.61993574577199961e+00 -9.43992550599999980e-01
9.99984486724100008e-01 -4.61989573091500016e+00 -8.59260935799999959e-01
1.03192382185499998e+00 -4.63159595215800035e+00 -7.77758922399999997e-01
1.07144006082200005e+00 -4.65306811838200041e+00 -7.01722420199999974e-01
1.11743880165700005e+00 -4.68167270380399980e+00 -6.31974551700000053e-01
1.16427252347499999e+00 -4.71516469455599996e+00 -5.64959770600000022e-01
1.20450533481000011e+00 -4.75293039191500011e+00 -4.95980558899999979e-01
1.23303752742300010e+00 -4.79510912462800043e+00 -4.23815620399999982e-01
1.24575147312099999e+00 -4.84152452787500032e+00 -3.49770285000000014e-01
1.24274242423099990e+00 -4.89167822371399996e+00 -2.77076304399999973e-01
1.22867114181399995e+00 -4.94525302240000020e+00 -2.08312674000000003e-01
1.20095627982800002e+00 -4.99957530342599998e+00 -1.44366938000000000e-01
1.16001170169800005e+00 -5.05048719839799976e+00 -8.49414953499999931e-02
1.10663391014000001e+00 -5.09341696231200025e+00 -2.91697134999999996e-02
1.04607654332900002e+00 -5.12817834495599989e+00 2.49478487299999996e-02
9.83326656120899978e-01 -5.15759568458099960e+00 7.96677523299999940e-02
9.21271074974600035e-01 -5.18473211309799975e+00 1.36400377900000008e-01
8.60489689423200033e-01 -5.21143411412699997e+00 1.94645235299999997e-01
8.00585226502199987e-01 -5.23859857348300029e+00 2.53612347000000016e-01
7.38856279425800011e-01 -5.26448861184499961e+00 3.11240956999999985e-01
6.73786025529499955e-01 -5.28601542957999992e+00 3.67045805100000011e-01
6.06926692920899957e-01 -5.30073691749300036e+00 4.22826417800000021e-01
5.40392687457600052e-01 -5.30849195230500026e+00 4.80383682199999995e-01
4.75358729847000006e-01 -5.31146520895600016e+00 5.40071751900000008e-01
4.09613307397700022e-01 -5.31476491279700003e+00 5.98963435900000007e-01
3.53037974561099976e-01 -5.31805049599299995e+00 6.66747498799999949e-01
3.08397167384799997e-01 -5.32915975698800004e+00 7.42145053699999946e-01
2.73546326732500011e-01 -5.35562983484200039e+00 8.18890524700000011e-01
2.49579173067000004e-01 -5.39606408783300040e+00 8.93698191100000039e-01
2.40726393912999992e-01 -5.44480772967999993e+00 9.66786724099999994e-01
2.47983389841899993e-01 -5.49777131603600022e+00 1.03713904300000004e+00
2.71195365670799993e-01 -5.55197970966100041e+00 1.10295157899999996e+00
3.08750940451100020e-01 -5.60512036670299985e+00 1.16263869200000003e+00
3.56486519550899994e-01 -5.65711692629199980e+00 1.21571442500000004e+00
4.12522772363099977e-01 -5.70716382231100017e+00 1.26208573400000001e+00
4.72242294188500000e-01 -5.75886305786399966e+00 1.30172047699999993e+00
5.32127336814099960e-01 -5.81569691599299965e+00 1.33301426099999998e+00
5.90406378009399990e-01 -5.87897725088800005e+00 1.35308516699999992e+00
6.44550096974599973e-01 -5.94858051585300007e+00 1.35856906699999991e+00
6.94072340157599998e-01 -6.02100136159400012e+00 1.34828118300000011e+00
7.37178376126000012e-01 -6.09385565378199967e+00 1.32306780699999993e+00
7.72124507656300030e-01 -6.16557420814799961e+00 1.28519478500000006e+00
7.96259785918200014e-01 -6.23560464031699979e+00 1.23705962200000008e+00
8.09522175001599953e-01 -6.30289986335700014e+00 1.18132792100000006e+00
8.12738886978599973e-01 -6.36656496348000012e+00 1.12019668500000003e+00
8.04256077566000038e-01 -6.42608181584200011e+00 1.05547147099999994e+00
7.87294052818499956e-01 -6.48080746570099997e+00 9.88192380300000006e-01
7.66533582900499999e-01 -6.53054010850900024e+00 9.18236506299999977e-01
7.42961156802499967e-01 -6.57507924002999999e+00 8.45773240600000031e-01
7.22523954217100028e-01 -6.61464557628000005e+00 7.69401928900000032e-01
7.08351504179099978e-01 -6.64894491007799981e+00 6.89279826699999987e-01
6.99386897804800012e-01 -6.67790055282500017e+00 6.06252378700000039e-01
6.97177055012999980e-01 -6.70150732444500008e+00 5.21219862499999964e-01
6.99193319266799951e-01 -6.72006834976499956e+00 4.34835605299999983e-01
7.03446392658599984e-01 -6.73381299566100022e+00 3.47726933199999977e-01
7.10485106465300054e-01 -6.74296942292500034e+00 2.60086019399999979e-01
7.20673317168299965e-01 -6.74769967467500020e+00 1.72486975200000003e-01
7.31705370119399956e-01 -6.74818679625800044e+00 8.48906156800000034e-02
7.41771147044399948e-01 -6.74452087728000027e+00 -2.78678482399999979e-03
end
coil AAE10_SC_066 -1.45476000000000000e+06 none
1.70439824849999999e+00 -6.64096463124499969e+00 -1.74495433399999983e-02
1.70788780167599996e+00 -6.63654799126299988e+00 -1.06373998100000006e-01
1.71015389875600010e+00 -6.62740791140500018e+00 -1.94931003699999994e-01
1.71069026996100004e+00 -6.61368166738699959e+00 -2.82965108700000023e-01
1.71017512734200006e+00 -6.59527882078799976e+00 -3.70161730799999977e-01
1.70988582548500001e+00 -6.57206397873499970e+00 -4.56066133900000004e-01
1.70955472864499991e+00 -6.54412410660899990e+00 -5.40776822700000048e-01
1.70880775111999994e+00 -6.51180967237300035e+00 -6.23652054699999958e-01
1.70836358303100000e+00 -6.47497439611800019e+00 -7.04798590999999974e-01
1.70914901405000008e+00 -6.43368402813200024e+00 -7.83724147499999968e-01
1.71203830443300009e+00 -6.38791560208800036e+00 -8.60160919799999979e-01
1.71907624744000009e+00 -6.33767291180000036e+00 -9.33417592700000021e-01
1.73465001600699997e+00 -6.28307598694399960e+00 -1.00206122299999989e+00
1.75962041355499998e+00 -6.22506768538300026e+00 -1.06492056600000007e+00
1.78879109212299992e+00 -6.16428709724300017e+00 -1.12301204000000010e+00
1.81790143098099999e+00 -6.10042457868800003e+00 -1.17785383299999991e+00
1.84384873783799996e+00 -6.03315681732900000e+00 -1.23028775000000001e+00
1.86209037322899995e+00 -5.96232396230200035e+00 -1.28097524599999990e+00
1.87091600027800009e+00 -5.88797503504800002e+00 -1.32940064600000007e+00
1.87098534316099996e+00 -5.81093013511500001e+00 -1.37401825100000008e+00
1.86269607804100001e+00 -5.73156366749299995e+00 -1.41379362500000005e+00
1.84663808291300002e+00 -5.65073142956299979e+00 -1.44763304900000001e+00
1.82388919533000005e+00 -5.56902919756899983e+00 -1.47478658299999998e+00
1.79541662261299995e+00 -5.48698661353799988e+00 -1.49478746799999995e+00
1.76004189378999998e+00 -5.40621655591600003e+00 -1.50745079099999990e+00
1.71730411473500011e+00 -5.32834561270600027e+00 -1.51298411800000010e+00
1.67081883444999990e+00 -5.25230110623899993e+00 -1.51150248399999998e+00
1.62481889246000000e+00 -5.17651961802099958e+00 -1.50253250699999996e+00
1.58382345533200009e+00 -5.09946287009899990e+00 -1.48480144199999997e+00
1.55260736119199994e+00 -5.02099933493100004e+00 -1.45647327999999998e+00
1.53267572925400009e+00 -4.94399207747500036e+00 -1.41648754599999993e+00
1.52337307101400010e+00 -4.87217261633800014e+00 -1.36460902099999992e+00
1.52315739863899990e+00 -4.80924126310600020e+00 -1.30145524799999990e+00
1.53027463802500008e+00 -4.75827986586700025e+00 -1.22877147299999989e+00
1.54478399075200001e+00 -4.72102629159199960e+00 -1.14916445699999992e+00
1.56753292886900009e+00 -4.69769766379500009e+00 -1.06625950899999999e+00
1.59991404474899990e+00 -4.68679961417799973e+00 -9.84019988200000029e-01
1.64118916130699999e+00 -4.68547293123099973e+00 -9.05019850500000000e-01
1.68455522744199993e+00 -4.69123647050700043e+00 -8.27430147700000007e-01
1.72193340812600004e+00 -4.70406099012399981e+00 -7.47589677000000008e-01
1.75009948942200011e+00 -4.72500956665200000e+00 -6.65754104100000021e-01
1.76877798157499999e+00 -4.75451570852199978e+00 -5.83763262700000007e-01
1.77529687634799993e+00 -4.79211430977999964e+00 -5.03287117299999975e-01
1.76607415348999996e+00 -4.83556206855099990e+00 -4.26058482299999985e-01
1.73910675288100003e+00 -4.88052867710699978e+00 -3.54058778700000021e-01
1.69671197792799999e+00 -4.92316523154700025e+00 -2.88294880099999984e-01
1.64515844528500010e+00 -4.96292104843000015e+00 -2.27517521700000003e-01
1.59075014372000001e+00 -5.00190672823300009e+00 -1.68760640399999995e-01
1.53667758414899991e+00 -5.04144841917599962e+00 -1.10011766999999996e-01
1.48745611288499990e+00 -5.08098786553300030e+00 -4.71862759699999967e-02
1.43664598828100010e+00 -5.11388144383499998e+00 1.81966169400000002e-02
1.38244787884500009e+00 -5.13620905162200003e+00 8.53008159099999941e-02
1.32221031850399995e+00 -5.14993781602399991e+00 1.49478332999999991e-01
1.26019957913099989e+00 -5.15708994965999956e+00 2.13010172800000008e-01
1.19389033814200007e+00 -5.16111421139799997e+00 2.72389066100000021e-01
1.12759269094199999e+00 -5.16018264391199999e+00 3.31866703200000002e-01
1.05810585380400002e+00 -5.15900474604899983e+00 3.87553904599999999e-01
9.90622189133899989e-01 -5.15535329241300033e+00 4.45633867399999994e-01
9.29342149571400045e-01 -5.14897774873499969e+00 5.09989224300000044e-01
8.79540059360000015e-01 -5.14016278072300015e+00 5.83300031399999974e-01
8.44605423892599960e-01 -5.13168073910900002e+00 6.64789909000000012e-01
8.24265848418100022e-01 -5.12786068903000025e+00 7.51488013200000027e-01
8.17764059579299984e-01 -5.13143585116499956e+00 8.40209904600000002e-01
8.25416329737500010e-01 -5.14244205037199986e+00 9.28272620899999956e-01
8.47540341822800025e-01 -5.15881726679200003e+00 1.01302453600000009e+00
8.84342357267499990e-01 -5.17683673725099958e+00 1.09210786199999998e+00
9.26548912484499998e-01 -5.20077449991199980e+00 1.16681292299999995e+00
9.69090054484599950e-01 -5.23473844591099979e+00 1.23734147300000008e+00
1.01054105364700009e+00 -5.28013686870199983e+00 1.30180800399999996e+00
1.05040862899500009e+00 -5.33681760193899990e+00 1.35778514899999991e+00
1.08812752332700002e+00 -5.40363720156600014e+00 1.40304295200000007e+00
1.12290506209500007e+00 -5.47879419515600041e+00 1.43595856100000008e+00
1.15394903235400004e+00 -5.55989301031099981e+00 1.45566788399999991e+00
1.18050449441500005e+00 -5.64469301067699991e+00 1.46207221500000006e+00
1.20206322959100009e+00 -5.73088267874500001e+00 1.45563949300000006e+00
1.21894575607000011e+00 -5.81646465417400016e+00 1.43734869599999993e+00
1.23422115628000006e+00 -5.89932374339699983e+00 1.40860805300000003e+00
1.25051935838399997e+00 -5.97835052917100018e+00 1.37074944699999990e+00
1.26793701200300002e+00 -6.05288871992499988e+00 1.32528569800000007e+00
1.28593358339899999e+00 -6.12307867967400021e+00 1.27344174199999993e+00
1.30222664881000005e+00 -6.18944485856699966e+00 1.21624657500000000e+00
1.31695309364399993e+00 -6.25202938457499968e+00 1.15453905799999990e+00
1.33718736876899991e+00 -6.30916285370900010e+00 1.08926367399999990e+00
1.36677780462700005e+00 -6.35928798994599997e+00 1.02191720899999994e+00
1.40473555202100009e+00 -6.40223051364200035e+00 9.53741958900000020e-01
1.44804143425200005e+00 -6.43900544219300031e+00 8.85007124200000050e-01
1.49160379304299995e+00 -6.47181099715600006e+00 8.14565732900000006e-01
1.53217726212399996e+00 -6.50208153317499971e+00 7.41282581500000037e-01
1.56898326165400004e+00 -6.52986338545999967e+00 6.65177014199999972e-01
1.60221567679100008e+00 -6.55492960450200002e+00 5.86314234499999976e-01
1.63081463783499991e+00 -6.57725210127499960e+00 5.04959361800000006e-01
1.65406345775499997e+00 -6.59679647453500007e+00 4.21241332600000018e-01
1.67198535357800004e+00 -6.61329035933600018e+00 3.35488630800000021e-01
1.68519401927200008e+00 -6.62627575675000013e+00 2.48458953600000004e-01
1.69436959436700008e+00 -6.63546917502999989e+00 1.60225412000000011e-01
1.70027817058299990e+00 -6.64050414766899966e+00 7.15008086900000006e-02
1.70439824849999999e+00 -6.64096463124499969e+00 -1.74495433399999983e-02
end
coil AAE14_SC_067 -0.00000000000000000e+00 none
3.75255377399999990e+00 -5.93258866800000018e+00 -7.06089999999999995e-01
3.76067816200000005e+00 -5.88756445300000042e+00 -8.02960000000000007e-01
3.76516246899999985e+00 -5.83923322700000025e+00 -8.98349999999999982e-01
3.76539712099999990e+00 -5.78707805999999980e+00 -9.91870000000000029e-01
3.75945114499999988e+00 -5.72968652600000006e+00 -1.08213000000000004e+00
3.74706988599999979e+00 -5.66727805799999995e+00 -1.16823000000000010e+00
3.72848321599999988e+00 -5.60039832699999973e+00 -1.24963000000000002e+00
3.70294553200000021e+00 -5.52895312899999958e+00 -1.32501000000000002e+00
3.66990498100000018e+00 -5.45315331299999961e+00 -1.39285999999999999e+00
3.62914183000000001e+00 -5.37361703699999982e+00 -1.45162999999999998e+00
3.58092372200000009e+00 -5.29132982999999957e+00 -1.50011000000000005e+00
3.52597192899999978e+00 -5.20750835199999962e+00 -1.53757000000000010e+00
3.46530800900000013e+00 -5.12338735999999972e+00 -1.56394999999999995e+00
3.40007835900000011e+00 -5.04000332499999981e+00 -1.57966999999999991e+00
3.33132358900000014e+00 -4.95816422700000015e+00 -1.58546000000000009e+00
3.25993739099999980e+00 -4.87845240099999966e+00 -1.58210999999999991e+00
3.18665012700000005e+00 -4.80130347400000002e+00 -1.57027000000000005e+00
3.11202787100000000e+00 -4.72713285100000036e+00 -1.55041999999999991e+00
3.03658296200000022e+00 -4.65635236600000013e+00 -1.52283999999999997e+00
2.96078279600000016e+00 -4.58946206099999987e+00 -1.48758999999999997e+00
2.88513257400000001e+00 -4.52698123600000013e+00 -1.44477000000000011e+00
2.81007356099999983e+00 -4.46910298299999997e+00 -1.39495999999999998e+00
2.73616087899999982e+00 -4.41643553000000022e+00 -1.33818999999999999e+00
2.66405162499999992e+00 -4.36990094999999990e+00 -1.27417000000000002e+00
2.59439341700000003e+00 -4.33000381500000042e+00 -1.20328999999999997e+00
2.52798364100000006e+00 -4.29751547199999973e+00 -1.12579999999999991e+00
2.46419595199999986e+00 -4.27037878800000037e+00 -1.04414000000000007e+00
2.40218217400000000e+00 -4.24659819399999972e+00 -9.60089999999999999e-01
2.34234598000000016e+00 -4.22673649399999984e+00 -8.73500000000000054e-01
2.28450741900000009e+00 -4.21033694100000044e+00 -7.84819999999999962e-01
2.22791812800000022e+00 -4.19600241200000035e+00 -6.94989999999999997e-01
2.17192554199999988e+00 -4.18263061000000036e+00 -6.04639999999999955e-01
2.11697944500000013e+00 -4.17095862000000039e+00 -5.13419999999999987e-01
2.06353961400000019e+00 -4.16165719199999984e+00 -4.21030000000000015e-01
2.01264470899999992e+00 -4.15620787399999969e+00 -3.26940000000000008e-01
1.96532459699999995e+00 -4.15600043999999968e+00 -2.30830000000000007e-01
1.91735380800000010e+00 -4.15485832999999971e+00 -1.35039999999999993e-01
1.86866981800000009e+00 -4.15268619899999969e+00 -3.96299999999999986e-02
1.82123725999999997e+00 -4.15229449400000039e+00 5.64199999999999979e-02
1.77618584799999990e+00 -4.15525083899999981e+00 1.53570000000000012e-01
1.73287774600000000e+00 -4.16059535800000013e+00 2.51400000000000012e-01
1.68961362699999995e+00 -4.16597815999999987e+00 3.49250000000000005e-01
1.64941463200000005e+00 -4.17542257499999980e+00 4.48089999999999988e-01
1.61262002300000007e+00 -4.18922844100000002e+00 5.47740000000000005e-01
1.57864830699999992e+00 -4.20651220700000028e+00 6.47859999999999991e-01
1.54576709199999995e+00 -4.22511347100000023e+00 7.48110000000000053e-01
1.51522403200000011e+00 -4.24647742199999989e+00 8.48500000000000032e-01
1.48938986299999998e+00 -4.27324049799999983e+00 9.48930000000000051e-01
1.46861788600000009e+00 -4.30551922500000028e+00 1.04889999999999994e+00
1.45329896200000008e+00 -4.34348101500000006e+00 1.14785000000000004e+00
1.44396922500000002e+00 -4.38731967899999997e+00 1.24510000000000010e+00
1.44127179099999991e+00 -4.43729941500000002e+00 1.33976000000000006e+00
1.44619974799999995e+00 -4.49382305600000009e+00 1.43054999999999999e+00
1.45948348999999999e+00 -4.55690563499999968e+00 1.51601000000000008e+00
1.48147421699999993e+00 -4.62610708700000028e+00 1.59462999999999999e+00
1.51228182700000002e+00 -4.70069773799999968e+00 1.66486000000000001e+00
1.55173402199999999e+00 -4.77962953699999993e+00 1.72523000000000004e+00
1.59916089399999994e+00 -4.86158501400000009e+00 1.77471000000000001e+00
1.65321635500000008e+00 -4.94517199600000001e+00 1.81360000000000010e+00
1.71245039000000010e+00 -5.02935803000000003e+00 1.84301000000000004e+00
1.77722923299999991e+00 -5.11297265800000034e+00 1.86004999999999998e+00
1.84516870500000008e+00 -5.19515026499999966e+00 1.86812000000000000e+00
1.91507452400000000e+00 -5.27616323600000037e+00 1.87010000000000010e+00
1.98787740799999990e+00 -5.35421608600000010e+00 1.86085999999999996e+00
2.06169996499999986e+00 -5.43000293400000000e+00 1.84553999999999996e+00
2.13669391399999986e+00 -5.50311698500000013e+00 1.82302999999999993e+00
2.21221664900000015e+00 -5.57281020599999977e+00 1.79336000000000007e+00
2.28804291500000012e+00 -5.64042805400000002e+00 1.75934999999999997e+00
2.36362797299999983e+00 -5.70316137399999956e+00 1.71711999999999998e+00
2.43909884799999999e+00 -5.76343982800000010e+00 1.67076000000000002e+00
2.51340319999999995e+00 -5.81825117899999977e+00 1.61699999999999999e+00
2.58690516099999979e+00 -5.86920151099999998e+00 1.55800999999999989e+00
2.65939639600000000e+00 -5.91707350999999981e+00 1.49557999999999991e+00
2.73035157599999989e+00 -5.96025037999999974e+00 1.42791000000000001e+00
2.80063876899999986e+00 -6.00185680600000016e+00 1.35880000000000001e+00
2.86688713599999989e+00 -6.03394546599999959e+00 1.28096000000000010e+00
2.93312908200000022e+00 -6.06604672599999972e+00 1.20310999999999990e+00
2.99567250999999990e+00 -6.09087492200000025e+00 1.11986999999999992e+00
3.05743691400000017e+00 -6.11417926800000000e+00 1.03547999999999996e+00
3.11710716900000007e+00 -6.13382150400000015e+00 9.48829999999999951e-01
3.17471774699999987e+00 -6.14984300500000014e+00 8.59940000000000038e-01
3.23097206899999989e+00 -6.16372909700000005e+00 7.69979999999999998e-01
3.28203600400000006e+00 -6.16940738899999985e+00 6.75969999999999960e-01
3.33309993899999979e+00 -6.17508567999999958e+00 5.81960000000000033e-01
3.37982238699999993e+00 -6.17445687399999965e+00 4.85559999999999992e-01
3.42644474899999985e+00 -6.17368183900000034e+00 3.89100000000000001e-01
3.46933942699999998e+00 -6.16780922800000031e+00 2.91150000000000020e-01
3.51145790099999999e+00 -6.16087449399999976e+00 1.92879999999999996e-01
3.54923578700000020e+00 -6.14834736400000015e+00 9.34900000000000037e-02
3.58570778700000004e+00 -6.13413110299999964e+00 -6.23999999999999989e-03
3.61766110800000007e+00 -6.11445391300000018e+00 -1.06530000000000000e-01
3.64863067199999991e+00 -6.09356123099999980e+00 -2.06940000000000013e-01
3.67469378500000010e+00 -6.06704972100000006e+00 -3.07410000000000017e-01
3.69945551200000011e+00 -6.03908945299999989e+00 -4.07770000000000021e-01
3.72008651199999996e+00 -6.00663572499999976e+00 -5.07770000000000055e-01
3.73754224800000001e+00 -5.97088167799999958e+00 -6.07160000000000033e-01
3.75255377399999990e+00 -5.93258866800000018e+00 -7.06089999999999995e-01
end
coil AAE23_SC_068 -0.00000000000000000e+00 none
5.02243327500000003e+00 -4.79885546900000026e+00 -7.21389999999999976e-01
4.96543731700000013e+00 -4.80226506600000036e+00 -8.08459999999999956e-01
4.90377683999999991e+00 -4.80151236200000042e+00 -8.92310000000000048e-01
4.83784627699999970e+00 -4.79671103300000023e+00 -9.72650000000000015e-01
4.76795518399999985e+00 -4.78790770200000004e+00 -1.04919999999999991e+00
4.69396474599999980e+00 -4.77464277300000006e+00 -1.12105000000000010e+00
4.61468107399999994e+00 -4.75505403399999960e+00 -1.18554000000000004e+00
4.53071308300000020e+00 -4.72891209299999993e+00 -1.24126000000000003e+00
4.44386667000000024e+00 -4.69785927700000006e+00 -1.28957000000000011e+00
4.35471459700000008e+00 -4.66184617600000006e+00 -1.32953000000000010e+00
4.26402814899999960e+00 -4.62091659299999957e+00 -1.36019000000000001e+00
4.17276690400000039e+00 -4.57530550300000005e+00 -1.38074000000000008e+00
4.08207017800000038e+00 -4.52531565600000008e+00 -1.39033000000000007e+00
3.99342038800000010e+00 -4.47104368799999996e+00 -1.38710000000000000e+00
3.90750859300000020e+00 -4.41393688700000020e+00 -1.37349999999999994e+00
3.82470372500000000e+00 -4.35496890000000025e+00 -1.35124000000000000e+00
3.74548886899999989e+00 -4.29465569799999969e+00 -1.32085999999999992e+00
3.66947025300000007e+00 -4.23362992900000012e+00 -1.28438000000000008e+00
3.59657938299999991e+00 -4.17216619700000013e+00 -1.24255000000000004e+00
3.52625441399999984e+00 -4.11054168999999980e+00 -1.19676999999999989e+00
3.45734339799999990e+00 -4.04886783099999992e+00 -1.14893000000000001e+00
3.38904912899999999e+00 -3.98718284299999981e+00 -1.10020999999999991e+00
3.32191844799999991e+00 -3.92551933699999989e+00 -1.04990999999999990e+00
3.25618531000000022e+00 -3.86388541499999993e+00 -9.97730000000000006e-01
3.19150805399999982e+00 -3.80229745699999988e+00 -9.44219999999999948e-01
3.12766532799999997e+00 -3.74075378300000017e+00 -8.89639999999999986e-01
3.06460006700000021e+00 -3.67927293300000002e+00 -8.34110000000000018e-01
3.00253362499999987e+00 -3.61785658900000007e+00 -7.77390000000000025e-01
2.94125082899999990e+00 -3.55652209000000008e+00 -7.19740000000000046e-01
2.88056527800000017e+00 -3.49524588600000019e+00 -6.61399999999999988e-01
2.82180388999999998e+00 -3.43419616700000008e+00 -6.00910000000000055e-01
2.76541816300000010e+00 -3.37346807100000001e+00 -5.37880000000000025e-01
2.71197917799999999e+00 -3.31323353699999990e+00 -4.71909999999999996e-01
2.66208940199999988e+00 -3.25369636900000003e+00 -4.02610000000000023e-01
2.61646779599999979e+00 -3.19512766400000014e+00 -3.29670000000000019e-01
2.57586113499999980e+00 -3.13788411399999978e+00 -2.52829999999999999e-01
2.54103164200000009e+00 -3.08236996300000010e+00 -1.72020000000000006e-01
2.51277553499999984e+00 -3.02909407300000000e+00 -8.72700000000000004e-02
2.49159564099999997e+00 -2.97847136900000020e+00 1.12999999999999993e-03
2.47937493100000017e+00 -2.93157237600000009e+00 9.32800000000000018e-02
2.47674293099999998e+00 -2.88920195200000007e+00 1.88230000000000008e-01
2.48087419500000017e+00 -2.85030139300000007e+00 2.84490000000000021e-01
2.49224659199999987e+00 -2.81524115900000016e+00 3.81869999999999987e-01
2.51559412599999987e+00 -2.78736186400000019e+00 4.79150000000000020e-01
2.54229747499999981e+00 -2.76149401300000008e+00 5.76409999999999978e-01
2.57951826499999992e+00 -2.74278654700000013e+00 6.71610000000000040e-01
2.61939754000000002e+00 -2.72588600200000020e+00 7.66299999999999981e-01
2.66605801800000020e+00 -2.71425800700000019e+00 8.58129999999999948e-01
2.72075713300000022e+00 -2.70889244100000015e+00 9.46559999999999957e-01
2.77545315699999984e+00 -2.70351736599999981e+00 1.03499000000000008e+00
2.84024992500000018e+00 -2.70728864199999997e+00 1.11616000000000004e+00
2.90678340400000002e+00 -2.71265112499999983e+00 1.19605999999999990e+00
2.97765777200000015e+00 -2.72273319299999983e+00 1.27098000000000000e+00
3.05541636699999986e+00 -2.74034652299999992e+00 1.33793999999999991e+00
3.13500218700000000e+00 -2.76054156799999983e+00 1.40144000000000002e+00
3.22015740400000006e+00 -2.78858994399999993e+00 1.45439000000000007e+00
3.30721319899999999e+00 -2.82080493800000021e+00 1.50028000000000006e+00
3.39746348300000012e+00 -2.86003617999999982e+00 1.53428999999999993e+00
3.48849683700000002e+00 -2.90400743299999986e+00 1.55834000000000006e+00
3.57966813499999992e+00 -2.95063612300000022e+00 1.57641000000000009e+00
3.67032582800000018e+00 -3.00118541400000005e+00 1.58462999999999998e+00
3.75966353000000009e+00 -3.05440320999999981e+00 1.58479999999999999e+00
3.84776380700000020e+00 -3.10941100000000015e+00 1.57912000000000008e+00
3.93416493100000020e+00 -3.16621160399999990e+00 1.56688000000000005e+00
4.01800765099999957e+00 -3.22468465300000018e+00 1.54720999999999997e+00
4.10000982199999964e+00 -3.28399756899999984e+00 1.52303999999999995e+00
4.18010582999999958e+00 -3.34404549700000020e+00 1.49449999999999994e+00
4.25797708600000036e+00 -3.40472165800000015e+00 1.46141999999999994e+00
4.33328312899999979e+00 -3.46588432500000021e+00 1.42365000000000008e+00
4.40664571800000004e+00 -3.52727890300000002e+00 1.38260999999999989e+00
4.47801468800000002e+00 -3.58884808800000021e+00 1.33843000000000001e+00
4.54734011800000015e+00 -3.65050295599999997e+00 1.29120999999999997e+00
4.61444226700000026e+00 -3.71217573199999995e+00 1.24085000000000001e+00
4.67907530100000013e+00 -3.77375703000000007e+00 1.18727000000000005e+00
4.74150527399999966e+00 -3.83519194600000013e+00 1.13100000000000001e+00
4.80160951099999966e+00 -3.89639416499999980e+00 1.07201999999999997e+00
4.85922729099999984e+00 -3.95728973300000009e+00 1.01029999999999998e+00
4.91412538099999985e+00 -4.01777568299999999e+00 9.45779999999999954e-01
4.96608647900000033e+00 -4.07773335899999978e+00 8.78380000000000050e-01
5.01479223599999990e+00 -4.13702435999999985e+00 8.08039999999999980e-01
5.05993714299999997e+00 -4.19548508799999986e+00 7.34680000000000000e-01
5.10111488799999968e+00 -4.25290058000000037e+00 6.58240000000000047e-01
5.13797288900000027e+00 -4.30905944099999960e+00 5.78729999999999967e-01
5.17007987299999971e+00 -4.36370224699999998e+00 4.96170000000000000e-01
5.19708064699999994e+00 -4.41654485000000019e+00 4.10669999999999980e-01
5.21861669200000033e+00 -4.46732521399999971e+00 3.22409999999999974e-01
5.23427956300000030e+00 -4.51569237799999978e+00 2.31610000000000010e-01
5.24328279499999983e+00 -4.56110276899999967e+00 1.38429999999999997e-01
5.24523720499999957e+00 -4.60316762400000012e+00 4.32700000000000029e-02
5.24026763200000012e+00 -4.64168865999999980e+00 -5.32600000000000018e-02
5.22842306799999967e+00 -4.67646069600000036e+00 -1.50620000000000004e-01
5.20986591299999979e+00 -4.70733633399999984e+00 -2.48230000000000006e-01
5.18488742400000024e+00 -4.73427351099999960e+00 -3.45569999999999988e-01
5.15385446300000005e+00 -4.75726868699999983e+00 -4.42180000000000017e-01
5.11691325900000038e+00 -4.77622177699999995e+00 -5.37569999999999992e-01
5.07351201899999982e+00 -4.79050244300000028e+00 -6.31050000000000000e-01
5.02243327500000003e+00 -4.79885546900000026e+00 -7.21389999999999976e-01
end
coil AAE23_SC_069 -0.00000000000000000e+00 none
6.11600329699999978e+00 -3.29368548600000022e+00 7.21389999999999976e-01
6.12384965299999973e+00 -3.34485525500000014e+00 6.31050000000000000e-01
6.12366730300000039e+00 -3.39053745000000006e+00 5.37569999999999992e-01
6.11706296000000016e+00 -3.43153486000000019e+00 4.42180000000000017e-01
6.10477745699999996e+00 -3.46815353499999990e+00 3.45569999999999988e-01
6.08688475000000029e+00 -3.50023275399999978e+00 2.48230000000000006e-01
6.06324839000000004e+00 -3.52741729699999995e+00 1.50620000000000004e-01
6.03384200600000042e+00 -3.54943183799999984e+00 5.32600000000000018e-02
5.99873361299999974e+00 -3.56606501399999987e+00 -4.32700000000000029e-02
5.95813601299999984e+00 -3.57719510800000018e+00 -1.38429999999999997e-01
5.91215787299999995e+00 -3.58267115100000000e+00 -2.31610000000000010e-01
5.86131606400000038e+00 -3.58272475799999990e+00 -3.22409999999999974e-01
5.80637469799999995e+00 -3.57792779300000019e+00 -4.10669999999999980e-01
5.74776790199999965e+00 -3.56858081499999980e+00 -4.96159999999999990e-01
5.68587963900000037e+00 -3.55492707900000005e+00 -5.78729999999999967e-01
5.62108102799999987e+00 -3.53723504100000019e+00 -6.58240000000000047e-01
5.55374295300000043e+00 -3.51580477900000021e+00 -7.34680000000000000e-01
5.48420776299999968e+00 -3.49094564199999979e+00 -8.08039999999999980e-01
5.41276740400000023e+00 -3.46294129599999989e+00 -8.78380000000000050e-01
5.33968553299999993e+00 -3.43205305899999980e+00 -9.45779999999999954e-01
5.26518800100000028e+00 -3.39852298299999989e+00 -1.01029999999999998e+00
5.18947570000000002e+00 -3.36254866200000002e+00 -1.07201999999999997e+00
5.11268961000000033e+00 -3.32430509599999979e+00 -1.13100000000000001e+00
5.03497118700000001e+00 -3.28390404100000000e+00 -1.18727000000000005e+00
4.95643335799999996e+00 -3.24146652499999988e+00 -1.24085000000000001e+00
4.87704666299999978e+00 -3.19670771100000017e+00 -1.29120999999999997e+00
4.79698036899999991e+00 -3.14982495000000018e+00 -1.33843000000000001e+00
4.71636927700000008e+00 -3.10097422300000014e+00 -1.38260999999999989e+00
4.63530801000000015e+00 -3.05018787099999988e+00 -1.42365000000000008e+00
4.55386623400000001e+00 -2.99745377399999979e+00 -1.46141999999999994e+00
4.47209297100000036e+00 -2.94214615400000001e+00 -1.49449999999999994e+00
4.39024236699999992e+00 -2.88452941800000007e+00 -1.52303999999999995e+00
4.30849272100000036e+00 -2.82486107099999995e+00 -1.54720999999999997e+00
4.22697646199999966e+00 -2.76319271599999983e+00 -1.56688000000000005e+00
4.14624787300000008e+00 -2.69857668899999981e+00 -1.57912000000000008e+00
4.06671536699999958e+00 -2.63178454399999984e+00 -1.58479999999999999e+00
3.98848305000000014e+00 -2.56326613000000014e+00 -1.58462999999999998e+00
3.91239475300000006e+00 -2.49267366599999995e+00 -1.57641000000000009e+00
3.83988341899999996e+00 -2.42037221499999999e+00 -1.55834000000000006e+00
3.76992613600000004e+00 -2.34738810800000008e+00 -1.53428999999999993e+00
3.70472431499999999e+00 -2.27366848399999988e+00 -1.50028000000000006e+00
3.64719085499999984e+00 -2.20083245100000013e+00 -1.45439000000000007e+00
3.59420092299999983e+00 -2.12851791500000020e+00 -1.40144000000000002e+00
3.55040442899999986e+00 -2.05906237999999986e+00 -1.33793999999999991e+00
3.50962716300000022e+00 -1.99055001499999995e+00 -1.27098000000000000e+00
3.47813096799999988e+00 -1.92626662099999990e+00 -1.19605999999999990e+00
3.45247131399999985e+00 -1.86463965199999993e+00 -1.11616000000000004e+00
3.42886462000000014e+00 -1.80418569400000006e+00 -1.03499000000000008e+00
3.41706856400000003e+00 -1.75050348099999997e+00 -9.46559999999999957e-01
3.40526941800000005e+00 -1.69681175799999995e+00 -8.58119999999999994e-01
3.40191456199999998e+00 -1.64885110400000001e+00 -7.66299999999999981e-01
3.40565430899999999e+00 -1.60570367300000005e+00 -6.71610000000000040e-01
3.41195647500000021e+00 -1.56452055099999998e+00 -5.76409999999999978e-01
3.42829695200000018e+00 -1.53112665199999998e+00 -4.79150000000000020e-01
3.44759995099999994e+00 -1.50031359900000005e+00 -3.81869999999999987e-01
3.47742737899999987e+00 -1.47865644100000004e+00 -2.84490000000000021e-01
3.51314723800000017e+00 -1.46270781599999999e+00 -1.88230000000000008e-01
3.55425621699999983e+00 -1.45211604499999991e+00 -9.32800000000000018e-02
3.60263695499999992e+00 -1.44924505800000003e+00 -1.12999999999999993e-03
3.65733701700000013e+00 -1.45375241500000008e+00 8.72700000000000004e-02
3.71673903800000005e+00 -1.46415533599999992e+00 1.72020000000000006e-01
3.78029524700000019e+00 -1.48012710199999997e+00 2.52829999999999999e-01
3.84728290199999989e+00 -1.50106137400000006e+00 3.29670000000000019e-01
3.91707412699999979e+00 -1.52635253699999995e+00 4.02619999999999978e-01
3.98911380000000015e+00 -1.55539236400000003e+00 4.71909999999999996e-01
4.06292240299999996e+00 -1.58761115099999994e+00 5.37880000000000025e-01
4.13809293200000017e+00 -1.62246820599999997e+00 6.00910000000000055e-01
4.21432228200000036e+00 -1.65948370900000008e+00 6.61399999999999988e-01
4.29135726700000042e+00 -1.69826676800000009e+00 7.19740000000000046e-01
4.36862212399999983e+00 -1.73759549899999999e+00 7.77390000000000025e-01
4.44620718999999998e+00 -1.77765084299999998e+00 8.34110000000000018e-01
4.52417735700000012e+00 -1.81863252199999992e+00 8.89639999999999986e-01
4.60242350900000030e+00 -1.86033415500000010e+00 9.44219999999999948e-01
4.68098629899999974e+00 -1.90281613400000005e+00 9.97730000000000006e-01
4.75992110999999962e+00 -1.94628127099999992e+00 1.04990999999999990e+00
4.83932016600000026e+00 -1.99107812699999998e+00 1.10020999999999991e+00
4.91908101200000036e+00 -2.03695609800000010e+00 1.14893000000000001e+00
4.99903011900000038e+00 -2.08344583500000002e+00 1.19676999999999989e+00
5.07937380699999963e+00 -2.13127941200000004e+00 1.24255000000000004e+00
5.16034998900000019e+00 -2.18160973700000005e+00 1.28438000000000008e+00
5.24188444099999984e+00 -2.23504974600000006e+00 1.32085999999999992e+00
5.32371989499999998e+00 -2.29174611799999983e+00 1.35124000000000000e+00
5.40539339499999993e+00 -2.35228037599999995e+00 1.37349999999999994e+00
5.48624637200000009e+00 -2.41634077100000022e+00 1.38710000000000000e+00
5.56526407700000014e+00 -2.48387848800000022e+00 1.39033000000000007e+00
5.64082572299999985e+00 -2.55469464500000010e+00 1.38074000000000008e+00
5.71241381200000031e+00 -2.62739070800000007e+00 1.36017999999999994e+00
5.77935270499999998e+00 -2.70098753700000005e+00 1.32953000000000010e+00
5.84115862600000035e+00 -2.77464343300000005e+00 1.28957000000000011e+00
5.89752705699999957e+00 -2.84764771399999983e+00 1.24126000000000003e+00
5.94834534199999965e+00 -2.91942713499999984e+00 1.18554000000000004e+00
5.99146589600000024e+00 -2.98877634300000006e+00 1.12105000000000010e+00
6.02695058299999964e+00 -3.05504435900000004e+00 1.04919999999999991e+00
6.05692016899999963e+00 -3.11880385999999987e+00 9.72650000000000015e-01
6.08186824099999956e+00 -3.18002064499999992e+00 8.92310000000000048e-01
6.10163552100000040e+00 -3.23843102699999985e+00 8.08459999999999956e-01
6.11600329699999978e+00 -3.29368548600000022e+00 7.21389999999999976e-01
end
coil AAE14_SC_070 -0.00000000000000000e+00 none
6.80182368000000004e+00 -1.73562860000000008e+00 7.06089999999999995e-01
6.83361079899999968e+00 -1.70951789099999996e+00 6.07160000000000033e-01
6.86221563299999993e+00 -1.68186508700000004e+00 5.07770000000000055e-01
6.88670881699999970e+00 -1.65220458899999989e+00 4.07770000000000021e-01
6.90564909600000032e+00 -1.62001631399999990e+00 3.07410000000000017e-01
6.92280862199999980e+00 -1.58703974099999989e+00 2.06940000000000013e-01
6.93310902600000034e+00 -1.55113966600000008e+00 1.06530000000000000e-01
6.94195914600000030e+00 -1.51465935500000004e+00 6.23999999999999989e-03
6.94420380900000023e+00 -1.47558319300000007e+00 -9.34900000000000037e-02
6.94443637500000044e+00 -1.43578338499999991e+00 -1.92879999999999996e-01
6.93802091099999974e+00 -1.39358030600000005e+00 -2.91150000000000020e-01
6.93034678400000015e+00 -1.35096605199999997e+00 -3.89100000000000001e-01
6.91668532599999963e+00 -1.30639627399999991e+00 -4.85559999999999992e-01
6.90283461699999989e+00 -1.26176181299999990e+00 -5.81960000000000033e-01
6.88165420799999961e+00 -1.21495608399999999e+00 -6.75969999999999960e-01
6.86048021900000027e+00 -1.16813775399999997e+00 -7.69979999999999998e-01
6.82989734900000034e+00 -1.11892998099999996e+00 -8.59940000000000038e-01
6.79684944400000024e+00 -1.06909315699999996e+00 -9.48829999999999951e-01
6.75972856000000011e+00 -1.01840319799999990e+00 -1.03547999999999996e+00
6.71848405400000015e+00 -9.66866043500000050e-01 -1.11986999999999992e+00
6.67554339700000021e+00 -9.15059860900000022e-01 -1.20310999999999990e+00
6.62454210699999990e+00 -8.61971812199999965e-01 -1.28096000000000010e+00
6.57355341800000037e+00 -8.08890183900000004e-01 -1.35880000000000001e+00
6.51225915200000038e+00 -7.54898618499999952e-01 -1.42791000000000001e+00
6.44926777600000012e+00 -7.00764512500000047e-01 -1.49557999999999991e+00
6.38134005800000015e+00 -6.46615069200000003e-01 -1.55800999999999989e+00
6.31017097999999965e+00 -5.92456831100000025e-01 -1.61699999999999999e+00
6.23507742900000039e+00 -5.38711532300000018e-01 -1.67076000000000002e+00
6.15442932000000020e+00 -4.85572351999999985e-01 -1.71711999999999998e+00
6.07141094999999975e+00 -4.33066626000000010e-01 -1.75934999999999997e+00
5.98366775000000040e+00 -3.81843739500000001e-01 -1.79336000000000007e+00
5.89405474800000029e+00 -3.31564856299999988e-01 -1.82302999999999993e+00
5.80133722099999982e+00 -2.82830940199999992e-01 -1.84553999999999996e+00
5.70644501299999973e+00 -2.36044346200000005e-01 -1.86085999999999996e+00
5.60972503500000030e+00 -1.90913607499999999e-01 -1.87010000000000010e+00
5.51107014799999995e+00 -1.49471313800000005e-01 -1.86812000000000000e+00
5.41191770899999991e+00 -1.10251550700000006e-01 -1.86004999999999998e+00
5.31238175300000037e+00 -7.44790205000000066e-02 -1.84301000000000004e+00
5.21400922800000011e+00 -4.41640837999999966e-02 -1.81360000000000010e+00
5.11780495500000043e+00 -1.85806990899999996e-02 -1.77471000000000001e+00
5.02520919799999977e+00 1.20396879400000000e-03 -1.72523000000000004e+00
4.93795158599999962e+00 1.43324370000000000e-02 -1.66486000000000001e+00
4.85749146700000001e+00 2.05849106499999997e-02 -1.59462999999999999e+00
4.78488307299999960e+00 2.01146674300000002e-02 -1.51601000000000008e+00
4.72077717099999994e+00 1.32488158000000009e-02 -1.43054999999999999e+00
4.66550000300000001e+00 4.71883899199999977e-04 -1.33976000000000006e+00
4.61880054399999995e+00 -1.75406380699999996e-02 -1.24510000000000010e+00
4.57998935500000037e+00 -3.99613003999999966e-02 -1.14785000000000004e+00
4.54861830000000023e+00 -6.62522607700000016e-02 -1.04889999999999994e+00
4.52433956900000034e+00 -9.59902837600000031e-02 -9.48930000000000051e-01
4.50687429600000034e+00 -1.28834878900000005e-01 -8.48500000000000032e-01
4.49599710800000008e+00 -1.64480747900000002e-01 -7.48110000000000053e-01
4.48845842500000014e+00 -2.01502292400000005e-01 -6.47859999999999991e-01
4.48252147500000042e+00 -2.39149495999999989e-01 -5.47740000000000005e-01
4.48076563099999969e+00 -2.78403299699999995e-01 -4.48089999999999988e-01
4.48420063000000013e+00 -3.19555982299999985e-01 -3.49250000000000005e-01
4.49244559999999993e+00 -3.62373799300000021e-01 -2.51400000000000012e-01
4.50075999500000012e+00 -4.05211117600000004e-01 -1.53570000000000012e-01
4.51186299300000027e+00 -4.48961393400000019e-01 -5.64199999999999979e-02
4.52688416099999991e+00 -4.93962088099999974e-01 3.96299999999999986e-02
4.54400350199999981e+00 -5.39595372800000028e-01 1.35039999999999993e-01
4.55990816100000007e+00 -5.84855763999999945e-01 2.30830000000000007e-01
4.57473056699999958e+00 -6.29794864800000020e-01 3.26940000000000008e-01
4.59564279000000031e+00 -6.76519498799999952e-01 4.21030000000000015e-01
4.62099197299999975e+00 -7.24473191199999977e-01 5.13410000000000033e-01
4.64907770700000000e+00 -7.73114917699999959e-01 6.04639999999999955e-01
4.67909828400000016e+00 -8.22242525399999979e-01 6.94989999999999997e-01
4.71022370699999993e+00 -8.71631509900000045e-01 7.84819999999999962e-01
4.74368197600000041e+00 -9.21566319700000025e-01 8.73500000000000054e-01
4.78107104600000010e+00 -9.72337373999999977e-01 9.60089999999999999e-01
4.82284931299999986e+00 -1.02396396400000000e+00 1.04414000000000007e+00
4.86837318099999994e+00 -1.07624513799999999e+00 1.12579999999999991e+00
4.91978840600000034e+00 -1.12937744000000007e+00 1.20328999999999997e+00
4.97926168499999999e+00 -1.18329825900000007e+00 1.27417000000000002e+00
5.04579446999999970e+00 -1.23749087300000005e+00 1.33818999999999999e+00
5.11872606200000035e+00 -1.29150753500000004e+00 1.39495999999999998e+00
5.19697753999999978e+00 -1.34500484299999989e+00 1.44477000000000011e+00
5.27976717600000001e+00 -1.39764797700000010e+00 1.48758999999999997e+00
5.36680683400000014e+00 -1.44906791400000001e+00 1.52283999999999997e+00
5.45743794699999984e+00 -1.49895290599999997e+00 1.55041999999999991e+00
5.55103665700000004e+00 -1.54700095299999996e+00 1.57027000000000005e+00
5.64705852300000011e+00 -1.59286322400000002e+00 1.58210999999999991e+00
5.74492487100000027e+00 -1.63611789299999999e+00 1.58546000000000009e+00
5.84400734400000044e+00 -1.67622258799999990e+00 1.57966999999999991e+00
5.94347312599999977e+00 -1.71249107800000000e+00 1.56394999999999995e+00
6.04222097099999989e+00 -1.74418765600000003e+00 1.53757000000000010e+00
6.13892210200000044e+00 -1.77055591799999990e+00 1.50011000000000005e+00
6.23208225199999966e+00 -1.79097734400000008e+00 1.45162999999999998e+00
6.32032481999999973e+00 -1.80516319600000008e+00 1.39285999999999999e+00
6.40261840500000012e+00 -1.81317521600000009e+00 1.32502000000000009e+00
6.47846059699999977e+00 -1.81537642499999996e+00 1.24963000000000002e+00
6.54780237199999959e+00 -1.81239259900000005e+00 1.16823000000000010e+00
6.61098344000000004e+00 -1.80488092800000000e+00 1.08214000000000010e+00
6.66741273500000009e+00 -1.79280213899999996e+00 9.91870000000000029e-01
6.71693616800000015e+00 -1.77645864900000006e+00 8.98349999999999982e-01
6.76151324299999956e+00 -1.75725361399999991e+00 8.02960000000000007e-01
6.80182368000000004e+00 -1.73562860000000008e+00 7.06089999999999995e-01
end
