HINT_WALL 1
nfp = 5
stellarator_symmetric = true
toroidal_planes = 21
poloidal_points = 72
DATA
# phi [rad]  R [m]  Z [m]; implicit poloidal closing segment
0.00000000000000000e+00 6.46558999999999973e+00 0.00000000000000000e+00
0.00000000000000000e+00 6.46027000000000040e+00 1.50010000000000004e-01
0.00000000000000000e+00 6.44390999999999980e+00 2.99146999999999996e-01
0.00000000000000000e+00 6.41528000000000009e+00 4.46307999999999983e-01
0.00000000000000000e+00 6.37320000000000064e+00 5.88687999999999989e-01
0.00000000000000000e+00 6.31759999999999966e+00 7.22408999999999968e-01
0.00000000000000000e+00 6.24899000000000004e+00 8.44420999999999977e-01
0.00000000000000000e+00 6.16847000000000012e+00 9.51945000000000041e-01
0.00000000000000000e+00 6.07908000000000026e+00 1.04221000000000008e+00
0.00000000000000000e+00 5.98446000000000033e+00 1.11453999999999986e+00
0.00000000000000000e+00 5.88658999999999999e+00 1.17002999999999990e+00
0.00000000000000000e+00 5.78722999999999921e+00 1.20904999999999996e+00
0.00000000000000000e+00 5.68948999999999927e+00 1.23208000000000006e+00
0.00000000000000000e+00 5.59570000000000078e+00 1.24114999999999998e+00
0.00000000000000000e+00 5.50754000000000055e+00 1.23741999999999996e+00
0.00000000000000000e+00 5.42884000000000011e+00 1.22058000000000000e+00
0.00000000000000000e+00 5.36373999999999995e+00 1.19255000000000000e+00
0.00000000000000000e+00 5.31282999999999994e+00 1.15751999999999988e+00
0.00000000000000000e+00 5.27496999999999971e+00 1.11783000000000010e+00
0.00000000000000000e+00 5.24960000000000004e+00 1.07355000000000000e+00
0.00000000000000000e+00 5.23448999999999920e+00 1.02492000000000005e+00
0.00000000000000000e+00 5.22640999999999956e+00 9.72180000000000044e-01
0.00000000000000000e+00 5.22440000000000015e+00 9.15212999999999943e-01
0.00000000000000000e+00 5.22770999999999919e+00 8.54291999999999940e-01
0.00000000000000000e+00 5.23417000000000066e+00 7.89538999999999991e-01
0.00000000000000000e+00 5.24605000000000032e+00 7.21628999999999965e-01
0.00000000000000000e+00 5.27094000000000040e+00 6.54795000000000016e-01
0.00000000000000000e+00 5.31134000000000039e+00 5.94590000000000063e-01
0.00000000000000000e+00 5.35982000000000003e+00 5.40980000000000016e-01
0.00000000000000000e+00 5.40662999999999982e+00 4.88435000000000008e-01
0.00000000000000000e+00 5.44618000000000091e+00 4.32648000000000033e-01
0.00000000000000000e+00 5.47779999999999934e+00 3.72591999999999979e-01
0.00000000000000000e+00 5.50565000000000015e+00 3.08159000000000016e-01
0.00000000000000000e+00 5.53389000000000042e+00 2.39570000000000005e-01
0.00000000000000000e+00 5.55965000000000042e+00 1.66356000000000004e-01
0.00000000000000000e+00 5.57621999999999929e+00 8.63507000000000025e-02
0.00000000000000000e+00 5.58148000000000000e+00 1.51793000000000015e-07
0.00000000000000000e+00 5.57621999999999929e+00 -8.63503999999999938e-02
0.00000000000000000e+00 5.55965000000000042e+00 -1.66355000000000003e-01
0.00000000000000000e+00 5.53389000000000042e+00 -2.39570000000000005e-01
0.00000000000000000e+00 5.50565000000000015e+00 -3.08157999999999987e-01
0.00000000000000000e+00 5.47779999999999934e+00 -3.72591999999999979e-01
0.00000000000000000e+00 5.44618000000000091e+00 -4.32648000000000033e-01
0.00000000000000000e+00 5.40662999999999982e+00 -4.88435000000000008e-01
0.00000000000000000e+00 5.35982000000000003e+00 -5.40980000000000016e-01
0.00000000000000000e+00 5.31134000000000039e+00 -5.94590000000000063e-01
0.00000000000000000e+00 5.27094000000000040e+00 -6.54795000000000016e-01
0.00000000000000000e+00 5.24605000000000032e+00 -7.21628999999999965e-01
0.00000000000000000e+00 5.23417000000000066e+00 -7.89538999999999991e-01
0.00000000000000000e+00 5.22770999999999919e+00 -8.54291999999999940e-01
0.00000000000000000e+00 5.22440000000000015e+00 -9.15212999999999943e-01
0.00000000000000000e+00 5.22640999999999956e+00 -9.72180000000000044e-01
0.00000000000000000e+00 5.23448999999999920e+00 -1.02492000000000005e+00
0.00000000000000000e+00 5.24960000000000004e+00 -1.07355000000000000e+00
0.00000000000000000e+00 5.27496999999999971e+00 -1.11783000000000010e+00
0.00000000000000000e+00 5.31282999999999994e+00 -1.15751999999999988e+00
0.00000000000000000e+00 5.36373999999999995e+00 -1.19255000000000000e+00
0.00000000000000000e+00 5.42884000000000011e+00 -1.22058000000000000e+00
0.00000000000000000e+00 5.50754000000000055e+00 -1.23741999999999996e+00
0.00000000000000000e+00 5.59570000000000078e+00 -1.24114999999999998e+00
0.00000000000000000e+00 5.68948999999999927e+00 -1.23208000000000006e+00
0.00000000000000000e+00 5.78722999999999921e+00 -1.20904999999999996e+00
0.00000000000000000e+00 5.88658999999999999e+00 -1.17002999999999990e+00
0.00000000000000000e+00 5.98446000000000033e+00 -1.11453999999999986e+00
0.00000000000000000e+00 6.07908000000000026e+00 -1.04221000000000008e+00
0.00000000000000000e+00 6.16847000000000012e+00 -9.51945000000000041e-01
0.00000000000000000e+00 6.24899000000000004e+00 -8.44420999999999977e-01
0.00000000000000000e+00 6.31759999999999966e+00 -7.22408999999999968e-01
0.00000000000000000e+00 6.37320000000000064e+00 -5.88687999999999989e-01
0.00000000000000000e+00 6.41528000000000009e+00 -4.46307999999999983e-01
0.00000000000000000e+00 6.44390999999999980e+00 -2.99146999999999996e-01
0.00000000000000000e+00 6.46027000000000040e+00 -1.50010000000000004e-01
3.14159265358979339e-02 6.46615999999999946e+00 -7.27793999999999941e-02
3.14159265358979339e-02 6.46501999999999910e+00 7.69424999999999970e-02
3.14159265358979339e-02 6.45561999999999969e+00 2.25799999999999973e-01
3.14159265358979339e-02 6.43515000000000015e+00 3.74063999999999952e-01
3.14159265358979339e-02 6.40097000000000005e+00 5.20167000000000046e-01
3.14159265358979339e-02 6.35253000000000068e+00 6.60926000000000013e-01
3.14159265358979339e-02 6.28817999999999966e+00 7.92692999999999981e-01
3.14159265358979339e-02 6.20663000000000054e+00 9.11205000000000043e-01
3.14159265358979339e-02 6.11166000000000054e+00 1.01215000000000011e+00
3.14159265358979339e-02 6.00980999999999987e+00 1.09369000000000005e+00
3.14159265358979339e-02 5.90493000000000023e+00 1.15745000000000009e+00
3.14159265358979339e-02 5.79884999999999984e+00 1.20579999999999998e+00
3.14159265358979339e-02 5.69379999999999953e+00 1.23877999999999999e+00
3.14159265358979339e-02 5.59173000000000009e+00 1.25436000000000014e+00
3.14159265358979339e-02 5.49504999999999999e+00 1.25165000000000015e+00
3.14159265358979339e-02 5.40830000000000055e+00 1.23313999999999990e+00
3.14159265358979339e-02 5.33562000000000047e+00 1.20367000000000002e+00
3.14159265358979339e-02 5.27841999999999967e+00 1.16790000000000016e+00
3.14159265358979339e-02 5.23652000000000051e+00 1.12912999999999997e+00
3.14159265358979339e-02 5.20784999999999965e+00 1.08895999999999993e+00
3.14159265358979339e-02 5.18750999999999962e+00 1.04658000000000007e+00
3.14159265358979339e-02 5.17153000000000063e+00 9.99291999999999958e-01
3.14159265358979339e-02 5.15928999999999949e+00 9.44599999999999884e-01
3.14159265358979339e-02 5.15057000000000009e+00 8.81445999999999952e-01
3.14159265358979339e-02 5.14666000000000068e+00 8.10444999999999971e-01
3.14159265358979339e-02 5.15486999999999984e+00 7.35406000000000004e-01
3.14159265358979339e-02 5.18272000000000066e+00 6.63171999999999984e-01
3.14159265358979339e-02 5.22683999999999926e+00 5.98746999999999918e-01
3.14159265358979339e-02 5.27610000000000046e+00 5.41470000000000007e-01
3.14159265358979339e-02 5.32354000000000038e+00 4.87944000000000044e-01
3.14159265358979339e-02 5.36847999999999992e+00 4.36506999999999978e-01
3.14159265358979339e-02 5.41130999999999940e+00 3.86826999999999976e-01
3.14159265358979339e-02 5.45267999999999997e+00 3.37361000000000022e-01
3.14159265358979339e-02 5.49344000000000054e+00 2.84642000000000006e-01
3.14159265358979339e-02 5.53160000000000007e+00 2.23809000000000008e-01
3.14159265358979339e-02 5.56312000000000051e+00 1.50822000000000012e-01
3.14159265358979339e-02 5.58504000000000023e+00 6.64046999999999971e-02
3.14159265358979339e-02 5.59500999999999937e+00 -2.33219999999999990e-02
3.14159265358979339e-02 5.59091000000000005e+00 -1.11748000000000000e-01
3.14159265358979339e-02 5.57451999999999970e+00 -1.95840999999999987e-01
3.14159265358979339e-02 5.55124999999999957e+00 -2.74963999999999986e-01
3.14159265358979339e-02 5.52423000000000020e+00 -3.48421000000000036e-01
3.14159265358979339e-02 5.49259999999999948e+00 -4.15397000000000016e-01
3.14159265358979339e-02 5.45582000000000011e+00 -4.76060999999999956e-01
3.14159265358979339e-02 5.41686000000000067e+00 -5.32349999999999990e-01
3.14159265358979339e-02 5.38080000000000069e+00 -5.87571999999999983e-01
3.14159265358979339e-02 5.35135999999999967e+00 -6.44237999999999977e-01
3.14159265358979339e-02 5.32836999999999961e+00 -7.02377000000000029e-01
3.14159265358979339e-02 5.30945000000000089e+00 -7.60776999999999926e-01
3.14159265358979339e-02 5.29404999999999948e+00 -8.18972000000000033e-01
3.14159265358979339e-02 5.28357000000000010e+00 -8.77202000000000037e-01
3.14159265358979339e-02 5.27890999999999977e+00 -9.35556999999999972e-01
3.14159265358979339e-02 5.28157999999999994e+00 -9.93329999999999935e-01
3.14159265358979339e-02 5.29514999999999958e+00 -1.04816999999999982e+00
3.14159265358979339e-02 5.32167000000000012e+00 -1.09691000000000005e+00
3.14159265358979339e-02 5.35937000000000019e+00 -1.13846999999999987e+00
3.14159265358979339e-02 5.40653000000000006e+00 -1.17423000000000011e+00
3.14159265358979339e-02 5.46421000000000046e+00 -1.20394999999999985e+00
3.14159265358979339e-02 5.53308999999999962e+00 -1.22395999999999994e+00
3.14159265358979339e-02 5.61089000000000038e+00 -1.23093000000000008e+00
3.14159265358979339e-02 5.69446000000000030e+00 -1.22510999999999992e+00
3.14159265358979339e-02 5.78181999999999974e+00 -1.20821000000000001e+00
3.14159265358979339e-02 5.87166000000000032e+00 -1.17959000000000014e+00
3.14159265358979339e-02 5.96211000000000002e+00 -1.13596000000000008e+00
3.14159265358979339e-02 6.05048000000000030e+00 -1.07421000000000011e+00
3.14159265358979339e-02 6.13440999999999992e+00 -9.93623999999999952e-01
3.14159265358979339e-02 6.21260000000000012e+00 -8.95546999999999982e-01
3.14159265358979339e-02 6.28381999999999952e+00 -7.81945999999999919e-01
3.14159265358979339e-02 6.34596999999999944e+00 -6.55024999999999968e-01
3.14159265358979339e-02 6.39688999999999997e+00 -5.17537999999999943e-01
3.14159265358979339e-02 6.43460000000000054e+00 -3.72571999999999959e-01
3.14159265358979339e-02 6.45734000000000030e+00 -2.23286000000000012e-01
6.28318530717958679e-02 6.46616999999999997e+00 -1.47433999999999982e-01
6.28318530717958679e-02 6.46484000000000059e+00 6.25573999999999943e-04
6.28318530717958679e-02 6.45345000000000013e+00 1.46164999999999989e-01
6.28318530717958679e-02 6.43086999999999964e+00 2.90248999999999979e-01
6.28318530717958679e-02 6.39735999999999994e+00 4.34307999999999972e-01
6.28318530717958679e-02 6.35371999999999915e+00 5.78501999999999961e-01
6.28318530717958679e-02 6.29816000000000020e+00 7.19984000000000068e-01
6.28318530717958679e-02 6.22686999999999991e+00 8.53050000000000086e-01
6.28318530717958679e-02 6.13854000000000077e+00 9.70815000000000095e-01
6.28318530717958679e-02 6.03671000000000024e+00 1.06742999999999988e+00
6.28318530717958679e-02 5.92756999999999934e+00 1.14131000000000005e+00
6.28318530717958679e-02 5.81676000000000037e+00 1.19667999999999997e+00
6.28318530717958679e-02 5.70725000000000016e+00 1.23838999999999988e+00
6.28318530717958679e-02 5.59957999999999956e+00 1.26499000000000006e+00
6.28318530717958679e-02 5.49506999999999923e+00 1.27076999999999996e+00
6.28318530717958679e-02 5.39841999999999977e+00 1.25499999999999989e+00
6.28318530717958679e-02 5.31529000000000007e+00 1.22425000000000006e+00
6.28318530717958679e-02 5.24849999999999994e+00 1.18578000000000006e+00
6.28318530717958679e-02 5.19817000000000018e+00 1.14376999999999995e+00
6.28318530717958679e-02 5.16281999999999996e+00 1.10116999999999998e+00
6.28318530717958679e-02 5.13820000000000032e+00 1.05909000000000009e+00
6.28318530717958679e-02 5.11839999999999939e+00 1.01417000000000002e+00
6.28318530717958679e-02 5.10137000000000018e+00 9.61110000000000020e-01
6.28318530717958679e-02 5.09131999999999962e+00 8.98270000000000013e-01
6.28318530717958679e-02 5.09398999999999980e+00 8.28495000000000092e-01
6.28318530717958679e-02 5.11136999999999997e+00 7.56067000000000045e-01
6.28318530717958679e-02 5.14058999999999955e+00 6.84843000000000091e-01
6.28318530717958679e-02 5.17561000000000071e+00 6.17443999999999993e-01
6.28318530717958679e-02 5.21096000000000004e+00 5.54529000000000050e-01
6.28318530717958679e-02 5.24586000000000041e+00 4.95977999999999974e-01
6.28318530717958679e-02 5.28336000000000006e+00 4.42772999999999972e-01
6.28318530717958679e-02 5.32513000000000059e+00 3.95768000000000009e-01
6.28318530717958679e-02 5.36995000000000022e+00 3.52775999999999978e-01
6.28318530717958679e-02 5.41686000000000067e+00 3.08597000000000010e-01
6.28318530717958679e-02 5.46523000000000003e+00 2.57565999999999962e-01
6.28318530717958679e-02 5.51154000000000011e+00 1.95202999999999988e-01
6.28318530717958679e-02 5.55034999999999989e+00 1.19452999999999990e-01
6.28318530717958679e-02 5.57849000000000039e+00 3.26327999999999965e-02
6.28318530717958679e-02 5.59571000000000041e+00 -5.91077000000000061e-02
6.28318530717958679e-02 5.60192999999999941e+00 -1.50213000000000013e-01
6.28318530717958679e-02 5.59614000000000011e+00 -2.38378000000000007e-01
6.28318530717958679e-02 5.57770000000000010e+00 -3.21925000000000017e-01
6.28318530717958679e-02 5.54807999999999968e+00 -3.97643999999999997e-01
6.28318530717958679e-02 5.51192999999999955e+00 -4.63697000000000026e-01
6.28318530717958679e-02 5.47557000000000027e+00 -5.22144999999999970e-01
6.28318530717958679e-02 5.44317000000000029e+00 -5.76334999999999931e-01
6.28318530717958679e-02 5.41551999999999989e+00 -6.28001000000000031e-01
6.28318530717958679e-02 5.39227999999999952e+00 -6.78285000000000027e-01
6.28318530717958679e-02 5.37287000000000070e+00 -7.28903999999999996e-01
6.28318530717958679e-02 5.35557999999999979e+00 -7.81153999999999904e-01
6.28318530717958679e-02 5.33967999999999954e+00 -8.35871000000000031e-01
6.28318530717958679e-02 5.32909999999999950e+00 -8.93914000000000097e-01
6.28318530717958679e-02 5.33077000000000023e+00 -9.54014999999999946e-01
6.28318530717958679e-02 5.34844000000000008e+00 -1.01139000000000001e+00
6.28318530717958679e-02 5.37966999999999995e+00 -1.06147000000000014e+00
6.28318530717958679e-02 5.41918999999999951e+00 -1.10403999999999991e+00
6.28318530717958679e-02 5.46369000000000060e+00 -1.14134000000000002e+00
6.28318530717958679e-02 5.51374999999999993e+00 -1.17365999999999993e+00
6.28318530717958679e-02 5.57157000000000036e+00 -1.19835000000000003e+00
6.28318530717958679e-02 5.63735000000000053e+00 -1.21212000000000009e+00
6.28318530717958679e-02 5.70861999999999981e+00 -1.21328999999999998e+00
6.28318530717958679e-02 5.78306000000000076e+00 -1.20273999999999992e+00
6.28318530717958679e-02 5.86044999999999927e+00 -1.18179000000000012e+00
6.28318530717958679e-02 5.94083999999999968e+00 -1.14918000000000009e+00
6.28318530717958679e-02 6.02303000000000033e+00 -1.10126000000000013e+00
6.28318530717958679e-02 6.10592000000000024e+00 -1.03561999999999999e+00
6.28318530717958679e-02 6.18881000000000014e+00 -9.52211000000000030e-01
6.28318530717958679e-02 6.26898999999999962e+00 -8.51084000000000063e-01
6.28318530717958679e-02 6.34048000000000034e+00 -7.31773000000000007e-01
6.28318530717958679e-02 6.39696999999999960e+00 -5.96003999999999978e-01
6.28318530717958679e-02 6.43548999999999971e+00 -4.49168000000000012e-01
6.28318530717958679e-02 6.45734000000000030e+00 -2.98020000000000007e-01
9.42477796076938018e-02 6.45462000000000025e+00 -2.24124000000000018e-01
9.42477796076938018e-02 6.45460999999999974e+00 -7.92590000000000100e-02
9.42477796076938018e-02 6.44317000000000029e+00 6.43711000000000005e-02
9.42477796076938018e-02 6.42024999999999935e+00 2.06613999999999992e-01
9.42477796076938018e-02 6.38746999999999954e+00 3.49515000000000020e-01
9.42477796076938018e-02 6.34664999999999946e+00 4.95350999999999986e-01
9.42477796076938018e-02 6.29778000000000038e+00 6.42849999999999921e-01
9.42477796076938018e-02 6.23726000000000003e+00 7.86814000000000013e-01
9.42477796076938018e-02 6.15994000000000064e+00 9.19445999999999986e-01
9.42477796076938018e-02 6.06451999999999991e+00 1.03200999999999987e+00
9.42477796076938018e-02 5.95611999999999941e+00 1.11905000000000010e+00
9.42477796076938018e-02 5.84268000000000054e+00 1.18256000000000006e+00
9.42477796076938018e-02 5.72967999999999922e+00 1.22910999999999992e+00
9.42477796076938018e-02 5.61849000000000043e+00 1.26140000000000008e+00
9.42477796076938018e-02 5.50912999999999986e+00 1.27550999999999992e+00
9.42477796076938018e-02 5.40446000000000026e+00 1.26794999999999991e+00
9.42477796076938018e-02 5.31037000000000070e+00 1.24174000000000007e+00
9.42477796076938018e-02 5.23168999999999951e+00 1.20343999999999984e+00
9.42477796076938018e-02 5.16979000000000077e+00 1.15836000000000006e+00
9.42477796076938018e-02 5.12434999999999974e+00 1.11073000000000000e+00
9.42477796076938018e-02 5.09358000000000022e+00 1.06370999999999993e+00
9.42477796076938018e-02 5.07294000000000000e+00 1.01637000000000000e+00
9.42477796076938018e-02 5.05839000000000016e+00 9.64163000000000103e-01
9.42477796076938018e-02 5.05133000000000010e+00 9.04357999999999995e-01
9.42477796076938018e-02 5.05602999999999980e+00 8.38515000000000010e-01
9.42477796076938018e-02 5.07293000000000038e+00 7.69901999999999975e-01
9.42477796076938018e-02 5.09776000000000007e+00 7.01449999999999907e-01
9.42477796076938018e-02 5.12595000000000045e+00 6.35719000000000034e-01
9.42477796076938018e-02 5.15549999999999997e+00 5.74682000000000026e-01
9.42477796076938018e-02 5.18727999999999945e+00 5.19623999999999975e-01
9.42477796076938018e-02 5.22302999999999962e+00 4.70996999999999999e-01
9.42477796076938018e-02 5.26229999999999976e+00 4.27084999999999992e-01
9.42477796076938018e-02 5.30337000000000014e+00 3.83748999999999951e-01
9.42477796076938018e-02 5.34710999999999981e+00 3.36801000000000017e-01
9.42477796076938018e-02 5.39506999999999959e+00 2.83619000000000010e-01
9.42477796076938018e-02 5.44409999999999972e+00 2.22386000000000028e-01
9.42477796076938018e-02 5.48890999999999973e+00 1.51987000000000011e-01
9.42477796076938018e-02 5.52793000000000045e+00 7.31052999999999981e-02
9.42477796076938018e-02 5.56043999999999983e+00 -1.18585000000000010e-02
9.42477796076938018e-02 5.58200000000000074e+00 -9.98623000000000149e-02
9.42477796076938018e-02 5.58943000000000012e+00 -1.88191999999999998e-01
9.42477796076938018e-02 5.58541000000000043e+00 -2.75185000000000013e-01
9.42477796076938018e-02 5.57322000000000006e+00 -3.59401000000000026e-01
9.42477796076938018e-02 5.55320000000000036e+00 -4.37722000000000000e-01
9.42477796076938018e-02 5.52802000000000060e+00 -5.06321000000000021e-01
9.42477796076938018e-02 5.50325000000000042e+00 -5.64130000000000020e-01
9.42477796076938018e-02 5.48051000000000066e+00 -6.13434999999999953e-01
9.42477796076938018e-02 5.45702999999999960e+00 -6.57647999999999899e-01
9.42477796076938018e-02 5.43248000000000086e+00 -7.00517999999999974e-01
9.42477796076938018e-02 5.40982999999999947e+00 -7.45994000000000046e-01
9.42477796076938018e-02 5.39159999999999950e+00 -7.96567000000000025e-01
9.42477796076938018e-02 5.38117000000000001e+00 -8.52198999999999929e-01
9.42477796076938018e-02 5.38440999999999992e+00 -9.10443000000000113e-01
9.42477796076938018e-02 5.40436000000000050e+00 -9.66786000000000034e-01
9.42477796076938018e-02 5.43671000000000060e+00 -1.01757000000000009e+00
9.42477796076938018e-02 5.47464000000000084e+00 -1.06364000000000014e+00
9.42477796076938018e-02 5.51570000000000071e+00 -1.10715000000000008e+00
9.42477796076938018e-02 5.56169999999999920e+00 -1.14517000000000002e+00
9.42477796076938018e-02 5.61405999999999938e+00 -1.17222999999999988e+00
9.42477796076938018e-02 5.67140000000000022e+00 -1.18781000000000003e+00
9.42477796076938018e-02 5.73111999999999977e+00 -1.19462000000000002e+00
9.42477796076938018e-02 5.79220999999999986e+00 -1.19226000000000010e+00
9.42477796076938018e-02 5.85609000000000002e+00 -1.17867999999999995e+00
9.42477796076938018e-02 5.92443000000000008e+00 -1.15361999999999987e+00
9.42477796076938018e-02 5.99720999999999993e+00 -1.11570999999999998e+00
9.42477796076938018e-02 6.07408999999999999e+00 -1.06150000000000011e+00
9.42477796076938018e-02 6.15568999999999988e+00 -9.90028999999999937e-01
9.42477796076938018e-02 6.24017000000000088e+00 -9.01850000000000041e-01
9.42477796076938018e-02 6.31912000000000074e+00 -7.93985999999999970e-01
9.42477796076938018e-02 6.38128999999999991e+00 -6.64213000000000053e-01
9.42477796076938018e-02 6.42169999999999952e+00 -5.19248999999999961e-01
9.42477796076938018e-02 6.44421000000000088e+00 -3.70632000000000017e-01
1.25663706143591736e-01 6.42874000000000034e+00 -2.96773999999999982e-01
1.25663706143591736e-01 6.43245000000000022e+00 -1.57452000000000009e-01
1.25663706143591736e-01 6.42480999999999991e+00 -1.69327999999999979e-02
1.25663706143591736e-01 6.40533999999999981e+00 1.24873999999999985e-01
1.25663706143591736e-01 6.37652999999999981e+00 2.68726999999999994e-01
1.25663706143591736e-01 6.34116999999999997e+00 4.16480999999999990e-01
1.25663706143591736e-01 6.29985999999999979e+00 5.68204000000000042e-01
1.25663706143591736e-01 6.24941999999999975e+00 7.19894000000000034e-01
1.25663706143591736e-01 6.18337000000000003e+00 8.63478999999999997e-01
1.25663706143591736e-01 6.09712000000000032e+00 9.88966000000000012e-01
1.25663706143591736e-01 5.99301000000000084e+00 1.08867000000000003e+00
1.25663706143591736e-01 5.87880999999999965e+00 1.16159000000000012e+00
1.25663706143591736e-01 5.76186000000000043e+00 1.21347999999999989e+00
1.25663706143591736e-01 5.64571000000000023e+00 1.25032999999999994e+00
1.25663706143591736e-01 5.53111999999999959e+00 1.27184000000000008e+00
1.25663706143591736e-01 5.41943999999999981e+00 1.27349000000000001e+00
1.25663706143591736e-01 5.31505999999999990e+00 1.25432000000000010e+00
1.25663706143591736e-01 5.22371999999999925e+00 1.21909000000000001e+00
1.25663706143591736e-01 5.14871999999999996e+00 1.17365999999999993e+00
1.25663706143591736e-01 5.09058000000000010e+00 1.12243000000000004e+00
1.25663706143591736e-01 5.04901000000000000e+00 1.06903999999999999e+00
1.25663706143591736e-01 5.02193000000000023e+00 1.01534999999999997e+00
1.25663706143591736e-01 5.00488000000000000e+00 9.59972999999999965e-01
1.25663706143591736e-01 4.99540999999999968e+00 9.00404000000000093e-01
1.25663706143591736e-01 4.99556999999999984e+00 8.36272000000000015e-01
1.25663706143591736e-01 5.00687000000000015e+00 7.69629999999999925e-01
1.25663706143591736e-01 5.02649999999999952e+00 7.03653000000000084e-01
1.25663706143591736e-01 5.05116999999999994e+00 6.41602000000000006e-01
1.25663706143591736e-01 5.08023000000000025e+00 5.85847000000000007e-01
1.25663706143591736e-01 5.11350000000000016e+00 5.37233999999999989e-01
1.25663706143591736e-01 5.15009000000000050e+00 4.94789000000000034e-01
1.25663706143591736e-01 5.19012999999999991e+00 4.55351000000000006e-01
1.25663706143591736e-01 5.23448999999999920e+00 4.14292999999999967e-01
1.25663706143591736e-01 5.28317000000000014e+00 3.67674000000000001e-01
1.25663706143591736e-01 5.33553999999999995e+00 3.13532000000000033e-01
1.25663706143591736e-01 5.39013999999999971e+00 2.51662999999999970e-01
1.25663706143591736e-01 5.44361999999999924e+00 1.83096999999999982e-01
1.25663706143591736e-01 5.49181000000000008e+00 1.08970999999999998e-01
1.25663706143591736e-01 5.53110000000000035e+00 2.97080000000000018e-02
1.25663706143591736e-01 5.55799999999999983e+00 -5.33701000000000036e-02
1.25663706143591736e-01 5.57148000000000021e+00 -1.36984999999999996e-01
1.25663706143591736e-01 5.57605000000000040e+00 -2.19206000000000012e-01
1.25663706143591736e-01 5.57716999999999974e+00 -3.01642999999999994e-01
1.25663706143591736e-01 5.57373000000000030e+00 -3.84886000000000006e-01
1.25663706143591736e-01 5.56164999999999932e+00 -4.64147000000000032e-01
1.25663706143591736e-01 5.54272000000000009e+00 -5.32839000000000063e-01
1.25663706143591736e-01 5.52246999999999932e+00 -5.88693000000000022e-01
1.25663706143591736e-01 5.50206999999999979e+00 -6.34769999999999945e-01
1.25663706143591736e-01 5.48012999999999995e+00 -6.76599999999999979e-01
1.25663706143591736e-01 5.45913000000000004e+00 -7.19199000000000033e-01
1.25663706143591736e-01 5.44392000000000031e+00 -7.65207000000000082e-01
1.25663706143591736e-01 5.43743000000000087e+00 -8.14919000000000060e-01
1.25663706143591736e-01 5.44168999999999947e+00 -8.67086000000000023e-01
1.25663706143591736e-01 5.45831000000000000e+00 -9.19278999999999957e-01
1.25663706143591736e-01 5.48515999999999959e+00 -9.69975000000000032e-01
1.25663706143591736e-01 5.51775999999999911e+00 -1.02046999999999999e+00
1.25663706143591736e-01 5.55543999999999993e+00 -1.07064999999999988e+00
1.25663706143591736e-01 5.60085000000000033e+00 -1.11409000000000002e+00
1.25663706143591736e-01 5.65327999999999964e+00 -1.14378000000000002e+00
1.25663706143591736e-01 5.70753000000000021e+00 -1.16069999999999984e+00
1.25663706143591736e-01 5.75961000000000034e+00 -1.16995999999999989e+00
1.25663706143591736e-01 5.80994999999999973e+00 -1.17205000000000004e+00
1.25663706143591736e-01 5.86159999999999926e+00 -1.16473000000000004e+00
1.25663706143591736e-01 5.91785999999999923e+00 -1.14771000000000001e+00
1.25663706143591736e-01 5.98076000000000008e+00 -1.11911000000000005e+00
1.25663706143591736e-01 6.05032000000000014e+00 -1.07406000000000001e+00
1.25663706143591736e-01 6.12562000000000051e+00 -1.01093999999999995e+00
1.25663706143591736e-01 6.20486000000000004e+00 -9.31537000000000059e-01
1.25663706143591736e-01 6.28198999999999952e+00 -8.33899999999999975e-01
1.25663706143591736e-01 6.34631999999999952e+00 -7.14569999999999927e-01
1.25663706143591736e-01 6.39020000000000010e+00 -5.78365000000000018e-01
1.25663706143591736e-01 6.41549000000000014e+00 -4.36816000000000038e-01
1.57079632679489656e-01 6.40707999999999966e+00 -3.67966999999999989e-01
1.57079632679489656e-01 6.41258000000000017e+00 -2.32447000000000015e-01
1.57079632679489656e-01 6.40676999999999985e+00 -9.41897999999999902e-02
1.57079632679489656e-01 6.38942999999999994e+00 4.70251999999999962e-02
1.57079632679489656e-01 6.36357999999999979e+00 1.91588999999999982e-01
1.57079632679489656e-01 6.33345999999999965e+00 3.40367000000000031e-01
1.57079632679489656e-01 6.29993000000000070e+00 4.93173000000000028e-01
1.57079632679489656e-01 6.25889000000000006e+00 6.47047000000000039e-01
1.57079632679489656e-01 6.20347999999999988e+00 7.95629000000000031e-01
1.57079632679489656e-01 6.12801000000000062e+00 9.29784999999999973e-01
1.57079632679489656e-01 6.03186000000000000e+00 1.04075000000000006e+00
1.57079632679489656e-01 5.92056000000000004e+00 1.12555000000000005e+00
1.57079632679489656e-01 5.80227000000000004e+00 1.18890000000000007e+00
1.57079632679489656e-01 5.68217000000000017e+00 1.23680999999999996e+00
1.57079632679489656e-01 5.56134000000000039e+00 1.26897000000000015e+00
1.57079632679489656e-01 5.44111000000000011e+00 1.28032000000000012e+00
1.57079632679489656e-01 5.32626999999999917e+00 1.26880999999999999e+00
1.57079632679489656e-01 5.22267000000000081e+00 1.23802000000000012e+00
1.57079632679489656e-01 5.13376999999999928e+00 1.19351000000000007e+00
1.57079632679489656e-01 5.06104999999999983e+00 1.14009000000000005e+00
1.57079632679489656e-01 5.00523000000000007e+00 1.08163999999999993e+00
1.57079632679489656e-01 4.96560999999999986e+00 1.02058000000000004e+00
1.57079632679489656e-01 4.94009000000000054e+00 9.57801000000000013e-01
1.57079632679489656e-01 4.92670999999999992e+00 8.93819000000000030e-01
1.57079632679489656e-01 4.92393999999999998e+00 8.29098000000000002e-01
1.57079632679489656e-01 4.92994000000000021e+00 7.64121999999999968e-01
1.57079632679489656e-01 4.94331999999999994e+00 7.00558999999999932e-01
1.57079632679489656e-01 4.96339000000000041e+00 6.41252999999999962e-01
1.57079632679489656e-01 4.98867999999999956e+00 5.88125000000000009e-01
1.57079632679489656e-01 5.01724000000000014e+00 5.41030999999999929e-01
1.57079632679489656e-01 5.04929999999999968e+00 4.98183999999999960e-01
1.57079632679489656e-01 5.08736999999999995e+00 4.56420999999999966e-01
1.57079632679489656e-01 5.13328000000000007e+00 4.12507000000000013e-01
1.57079632679489656e-01 5.18712000000000018e+00 3.65259000000000000e-01
1.57079632679489656e-01 5.24760000000000026e+00 3.14603000000000022e-01
1.57079632679489656e-01 5.31111999999999984e+00 2.59052000000000004e-01
1.57079632679489656e-01 5.37229000000000045e+00 1.97204000000000018e-01
1.57079632679489656e-01 5.42763000000000062e+00 1.30551000000000000e-01
1.57079632679489656e-01 5.47639000000000031e+00 6.16211000000000050e-02
1.57079632679489656e-01 5.51738000000000017e+00 -8.85341999999999900e-03
1.57079632679489656e-01 5.54886999999999908e+00 -8.08876000000000039e-02
1.57079632679489656e-01 5.57179999999999964e+00 -1.54914999999999997e-01
1.57079632679489656e-01 5.58861999999999970e+00 -2.33831999999999984e-01
1.57079632679489656e-01 5.59831000000000056e+00 -3.20228999999999986e-01
1.57079632679489656e-01 5.59714000000000045e+00 -4.09885999999999973e-01
1.57079632679489656e-01 5.58513999999999999e+00 -4.92770999999999959e-01
1.57079632679489656e-01 5.56748000000000065e+00 -5.61817000000000011e-01
1.57079632679489656e-01 5.54886999999999908e+00 -6.17308999999999997e-01
1.57079632679489656e-01 5.53043999999999958e+00 -6.63385000000000002e-01
1.57079632679489656e-01 5.51297000000000015e+00 -7.04334000000000016e-01
1.57079632679489656e-01 5.49972999999999956e+00 -7.43948000000000054e-01
1.57079632679489656e-01 5.49427999999999983e+00 -7.84813999999999901e-01
1.57079632679489656e-01 5.49773000000000067e+00 -8.27461000000000002e-01
1.57079632679489656e-01 5.50929000000000002e+00 -8.71710000000000096e-01
1.57079632679489656e-01 5.52804999999999946e+00 -9.18725000000000014e-01
1.57079632679489656e-01 5.55388000000000037e+00 -9.69887999999999972e-01
1.57079632679489656e-01 5.58788999999999980e+00 -1.02285000000000004e+00
1.57079632679489656e-01 5.63149999999999995e+00 -1.07045999999999997e+00
1.57079632679489656e-01 5.68332000000000015e+00 -1.10573999999999995e+00
1.57079632679489656e-01 5.73773999999999962e+00 -1.12712000000000012e+00
1.57079632679489656e-01 5.78856999999999999e+00 -1.13736999999999999e+00
1.57079632679489656e-01 5.83400999999999925e+00 -1.13947999999999983e+00
1.57079632679489656e-01 5.87715999999999994e+00 -1.13534999999999986e+00
1.57079632679489656e-01 5.92323999999999984e+00 -1.12535999999999992e+00
1.57079632679489656e-01 5.97660999999999909e+00 -1.10641000000000012e+00
1.57079632679489656e-01 6.03875000000000028e+00 -1.07261000000000006e+00
1.57079632679489656e-01 6.10763999999999996e+00 -1.02020000000000000e+00
1.57079632679489656e-01 6.17938999999999972e+00 -9.49181999999999970e-01
1.57079632679489656e-01 6.24941000000000013e+00 -8.60049000000000063e-01
1.57079632679489656e-01 6.31158999999999981e+00 -7.53010000000000068e-01
1.57079632679489656e-01 6.35942000000000007e+00 -6.31298999999999944e-01
1.57079632679489656e-01 6.39037000000000077e+00 -5.01296000000000075e-01
1.88495559215387604e-01 6.39881000000000011e+00 -4.37738000000000016e-01
1.88495559215387604e-01 6.40761999999999965e+00 -3.04411999999999960e-01
1.88495559215387604e-01 6.40118000000000009e+00 -1.65472000000000008e-01
1.88495559215387604e-01 6.38272000000000084e+00 -2.32998999999999984e-02
1.88495559215387604e-01 6.35770999999999997e+00 1.21362999999999999e-01
1.88495559215387604e-01 6.32988000000000017e+00 2.69095000000000029e-01
1.88495559215387604e-01 6.29956000000000049e+00 4.18980000000000019e-01
1.88495559215387604e-01 6.26327999999999996e+00 5.68682000000000021e-01
1.88495559215387604e-01 6.21466999999999992e+00 7.14728000000000030e-01
1.88495559215387604e-01 6.14821000000000062e+00 8.50675999999999988e-01
1.88495559215387604e-01 6.06256999999999913e+00 9.69794999999999963e-01
1.88495559215387604e-01 5.96060999999999996e+00 1.07078999999999991e+00
1.88495559215387604e-01 5.84682999999999975e+00 1.15538999999999992e+00
1.88495559215387604e-01 5.72466000000000008e+00 1.22136000000000000e+00
1.88495559215387604e-01 5.59644000000000030e+00 1.26415000000000011e+00
1.88495559215387604e-01 5.46644000000000041e+00 1.28294999999999981e+00
1.88495559215387604e-01 5.34149999999999991e+00 1.27957999999999994e+00
1.88495559215387604e-01 5.22725000000000062e+00 1.25540999999999991e+00
1.88495559215387604e-01 5.12629000000000001e+00 1.21358999999999995e+00
1.88495559215387604e-01 5.04054999999999964e+00 1.15972999999999993e+00
1.88495559215387604e-01 4.97175000000000011e+00 1.09807000000000010e+00
1.88495559215387604e-01 4.91934999999999967e+00 1.03089000000000008e+00
1.88495559215387604e-01 4.88189999999999991e+00 9.61067000000000005e-01
1.88495559215387604e-01 4.85918000000000028e+00 8.91361999999999988e-01
1.88495559215387604e-01 4.85003999999999991e+00 8.22968000000000033e-01
1.88495559215387604e-01 4.85093999999999959e+00 7.57063000000000041e-01
1.88495559215387604e-01 4.85860999999999965e+00 6.95370999999999961e-01
1.88495559215387604e-01 4.87159999999999993e+00 6.38410999999999951e-01
1.88495559215387604e-01 4.88907999999999987e+00 5.85604000000000013e-01
1.88495559215387604e-01 4.91136999999999979e+00 5.36364000000000063e-01
1.88495559215387604e-01 4.94069999999999965e+00 4.89438000000000040e-01
1.88495559215387604e-01 4.97940999999999967e+00 4.43033000000000010e-01
1.88495559215387604e-01 5.02841999999999967e+00 3.96456000000000031e-01
1.88495559215387604e-01 5.08702999999999950e+00 3.49609000000000003e-01
1.88495559215387604e-01 5.15174000000000021e+00 3.01063999999999998e-01
1.88495559215387604e-01 5.21696000000000026e+00 2.48756999999999978e-01
1.88495559215387604e-01 5.27928999999999959e+00 1.92327999999999999e-01
1.88495559215387604e-01 5.33828999999999976e+00 1.33685999999999999e-01
1.88495559215387604e-01 5.39292999999999978e+00 7.53578000000000026e-02
1.88495559215387604e-01 5.44158999999999970e+00 1.82924999999999997e-02
1.88495559215387604e-01 5.48496999999999968e+00 -3.88891000000000028e-02
1.88495559215387604e-01 5.52446000000000037e+00 -9.92023999999999961e-02
1.88495559215387604e-01 5.55947999999999976e+00 -1.67472999999999983e-01
1.88495559215387604e-01 5.58818999999999999e+00 -2.49375000000000013e-01
1.88495559215387604e-01 5.60759999999999970e+00 -3.44973000000000030e-01
1.88495559215387604e-01 5.61383999999999972e+00 -4.43616999999999984e-01
1.88495559215387604e-01 5.60731999999999964e+00 -5.31086000000000058e-01
1.88495559215387604e-01 5.59497000000000000e+00 -6.01217000000000001e-01
1.88495559215387604e-01 5.58298999999999968e+00 -6.56072999999999906e-01
1.88495559215387604e-01 5.57193000000000005e+00 -6.98769000000000085e-01
1.88495559215387604e-01 5.56241999999999948e+00 -7.32291000000000025e-01
1.88495559215387604e-01 5.55820999999999987e+00 -7.61294999999999944e-01
1.88495559215387604e-01 5.56094000000000044e+00 -7.89976000000000012e-01
1.88495559215387604e-01 5.56859999999999999e+00 -8.21256000000000097e-01
1.88495559215387604e-01 5.58085000000000075e+00 -8.58859999999999957e-01
1.88495559215387604e-01 5.60024999999999995e+00 -9.04950000000000032e-01
1.88495559215387604e-01 5.62885999999999953e+00 -9.55909999999999926e-01
1.88495559215387604e-01 5.66720999999999986e+00 -1.00472999999999990e+00
1.88495559215387604e-01 5.71399999999999952e+00 -1.04577999999999993e+00
1.88495559215387604e-01 5.76490999999999953e+00 -1.07523999999999997e+00
1.88495559215387604e-01 5.81440000000000090e+00 -1.09140999999999999e+00
1.88495559215387604e-01 5.85942000000000007e+00 -1.09685000000000010e+00
1.88495559215387604e-01 5.90047999999999995e+00 -1.09640000000000004e+00
1.88495559215387604e-01 5.94129000000000040e+00 -1.09187999999999996e+00
1.88495559215387604e-01 5.98761000000000010e+00 -1.08058000000000010e+00
1.88495559215387604e-01 6.04267000000000021e+00 -1.05740999999999996e+00
1.88495559215387604e-01 6.10431000000000079e+00 -1.01733999999999991e+00
1.88495559215387604e-01 6.16835999999999984e+00 -9.58042999999999978e-01
1.88495559215387604e-01 6.23172999999999977e+00 -8.80771999999999999e-01
1.88495559215387604e-01 6.29037000000000024e+00 -7.87900000000000045e-01
1.88495559215387604e-01 6.33917000000000019e+00 -6.81401999999999952e-01
1.88495559215387604e-01 6.37549999999999972e+00 -5.63838000000000061e-01
2.19911485751285551e-01 6.39511999999999947e+00 -5.00047000000000019e-01
2.19911485751285551e-01 6.40913999999999984e+00 -3.69954999999999978e-01
2.19911485751285551e-01 6.40505000000000013e+00 -2.30947999999999987e-01
2.19911485751285551e-01 6.38750000000000018e+00 -8.77443000000000112e-02
2.19911485751285551e-01 6.36320000000000086e+00 5.70014000000000007e-02
2.19911485751285551e-01 6.33448000000000011e+00 2.02244999999999980e-01
2.19911485751285551e-01 6.30159000000000002e+00 3.46032999999999979e-01
2.19911485751285551e-01 6.26370999999999967e+00 4.87221999999999988e-01
2.19911485751285551e-01 6.21650999999999954e+00 6.25144000000000033e-01
2.19911485751285551e-01 6.15515999999999952e+00 7.56594999999999906e-01
2.19911485751285551e-01 6.07937999999999956e+00 8.79724999999999979e-01
2.19911485751285551e-01 5.99065000000000047e+00 9.97160999999999964e-01
2.19911485751285551e-01 5.88717000000000024e+00 1.10602999999999985e+00
2.19911485751285551e-01 5.76668000000000003e+00 1.19245000000000001e+00
2.19911485751285551e-01 5.63289999999999935e+00 1.24642999999999993e+00
2.19911485751285551e-01 5.49549000000000021e+00 1.27269999999999994e+00
2.19911485751285551e-01 5.36346999999999952e+00 1.27866999999999997e+00
2.19911485751285551e-01 5.24107999999999929e+00 1.26414000000000004e+00
2.19911485751285551e-01 5.13008000000000042e+00 1.22904999999999998e+00
2.19911485751285551e-01 5.03300999999999998e+00 1.17864000000000013e+00
2.19911485751285551e-01 4.95178999999999991e+00 1.11734000000000000e+00
2.19911485751285551e-01 4.88608999999999938e+00 1.04727999999999999e+00
2.19911485751285551e-01 4.83576000000000050e+00 9.72485999999999962e-01
2.19911485751285551e-01 4.80206000000000000e+00 8.97247000000000017e-01
2.19911485751285551e-01 4.78432999999999975e+00 8.23703999999999992e-01
2.19911485751285551e-01 4.77881999999999962e+00 7.54424999999999901e-01
2.19911485751285551e-01 4.78176999999999985e+00 6.91950999999999983e-01
2.19911485751285551e-01 4.79115000000000002e+00 6.35396999999999990e-01
2.19911485751285551e-01 4.80600000000000005e+00 5.82389999999999963e-01
2.19911485751285551e-01 4.82696000000000058e+00 5.32090999999999981e-01
2.19911485751285551e-01 4.85627999999999993e+00 4.83481999999999967e-01
2.19911485751285551e-01 4.89576999999999973e+00 4.35183000000000042e-01
2.19911485751285551e-01 4.94568999999999992e+00 3.87790999999999997e-01
2.19911485751285551e-01 5.00464000000000020e+00 3.41762000000000010e-01
2.19911485751285551e-01 5.06838999999999995e+00 2.94733999999999996e-01
2.19911485751285551e-01 5.13169999999999948e+00 2.44814000000000004e-01
2.19911485751285551e-01 5.19268999999999981e+00 1.93267999999999995e-01
2.19911485751285551e-01 5.25212999999999930e+00 1.41964000000000007e-01
2.19911485751285551e-01 5.30916000000000032e+00 9.16812999999999934e-02
2.19911485751285551e-01 5.36212000000000000e+00 4.23335999999999990e-02
2.19911485751285551e-01 5.41173000000000037e+00 -8.21366999999999930e-03
2.19911485751285551e-01 5.45961000000000052e+00 -6.36769999999999975e-02
2.19911485751285551e-01 5.50601999999999947e+00 -1.27234999999999987e-01
2.19911485751285551e-01 5.54994999999999994e+00 -2.02512999999999999e-01
2.19911485751285551e-01 5.58743999999999996e+00 -2.92681000000000024e-01
2.19911485751285551e-01 5.61154999999999937e+00 -3.93346000000000029e-01
2.19911485751285551e-01 5.61953999999999976e+00 -4.91244999999999987e-01
2.19911485751285551e-01 5.61716000000000015e+00 -5.74489999999999945e-01
2.19911485751285551e-01 5.61183000000000032e+00 -6.39329999999999954e-01
2.19911485751285551e-01 5.60655999999999910e+00 -6.86363000000000056e-01
2.19911485751285551e-01 5.60274999999999945e+00 -7.17830999999999997e-01
2.19911485751285551e-01 5.60210999999999970e+00 -7.39201999999999915e-01
2.19911485751285551e-01 5.60440000000000094e+00 -7.57664999999999922e-01
2.19911485751285551e-01 5.60888999999999971e+00 -7.79405000000000014e-01
2.19911485751285551e-01 5.61784999999999979e+00 -8.09382999999999964e-01
2.19911485751285551e-01 5.63488000000000078e+00 -8.49138999999999977e-01
2.19911485751285551e-01 5.66181000000000001e+00 -8.94235000000000002e-01
2.19911485751285551e-01 5.69852999999999987e+00 -9.38308999999999949e-01
2.19911485751285551e-01 5.74245999999999945e+00 -9.78248000000000006e-01
2.19911485751285551e-01 5.78903999999999996e+00 -1.01231000000000004e+00
2.19911485751285551e-01 5.83523999999999976e+00 -1.03746000000000005e+00
2.19911485751285551e-01 5.88043000000000049e+00 -1.05223000000000000e+00
2.19911485751285551e-01 5.92388000000000048e+00 -1.05864000000000003e+00
2.19911485751285551e-01 5.96609000000000034e+00 -1.05896999999999997e+00
2.19911485751285551e-01 6.01081000000000021e+00 -1.05244000000000004e+00
2.19911485751285551e-01 6.06081000000000003e+00 -1.03547999999999996e+00
2.19911485751285551e-01 6.11474999999999991e+00 -1.00444000000000000e+00
2.19911485751285551e-01 6.17111999999999927e+00 -9.58015000000000061e-01
2.19911485751285551e-01 6.22888000000000019e+00 -8.96349000000000062e-01
2.19911485751285551e-01 6.28339000000000070e+00 -8.18863000000000008e-01
2.19911485751285551e-01 6.32942999999999945e+00 -7.25567000000000073e-01
2.19911485751285551e-01 6.36673000000000044e+00 -6.18696000000000024e-01
2.51327412287183471e-01 6.38543000000000038e+00 -5.51227000000000023e-01
2.51327412287183471e-01 6.40330000000000066e+00 -4.26019999999999954e-01
2.51327412287183471e-01 6.40756999999999977e+00 -2.89459000000000022e-01
2.51327412287183471e-01 6.39794999999999980e+00 -1.47565000000000002e-01
2.51327412287183471e-01 6.37647000000000030e+00 -3.80097999999999981e-03
2.51327412287183471e-01 6.34581000000000017e+00 1.38517000000000001e-01
2.51327412287183471e-01 6.30811000000000011e+00 2.75339999999999974e-01
2.51327412287183471e-01 6.26461000000000023e+00 4.06888000000000027e-01
2.51327412287183471e-01 6.21413999999999955e+00 5.35591000000000039e-01
2.51327412287183471e-01 6.15381000000000000e+00 6.60591000000000039e-01
2.51327412287183471e-01 6.08333999999999975e+00 7.83538999999999985e-01
2.51327412287183471e-01 6.00405999999999906e+00 9.10756999999999928e-01
2.51327412287183471e-01 5.91144999999999943e+00 1.03700999999999999e+00
2.51327412287183471e-01 5.79729000000000028e+00 1.14043999999999990e+00
2.51327412287183471e-01 5.66341999999999945e+00 1.20697999999999994e+00
2.51327412287183471e-01 5.52392000000000039e+00 1.24487999999999999e+00
2.51327412287183471e-01 5.39008000000000020e+00 1.26512000000000002e+00
2.51327412287183471e-01 5.26320999999999994e+00 1.26568999999999998e+00
2.51327412287183471e-01 5.14381999999999984e+00 1.24306000000000005e+00
2.51327412287183471e-01 5.03620000000000001e+00 1.20123000000000002e+00
2.51327412287183471e-01 4.94271999999999956e+00 1.14430999999999994e+00
2.51327412287183471e-01 4.86310000000000020e+00 1.07403000000000004e+00
2.51327412287183471e-01 4.79961000000000038e+00 9.95233999999999952e-01
2.51327412287183471e-01 4.75518999999999981e+00 9.14180000000000104e-01
2.51327412287183471e-01 4.72832000000000008e+00 8.34459999999999980e-01
2.51327412287183471e-01 4.71480999999999995e+00 7.59472999999999954e-01
2.51327412287183471e-01 4.71199999999999974e+00 6.92635999999999918e-01
2.51327412287183471e-01 4.71818000000000026e+00 6.33090999999999959e-01
2.51327412287183471e-01 4.73168999999999951e+00 5.77308000000000043e-01
2.51327412287183471e-01 4.75237999999999960e+00 5.23766000000000065e-01
2.51327412287183471e-01 4.78127000000000013e+00 4.71732000000000040e-01
2.51327412287183471e-01 4.81853999999999960e+00 4.19656000000000029e-01
2.51327412287183471e-01 4.86364999999999981e+00 3.67898000000000003e-01
2.51327412287183471e-01 4.91591999999999985e+00 3.18348000000000020e-01
2.51327412287183471e-01 4.97318000000000016e+00 2.70682000000000034e-01
2.51327412287183471e-01 5.03183999999999987e+00 2.23505000000000009e-01
2.51327412287183471e-01 5.09016000000000002e+00 1.77816000000000002e-01
2.51327412287183471e-01 5.14964000000000066e+00 1.35485999999999995e-01
2.51327412287183471e-01 5.21163000000000043e+00 9.61259000000000141e-02
2.51327412287183471e-01 5.27446999999999999e+00 5.70891000000000037e-02
2.51327412287183471e-01 5.33600000000000030e+00 1.43856999999999995e-02
2.51327412287183471e-01 5.39624000000000059e+00 -3.64389999999999992e-02
2.51327412287183471e-01 5.45509999999999984e+00 -9.84655000000000113e-02
2.51327412287183471e-01 5.50985999999999976e+00 -1.72898999999999997e-01
2.51327412287183471e-01 5.55761999999999912e+00 -2.59697999999999984e-01
2.51327412287183471e-01 5.59639000000000042e+00 -3.55647000000000046e-01
2.51327412287183471e-01 5.62191000000000063e+00 -4.52241000000000004e-01
2.51327412287183471e-01 5.62989000000000051e+00 -5.38768999999999942e-01
2.51327412287183471e-01 5.62464000000000031e+00 -6.07904000000000000e-01
2.51327412287183471e-01 5.61837999999999926e+00 -6.57587000000000033e-01
2.51327412287183471e-01 5.61841999999999953e+00 -6.89742999999999995e-01
2.51327412287183471e-01 5.62216000000000005e+00 -7.09508000000000028e-01
2.51327412287183471e-01 5.62610999999999972e+00 -7.24762999999999935e-01
2.51327412287183471e-01 5.63227000000000011e+00 -7.43765999999999927e-01
2.51327412287183471e-01 5.64405999999999963e+00 -7.71313999999999944e-01
2.51327412287183471e-01 5.66321000000000030e+00 -8.06845000000000034e-01
2.51327412287183471e-01 5.69090000000000007e+00 -8.46312999999999982e-01
2.51327412287183471e-01 5.72696999999999967e+00 -8.85305000000000009e-01
2.51327412287183471e-01 5.76827000000000023e+00 -9.20821000000000001e-01
2.51327412287183471e-01 5.81113999999999997e+00 -9.52135999999999982e-01
2.51327412287183471e-01 5.85407999999999973e+00 -9.80007999999999990e-01
2.51327412287183471e-01 5.89745999999999970e+00 -1.00340999999999991e+00
2.51327412287183471e-01 5.94221999999999984e+00 -1.01858999999999988e+00
2.51327412287183471e-01 5.98878999999999984e+00 -1.02296999999999993e+00
2.51327412287183471e-01 6.03596000000000021e+00 -1.01709000000000005e+00
2.51327412287183471e-01 6.08230999999999966e+00 -1.00157000000000007e+00
2.51327412287183471e-01 6.12868000000000013e+00 -9.76188999999999973e-01
2.51327412287183471e-01 6.17691999999999997e+00 -9.41328000000000054e-01
2.51327412287183471e-01 6.22648000000000046e+00 -8.95680000000000032e-01
2.51327412287183471e-01 6.27457999999999938e+00 -8.34771999999999958e-01
2.51327412287183471e-01 6.31851999999999947e+00 -7.56055000000000033e-01
2.51327412287183471e-01 6.35625000000000018e+00 -6.61210999999999993e-01
2.82743338823081392e-01 6.37251000000000012e+00 -5.88493000000000044e-01
2.82743338823081392e-01 6.39062000000000019e+00 -4.70828999999999998e-01
2.82743338823081392e-01 6.39900999999999964e+00 -3.40217000000000047e-01
2.82743338823081392e-01 6.39620000000000033e+00 -2.03259999999999996e-01
2.82743338823081392e-01 6.37991999999999937e+00 -6.40422999999999965e-02
2.82743338823081392e-01 6.35123000000000015e+00 7.35094000000000025e-02
2.82743338823081392e-01 6.31240999999999985e+00 2.04532999999999993e-01
2.82743338823081392e-01 6.26515000000000022e+00 3.28896000000000022e-01
2.82743338823081392e-01 6.21083999999999925e+00 4.50713999999999948e-01
2.82743338823081392e-01 6.14929999999999932e+00 5.71771999999999947e-01
2.82743338823081392e-01 6.08009000000000022e+00 6.94381999999999944e-01
2.82743338823081392e-01 6.00432999999999950e+00 8.24454000000000020e-01
2.82743338823081392e-01 5.91881999999999930e+00 9.58225000000000104e-01
2.82743338823081392e-01 5.81397999999999993e+00 1.07522999999999991e+00
2.82743338823081392e-01 5.68750999999999962e+00 1.15897999999999990e+00
2.82743338823081392e-01 5.55219000000000040e+00 1.21379999999999999e+00
2.82743338823081392e-01 5.42053999999999991e+00 1.24990000000000001e+00
2.82743338823081392e-01 5.29318999999999917e+00 1.26611999999999991e+00
2.82743338823081392e-01 5.16902000000000061e+00 1.25760999999999989e+00
2.82743338823081392e-01 5.05304999999999982e+00 1.22618000000000005e+00
2.82743338823081392e-01 4.94873999999999992e+00 1.17571000000000003e+00
2.82743338823081392e-01 4.85615000000000041e+00 1.10827999999999993e+00
2.82743338823081392e-01 4.77908000000000044e+00 1.02803000000000000e+00
2.82743338823081392e-01 4.72287999999999997e+00 9.41591999999999985e-01
2.82743338823081392e-01 4.68665000000000020e+00 8.54920000000000013e-01
2.82743338823081392e-01 4.66565000000000030e+00 7.73162999999999934e-01
2.82743338823081392e-01 4.65702000000000016e+00 6.99494999999999978e-01
2.82743338823081392e-01 4.65850000000000009e+00 6.32757999999999932e-01
2.82743338823081392e-01 4.66739999999999977e+00 5.69795000000000051e-01
2.82743338823081392e-01 4.68281999999999954e+00 5.08808000000000038e-01
2.82743338823081392e-01 4.70516000000000023e+00 4.48571000000000053e-01
2.82743338823081392e-01 4.73416000000000015e+00 3.88337999999999961e-01
2.82743338823081392e-01 4.76977999999999991e+00 3.29652999999999974e-01
2.82743338823081392e-01 4.81214999999999993e+00 2.74766000000000010e-01
2.82743338823081392e-01 4.86029999999999962e+00 2.24540000000000017e-01
2.82743338823081392e-01 4.91359000000000012e+00 1.80035000000000001e-01
2.82743338823081392e-01 4.97219000000000033e+00 1.42226999999999992e-01
2.82743338823081392e-01 5.03476000000000035e+00 1.08759999999999996e-01
2.82743338823081392e-01 5.09947000000000017e+00 7.53110000000000029e-02
2.82743338823081392e-01 5.16700000000000070e+00 3.97112999999999980e-02
2.82743338823081392e-01 5.23856999999999928e+00 1.08220999999999990e-03
2.82743338823081392e-01 5.31274999999999942e+00 -4.26205000000000056e-02
2.82743338823081392e-01 5.38695000000000057e+00 -9.36339000000000060e-02
2.82743338823081392e-01 5.45904999999999951e+00 -1.54292999999999986e-01
2.82743338823081392e-01 5.52553999999999945e+00 -2.27771000000000001e-01
2.82743338823081392e-01 5.58124000000000020e+00 -3.13859999999999972e-01
2.82743338823081392e-01 5.62155999999999967e+00 -4.04579999999999995e-01
2.82743338823081392e-01 5.64443999999999946e+00 -4.88051000000000013e-01
2.82743338823081392e-01 5.65268000000000015e+00 -5.55576999999999988e-01
2.82743338823081392e-01 5.65404999999999980e+00 -6.03974000000000011e-01
2.82743338823081392e-01 5.65528999999999993e+00 -6.35380999999999974e-01
2.82743338823081392e-01 5.65763999999999978e+00 -6.56975999999999893e-01
2.82743338823081392e-01 5.66090000000000071e+00 -6.77684999999999982e-01
2.82743338823081392e-01 5.66783000000000037e+00 -7.03225000000000100e-01
2.82743338823081392e-01 5.68158000000000030e+00 -7.34445000000000014e-01
2.82743338823081392e-01 5.70294999999999952e+00 -7.69230999999999998e-01
2.82743338823081392e-01 5.73135999999999957e+00 -8.04760000000000031e-01
2.82743338823081392e-01 5.76517000000000035e+00 -8.38538999999999923e-01
2.82743338823081392e-01 5.80172000000000043e+00 -8.68752000000000080e-01
2.82743338823081392e-01 5.83917000000000019e+00 -8.95232000000000028e-01
2.82743338823081392e-01 5.87729000000000035e+00 -9.19788000000000050e-01
2.82743338823081392e-01 5.91696000000000044e+00 -9.43049000000000026e-01
2.82743338823081392e-01 5.96023999999999976e+00 -9.61247999999999880e-01
2.82743338823081392e-01 6.00802000000000014e+00 -9.69223000000000057e-01
2.82743338823081392e-01 6.05671000000000070e+00 -9.65724000000000027e-01
2.82743338823081392e-01 6.10177999999999976e+00 -9.53079000000000010e-01
2.82743338823081392e-01 6.14327999999999985e+00 -9.33756999999999948e-01
2.82743338823081392e-01 6.18342999999999954e+00 -9.08897000000000066e-01
2.82743338823081392e-01 6.22278999999999982e+00 -8.76748999999999890e-01
2.82743338823081392e-01 6.26260999999999957e+00 -8.31948000000000021e-01
2.82743338823081392e-01 6.30414000000000030e+00 -7.69567000000000001e-01
2.82743338823081392e-01 6.34311000000000025e+00 -6.88379000000000074e-01
3.14159265358979312e-01 6.36650999999999989e+00 -6.14273000000000069e-01
3.14159265358979312e-01 6.37969000000000008e+00 -5.03858000000000028e-01
3.14159265358979312e-01 6.38596999999999948e+00 -3.81612000000000007e-01
3.14159265358979312e-01 6.38559999999999928e+00 -2.52699000000000007e-01
3.14159265358979312e-01 6.37416000000000071e+00 -1.21196999999999999e-01
3.14159265358979312e-01 6.34914000000000023e+00 9.02822000000000000e-03
3.14159265358979312e-01 6.31113999999999997e+00 1.34314999999999990e-01
3.14159265358979312e-01 6.26179999999999914e+00 2.53819000000000017e-01
3.14159265358979312e-01 6.20404999999999962e+00 3.71255000000000002e-01
3.14159265358979312e-01 6.14104999999999990e+00 4.91726999999999970e-01
3.14159265358979312e-01 6.07347999999999999e+00 6.17951000000000028e-01
3.14159265358979312e-01 6.00014999999999965e+00 7.50376999999999961e-01
3.14159265358979312e-01 5.91884000000000032e+00 8.85790999999999995e-01
3.14159265358979312e-01 5.82443999999999917e+00 1.01292000000000004e+00
3.14159265358979312e-01 5.71241000000000021e+00 1.11617000000000011e+00
3.14159265358979312e-01 5.58669999999999956e+00 1.18813000000000013e+00
3.14159265358979312e-01 5.45765999999999973e+00 1.23300999999999994e+00
3.14159265358979312e-01 5.33157999999999976e+00 1.25611000000000006e+00
3.14159265358979312e-01 5.20859000000000005e+00 1.25741999999999998e+00
3.14159265358979312e-01 5.08929000000000009e+00 1.23653000000000013e+00
3.14159265358979312e-01 4.97639999999999993e+00 1.19560000000000000e+00
3.14159265358979312e-01 4.87288000000000032e+00 1.13643000000000005e+00
3.14159265358979312e-01 4.78298000000000023e+00 1.06108999999999987e+00
3.14159265358979312e-01 4.71143000000000001e+00 9.75273999999999974e-01
3.14159265358979312e-01 4.65904999999999969e+00 8.86394999999999933e-01
3.14159265358979312e-01 4.62356999999999996e+00 7.99286000000000052e-01
3.14159265358979312e-01 4.60395999999999983e+00 7.16251000000000082e-01
3.14159265358979312e-01 4.59900000000000020e+00 6.38388999999999984e-01
3.14159265358979312e-01 4.60451999999999995e+00 5.65016999999999991e-01
3.14159265358979312e-01 4.61669000000000018e+00 4.94292999999999982e-01
3.14159265358979312e-01 4.63487999999999989e+00 4.25367999999999968e-01
3.14159265358979312e-01 4.65904999999999969e+00 3.58793999999999946e-01
3.14159265358979312e-01 4.68850999999999996e+00 2.95868000000000020e-01
3.14159265358979312e-01 4.72425000000000050e+00 2.38923999999999997e-01
3.14159265358979312e-01 4.76797000000000004e+00 1.90716999999999998e-01
3.14159265358979312e-01 4.81879999999999953e+00 1.51740999999999987e-01
3.14159265358979312e-01 4.87417999999999996e+00 1.18602000000000013e-01
3.14159265358979312e-01 4.93297000000000008e+00 8.62637999999999877e-02
3.14159265358979312e-01 4.99650999999999978e+00 5.21931999999999952e-02
3.14159265358979312e-01 5.06709000000000032e+00 1.69411000000000006e-02
3.14159265358979312e-01 5.14496999999999982e+00 -2.00555000000000004e-02
3.14159265358979312e-01 5.22633000000000081e+00 -6.22891000000000000e-02
3.14159265358979312e-01 5.30662000000000056e+00 -1.11452000000000009e-01
3.14159265358979312e-01 5.38534000000000024e+00 -1.64877999999999997e-01
3.14159265358979312e-01 5.46318999999999999e+00 -2.21310000000000007e-01
3.14159265358979312e-01 5.53528000000000020e+00 -2.84096999999999988e-01
3.14159265358979312e-01 5.59287000000000045e+00 -3.53472000000000008e-01
3.14159265358979312e-01 5.63203999999999994e+00 -4.20516999999999974e-01
3.14159265358979312e-01 5.65635999999999939e+00 -4.74564999999999959e-01
3.14159265358979312e-01 5.67187999999999981e+00 -5.13676000000000021e-01
3.14159265358979312e-01 5.68291000000000057e+00 -5.44669999999999987e-01
3.14159265358979312e-01 5.69195000000000029e+00 -5.76118000000000019e-01
3.14159265358979312e-01 5.70095000000000063e+00 -6.13060999999999967e-01
3.14159265358979312e-01 5.71222999999999992e+00 -6.55206000000000066e-01
3.14159265358979312e-01 5.72855000000000025e+00 -6.98469000000000007e-01
3.14159265358979312e-01 5.75131000000000014e+00 -7.39041999999999977e-01
3.14159265358979312e-01 5.77908000000000044e+00 -7.75384999999999991e-01
3.14159265358979312e-01 5.80897000000000041e+00 -8.06661999999999990e-01
3.14159265358979312e-01 5.83912999999999993e+00 -8.32307000000000019e-01
3.14159265358979312e-01 5.86951999999999963e+00 -8.53726000000000096e-01
3.14159265358979312e-01 5.90124000000000049e+00 -8.73580999999999941e-01
3.14159265358979312e-01 5.93649000000000004e+00 -8.92442000000000069e-01
3.14159265358979312e-01 5.97769999999999957e+00 -9.07779000000000003e-01
3.14159265358979312e-01 6.02477000000000018e+00 -9.16440999999999950e-01
3.14159265358979312e-01 6.07376999999999967e+00 -9.17048000000000085e-01
3.14159265358979312e-01 6.11995000000000022e+00 -9.10229999999999984e-01
3.14159265358979312e-01 6.16097999999999946e+00 -8.97629000000000010e-01
3.14159265358979312e-01 6.19708999999999932e+00 -8.80564000000000013e-01
3.14159265358979312e-01 6.23083999999999971e+00 -8.58234000000000052e-01
3.14159265358979312e-01 6.26663999999999977e+00 -8.26220999999999983e-01
3.14159265358979312e-01 6.30572999999999961e+00 -7.77569000000000066e-01
3.14159265358979312e-01 6.34172000000000047e+00 -7.06972999999999963e-01
3.45575191894877287e-01 6.35480000000000000e+00 -6.22805000000000053e-01
3.45575191894877287e-01 6.36854999999999993e+00 -5.23708000000000062e-01
3.45575191894877287e-01 6.38006999999999991e+00 -4.14194999999999980e-01
3.45575191894877287e-01 6.38470000000000049e+00 -2.96142000000000016e-01
3.45575191894877287e-01 6.37572999999999990e+00 -1.73509999999999998e-01
3.45575191894877287e-01 6.35086999999999957e+00 -5.12886000000000036e-02
3.45575191894877287e-01 6.31138000000000066e+00 6.80841000000000085e-02
3.45575191894877287e-01 6.25966999999999985e+00 1.84738000000000013e-01
3.45575191894877287e-01 6.19995999999999992e+00 3.01578000000000013e-01
3.45575191894877287e-01 6.13676000000000066e+00 4.24026000000000014e-01
3.45575191894877287e-01 6.07052000000000014e+00 5.54459000000000035e-01
3.45575191894877287e-01 5.99808999999999948e+00 6.88904999999999990e-01
3.45575191894877287e-01 5.91727999999999987e+00 8.21737999999999968e-01
3.45575191894877287e-01 5.82664000000000026e+00 9.46968999999999950e-01
3.45575191894877287e-01 5.72363000000000088e+00 1.05370000000000008e+00
3.45575191894877287e-01 5.60885999999999996e+00 1.13115999999999994e+00
3.45575191894877287e-01 5.48932000000000020e+00 1.17998000000000003e+00
3.45575191894877287e-01 5.37183000000000010e+00 1.20890000000000009e+00
3.45575191894877287e-01 5.25626999999999978e+00 1.22185000000000010e+00
3.45575191894877287e-01 5.13952000000000009e+00 1.21711999999999998e+00
3.45575191894877287e-01 5.02221000000000029e+00 1.19402000000000008e+00
3.45575191894877287e-01 4.90894999999999992e+00 1.15207999999999999e+00
3.45575191894877287e-01 4.80527000000000015e+00 1.09043000000000001e+00
3.45575191894877287e-01 4.71584999999999965e+00 1.01296999999999993e+00
3.45575191894877287e-01 4.64302999999999955e+00 9.27416000000000018e-01
3.45575191894877287e-01 4.58798999999999957e+00 8.37933000000000039e-01
3.45575191894877287e-01 4.55295000000000005e+00 7.45682000000000067e-01
3.45575191894877287e-01 4.53828999999999994e+00 6.54077999999999937e-01
3.45575191894877287e-01 4.53868000000000027e+00 5.66606999999999972e-01
3.45575191894877287e-01 4.54750999999999994e+00 4.83387999999999984e-01
3.45575191894877287e-01 4.56325000000000003e+00 4.04418999999999973e-01
3.45575191894877287e-01 4.58675000000000033e+00 3.31627999999999978e-01
3.45575191894877287e-01 4.61660000000000004e+00 2.66581999999999986e-01
3.45575191894877287e-01 4.65190999999999999e+00 2.10775999999999991e-01
3.45575191894877287e-01 4.69360999999999962e+00 1.65991000000000000e-01
3.45575191894877287e-01 4.74000999999999983e+00 1.29895999999999984e-01
3.45575191894877287e-01 4.78807000000000027e+00 9.56236000000000030e-02
3.45575191894877287e-01 4.84046000000000021e+00 5.95999000000000043e-02
3.45575191894877287e-01 4.90389000000000053e+00 2.48661000000000021e-02
3.45575191894877287e-01 4.98014000000000046e+00 -6.01155000000000005e-03
3.45575191894877287e-01 5.06442000000000014e+00 -3.65444000000000047e-02
3.45575191894877287e-01 5.15089000000000041e+00 -7.26694999999999980e-02
3.45575191894877287e-01 5.23500000000000032e+00 -1.16529000000000008e-01
3.45575191894877287e-01 5.31402000000000019e+00 -1.65407999999999999e-01
3.45575191894877287e-01 5.38844000000000012e+00 -2.15591000000000005e-01
3.45575191894877287e-01 5.45913999999999966e+00 -2.65401999999999971e-01
3.45575191894877287e-01 5.52196999999999960e+00 -3.13493000000000022e-01
3.45575191894877287e-01 5.57042000000000037e+00 -3.56605000000000005e-01
3.45575191894877287e-01 5.60460000000000047e+00 -3.92505000000000048e-01
3.45575191894877287e-01 5.63280999999999921e+00 -4.23860999999999988e-01
3.45575191894877287e-01 5.66311000000000053e+00 -4.56499000000000044e-01
3.45575191894877287e-01 5.69679000000000002e+00 -4.95225999999999944e-01
3.45575191894877287e-01 5.73094000000000037e+00 -5.42062999999999962e-01
3.45575191894877287e-01 5.76386999999999983e+00 -5.95245999999999942e-01
3.45575191894877287e-01 5.79576000000000047e+00 -6.49266999999999928e-01
3.45575191894877287e-01 5.82559000000000005e+00 -6.98546999999999918e-01
3.45575191894877287e-01 5.85131999999999941e+00 -7.40441000000000016e-01
3.45575191894877287e-01 5.87284000000000006e+00 -7.73724999999999996e-01
3.45575191894877287e-01 5.89212999999999987e+00 -7.97977999999999965e-01
3.45575191894877287e-01 5.91107999999999922e+00 -8.16098999999999908e-01
3.45575191894877287e-01 5.93217000000000017e+00 -8.32987999999999951e-01
3.45575191894877287e-01 5.95980000000000043e+00 -8.49961999999999995e-01
3.45575191894877287e-01 5.99695000000000089e+00 -8.63839000000000024e-01
3.45575191894877287e-01 6.04179999999999939e+00 -8.71898999999999980e-01
3.45575191894877287e-01 6.08993000000000073e+00 -8.74429999999999930e-01
3.45575191894877287e-01 6.13722999999999974e+00 -8.72317000000000009e-01
3.45575191894877287e-01 6.17955000000000076e+00 -8.65122000000000058e-01
3.45575191894877287e-01 6.21438999999999986e+00 -8.52502000000000093e-01
3.45575191894877287e-01 6.24482999999999944e+00 -8.34865000000000079e-01
3.45575191894877287e-01 6.27653999999999979e+00 -8.09818999999999956e-01
3.45575191894877287e-01 6.30918000000000045e+00 -7.69646999999999970e-01
3.45575191894877287e-01 6.33628999999999998e+00 -7.07022999999999957e-01
3.76991118430775207e-01 6.33605999999999980e+00 -6.10860999999999987e-01
3.76991118430775207e-01 6.35903000000000063e+00 -5.29654999999999987e-01
3.76991118430775207e-01 6.38100999999999985e+00 -4.35974999999999946e-01
3.76991118430775207e-01 6.39240000000000030e+00 -3.30730999999999942e-01
3.76991118430775207e-01 6.38595000000000024e+00 -2.18189999999999995e-01
3.76991118430775207e-01 6.36107999999999940e+00 -1.03690999999999992e-01
3.76991118430775207e-01 6.32010999999999967e+00 1.05249999999999996e-02
3.76991118430775207e-01 6.26638000000000073e+00 1.25200000000000006e-01
3.76991118430775207e-01 6.20509000000000022e+00 2.42837999999999998e-01
3.76991118430775207e-01 6.14071999999999996e+00 3.66937000000000013e-01
3.76991118430775207e-01 6.07322000000000006e+00 4.98132000000000019e-01
3.76991118430775207e-01 5.99917999999999996e+00 6.30952999999999986e-01
3.76991118430775207e-01 5.91561000000000003e+00 7.57058000000000009e-01
3.76991118430775207e-01 5.82178000000000040e+00 8.69557999999999942e-01
3.76991118430775207e-01 5.72009999999999952e+00 9.62860000000000049e-01
3.76991118430775207e-01 5.61557999999999957e+00 1.03371999999999997e+00
3.76991118430775207e-01 5.51229999999999976e+00 1.08485999999999994e+00
3.76991118430775207e-01 5.41005999999999965e+00 1.12250000000000005e+00
3.76991118430775207e-01 5.30536999999999992e+00 1.14938999999999991e+00
3.76991118430775207e-01 5.19477999999999973e+00 1.16396000000000011e+00
3.76991118430775207e-01 5.07769000000000048e+00 1.16382000000000008e+00
3.76991118430775207e-01 4.95805999999999969e+00 1.14563999999999999e+00
3.76991118430775207e-01 4.84304999999999986e+00 1.10583999999999993e+00
3.76991118430775207e-01 4.73843999999999976e+00 1.04543999999999992e+00
3.76991118430775207e-01 4.64740000000000020e+00 9.69956999999999958e-01
3.76991118430775207e-01 4.57413000000000025e+00 8.82991999999999999e-01
3.76991118430775207e-01 4.52367999999999970e+00 7.86003000000000007e-01
3.76991118430775207e-01 4.49595000000000056e+00 6.83651000000000009e-01
3.76991118430775207e-01 4.48471999999999937e+00 5.82575999999999983e-01
3.76991118430775207e-01 4.48470999999999975e+00 4.86000999999999961e-01
3.76991118430775207e-01 4.49521999999999977e+00 3.95006999999999997e-01
3.76991118430775207e-01 4.51593000000000000e+00 3.12419000000000002e-01
3.76991118430775207e-01 4.54404999999999948e+00 2.41195999999999994e-01
3.76991118430775207e-01 4.57669000000000015e+00 1.81850999999999985e-01
3.76991118430775207e-01 4.61216999999999988e+00 1.33048000000000000e-01
3.76991118430775207e-01 4.64959999999999951e+00 9.13593000000000044e-02
3.76991118430775207e-01 4.69073999999999991e+00 5.17280999999999991e-02
3.76991118430775207e-01 4.74120999999999970e+00 1.24255000000000008e-02
3.76991118430775207e-01 4.80609000000000020e+00 -2.31658000000000003e-02
3.76991118430775207e-01 4.88459000000000021e+00 -5.31636000000000053e-02
3.76991118430775207e-01 4.97128000000000014e+00 -8.10582999999999859e-02
3.76991118430775207e-01 5.06108000000000047e+00 -1.10272000000000009e-01
3.76991118430775207e-01 5.15046000000000070e+00 -1.40814999999999996e-01
3.76991118430775207e-01 5.23514000000000035e+00 -1.73502000000000017e-01
3.76991118430775207e-01 5.31065000000000076e+00 -2.10643999999999998e-01
3.76991118430775207e-01 5.37553000000000036e+00 -2.50385999999999997e-01
3.76991118430775207e-01 5.43176000000000059e+00 -2.86768000000000023e-01
3.76991118430775207e-01 5.48167999999999989e+00 -3.17292999999999992e-01
3.76991118430775207e-01 5.52724000000000082e+00 -3.45337999999999978e-01
3.76991118430775207e-01 5.57243000000000066e+00 -3.74838000000000005e-01
3.76991118430775207e-01 5.62240999999999946e+00 -4.07785000000000009e-01
3.76991118430775207e-01 5.67851999999999979e+00 -4.46738000000000024e-01
3.76991118430775207e-01 5.73649999999999949e+00 -4.94350999999999985e-01
3.76991118430775207e-01 5.79118000000000066e+00 -5.49382999999999955e-01
3.76991118430775207e-01 5.83998000000000062e+00 -6.06499000000000010e-01
3.76991118430775207e-01 5.88145999999999969e+00 -6.59919000000000033e-01
3.76991118430775207e-01 5.91389999999999993e+00 -7.04960999999999949e-01
3.76991118430775207e-01 5.93703000000000003e+00 -7.37921000000000049e-01
3.76991118430775207e-01 5.95289000000000001e+00 -7.58328999999999920e-01
3.76991118430775207e-01 5.96480999999999995e+00 -7.70757000000000025e-01
3.76991118430775207e-01 5.97750999999999966e+00 -7.81425000000000036e-01
3.76991118430775207e-01 5.99687999999999999e+00 -7.93163999999999980e-01
3.76991118430775207e-01 6.02654999999999941e+00 -8.05061000000000027e-01
3.76991118430775207e-01 6.06533999999999995e+00 -8.15275000000000083e-01
3.76991118430775207e-01 6.10928000000000004e+00 -8.21819999999999995e-01
3.76991118430775207e-01 6.15378999999999987e+00 -8.21899999999999964e-01
3.76991118430775207e-01 6.19336000000000020e+00 -8.13682000000000016e-01
3.76991118430775207e-01 6.22394999999999943e+00 -7.99017999999999895e-01
3.76991118430775207e-01 6.24758000000000013e+00 -7.81488999999999989e-01
3.76991118430775207e-01 6.27006999999999959e+00 -7.60187999999999975e-01
3.76991118430775207e-01 6.29333000000000009e+00 -7.27951000000000015e-01
3.76991118430775207e-01 6.31514000000000042e+00 -6.78152999999999895e-01
4.08407044966673127e-01 6.33865000000000034e+00 -5.87597000000000036e-01
4.08407044966673127e-01 6.36446000000000023e+00 -5.22745000000000015e-01
4.08407044966673127e-01 6.38636999999999944e+00 -4.43609999999999949e-01
4.08407044966673127e-01 6.39751999999999921e+00 -3.52310000000000012e-01
4.08407044966673127e-01 6.39232999999999940e+00 -2.52055000000000029e-01
4.08407044966673127e-01 6.36938999999999922e+00 -1.46420999999999996e-01
4.08407044966673127e-01 6.33027000000000051e+00 -3.74893999999999991e-02
4.08407044966673127e-01 6.27777000000000029e+00 7.49813000000000007e-02
4.08407044966673127e-01 6.21616999999999997e+00 1.92060000000000008e-01
4.08407044966673127e-01 6.14972999999999992e+00 3.14373999999999987e-01
4.08407044966673127e-01 6.07921000000000067e+00 4.41169000000000033e-01
4.08407044966673127e-01 6.00190000000000090e+00 5.67698999999999954e-01
4.08407044966673127e-01 5.91546000000000038e+00 6.84723999999999888e-01
4.08407044966673127e-01 5.82102999999999948e+00 7.84071999999999991e-01
4.08407044966673127e-01 5.72298999999999936e+00 8.64128000000000007e-01
4.08407044966673127e-01 5.62631000000000014e+00 9.28327000000000013e-01
4.08407044966673127e-01 5.53268999999999966e+00 9.80614999999999903e-01
4.08407044966673127e-01 5.43934999999999924e+00 1.02385000000000015e+00
4.08407044966673127e-01 5.34196000000000026e+00 1.05957999999999997e+00
4.08407044966673127e-01 5.23777999999999988e+00 1.08698999999999990e+00
4.08407044966673127e-01 5.12640999999999991e+00 1.10301000000000005e+00
4.08407044966673127e-01 5.01032000000000011e+00 1.10370999999999997e+00
4.08407044966673127e-01 4.89442999999999984e+00 1.08582000000000001e+00
4.08407044966673127e-01 4.78350000000000009e+00 1.04788999999999999e+00
4.08407044966673127e-01 4.68165999999999993e+00 9.90406000000000009e-01
4.08407044966673127e-01 4.59468999999999994e+00 9.14507999999999988e-01
4.08407044966673127e-01 4.52824000000000026e+00 8.22153000000000023e-01
4.08407044966673127e-01 4.48259999999999970e+00 7.18358000000000052e-01
4.08407044966673127e-01 4.45371000000000006e+00 6.10388999999999959e-01
4.08407044966673127e-01 4.43925000000000036e+00 5.03695000000000004e-01
4.08407044966673127e-01 4.43925000000000036e+00 4.01318000000000008e-01
4.08407044966673127e-01 4.45206000000000035e+00 3.07134999999999991e-01
4.08407044966673127e-01 4.47367000000000026e+00 2.25561000000000011e-01
4.08407044966673127e-01 4.49978000000000034e+00 1.57408999999999993e-01
4.08407044966673127e-01 4.52747999999999973e+00 9.92948999999999915e-02
4.08407044966673127e-01 4.55766999999999989e+00 4.75703000000000029e-02
4.08407044966673127e-01 4.59588999999999981e+00 6.45557999999999961e-04
4.08407044966673127e-01 4.64754999999999985e+00 -4.20024999999999982e-02
4.08407044966673127e-01 4.71302999999999983e+00 -8.06986999999999982e-02
4.08407044966673127e-01 4.78939000000000004e+00 -1.15319000000000005e-01
4.08407044966673127e-01 4.87331999999999965e+00 -1.45617999999999997e-01
4.08407044966673127e-01 4.96065000000000023e+00 -1.72106999999999982e-01
4.08407044966673127e-01 5.04654999999999987e+00 -1.96110000000000007e-01
4.08407044966673127e-01 5.12769999999999992e+00 -2.18880000000000019e-01
4.08407044966673127e-01 5.20229000000000052e+00 -2.40932000000000007e-01
4.08407044966673127e-01 5.26921000000000017e+00 -2.62305000000000010e-01
4.08407044966673127e-01 5.32979000000000003e+00 -2.83339000000000008e-01
4.08407044966673127e-01 5.38841000000000037e+00 -3.05115000000000025e-01
4.08407044966673127e-01 5.44937000000000005e+00 -3.29055000000000042e-01
4.08407044966673127e-01 5.51452000000000009e+00 -3.56229000000000018e-01
4.08407044966673127e-01 5.58373000000000008e+00 -3.87663000000000035e-01
4.08407044966673127e-01 5.65505000000000013e+00 -4.25319000000000003e-01
4.08407044966673127e-01 5.72498000000000040e+00 -4.71133999999999997e-01
4.08407044966673127e-01 5.79041000000000050e+00 -5.23781000000000052e-01
4.08407044966673127e-01 5.84984999999999999e+00 -5.77733999999999970e-01
4.08407044966673127e-01 5.90221999999999980e+00 -6.26689999999999969e-01
4.08407044966673127e-01 5.94573999999999980e+00 -6.66406999999999972e-01
4.08407044966673127e-01 5.97841000000000022e+00 -6.94293999999999967e-01
4.08407044966673127e-01 5.99971999999999994e+00 -7.09980999999999973e-01
4.08407044966673127e-01 6.01278999999999986e+00 -7.17303000000000024e-01
4.08407044966673127e-01 6.02442000000000011e+00 -7.22478999999999982e-01
4.08407044966673127e-01 6.04129999999999967e+00 -7.29678999999999967e-01
4.08407044966673127e-01 6.06639999999999979e+00 -7.40094000000000030e-01
4.08407044966673127e-01 6.09938000000000002e+00 -7.52522000000000024e-01
4.08407044966673127e-01 6.13797999999999977e+00 -7.61738000000000026e-01
4.08407044966673127e-01 6.17743000000000020e+00 -7.60523000000000060e-01
4.08407044966673127e-01 6.21150999999999964e+00 -7.47619999999999951e-01
4.08407044966673127e-01 6.23671000000000042e+00 -7.29937000000000058e-01
4.08407044966673127e-01 6.25499999999999989e+00 -7.13613000000000053e-01
4.08407044966673127e-01 6.27160999999999902e+00 -6.96790000000000020e-01
4.08407044966673127e-01 6.29071000000000069e+00 -6.73041999999999918e-01
4.08407044966673127e-01 6.31337999999999955e+00 -6.37434999999999974e-01
4.39822971502571103e-01 6.35837999999999948e+00 -5.49570000000000003e-01
4.39822971502571103e-01 6.37912999999999997e+00 -4.97627000000000042e-01
4.39822971502571103e-01 6.39332999999999974e+00 -4.32644000000000029e-01
4.39822971502571103e-01 6.39818999999999960e+00 -3.56533999999999962e-01
4.39822971502571103e-01 6.39077999999999946e+00 -2.70529999999999993e-01
4.39822971502571103e-01 6.36909999999999954e+00 -1.76229999999999998e-01
4.39822971502571103e-01 6.33342000000000027e+00 -7.53396000000000066e-02
4.39822971502571103e-01 6.28525999999999918e+00 3.19549999999999973e-02
4.39822971502571103e-01 6.22674999999999912e+00 1.45324000000000009e-01
4.39822971502571103e-01 6.16030999999999906e+00 2.62291999999999970e-01
4.39822971502571103e-01 6.08703999999999912e+00 3.79763999999999990e-01
4.39822971502571103e-01 6.00633999999999979e+00 4.93989999999999985e-01
4.39822971502571103e-01 5.91895999999999933e+00 5.98269000000000051e-01
4.39822971502571103e-01 5.82836999999999961e+00 6.86234000000000011e-01
4.39822971502571103e-01 5.73782999999999976e+00 7.58315000000000072e-01
4.39822971502571103e-01 5.64810999999999996e+00 8.20340999999999987e-01
4.39822971502571103e-01 5.55784999999999929e+00 8.76496999999999971e-01
4.39822971502571103e-01 5.46462999999999965e+00 9.27228000000000052e-01
4.39822971502571103e-01 5.36642000000000063e+00 9.71457000000000015e-01
4.39822971502571103e-01 5.26307999999999954e+00 1.00724999999999998e+00
4.39822971502571103e-01 5.15619000000000050e+00 1.03191999999999995e+00
4.39822971502571103e-01 5.04802000000000017e+00 1.04276999999999997e+00
4.39822971502571103e-01 4.94156999999999957e+00 1.03702000000000005e+00
4.39822971502571103e-01 4.83933999999999997e+00 1.01303999999999994e+00
4.39822971502571103e-01 4.74194000000000049e+00 9.72018000000000049e-01
4.39822971502571103e-01 4.65036999999999967e+00 9.15205999999999964e-01
4.39822971502571103e-01 4.56920000000000037e+00 8.40601000000000043e-01
4.39822971502571103e-01 4.50374000000000052e+00 7.47421999999999920e-01
4.39822971502571103e-01 4.45537999999999990e+00 6.41545000000000032e-01
4.39822971502571103e-01 4.42255000000000020e+00 5.31379999999999963e-01
4.39822971502571103e-01 4.40463999999999967e+00 4.22068999999999972e-01
4.39822971502571103e-01 4.40153999999999979e+00 3.17967000000000000e-01
4.39822971502571103e-01 4.41057999999999950e+00 2.24851999999999996e-01
4.39822971502571103e-01 4.42666000000000004e+00 1.44916999999999990e-01
4.39822971502571103e-01 4.44653000000000009e+00 7.49165999999999999e-02
4.39822971502571103e-01 4.47244000000000064e+00 1.20450999999999996e-02
4.39822971502571103e-01 4.50990000000000002e+00 -4.36165000000000025e-02
4.39822971502571103e-01 4.56153999999999993e+00 -9.30315000000000031e-02
4.39822971502571103e-01 4.62516999999999978e+00 -1.38475999999999988e-01
4.39822971502571103e-01 4.69791000000000025e+00 -1.79509000000000002e-01
4.39822971502571103e-01 4.77794000000000008e+00 -2.13522999999999991e-01
4.39822971502571103e-01 4.86153999999999975e+00 -2.40011000000000002e-01
4.39822971502571103e-01 4.94326000000000043e+00 -2.60882000000000003e-01
4.39822971502571103e-01 5.01985999999999954e+00 -2.77702999999999978e-01
4.39822971502571103e-01 5.09126000000000012e+00 -2.91225000000000012e-01
4.39822971502571103e-01 5.15929999999999911e+00 -3.02451000000000025e-01
4.39822971502571103e-01 5.22775999999999996e+00 -3.12615000000000032e-01
4.39822971502571103e-01 5.30086000000000013e+00 -3.23317999999999994e-01
4.39822971502571103e-01 5.37970000000000059e+00 -3.37088999999999972e-01
4.39822971502571103e-01 5.46261999999999937e+00 -3.56213000000000002e-01
4.39822971502571103e-01 5.54783000000000026e+00 -3.81191000000000058e-01
4.39822971502571103e-01 5.63248000000000015e+00 -4.12143999999999955e-01
4.39822971502571103e-01 5.71206000000000014e+00 -4.50367999999999991e-01
4.39822971502571103e-01 5.78440000000000065e+00 -4.95206000000000035e-01
4.39822971502571103e-01 5.85066000000000042e+00 -5.40545999999999971e-01
4.39822971502571103e-01 5.91042000000000023e+00 -5.78477000000000019e-01
4.39822971502571103e-01 5.95994000000000046e+00 -6.05962000000000001e-01
4.39822971502571103e-01 5.99677000000000060e+00 -6.24840999999999980e-01
4.39822971502571103e-01 6.02265999999999924e+00 -6.37276999999999982e-01
4.39822971502571103e-01 6.04216999999999960e+00 -6.45123000000000002e-01
4.39822971502571103e-01 6.06077999999999939e+00 -6.51738000000000040e-01
4.39822971502571103e-01 6.08291000000000093e+00 -6.60378999999999938e-01
4.39822971502571103e-01 6.11020999999999948e+00 -6.71256000000000075e-01
4.39822971502571103e-01 6.14217000000000013e+00 -6.81256000000000084e-01
4.39822971502571103e-01 6.17706000000000000e+00 -6.85522999999999993e-01
4.39822971502571103e-01 6.21096999999999966e+00 -6.80708000000000091e-01
4.39822971502571103e-01 6.23918000000000017e+00 -6.68945999999999930e-01
4.39822971502571103e-01 6.26041000000000025e+00 -6.56317999999999957e-01
4.39822971502571103e-01 6.27749000000000024e+00 -6.45500999999999991e-01
4.39822971502571103e-01 6.29408999999999974e+00 -6.33130999999999999e-01
4.39822971502571103e-01 6.31283999999999956e+00 -6.14806000000000075e-01
4.39822971502571103e-01 6.33485999999999994e+00 -5.87878000000000012e-01
4.71238898038469023e-01 6.36905999999999928e+00 -4.84926999999999997e-01
4.71238898038469023e-01 6.38280999999999921e+00 -4.45962999999999998e-01
4.71238898038469023e-01 6.39039999999999964e+00 -3.97058000000000022e-01
4.71238898038469023e-01 6.39066000000000045e+00 -3.38504999999999945e-01
4.71238898038469023e-01 6.38241999999999976e+00 -2.69441999999999959e-01
4.71238898038469023e-01 6.36298999999999992e+00 -1.89425999999999983e-01
4.71238898038469023e-01 6.33106999999999953e+00 -9.97583000000000081e-02
4.71238898038469023e-01 6.28777000000000008e+00 -1.75678000000000010e-03
4.71238898038469023e-01 6.23404000000000025e+00 1.03031999999999999e-01
4.71238898038469023e-01 6.17019999999999946e+00 2.10619000000000001e-01
4.71238898038469023e-01 6.09750999999999976e+00 3.15840999999999983e-01
4.71238898038469023e-01 6.01787000000000027e+00 4.15078999999999976e-01
4.71238898038469023e-01 5.93356999999999957e+00 5.05637000000000003e-01
4.71238898038469023e-01 5.84806999999999988e+00 5.85250999999999966e-01
4.71238898038469023e-01 5.76346999999999987e+00 6.54731000000000063e-01
4.71238898038469023e-01 5.67741999999999969e+00 7.18494000000000077e-01
4.71238898038469023e-01 5.58586000000000027e+00 7.80447000000000113e-01
4.71238898038469023e-01 5.48763000000000023e+00 8.40334000000000025e-01
4.71238898038469023e-01 5.38422999999999963e+00 8.94257999999999997e-01
4.71238898038469023e-01 5.27764999999999951e+00 9.37834000000000056e-01
4.71238898038469023e-01 5.17056000000000004e+00 9.68486000000000069e-01
4.71238898038469023e-01 5.06658999999999970e+00 9.84395999999999938e-01
4.71238898038469023e-01 4.96919000000000022e+00 9.83137999999999956e-01
4.71238898038469023e-01 4.87970000000000059e+00 9.64826000000000072e-01
4.71238898038469023e-01 4.79537999999999975e+00 9.34501999999999944e-01
4.71238898038469023e-01 4.71067999999999998e+00 8.95548000000000011e-01
4.71238898038469023e-01 4.62430999999999948e+00 8.42629000000000072e-01
4.71238898038469023e-01 4.54312999999999967e+00 7.67891000000000101e-01
4.71238898038469023e-01 4.47581999999999969e+00 6.72215000000000007e-01
4.71238898038469023e-01 4.42567000000000021e+00 5.64439000000000024e-01
4.71238898038469023e-01 4.39192999999999945e+00 4.52882000000000007e-01
4.71238898038469023e-01 4.37373000000000012e+00 3.43359999999999999e-01
4.71238898038469023e-01 4.36915999999999993e+00 2.41429000000000005e-01
4.71238898038469023e-01 4.37455999999999978e+00 1.50459999999999983e-01
4.71238898038469023e-01 4.38717000000000024e+00 6.93128999999999967e-02
4.71238898038469023e-01 4.40725000000000033e+00 -5.18619000000000024e-03
4.71238898038469023e-01 4.43749000000000038e+00 -7.49211000000000044e-02
4.71238898038469023e-01 4.48097999999999974e+00 -1.39800000000000008e-01
4.71238898038469023e-01 4.53845000000000010e+00 -1.98084999999999983e-01
4.71238898038469023e-01 4.60709000000000035e+00 -2.47391000000000000e-01
4.71238898038469023e-01 4.68252000000000024e+00 -2.86557999999999979e-01
4.71238898038469023e-01 4.76064000000000043e+00 -3.16186000000000023e-01
4.71238898038469023e-01 4.83765000000000001e+00 -3.37588999999999972e-01
4.71238898038469023e-01 4.91145999999999994e+00 -3.52295999999999998e-01
4.71238898038469023e-01 4.98355999999999977e+00 -3.61942999999999959e-01
4.71238898038469023e-01 5.05750000000000011e+00 -3.67608000000000046e-01
4.71238898038469023e-01 5.13614999999999977e+00 -3.69937999999999989e-01
4.71238898038469023e-01 5.22123999999999988e+00 -3.70504999999999973e-01
4.71238898038469023e-01 5.31288999999999945e+00 -3.72315999999999980e-01
4.71238898038469023e-01 5.40868000000000038e+00 -3.78562999999999983e-01
4.71238898038469023e-01 5.50490000000000013e+00 -3.91161000000000036e-01
4.71238898038469023e-01 5.59825999999999979e+00 -4.10561000000000009e-01
4.71238898038469023e-01 5.68520999999999965e+00 -4.36242999999999992e-01
4.71238898038469023e-01 5.76261999999999919e+00 -4.66084999999999972e-01
4.71238898038469023e-01 5.83028999999999975e+00 -4.95338000000000001e-01
4.71238898038469023e-01 5.88943999999999956e+00 -5.18710000000000004e-01
4.71238898038469023e-01 5.93936000000000064e+00 -5.34688000000000052e-01
4.71238898038469023e-01 5.97955000000000059e+00 -5.45934000000000030e-01
4.71238898038469023e-01 6.01370000000000005e+00 -5.55250000000000021e-01
4.71238898038469023e-01 6.04706000000000010e+00 -5.63759999999999928e-01
4.71238898038469023e-01 6.08169000000000004e+00 -5.72385999999999950e-01
4.71238898038469023e-01 6.11715000000000053e+00 -5.81467999999999985e-01
4.71238898038469023e-01 6.15307000000000048e+00 -5.89126999999999956e-01
4.71238898038469023e-01 6.18879999999999963e+00 -5.92697000000000029e-01
4.71238898038469023e-01 6.22230000000000061e+00 -5.91292999999999958e-01
4.71238898038469023e-01 6.25077999999999978e+00 -5.86061999999999972e-01
4.71238898038469023e-01 6.27273000000000014e+00 -5.79281999999999964e-01
4.71238898038469023e-01 6.28957000000000033e+00 -5.72829000000000033e-01
4.71238898038469023e-01 6.30467999999999940e+00 -5.65717000000000025e-01
4.71238898038469023e-01 6.32015999999999956e+00 -5.54561999999999999e-01
4.71238898038469023e-01 6.33605999999999980e+00 -5.37472999999999979e-01
4.71238898038469023e-01 6.35250000000000004e+00 -5.14633000000000007e-01
5.02654824574366943e-01 6.36470000000000002e+00 -3.90844000000000025e-01
5.02654824574366943e-01 6.37070000000000025e+00 -3.65095999999999976e-01
5.02654824574366943e-01 6.37356999999999996e+00 -3.33858000000000044e-01
5.02654824574366943e-01 6.37267999999999990e+00 -2.94914999999999983e-01
5.02654824574366943e-01 6.36657999999999991e+00 -2.44919999999999999e-01
5.02654824574366943e-01 6.35216000000000047e+00 -1.81582000000000021e-01
5.02654824574366943e-01 6.32666000000000039e+00 -1.06050000000000005e-01
5.02654824574366943e-01 6.28960000000000008e+00 -2.11151000000000012e-02
5.02654824574366943e-01 6.24197000000000024e+00 7.06332000000000071e-02
5.02654824574366943e-01 6.18438999999999961e+00 1.65313000000000015e-01
5.02654824574366943e-01 6.11753000000000036e+00 2.57457999999999965e-01
5.02654824574366943e-01 6.04356000000000027e+00 3.43059000000000003e-01
5.02654824574366943e-01 5.96546000000000021e+00 4.21470000000000011e-01
5.02654824574366943e-01 5.88466999999999985e+00 4.94321000000000010e-01
5.02654824574366943e-01 5.80022000000000038e+00 5.63849000000000045e-01
5.02654824574366943e-01 5.71028000000000002e+00 6.31859999999999977e-01
5.02654824574366943e-01 5.61374999999999957e+00 6.99156000000000000e-01
5.02654824574366943e-01 5.51075000000000070e+00 7.65010000000000079e-01
5.02654824574366943e-01 5.40298999999999996e+00 8.26243999999999978e-01
5.02654824574366943e-01 5.29356000000000027e+00 8.77660999999999913e-01
5.02654824574366943e-01 5.18570000000000064e+00 9.14959000000000078e-01
5.02654824574366943e-01 5.08220000000000027e+00 9.36192999999999942e-01
5.02654824574366943e-01 4.98667999999999978e+00 9.40351000000000048e-01
5.02654824574366943e-01 4.90226000000000006e+00 9.28456000000000059e-01
5.02654824574366943e-01 4.82641999999999971e+00 9.06034999999999924e-01
5.02654824574366943e-01 4.75053000000000036e+00 8.78081000000000000e-01
5.02654824574366943e-01 4.66840000000000011e+00 8.40484000000000009e-01
5.02654824574366943e-01 4.58363000000000032e+00 7.82834000000000030e-01
5.02654824574366943e-01 4.50577000000000005e+00 7.00584999999999902e-01
5.02654824574366943e-01 4.44219000000000008e+00 5.99384999999999946e-01
5.02654824574366943e-01 4.39562000000000008e+00 4.88736000000000059e-01
5.02654824574366943e-01 4.36563999999999997e+00 3.76800000000000024e-01
5.02654824574366943e-01 4.34994000000000014e+00 2.69770000000000010e-01
5.02654824574366943e-01 4.34576999999999991e+00 1.70962000000000003e-01
5.02654824574366943e-01 4.35109000000000012e+00 7.98916999999999961e-02
5.02654824574366943e-01 4.36435999999999957e+00 -6.10031000000000028e-03
5.02654824574366943e-01 4.38572999999999968e+00 -8.90462999999999949e-02
5.02654824574366943e-01 4.41882999999999981e+00 -1.68170999999999987e-01
5.02654824574366943e-01 4.46745999999999999e+00 -2.39761000000000002e-01
5.02654824574366943e-01 4.52975999999999956e+00 -3.00111999999999990e-01
5.02654824574366943e-01 4.59907999999999983e+00 -3.48310000000000008e-01
5.02654824574366943e-01 4.67014999999999958e+00 -3.85373999999999994e-01
5.02654824574366943e-01 4.74113000000000007e+00 -4.12617999999999985e-01
5.02654824574366943e-01 4.81205000000000016e+00 -4.31732000000000005e-01
5.02654824574366943e-01 4.88529999999999998e+00 -4.43774999999999975e-01
5.02654824574366943e-01 4.96507999999999949e+00 -4.48010000000000019e-01
5.02654824574366943e-01 5.05360999999999994e+00 -4.44682999999999995e-01
5.02654824574366943e-01 5.14936000000000060e+00 -4.37706999999999957e-01
5.02654824574366943e-01 5.24971000000000032e+00 -4.31486000000000036e-01
5.02654824574366943e-01 5.35208999999999957e+00 -4.27387000000000017e-01
5.02654824574366943e-01 5.45303999999999967e+00 -4.25801999999999958e-01
5.02654824574366943e-01 5.54912999999999990e+00 -4.28205999999999976e-01
5.02654824574366943e-01 5.63795000000000002e+00 -4.34874999999999956e-01
5.02654824574366943e-01 5.71686000000000050e+00 -4.43772999999999973e-01
5.02654824574366943e-01 5.78366999999999987e+00 -4.52917000000000014e-01
5.02654824574366943e-01 5.83995999999999960e+00 -4.61419000000000024e-01
5.02654824574366943e-01 5.89077999999999946e+00 -4.68631000000000020e-01
5.02654824574366943e-01 5.94030999999999931e+00 -4.74564999999999959e-01
5.02654824574366943e-01 5.99014000000000024e+00 -4.80364000000000013e-01
5.02654824574366943e-01 6.04092999999999947e+00 -4.86828999999999956e-01
5.02654824574366943e-01 6.09263000000000066e+00 -4.93166999999999967e-01
5.02654824574366943e-01 6.14340000000000064e+00 -4.97632999999999992e-01
5.02654824574366943e-01 6.19038999999999984e+00 -4.98849999999999960e-01
5.02654824574366943e-01 6.23134000000000032e+00 -4.96640999999999999e-01
5.02654824574366943e-01 6.26457999999999959e+00 -4.91813999999999973e-01
5.02654824574366943e-01 6.28916000000000075e+00 -4.85283000000000020e-01
5.02654824574366943e-01 6.30609999999999982e+00 -4.77920000000000011e-01
5.02654824574366943e-01 6.31837999999999944e+00 -4.70448000000000033e-01
5.02654824574366943e-01 6.32881999999999945e+00 -4.61976999999999971e-01
5.02654824574366943e-01 6.33858999999999995e+00 -4.49917999999999985e-01
5.02654824574366943e-01 6.34785999999999984e+00 -4.33106999999999964e-01
5.02654824574366943e-01 6.35668999999999951e+00 -4.13070000000000048e-01
5.34070751110264919e-01 6.35604000000000013e+00 -2.82028999999999974e-01
5.34070751110264919e-01 6.35799999999999965e+00 -2.65490999999999977e-01
5.34070751110264919e-01 6.35886999999999958e+00 -2.47872999999999982e-01
5.34070751110264919e-01 6.35822000000000020e+00 -2.25809000000000010e-01
5.34070751110264919e-01 6.35465000000000035e+00 -1.93801000000000001e-01
5.34070751110264919e-01 6.34578999999999915e+00 -1.47575000000000012e-01
5.34070751110264919e-01 6.32827999999999946e+00 -8.80596000000000018e-02
5.34070751110264919e-01 6.29917000000000016e+00 -1.92148000000000006e-02
5.34070751110264919e-01 6.25803999999999938e+00 5.60712000000000016e-02
5.34070751110264919e-01 6.20697999999999972e+00 1.35273000000000004e-01
5.34070751110264919e-01 6.14832000000000001e+00 2.14315000000000005e-01
5.34070751110264919e-01 6.08284999999999965e+00 2.89381999999999973e-01
5.34070751110264919e-01 6.00989000000000040e+00 3.59562000000000048e-01
5.34070751110264919e-01 5.92890999999999924e+00 4.26867999999999970e-01
5.34070751110264919e-01 5.84025000000000016e+00 4.94118000000000002e-01
5.34070751110264919e-01 5.74474000000000018e+00 5.62459000000000042e-01
5.34070751110264919e-01 5.64320000000000022e+00 6.30951999999999957e-01
5.34070751110264919e-01 5.53681000000000001e+00 6.98250000000000037e-01
5.34070751110264919e-01 5.42764000000000024e+00 7.62387999999999955e-01
5.34070751110264919e-01 5.31827999999999967e+00 8.18900999999999990e-01
5.34070751110264919e-01 5.21119999999999983e+00 8.62574000000000063e-01
5.34070751110264919e-01 5.10867000000000004e+00 8.91009999999999969e-01
5.34070751110264919e-01 5.01346999999999987e+00 9.03893000000000058e-01
5.34070751110264919e-01 4.92791999999999941e+00 9.01460000000000039e-01
5.34070751110264919e-01 4.85074999999999967e+00 8.86913999999999980e-01
5.34070751110264919e-01 4.77606000000000019e+00 8.65469999999999962e-01
5.34070751110264919e-01 4.69800000000000040e+00 8.36681000000000008e-01
5.34070751110264919e-01 4.61641999999999975e+00 7.92336999999999958e-01
5.34070751110264919e-01 4.53697999999999979e+00 7.25268999999999942e-01
5.34070751110264919e-01 4.46682999999999986e+00 6.36238999999999999e-01
5.34070751110264919e-01 4.41108000000000011e+00 5.31565999999999983e-01
5.34070751110264919e-01 4.37122999999999973e+00 4.19149000000000049e-01
5.34070751110264919e-01 4.34583000000000030e+00 3.06964000000000015e-01
5.34070751110264919e-01 4.33314999999999984e+00 2.00475999999999988e-01
5.34070751110264919e-01 4.33206000000000024e+00 1.00356000000000001e-01
5.34070751110264919e-01 4.34016000000000002e+00 4.32670000000000016e-03
5.34070751110264919e-01 4.35529999999999973e+00 -8.91214000000000034e-02
5.34070751110264919e-01 4.37969000000000008e+00 -1.78866999999999998e-01
5.34070751110264919e-01 4.41776999999999997e+00 -2.61477999999999988e-01
5.34070751110264919e-01 4.46906999999999943e+00 -3.33299999999999985e-01
5.34070751110264919e-01 4.52810999999999986e+00 -3.92753999999999992e-01
5.34070751110264919e-01 4.59083000000000041e+00 -4.40264999999999962e-01
5.34070751110264919e-01 4.65669999999999984e+00 -4.76811999999999958e-01
5.34070751110264919e-01 4.72639000000000031e+00 -5.03604999999999969e-01
5.34070751110264919e-01 4.80198999999999998e+00 -5.21758999999999973e-01
5.34070751110264919e-01 4.88668999999999976e+00 -5.31244999999999967e-01
5.34070751110264919e-01 4.98117000000000054e+00 -5.31602000000000019e-01
5.34070751110264919e-01 5.08241999999999994e+00 -5.24151000000000034e-01
5.34070751110264919e-01 5.18698000000000015e+00 -5.12143000000000015e-01
5.34070751110264919e-01 5.29168000000000038e+00 -4.98804000000000025e-01
5.34070751110264919e-01 5.39254999999999995e+00 -4.85962000000000005e-01
5.34070751110264919e-01 5.48639999999999972e+00 -4.73984000000000016e-01
5.34070751110264919e-01 5.57193999999999967e+00 -4.62753999999999999e-01
5.34070751110264919e-01 5.64778000000000002e+00 -4.52873000000000026e-01
5.34070751110264919e-01 5.71364000000000072e+00 -4.45071999999999968e-01
5.34070751110264919e-01 5.77392000000000039e+00 -4.38813000000000009e-01
5.34070751110264919e-01 5.83523000000000014e+00 -4.33156000000000041e-01
5.34070751110264919e-01 5.90010999999999974e+00 -4.28149999999999975e-01
5.34070751110264919e-01 5.96687999999999974e+00 -4.23787000000000025e-01
5.34070751110264919e-01 6.03378999999999976e+00 -4.19464999999999977e-01
5.34070751110264919e-01 6.09942000000000029e+00 -4.15523000000000031e-01
5.34070751110264919e-01 6.16110999999999986e+00 -4.12339000000000011e-01
5.34070751110264919e-01 6.21565000000000012e+00 -4.07658999999999994e-01
5.34070751110264919e-01 6.26017000000000046e+00 -3.98577999999999988e-01
5.34070751110264919e-01 6.29241000000000028e+00 -3.85824000000000000e-01
5.34070751110264919e-01 6.31263000000000041e+00 -3.72742000000000018e-01
5.34070751110264919e-01 6.32437000000000005e+00 -3.61424999999999996e-01
5.34070751110264919e-01 6.33178999999999981e+00 -3.51997000000000004e-01
5.34070751110264919e-01 6.33727000000000018e+00 -3.43102000000000018e-01
5.34070751110264919e-01 6.34220999999999968e+00 -3.31923000000000024e-01
5.34070751110264919e-01 6.34748000000000090e+00 -3.16711999999999994e-01
5.34070751110264919e-01 6.35249000000000041e+00 -2.99194000000000015e-01
5.65486677646162783e-01 6.35397000000000034e+00 -1.76711999999999980e-01
5.65486677646162783e-01 6.35530999999999935e+00 -1.63000000000000006e-01
5.65486677646162783e-01 6.35518000000000072e+00 -1.50445999999999996e-01
5.65486677646162783e-01 6.35455000000000059e+00 -1.36657000000000001e-01
5.65486677646162783e-01 6.35250000000000004e+00 -1.17204000000000003e-01
5.65486677646162783e-01 6.34700000000000042e+00 -8.68924999999999975e-02
5.65486677646162783e-01 6.33575000000000088e+00 -4.41934000000000007e-02
5.65486677646162783e-01 6.31489999999999974e+00 7.98208999999999898e-03
5.65486677646162783e-01 6.28085000000000004e+00 6.58860000000000001e-02
5.65486677646162783e-01 6.23504000000000058e+00 1.27416000000000001e-01
5.65486677646162783e-01 6.18200000000000038e+00 1.91402999999999990e-01
5.65486677646162783e-01 6.12188999999999961e+00 2.56025999999999976e-01
5.65486677646162783e-01 6.05067999999999984e+00 3.19247000000000003e-01
5.65486677646162783e-01 5.96754000000000051e+00 3.81153999999999993e-01
5.65486677646162783e-01 5.87577000000000016e+00 4.44007999999999958e-01
5.65486677646162783e-01 5.77743000000000073e+00 5.08819000000000021e-01
5.65486677646162783e-01 5.67287000000000052e+00 5.74099999999999944e-01
5.65486677646162783e-01 5.56440000000000090e+00 6.38318999999999970e-01
5.65486677646162783e-01 5.45575000000000010e+00 6.99936000000000003e-01
5.65486677646162783e-01 5.34919000000000011e+00 7.55145999999999984e-01
5.65486677646162783e-01 5.24594000000000094e+00 7.99728000000000105e-01
5.65486677646162783e-01 5.14763999999999999e+00 8.32249000000000017e-01
5.65486677646162783e-01 5.05579999999999963e+00 8.52245000000000030e-01
5.65486677646162783e-01 4.97031000000000045e+00 8.58518000000000003e-01
5.65486677646162783e-01 4.88886000000000021e+00 8.52554999999999952e-01
5.65486677646162783e-01 4.80818000000000012e+00 8.38734000000000091e-01
5.65486677646162783e-01 4.72651999999999983e+00 8.17529999999999979e-01
5.65486677646162783e-01 4.64498000000000033e+00 7.83213999999999966e-01
5.65486677646162783e-01 4.56655999999999995e+00 7.30630000000000002e-01
5.65486677646162783e-01 4.49512999999999963e+00 6.59553999999999974e-01
5.65486677646162783e-01 4.43440999999999974e+00 5.71741000000000055e-01
5.65486677646162783e-01 4.38635000000000019e+00 4.69410000000000049e-01
5.65486677646162783e-01 4.35142000000000007e+00 3.57751999999999959e-01
5.65486677646162783e-01 4.33063999999999982e+00 2.43982000000000004e-01
5.65486677646162783e-01 4.32446999999999981e+00 1.32521000000000000e-01
5.65486677646162783e-01 4.32948999999999984e+00 2.39790000000000003e-02
5.65486677646162783e-01 4.34065000000000012e+00 -8.12681000000000098e-02
5.65486677646162783e-01 4.35737000000000041e+00 -1.81414999999999993e-01
5.65486677646162783e-01 4.38348000000000049e+00 -2.74475999999999998e-01
5.65486677646162783e-01 4.42133999999999983e+00 -3.58196999999999988e-01
5.65486677646162783e-01 4.46919000000000022e+00 -4.29439000000000015e-01
5.65486677646162783e-01 4.52385999999999999e+00 -4.86497999999999986e-01
5.65486677646162783e-01 4.58410999999999991e+00 -5.31116999999999950e-01
5.65486677646162783e-01 4.65144000000000002e+00 -5.65968999999999944e-01
5.65486677646162783e-01 4.72850999999999999e+00 -5.92032000000000003e-01
5.65486677646162783e-01 4.81644999999999968e+00 -6.09747000000000039e-01
5.65486677646162783e-01 4.91394000000000020e+00 -6.19076999999999988e-01
5.65486677646162783e-01 5.01792000000000016e+00 -6.17717999999999989e-01
5.65486677646162783e-01 5.12404999999999955e+00 -6.04605000000000059e-01
5.65486677646162783e-01 5.22748000000000079e+00 -5.85010000000000030e-01
5.65486677646162783e-01 5.32503000000000082e+00 -5.65784999999999982e-01
5.65486677646162783e-01 5.41547999999999963e+00 -5.47185000000000032e-01
5.65486677646162783e-01 5.49801000000000073e+00 -5.26001999999999970e-01
5.65486677646162783e-01 5.57294000000000000e+00 -5.02878999999999965e-01
5.65486677646162783e-01 5.64388999999999985e+00 -4.79825999999999975e-01
5.65486677646162783e-01 5.71572999999999976e+00 -4.56108999999999987e-01
5.65486677646162783e-01 5.79096000000000011e+00 -4.32062000000000002e-01
5.65486677646162783e-01 5.86926000000000059e+00 -4.10127000000000019e-01
5.65486677646162783e-01 5.94890999999999970e+00 -3.89500000000000013e-01
5.65486677646162783e-01 6.02719000000000094e+00 -3.68028999999999995e-01
5.65486677646162783e-01 6.10130999999999979e+00 -3.48667000000000005e-01
5.65486677646162783e-01 6.16903999999999986e+00 -3.34448000000000023e-01
5.65486677646162783e-01 6.22717999999999972e+00 -3.20553000000000032e-01
5.65486677646162783e-01 6.27147000000000077e+00 -3.01293000000000033e-01
5.65486677646162783e-01 6.30023999999999962e+00 -2.79974000000000001e-01
5.65486677646162783e-01 6.31634000000000029e+00 -2.63384999999999980e-01
5.65486677646162783e-01 6.32448999999999995e+00 -2.52562999999999982e-01
5.65486677646162783e-01 6.32894000000000023e+00 -2.44690000000000019e-01
5.65486677646162783e-01 6.33298000000000005e+00 -2.37190000000000012e-01
5.65486677646162783e-01 6.33830999999999989e+00 -2.26798000000000000e-01
5.65486677646162783e-01 6.34453999999999940e+00 -2.11282999999999999e-01
5.65486677646162783e-01 6.35022000000000020e+00 -1.93150000000000016e-01
5.96902604182060759e-01 6.34780999999999906e+00 -8.19961000000000023e-02
5.96902604182060759e-01 6.34865999999999975e+00 -6.63581000000000032e-02
5.96902604182060759e-01 6.34778999999999982e+00 -5.30719000000000052e-02
5.96902604182060759e-01 6.34653000000000045e+00 -4.05886999999999984e-02
5.96902604182060759e-01 6.34433000000000025e+00 -2.70774999999999974e-02
5.96902604182060759e-01 6.34011999999999976e+00 -9.29553999999999971e-03
5.96902604182060759e-01 6.33253999999999984e+00 1.65039000000000019e-02
5.96902604182060759e-01 6.31763999999999992e+00 5.12227999999999989e-02
5.96902604182060759e-01 6.29087999999999958e+00 9.21085000000000098e-02
5.96902604182060759e-01 6.25192000000000014e+00 1.36537999999999993e-01
5.96902604182060759e-01 6.20308999999999955e+00 1.84564999999999979e-01
5.96902604182060759e-01 6.14442000000000021e+00 2.36247000000000013e-01
5.96902604182060759e-01 6.07417000000000051e+00 2.89764000000000022e-01
5.96902604182060759e-01 5.99250999999999934e+00 3.44489000000000045e-01
5.96902604182060759e-01 5.90158000000000005e+00 4.02087000000000028e-01
5.96902604182060759e-01 5.80363000000000095e+00 4.62457000000000007e-01
5.96902604182060759e-01 5.70083999999999946e+00 5.22738999999999954e-01
5.96902604182060759e-01 5.59542000000000073e+00 5.81096000000000057e-01
5.96902604182060759e-01 5.49001999999999946e+00 6.36693999999999982e-01
5.96902604182060759e-01 5.38788000000000000e+00 6.86724000000000001e-01
5.96902604182060759e-01 5.29115000000000002e+00 7.28281000000000067e-01
5.96902604182060759e-01 5.19955999999999996e+00 7.61076000000000086e-01
5.96902604182060759e-01 5.11202000000000023e+00 7.84764000000000017e-01
5.96902604182060759e-01 5.02695000000000025e+00 7.97977000000000047e-01
5.96902604182060759e-01 4.94087999999999994e+00 8.02213999999999983e-01
5.96902604182060759e-01 4.85071000000000030e+00 8.00405999999999951e-01
5.96902604182060759e-01 4.75830000000000020e+00 7.90343000000000018e-01
5.96902604182060759e-01 4.66910999999999987e+00 7.66145999999999994e-01
5.96902604182060759e-01 4.58706000000000014e+00 7.25943999999999923e-01
5.96902604182060759e-01 4.51374999999999993e+00 6.71817000000000109e-01
5.96902604182060759e-01 4.45026000000000010e+00 6.04106000000000032e-01
5.96902604182060759e-01 4.39696999999999960e+00 5.21373000000000086e-01
5.96902604182060759e-01 4.35421000000000014e+00 4.23642999999999992e-01
5.96902604182060759e-01 4.32441999999999993e+00 3.12423999999999980e-01
5.96902604182060759e-01 4.31012000000000040e+00 1.90919999999999979e-01
5.96902604182060759e-01 4.30932000000000048e+00 6.56285000000000063e-02
5.96902604182060759e-01 4.31630999999999965e+00 -5.62117999999999993e-02
5.96902604182060759e-01 4.32767999999999997e+00 -1.71101000000000003e-01
5.96902604182060759e-01 4.34536000000000033e+00 -2.78142000000000000e-01
5.96902604182060759e-01 4.37340000000000018e+00 -3.74864000000000031e-01
5.96902604182060759e-01 4.41310999999999964e+00 -4.57631999999999983e-01
5.96902604182060759e-01 4.46250999999999998e+00 -5.25202000000000058e-01
5.96902604182060759e-01 4.52034000000000002e+00 -5.79403999999999919e-01
5.96902604182060759e-01 4.58793000000000006e+00 -6.22794999999999987e-01
5.96902604182060759e-01 4.66643999999999970e+00 -6.56919999999999948e-01
5.96902604182060759e-01 4.75528999999999957e+00 -6.82123000000000035e-01
5.96902604182060759e-01 4.85325000000000006e+00 -6.97429999999999994e-01
5.96902604182060759e-01 4.95741999999999994e+00 -7.00669999999999904e-01
5.96902604182060759e-01 5.06193000000000026e+00 -6.90842999999999985e-01
5.96902604182060759e-01 5.16152000000000033e+00 -6.71059000000000072e-01
5.96902604182060759e-01 5.25475000000000048e+00 -6.46893000000000051e-01
5.96902604182060759e-01 5.34164999999999957e+00 -6.21217000000000019e-01
5.96902604182060759e-01 5.42268000000000061e+00 -5.93111999999999973e-01
5.96902604182060759e-01 5.50158000000000058e+00 -5.61479999999999979e-01
5.96902604182060759e-01 5.58354999999999979e+00 -5.26500999999999997e-01
5.96902604182060759e-01 5.66961000000000048e+00 -4.88665000000000016e-01
5.96902604182060759e-01 5.75769999999999982e+00 -4.49547000000000030e-01
5.96902604182060759e-01 5.84696000000000016e+00 -4.11552999999999947e-01
5.96902604182060759e-01 5.93600999999999956e+00 -3.74894999999999978e-01
5.96902604182060759e-01 6.02077999999999935e+00 -3.38264000000000009e-01
5.96902604182060759e-01 6.09806000000000026e+00 -3.03037999999999974e-01
5.96902604182060759e-01 6.16664000000000012e+00 -2.71778999999999993e-01
5.96902604182060759e-01 6.22359000000000062e+00 -2.43334000000000023e-01
5.96902604182060759e-01 6.26522000000000023e+00 -2.15410999999999991e-01
5.96902604182060759e-01 6.29201000000000032e+00 -1.90347000000000016e-01
5.96902604182060759e-01 6.30799000000000021e+00 -1.72357000000000010e-01
5.96902604182060759e-01 6.31688000000000027e+00 -1.61203000000000013e-01
5.96902604182060759e-01 6.32197999999999993e+00 -1.53169000000000000e-01
5.96902604182060759e-01 6.32660999999999962e+00 -1.45132999999999984e-01
5.96902604182060759e-01 6.33225999999999978e+00 -1.34532000000000013e-01
5.96902604182060759e-01 6.33846000000000043e+00 -1.19290999999999994e-01
5.96902604182060759e-01 6.34412000000000020e+00 -1.00482999999999989e-01
6.28318530717958623e-01 6.34061000000000075e+00 -6.13327000000000095e-17
6.28318530717958623e-01 6.33943999999999974e+00 1.86166999999999999e-02
6.28318530717958623e-01 6.33663000000000043e+00 3.48081999999999975e-02
6.28318530717958623e-01 6.33321000000000023e+00 4.80098999999999942e-02
6.28318530717958623e-01 6.32951999999999959e+00 5.91718000000000036e-02
6.28318530717958623e-01 6.32533000000000012e+00 7.00487000000000054e-02
6.28318530717958623e-01 6.31913999999999998e+00 8.35849999999999926e-02
6.28318530717958623e-01 6.30758000000000063e+00 1.02981000000000003e-01
6.28318530717958623e-01 6.28716999999999970e+00 1.29077999999999998e-01
6.28318530717958623e-01 6.25594000000000072e+00 1.60395000000000010e-01
6.28318530717958623e-01 6.21261999999999937e+00 1.96187000000000000e-01
6.28318530717958623e-01 6.15642000000000067e+00 2.36908000000000007e-01
6.28318530717958623e-01 6.08793000000000006e+00 2.81777000000000000e-01
6.28318530717958623e-01 6.00864000000000065e+00 3.29055000000000042e-01
6.28318530717958623e-01 5.92017000000000060e+00 3.78261999999999987e-01
6.28318530717958623e-01 5.82520999999999933e+00 4.29219000000000017e-01
6.28318530717958623e-01 5.72717999999999972e+00 4.80319999999999969e-01
6.28318530717958623e-01 5.62835999999999981e+00 5.29924000000000062e-01
6.28318530717958623e-01 5.53066999999999975e+00 5.77118000000000020e-01
6.28318530717958623e-01 5.43730000000000047e+00 6.20130999999999988e-01
6.28318530717958623e-01 5.35008999999999979e+00 6.57275000000000054e-01
6.28318530717958623e-01 5.26625999999999994e+00 6.89178999999999986e-01
6.28318530717958623e-01 5.18107000000000006e+00 7.16756000000000060e-01
6.28318530717958623e-01 5.09203999999999990e+00 7.38661000000000012e-01
6.28318530717958623e-01 4.99847999999999981e+00 7.53325999999999940e-01
6.28318530717958623e-01 4.90023000000000053e+00 7.60047000000000028e-01
6.28318530717958623e-01 4.79962000000000000e+00 7.56427999999999989e-01
6.28318530717958623e-01 4.70223999999999975e+00 7.39271000000000011e-01
6.28318530717958623e-01 4.61355000000000004e+00 7.08473000000000019e-01
6.28318530717958623e-01 4.53610000000000024e+00 6.65851999999999999e-01
6.28318530717958623e-01 4.46992999999999974e+00 6.11563999999999997e-01
6.28318530717958623e-01 4.41403999999999996e+00 5.44742000000000060e-01
6.28318530717958623e-01 4.36791000000000018e+00 4.64251000000000025e-01
6.28318530717958623e-01 4.33281999999999989e+00 3.67497999999999991e-01
6.28318530717958623e-01 4.31062000000000012e+00 2.53815000000000013e-01
6.28318530717958623e-01 4.30027999999999988e+00 1.28800999999999999e-01
6.28318530717958623e-01 4.29764999999999997e+00 2.23506999999999991e-07
6.28318530717958623e-01 4.30027999999999988e+00 -1.28800999999999999e-01
6.28318530717958623e-01 4.31062000000000012e+00 -2.53815000000000013e-01
6.28318530717958623e-01 4.33281999999999989e+00 -3.67497999999999991e-01
6.28318530717958623e-01 4.36791000000000018e+00 -4.64249999999999996e-01
6.28318530717958623e-01 4.41403999999999996e+00 -5.44742000000000060e-01
6.28318530717958623e-01 4.46992999999999974e+00 -6.11562999999999968e-01
6.28318530717958623e-01 4.53610000000000024e+00 -6.65851999999999999e-01
6.28318530717958623e-01 4.61355000000000004e+00 -7.08473000000000019e-01
6.28318530717958623e-01 4.70223999999999975e+00 -7.39271000000000011e-01
6.28318530717958623e-01 4.79962000000000000e+00 -7.56427999999999989e-01
6.28318530717958623e-01 4.90023000000000053e+00 -7.60047000000000028e-01
6.28318530717958623e-01 4.99847999999999981e+00 -7.53325999999999940e-01
6.28318530717958623e-01 5.09203999999999990e+00 -7.38661000000000012e-01
6.28318530717958623e-01 5.18107000000000006e+00 -7.16756000000000060e-01
6.28318530717958623e-01 5.26625999999999994e+00 -6.89178999999999986e-01
6.28318530717958623e-01 5.35008999999999979e+00 -6.57275000000000054e-01
6.28318530717958623e-01 5.43730000000000047e+00 -6.20130999999999988e-01
6.28318530717958623e-01 5.53066999999999975e+00 -5.77118000000000020e-01
6.28318530717958623e-01 5.62835999999999981e+00 -5.29924000000000062e-01
6.28318530717958623e-01 5.72717000000000009e+00 -4.80319999999999969e-01
6.28318530717958623e-01 5.82520999999999933e+00 -4.29219000000000017e-01
6.28318530717958623e-01 5.92017000000000060e+00 -3.78261999999999987e-01
6.28318530717958623e-01 6.00864000000000065e+00 -3.29055000000000042e-01
6.28318530717958623e-01 6.08793000000000006e+00 -2.81777000000000000e-01
6.28318530717958623e-01 6.15642000000000067e+00 -2.36908000000000007e-01
6.28318530717958623e-01 6.21261999999999937e+00 -1.96187000000000000e-01
6.28318530717958623e-01 6.25594000000000072e+00 -1.60395000000000010e-01
6.28318530717958623e-01 6.28716999999999970e+00 -1.29077999999999998e-01
6.28318530717958623e-01 6.30758000000000063e+00 -1.02981000000000003e-01
6.28318530717958623e-01 6.31913999999999998e+00 -8.35851000000000094e-02
6.28318530717958623e-01 6.32533000000000012e+00 -7.00487000000000054e-02
6.28318530717958623e-01 6.32951999999999959e+00 -5.91718000000000036e-02
6.28318530717958623e-01 6.33321000000000023e+00 -4.80100000000000041e-02
6.28318530717958623e-01 6.33663000000000043e+00 -3.48081999999999975e-02
6.28318530717958623e-01 6.33943999999999974e+00 -1.86166999999999999e-02
